<?xml version="1.0"?>
<gpx version="1.1" creator="Organic Maps" xmlns="http://www.topografix.com/GPX/1/1"
    xmlns:gpxx="http://www.garmin.com/xmlschemas/GpxExtensions/v3"
    xmlns:gpx_style="http://www.topografix.com/GPX/gpx_style/0/2"
    xmlns:xsi="http://www.w3.org/2001/XMLSchema-instance"
    xsi:schemaLocation="http://www.topografix.com/GPX/1/1 https://www.topografix.com/GPX/1/1/gpx.xsd http://www.topografix.com/GPX/gpx_style/0/2 https://www.topografix.com/GPX/gpx_style/0/2/gpx_style.xsd http://www.garmin.com/xmlschemas/GpxExtensions/v3 https://www.garmin.com/xmlschemas/GpxExtensionsv3.xsd">
<metadata>
  <name>Point sur la carte</name>
</metadata>
<trk>
  <name>Point sur la carte</name>
  <extensions>
    <gpxx:TrackExtension><gpxx:DisplayColor>Red</gpxx:DisplayColor></gpxx:TrackExtension>
    <gpx_style:line><gpx_style:color>E51B23</gpx_style:color></gpx_style:line>
    <xsi:gpx><color>#FFE51B23</color></xsi:gpx>
  </extensions>
  <trkseg>
    <trkpt lat="-30.156491" lon="-69.879757">
      <ele>4017</ele>
    </trkpt>
    <trkpt lat="-30.156567" lon="-69.879665">
      <ele>4017</ele>
    </trkpt>
    <trkpt lat="-30.156549" lon="-69.879644">
      <ele>4017</ele>
    </trkpt>
    <trkpt lat="-30.156523" lon="-69.879585">
      <ele>4017</ele>
    </trkpt>
    <trkpt lat="-30.156505" lon="-69.879521">
      <ele>4016</ele>
    </trkpt>
    <trkpt lat="-30.156505" lon="-69.879438">
      <ele>4015</ele>
    </trkpt>
    <trkpt lat="-30.156512" lon="-69.879365">
      <ele>4015</ele>
    </trkpt>
    <trkpt lat="-30.15657" lon="-69.879226">
      <ele>4014</ele>
    </trkpt>
    <trkpt lat="-30.156836" lon="-69.878845">
      <ele>4012</ele>
    </trkpt>
    <trkpt lat="-30.156962" lon="-69.878708">
      <ele>4013</ele>
    </trkpt>
    <trkpt lat="-30.15708" lon="-69.878598">
      <ele>4013</ele>
    </trkpt>
    <trkpt lat="-30.157245" lon="-69.878472">
      <ele>4012</ele>
    </trkpt>
    <trkpt lat="-30.157303" lon="-69.878413">
      <ele>4012</ele>
    </trkpt>
    <trkpt lat="-30.157351" lon="-69.878357">
      <ele>4011</ele>
    </trkpt>
    <trkpt lat="-30.157414" lon="-69.878258">
      <ele>4012</ele>
    </trkpt>
    <trkpt lat="-30.157479" lon="-69.878156">
      <ele>4012</ele>
    </trkpt>
    <trkpt lat="-30.157618" lon="-69.877917">
      <ele>4013</ele>
    </trkpt>
    <trkpt lat="-30.157681" lon="-69.877775">
      <ele>4015</ele>
    </trkpt>
    <trkpt lat="-30.157739" lon="-69.8776">
      <ele>4018</ele>
    </trkpt>
    <trkpt lat="-30.158029" lon="-69.876616">
      <ele>4018</ele>
    </trkpt>
    <trkpt lat="-30.158397" lon="-69.875473">
      <ele>4016</ele>
    </trkpt>
    <trkpt lat="-30.158476" lon="-69.875264">
      <ele>4019</ele>
    </trkpt>
    <trkpt lat="-30.158652" lon="-69.874832">
      <ele>4027</ele>
    </trkpt>
    <trkpt lat="-30.158699" lon="-69.874698">
      <ele>4029</ele>
    </trkpt>
    <trkpt lat="-30.158866" lon="-69.874138">
      <ele>4028</ele>
    </trkpt>
    <trkpt lat="-30.15897" lon="-69.873781">
      <ele>4027</ele>
    </trkpt>
    <trkpt lat="-30.158986" lon="-69.873636">
      <ele>4027</ele>
    </trkpt>
    <trkpt lat="-30.158989" lon="-69.873494">
      <ele>4026</ele>
    </trkpt>
    <trkpt lat="-30.158963" lon="-69.873341">
      <ele>4027</ele>
    </trkpt>
    <trkpt lat="-30.158914" lon="-69.873218">
      <ele>4025</ele>
    </trkpt>
    <trkpt lat="-30.158845" lon="-69.873116">
      <ele>4024</ele>
    </trkpt>
    <trkpt lat="-30.158729" lon="-69.873011">
      <ele>4025</ele>
    </trkpt>
    <trkpt lat="-30.158525" lon="-69.872856">
      <ele>4029</ele>
    </trkpt>
    <trkpt lat="-30.158321" lon="-69.872713">
      <ele>4034</ele>
    </trkpt>
    <trkpt lat="-30.157971" lon="-69.872467">
      <ele>4037</ele>
    </trkpt>
    <trkpt lat="-30.157804" lon="-69.872367">
      <ele>4036</ele>
    </trkpt>
    <trkpt lat="-30.157685" lon="-69.872319">
      <ele>4036</ele>
    </trkpt>
    <trkpt lat="-30.157572" lon="-69.872298">
      <ele>4036</ele>
    </trkpt>
    <trkpt lat="-30.157034" lon="-69.872292">
      <ele>4042</ele>
    </trkpt>
    <trkpt lat="-30.156908" lon="-69.872284">
      <ele>4043</ele>
    </trkpt>
    <trkpt lat="-30.156774" lon="-69.872266">
      <ele>4044</ele>
    </trkpt>
    <trkpt lat="-30.156632" lon="-69.872233">
      <ele>4045</ele>
    </trkpt>
    <trkpt lat="-30.156479" lon="-69.872172">
      <ele>4045</ele>
    </trkpt>
    <trkpt lat="-30.156324" lon="-69.872094">
      <ele>4044</ele>
    </trkpt>
    <trkpt lat="-30.156029" lon="-69.871869">
      <ele>4041</ele>
    </trkpt>
    <trkpt lat="-30.15576" lon="-69.871678">
      <ele>4041</ele>
    </trkpt>
    <trkpt lat="-30.155445" lon="-69.871485">
      <ele>4047</ele>
    </trkpt>
    <trkpt lat="-30.155408" lon="-69.871453">
      <ele>4047</ele>
    </trkpt>
    <trkpt lat="-30.155387" lon="-69.871413">
      <ele>4046</ele>
    </trkpt>
    <trkpt lat="-30.155375" lon="-69.871356">
      <ele>4046</ele>
    </trkpt>
    <trkpt lat="-30.155387" lon="-69.871295">
      <ele>4046</ele>
    </trkpt>
    <trkpt lat="-30.155417" lon="-69.871219">
      <ele>4046</ele>
    </trkpt>
    <trkpt lat="-30.155468" lon="-69.871169">
      <ele>4045</ele>
    </trkpt>
    <trkpt lat="-30.155526" lon="-69.871142">
      <ele>4045</ele>
    </trkpt>
    <trkpt lat="-30.155693" lon="-69.871115">
      <ele>4045</ele>
    </trkpt>
    <trkpt lat="-30.155853" lon="-69.871109">
      <ele>4046</ele>
    </trkpt>
    <trkpt lat="-30.156118" lon="-69.87112">
      <ele>4044</ele>
    </trkpt>
    <trkpt lat="-30.156254" lon="-69.871112">
      <ele>4043</ele>
    </trkpt>
    <trkpt lat="-30.156382" lon="-69.871091">
      <ele>4044</ele>
    </trkpt>
    <trkpt lat="-30.156547" lon="-69.871042">
      <ele>4045</ele>
    </trkpt>
    <trkpt lat="-30.156748" lon="-69.870962">
      <ele>4046</ele>
    </trkpt>
    <trkpt lat="-30.156913" lon="-69.870871">
      <ele>4047</ele>
    </trkpt>
    <trkpt lat="-30.157066" lon="-69.870766">
      <ele>4046</ele>
    </trkpt>
    <trkpt lat="-30.157208" lon="-69.870621">
      <ele>4047</ele>
    </trkpt>
    <trkpt lat="-30.157317" lon="-69.870455">
      <ele>4047</ele>
    </trkpt>
    <trkpt lat="-30.157384" lon="-69.870294">
      <ele>4048</ele>
    </trkpt>
    <trkpt lat="-30.157421" lon="-69.870101">
      <ele>4049</ele>
    </trkpt>
    <trkpt lat="-30.157416" lon="-69.869972">
      <ele>4050</ele>
    </trkpt>
    <trkpt lat="-30.157388" lon="-69.869645">
      <ele>4052</ele>
    </trkpt>
    <trkpt lat="-30.157386" lon="-69.869479">
      <ele>4053</ele>
    </trkpt>
    <trkpt lat="-30.1574" lon="-69.869071">
      <ele>4054</ele>
    </trkpt>
    <trkpt lat="-30.157379" lon="-69.868132">
      <ele>4058</ele>
    </trkpt>
    <trkpt lat="-30.157361" lon="-69.867816">
      <ele>4057</ele>
    </trkpt>
    <trkpt lat="-30.157328" lon="-69.867531">
      <ele>4058</ele>
    </trkpt>
    <trkpt lat="-30.157307" lon="-69.867333">
      <ele>4059</ele>
    </trkpt>
    <trkpt lat="-30.1573" lon="-69.867159">
      <ele>4059</ele>
    </trkpt>
    <trkpt lat="-30.157277" lon="-69.866968">
      <ele>4059</ele>
    </trkpt>
    <trkpt lat="-30.157247" lon="-69.866807">
      <ele>4059</ele>
    </trkpt>
    <trkpt lat="-30.15714" lon="-69.866367">
      <ele>4062</ele>
    </trkpt>
    <trkpt lat="-30.156897" lon="-69.865525">
      <ele>4057</ele>
    </trkpt>
    <trkpt lat="-30.156702" lon="-69.865026">
      <ele>4062</ele>
    </trkpt>
    <trkpt lat="-30.156679" lon="-69.864938">
      <ele>4063</ele>
    </trkpt>
    <trkpt lat="-30.156676" lon="-69.864825">
      <ele>4063</ele>
    </trkpt>
    <trkpt lat="-30.156723" lon="-69.864729">
      <ele>4063</ele>
    </trkpt>
    <trkpt lat="-30.156781" lon="-69.864656">
      <ele>4063</ele>
    </trkpt>
    <trkpt lat="-30.156848" lon="-69.864627">
      <ele>4063</ele>
    </trkpt>
    <trkpt lat="-30.156927" lon="-69.864605">
      <ele>4063</ele>
    </trkpt>
    <trkpt lat="-30.157043" lon="-69.8646">
      <ele>4065</ele>
    </trkpt>
    <trkpt lat="-30.15715" lon="-69.864624">
      <ele>4067</ele>
    </trkpt>
    <trkpt lat="-30.157268" lon="-69.86468">
      <ele>4068</ele>
    </trkpt>
    <trkpt lat="-30.157423" lon="-69.864817">
      <ele>4067</ele>
    </trkpt>
    <trkpt lat="-30.157602" lon="-69.865005">
      <ele>4066</ele>
    </trkpt>
    <trkpt lat="-30.157695" lon="-69.865131">
      <ele>4064</ele>
    </trkpt>
    <trkpt lat="-30.157952" lon="-69.86548">
      <ele>4064</ele>
    </trkpt>
    <trkpt lat="-30.158302" lon="-69.865954">
      <ele>4066</ele>
    </trkpt>
    <trkpt lat="-30.158548" lon="-69.866284">
      <ele>4065</ele>
    </trkpt>
    <trkpt lat="-30.158594" lon="-69.866351">
      <ele>4064</ele>
    </trkpt>
    <trkpt lat="-30.158861" lon="-69.866724">
      <ele>4069</ele>
    </trkpt>
    <trkpt lat="-30.158991" lon="-69.866906">
      <ele>4072</ele>
    </trkpt>
    <trkpt lat="-30.159255" lon="-69.867287">
      <ele>4074</ele>
    </trkpt>
    <trkpt lat="-30.159503" lon="-69.867639">
      <ele>4073</ele>
    </trkpt>
    <trkpt lat="-30.159643" lon="-69.86784">
      <ele>4071</ele>
    </trkpt>
    <trkpt lat="-30.159953" lon="-69.868258">
      <ele>4076</ele>
    </trkpt>
    <trkpt lat="-30.160104" lon="-69.868459">
      <ele>4078</ele>
    </trkpt>
    <trkpt lat="-30.160271" lon="-69.868706">
      <ele>4076</ele>
    </trkpt>
    <trkpt lat="-30.160464" lon="-69.869001">
      <ele>4074</ele>
    </trkpt>
    <trkpt lat="-30.160677" lon="-69.869329">
      <ele>4071</ele>
    </trkpt>
    <trkpt lat="-30.160825" lon="-69.869508">
      <ele>4071</ele>
    </trkpt>
    <trkpt lat="-30.161011" lon="-69.869723">
      <ele>4072</ele>
    </trkpt>
    <trkpt lat="-30.161043" lon="-69.86976">
      <ele>4072</ele>
    </trkpt>
    <trkpt lat="-30.16108" lon="-69.869793">
      <ele>4073</ele>
    </trkpt>
    <trkpt lat="-30.161122" lon="-69.869817">
      <ele>4073</ele>
    </trkpt>
    <trkpt lat="-30.161166" lon="-69.869833">
      <ele>4073</ele>
    </trkpt>
    <trkpt lat="-30.161213" lon="-69.869843">
      <ele>4072</ele>
    </trkpt>
    <trkpt lat="-30.161259" lon="-69.869843">
      <ele>4072</ele>
    </trkpt>
    <trkpt lat="-30.161308" lon="-69.869835">
      <ele>4071</ele>
    </trkpt>
    <trkpt lat="-30.161354" lon="-69.869817">
      <ele>4071</ele>
    </trkpt>
    <trkpt lat="-30.161396" lon="-69.86979">
      <ele>4071</ele>
    </trkpt>
    <trkpt lat="-30.161435" lon="-69.869755">
      <ele>4071</ele>
    </trkpt>
    <trkpt lat="-30.16147" lon="-69.869715">
      <ele>4070</ele>
    </trkpt>
    <trkpt lat="-30.161496" lon="-69.869666">
      <ele>4069</ele>
    </trkpt>
    <trkpt lat="-30.161516" lon="-69.869616">
      <ele>4068</ele>
    </trkpt>
    <trkpt lat="-30.161551" lon="-69.869538">
      <ele>4066</ele>
    </trkpt>
    <trkpt lat="-30.161584" lon="-69.869455">
      <ele>4065</ele>
    </trkpt>
    <trkpt lat="-30.161614" lon="-69.869371">
      <ele>4063</ele>
    </trkpt>
    <trkpt lat="-30.161646" lon="-69.869248">
      <ele>4063</ele>
    </trkpt>
    <trkpt lat="-30.161672" lon="-69.869122">
      <ele>4063</ele>
    </trkpt>
    <trkpt lat="-30.161688" lon="-69.868993">
      <ele>4066</ele>
    </trkpt>
    <trkpt lat="-30.161686" lon="-69.868956">
      <ele>4067</ele>
    </trkpt>
    <trkpt lat="-30.161676" lon="-69.868918">
      <ele>4068</ele>
    </trkpt>
    <trkpt lat="-30.16166" lon="-69.868889">
      <ele>4069</ele>
    </trkpt>
    <trkpt lat="-30.161635" lon="-69.868862">
      <ele>4071</ele>
    </trkpt>
    <trkpt lat="-30.161607" lon="-69.868843">
      <ele>4073</ele>
    </trkpt>
    <trkpt lat="-30.161577" lon="-69.868832">
      <ele>4074</ele>
    </trkpt>
    <trkpt lat="-30.161544" lon="-69.868832">
      <ele>4076</ele>
    </trkpt>
    <trkpt lat="-30.161514" lon="-69.86884">
      <ele>4077</ele>
    </trkpt>
    <trkpt lat="-30.161484" lon="-69.868856">
      <ele>4078</ele>
    </trkpt>
    <trkpt lat="-30.161329" lon="-69.868972">
      <ele>4082</ele>
    </trkpt>
    <trkpt lat="-30.161271" lon="-69.869009">
      <ele>4082</ele>
    </trkpt>
    <trkpt lat="-30.161208" lon="-69.869039">
      <ele>4083</ele>
    </trkpt>
    <trkpt lat="-30.161143" lon="-69.86906">
      <ele>4083</ele>
    </trkpt>
    <trkpt lat="-30.161076" lon="-69.869071">
      <ele>4083</ele>
    </trkpt>
    <trkpt lat="-30.161009" lon="-69.869071">
      <ele>4083</ele>
    </trkpt>
    <trkpt lat="-30.160941" lon="-69.869063">
      <ele>4083</ele>
    </trkpt>
    <trkpt lat="-30.160881" lon="-69.869047">
      <ele>4083</ele>
    </trkpt>
    <trkpt lat="-30.160818" lon="-69.86902">
      <ele>4083</ele>
    </trkpt>
    <trkpt lat="-30.160763" lon="-69.868988">
      <ele>4082</ele>
    </trkpt>
    <trkpt lat="-30.160709" lon="-69.868948">
      <ele>4082</ele>
    </trkpt>
    <trkpt lat="-30.160661" lon="-69.868899">
      <ele>4082</ele>
    </trkpt>
    <trkpt lat="-30.160617" lon="-69.868846">
      <ele>4083</ele>
    </trkpt>
    <trkpt lat="-30.160241" lon="-69.86828">
      <ele>4087</ele>
    </trkpt>
    <trkpt lat="-30.160118" lon="-69.868081">
      <ele>4087</ele>
    </trkpt>
    <trkpt lat="-30.159997" lon="-69.867875">
      <ele>4085</ele>
    </trkpt>
    <trkpt lat="-30.15987" lon="-69.867636">
      <ele>4086</ele>
    </trkpt>
    <trkpt lat="-30.159689" lon="-69.867274">
      <ele>4092</ele>
    </trkpt>
    <trkpt lat="-30.159346" lon="-69.866585">
      <ele>4096</ele>
    </trkpt>
    <trkpt lat="-30.159151" lon="-69.866182">
      <ele>4097</ele>
    </trkpt>
    <trkpt lat="-30.158919" lon="-69.865675">
      <ele>4098</ele>
    </trkpt>
    <trkpt lat="-30.158701" lon="-69.865198">
      <ele>4101</ele>
    </trkpt>
    <trkpt lat="-30.158564" lon="-69.864932">
      <ele>4104</ele>
    </trkpt>
    <trkpt lat="-30.158404" lon="-69.864627">
      <ele>4105</ele>
    </trkpt>
    <trkpt lat="-30.158001" lon="-69.863886">
      <ele>4107</ele>
    </trkpt>
    <trkpt lat="-30.157887" lon="-69.86368">
      <ele>4108</ele>
    </trkpt>
    <trkpt lat="-30.157829" lon="-69.863591">
      <ele>4108</ele>
    </trkpt>
    <trkpt lat="-30.157776" lon="-69.863532">
      <ele>4108</ele>
    </trkpt>
    <trkpt lat="-30.157692" lon="-69.86346">
      <ele>4108</ele>
    </trkpt>
    <trkpt lat="-30.15763" lon="-69.863428">
      <ele>4109</ele>
    </trkpt>
    <trkpt lat="-30.157282" lon="-69.86324">
      <ele>4109</ele>
    </trkpt>
    <trkpt lat="-30.157173" lon="-69.863167">
      <ele>4107</ele>
    </trkpt>
    <trkpt lat="-30.15705" lon="-69.863068">
      <ele>4105</ele>
    </trkpt>
    <trkpt lat="-30.156966" lon="-69.862985">
      <ele>4106</ele>
    </trkpt>
    <trkpt lat="-30.156881" lon="-69.862878">
      <ele>4108</ele>
    </trkpt>
    <trkpt lat="-30.156806" lon="-69.86276">
      <ele>4109</ele>
    </trkpt>
    <trkpt lat="-30.156567" lon="-69.86232">
      <ele>4105</ele>
    </trkpt>
    <trkpt lat="-30.156516" lon="-69.862197">
      <ele>4105</ele>
    </trkpt>
    <trkpt lat="-30.156491" lon="-69.862095">
      <ele>4107</ele>
    </trkpt>
    <trkpt lat="-30.156475" lon="-69.861985">
      <ele>4110</ele>
    </trkpt>
    <trkpt lat="-30.156454" lon="-69.86144">
      <ele>4119</ele>
    </trkpt>
    <trkpt lat="-30.156461" lon="-69.861293">
      <ele>4120</ele>
    </trkpt>
    <trkpt lat="-30.156496" lon="-69.861091">
      <ele>4122</ele>
    </trkpt>
    <trkpt lat="-30.156509" lon="-69.860936">
      <ele>4120</ele>
    </trkpt>
    <trkpt lat="-30.156505" lon="-69.860576">
      <ele>4121</ele>
    </trkpt>
    <trkpt lat="-30.156493" lon="-69.860456">
      <ele>4122</ele>
    </trkpt>
    <trkpt lat="-30.156451" lon="-69.86019">
      <ele>4125</ele>
    </trkpt>
    <trkpt lat="-30.156424" lon="-69.860053">
      <ele>4127</ele>
    </trkpt>
    <trkpt lat="-30.156382" lon="-69.85993">
      <ele>4127</ele>
    </trkpt>
    <trkpt lat="-30.156342" lon="-69.859855">
      <ele>4127</ele>
    </trkpt>
    <trkpt lat="-30.156287" lon="-69.859774">
      <ele>4125</ele>
    </trkpt>
    <trkpt lat="-30.156196" lon="-69.859678">
      <ele>4122</ele>
    </trkpt>
    <trkpt lat="-30.156157" lon="-69.859622">
      <ele>4121</ele>
    </trkpt>
    <trkpt lat="-30.156073" lon="-69.859471">
      <ele>4122</ele>
    </trkpt>
    <trkpt lat="-30.155969" lon="-69.859273">
      <ele>4126</ele>
    </trkpt>
    <trkpt lat="-30.155904" lon="-69.859168">
      <ele>4128</ele>
    </trkpt>
    <trkpt lat="-30.155693" lon="-69.858919">
      <ele>4131</ele>
    </trkpt>
    <trkpt lat="-30.155656" lon="-69.858854">
      <ele>4131</ele>
    </trkpt>
    <trkpt lat="-30.155621" lon="-69.858771">
      <ele>4132</ele>
    </trkpt>
    <trkpt lat="-30.155603" lon="-69.858667">
      <ele>4132</ele>
    </trkpt>
    <trkpt lat="-30.155554" lon="-69.85846">
      <ele>4131</ele>
    </trkpt>
    <trkpt lat="-30.155498" lon="-69.858323">
      <ele>4130</ele>
    </trkpt>
    <trkpt lat="-30.155436" lon="-69.85823">
      <ele>4129</ele>
    </trkpt>
    <trkpt lat="-30.155371" lon="-69.858165">
      <ele>4127</ele>
    </trkpt>
    <trkpt lat="-30.155297" lon="-69.858114">
      <ele>4125</ele>
    </trkpt>
    <trkpt lat="-30.155241" lon="-69.858095">
      <ele>4125</ele>
    </trkpt>
    <trkpt lat="-30.155153" lon="-69.858077">
      <ele>4126</ele>
    </trkpt>
    <trkpt lat="-30.155102" lon="-69.858044">
      <ele>4127</ele>
    </trkpt>
    <trkpt lat="-30.155021" lon="-69.857983">
      <ele>4129</ele>
    </trkpt>
    <trkpt lat="-30.154976" lon="-69.857913">
      <ele>4132</ele>
    </trkpt>
    <trkpt lat="-30.154942" lon="-69.857838">
      <ele>4134</ele>
    </trkpt>
    <trkpt lat="-30.154854" lon="-69.857535">
      <ele>4140</ele>
    </trkpt>
    <trkpt lat="-30.154842" lon="-69.857454">
      <ele>4140</ele>
    </trkpt>
    <trkpt lat="-30.154849" lon="-69.857366">
      <ele>4140</ele>
    </trkpt>
    <trkpt lat="-30.154879" lon="-69.857288">
      <ele>4139</ele>
    </trkpt>
    <trkpt lat="-30.15493" lon="-69.857224">
      <ele>4137</ele>
    </trkpt>
    <trkpt lat="-30.154997" lon="-69.857192">
      <ele>4136</ele>
    </trkpt>
    <trkpt lat="-30.155079" lon="-69.857175">
      <ele>4138</ele>
    </trkpt>
    <trkpt lat="-30.155162" lon="-69.857183">
      <ele>4140</ele>
    </trkpt>
    <trkpt lat="-30.155232" lon="-69.857224">
      <ele>4141</ele>
    </trkpt>
    <trkpt lat="-30.155582" lon="-69.85754">
      <ele>4147</ele>
    </trkpt>
    <trkpt lat="-30.155644" lon="-69.857634">
      <ele>4148</ele>
    </trkpt>
    <trkpt lat="-30.155688" lon="-69.857749">
      <ele>4148</ele>
    </trkpt>
    <trkpt lat="-30.15576" lon="-69.858095">
      <ele>4149</ele>
    </trkpt>
    <trkpt lat="-30.155839" lon="-69.858618">
      <ele>4144</ele>
    </trkpt>
    <trkpt lat="-30.155872" lon="-69.858715">
      <ele>4142</ele>
    </trkpt>
    <trkpt lat="-30.155906" lon="-69.858782">
      <ele>4141</ele>
    </trkpt>
    <trkpt lat="-30.155955" lon="-69.858838">
      <ele>4141</ele>
    </trkpt>
    <trkpt lat="-30.156083" lon="-69.858951">
      <ele>4141</ele>
    </trkpt>
    <trkpt lat="-30.156203" lon="-69.859064">
      <ele>4140</ele>
    </trkpt>
    <trkpt lat="-30.156308" lon="-69.859182">
      <ele>4140</ele>
    </trkpt>
    <trkpt lat="-30.156507" lon="-69.859458">
      <ele>4144</ele>
    </trkpt>
    <trkpt lat="-30.156642" lon="-69.859614">
      <ele>4150</ele>
    </trkpt>
    <trkpt lat="-30.156679" lon="-69.859689">
      <ele>4151</ele>
    </trkpt>
    <trkpt lat="-30.156834" lon="-69.860086">
      <ele>4152</ele>
    </trkpt>
    <trkpt lat="-30.156885" lon="-69.86019">
      <ele>4152</ele>
    </trkpt>
    <trkpt lat="-30.156966" lon="-69.860314">
      <ele>4154</ele>
    </trkpt>
    <trkpt lat="-30.15708" lon="-69.860434">
      <ele>4153</ele>
    </trkpt>
    <trkpt lat="-30.157412" lon="-69.860689">
      <ele>4152</ele>
    </trkpt>
    <trkpt lat="-30.157518" lon="-69.860786">
      <ele>4151</ele>
    </trkpt>
    <trkpt lat="-30.157736" lon="-69.861016">
      <ele>4155</ele>
    </trkpt>
    <trkpt lat="-30.157848" lon="-69.861134">
      <ele>4157</ele>
    </trkpt>
    <trkpt lat="-30.158008" lon="-69.861327">
      <ele>4158</ele>
    </trkpt>
    <trkpt lat="-30.158219" lon="-69.861644">
      <ele>4155</ele>
    </trkpt>
    <trkpt lat="-30.158321" lon="-69.861856">
      <ele>4154</ele>
    </trkpt>
    <trkpt lat="-30.158523" lon="-69.862384">
      <ele>4157</ele>
    </trkpt>
    <trkpt lat="-30.158606" lon="-69.862642">
      <ele>4155</ele>
    </trkpt>
    <trkpt lat="-30.158643" lon="-69.862746">
      <ele>4155</ele>
    </trkpt>
    <trkpt lat="-30.158785" lon="-69.863049">
      <ele>4155</ele>
    </trkpt>
    <trkpt lat="-30.158928" lon="-69.863355">
      <ele>4154</ele>
    </trkpt>
    <trkpt lat="-30.159251" lon="-69.86402">
      <ele>4162</ele>
    </trkpt>
    <trkpt lat="-30.159364" lon="-69.864254">
      <ele>4166</ele>
    </trkpt>
    <trkpt lat="-30.159728" lon="-69.864943">
      <ele>4176</ele>
    </trkpt>
    <trkpt lat="-30.159893" lon="-69.865246">
      <ele>4173</ele>
    </trkpt>
    <trkpt lat="-30.159942" lon="-69.865327">
      <ele>4172</ele>
    </trkpt>
    <trkpt lat="-30.159995" lon="-69.865404">
      <ele>4171</ele>
    </trkpt>
    <trkpt lat="-30.160053" lon="-69.865477">
      <ele>4170</ele>
    </trkpt>
    <trkpt lat="-30.160118" lon="-69.865544">
      <ele>4169</ele>
    </trkpt>
    <trkpt lat="-30.160183" lon="-69.8656">
      <ele>4169</ele>
    </trkpt>
    <trkpt lat="-30.16025" lon="-69.865651">
      <ele>4170</ele>
    </trkpt>
    <trkpt lat="-30.160322" lon="-69.865697">
      <ele>4170</ele>
    </trkpt>
    <trkpt lat="-30.160394" lon="-69.865734">
      <ele>4171</ele>
    </trkpt>
    <trkpt lat="-30.160471" lon="-69.865767">
      <ele>4171</ele>
    </trkpt>
    <trkpt lat="-30.160575" lon="-69.865791">
      <ele>4172</ele>
    </trkpt>
    <trkpt lat="-30.160689" lon="-69.865812">
      <ele>4171</ele>
    </trkpt>
    <trkpt lat="-30.160723" lon="-69.865818">
      <ele>4171</ele>
    </trkpt>
    <trkpt lat="-30.160758" lon="-69.865818">
      <ele>4171</ele>
    </trkpt>
    <trkpt lat="-30.160795" lon="-69.865812">
      <ele>4171</ele>
    </trkpt>
    <trkpt lat="-30.160839" lon="-69.865796">
      <ele>4171</ele>
    </trkpt>
    <trkpt lat="-30.160883" lon="-69.865772">
      <ele>4171</ele>
    </trkpt>
    <trkpt lat="-30.16092" lon="-69.86574">
      <ele>4172</ele>
    </trkpt>
    <trkpt lat="-30.160955" lon="-69.865702">
      <ele>4172</ele>
    </trkpt>
    <trkpt lat="-30.161041" lon="-69.865563">
      <ele>4174</ele>
    </trkpt>
    <trkpt lat="-30.161261" lon="-69.865294">
      <ele>4174</ele>
    </trkpt>
    <trkpt lat="-30.161521" lon="-69.864838">
      <ele>4178</ele>
    </trkpt>
    <trkpt lat="-30.161802" lon="-69.864184">
      <ele>4183</ele>
    </trkpt>
    <trkpt lat="-30.161913" lon="-69.863857">
      <ele>4188</ele>
    </trkpt>
    <trkpt lat="-30.162082" lon="-69.863449">
      <ele>4190</ele>
    </trkpt>
    <trkpt lat="-30.162252" lon="-69.862926">
      <ele>4190</ele>
    </trkpt>
    <trkpt lat="-30.162688" lon="-69.861585">
      <ele>4199</ele>
    </trkpt>
    <trkpt lat="-30.162734" lon="-69.861475">
      <ele>4199</ele>
    </trkpt>
    <trkpt lat="-30.162799" lon="-69.861373">
      <ele>4199</ele>
    </trkpt>
    <trkpt lat="-30.162901" lon="-69.861268">
      <ele>4198</ele>
    </trkpt>
    <trkpt lat="-30.163019" lon="-69.861172">
      <ele>4198</ele>
    </trkpt>
    <trkpt lat="-30.163518" lon="-69.860804">
      <ele>4200</ele>
    </trkpt>
    <trkpt lat="-30.163882" lon="-69.860536">
      <ele>4203</ele>
    </trkpt>
    <trkpt lat="-30.164318" lon="-69.860158">
      <ele>4207</ele>
    </trkpt>
    <trkpt lat="-30.164601" lon="-69.859887">
      <ele>4214</ele>
    </trkpt>
    <trkpt lat="-30.164872" lon="-69.85964">
      <ele>4219</ele>
    </trkpt>
    <trkpt lat="-30.165389" lon="-69.859209">
      <ele>4220</ele>
    </trkpt>
    <trkpt lat="-30.165438" lon="-69.859179">
      <ele>4220</ele>
    </trkpt>
    <trkpt lat="-30.165563" lon="-69.859117">
      <ele>4219</ele>
    </trkpt>
    <trkpt lat="-30.165649" lon="-69.859064">
      <ele>4220</ele>
    </trkpt>
    <trkpt lat="-30.16589" lon="-69.858863">
      <ele>4226</ele>
    </trkpt>
    <trkpt lat="-30.16593" lon="-69.858828">
      <ele>4227</ele>
    </trkpt>
    <trkpt lat="-30.165971" lon="-69.858801">
      <ele>4228</ele>
    </trkpt>
    <trkpt lat="-30.166025" lon="-69.858777">
      <ele>4228</ele>
    </trkpt>
    <trkpt lat="-30.166078" lon="-69.858766">
      <ele>4228</ele>
    </trkpt>
    <trkpt lat="-30.166131" lon="-69.858763">
      <ele>4227</ele>
    </trkpt>
    <trkpt lat="-30.166356" lon="-69.858806">
      <ele>4223</ele>
    </trkpt>
    <trkpt lat="-30.166405" lon="-69.858806">
      <ele>4223</ele>
    </trkpt>
    <trkpt lat="-30.166451" lon="-69.858801">
      <ele>4222</ele>
    </trkpt>
    <trkpt lat="-30.166507" lon="-69.858787">
      <ele>4222</ele>
    </trkpt>
    <trkpt lat="-30.166558" lon="-69.858763">
      <ele>4222</ele>
    </trkpt>
    <trkpt lat="-30.166607" lon="-69.858728">
      <ele>4223</ele>
    </trkpt>
    <trkpt lat="-30.166648" lon="-69.858688">
      <ele>4223</ele>
    </trkpt>
    <trkpt lat="-30.166688" lon="-69.858643">
      <ele>4224</ele>
    </trkpt>
    <trkpt lat="-30.166718" lon="-69.858589">
      <ele>4225</ele>
    </trkpt>
    <trkpt lat="-30.166797" lon="-69.85842">
      <ele>4226</ele>
    </trkpt>
    <trkpt lat="-30.166955" lon="-69.857934">
      <ele>4229</ele>
    </trkpt>
    <trkpt lat="-30.167091" lon="-69.857639">
      <ele>4233</ele>
    </trkpt>
    <trkpt lat="-30.167346" lon="-69.857277">
      <ele>4238</ele>
    </trkpt>
    <trkpt lat="-30.167458" lon="-69.857138">
      <ele>4238</ele>
    </trkpt>
    <trkpt lat="-30.167574" lon="-69.857009">
      <ele>4243</ele>
    </trkpt>
    <trkpt lat="-30.167678" lon="-69.856926">
      <ele>4247</ele>
    </trkpt>
    <trkpt lat="-30.167736" lon="-69.856854">
      <ele>4250</ele>
    </trkpt>
    <trkpt lat="-30.167815" lon="-69.856652">
      <ele>4253</ele>
    </trkpt>
    <trkpt lat="-30.167847" lon="-69.856502">
      <ele>4252</ele>
    </trkpt>
    <trkpt lat="-30.167919" lon="-69.856272">
      <ele>4254</ele>
    </trkpt>
    <trkpt lat="-30.168082" lon="-69.855853">
      <ele>4253</ele>
    </trkpt>
    <trkpt lat="-30.168144" lon="-69.855641">
      <ele>4252</ele>
    </trkpt>
    <trkpt lat="-30.16816" lon="-69.855518">
      <ele>4251</ele>
    </trkpt>
    <trkpt lat="-30.16816" lon="-69.855411">
      <ele>4251</ele>
    </trkpt>
    <trkpt lat="-30.168146" lon="-69.855373">
      <ele>4250</ele>
    </trkpt>
    <trkpt lat="-30.168181" lon="-69.85522">
      <ele>4252</ele>
    </trkpt>
    <trkpt lat="-30.168195" lon="-69.855008">
      <ele>4256</ele>
    </trkpt>
    <trkpt lat="-30.168197" lon="-69.854826">
      <ele>4261</ele>
    </trkpt>
    <trkpt lat="-30.168214" lon="-69.854673">
      <ele>4264</ele>
    </trkpt>
    <trkpt lat="-30.168251" lon="-69.854563">
      <ele>4263</ele>
    </trkpt>
    <trkpt lat="-30.168341" lon="-69.854297">
      <ele>4259</ele>
    </trkpt>
    <trkpt lat="-30.168439" lon="-69.854059">
      <ele>4259</ele>
    </trkpt>
    <trkpt lat="-30.168569" lon="-69.853766">
      <ele>4266</ele>
    </trkpt>
    <trkpt lat="-30.168724" lon="-69.853343">
      <ele>4281</ele>
    </trkpt>
    <trkpt lat="-30.168914" lon="-69.85297">
      <ele>4283</ele>
    </trkpt>
    <trkpt lat="-30.169104" lon="-69.852616">
      <ele>4288</ele>
    </trkpt>
    <trkpt lat="-30.169503" lon="-69.851972">
      <ele>4294</ele>
    </trkpt>
    <trkpt lat="-30.169726" lon="-69.851591">
      <ele>4296</ele>
    </trkpt>
    <trkpt lat="-30.169886" lon="-69.851208">
      <ele>4296</ele>
    </trkpt>
    <trkpt lat="-30.17072" lon="-69.849046">
      <ele>4329</ele>
    </trkpt>
    <trkpt lat="-30.170948" lon="-69.848509">
      <ele>4338</ele>
    </trkpt>
    <trkpt lat="-30.171161" lon="-69.848026">
      <ele>4339</ele>
    </trkpt>
    <trkpt lat="-30.171214" lon="-69.847879">
      <ele>4341</ele>
    </trkpt>
    <trkpt lat="-30.171247" lon="-69.847737">
      <ele>4343</ele>
    </trkpt>
    <trkpt lat="-30.171233" lon="-69.84756">
      <ele>4343</ele>
    </trkpt>
    <trkpt lat="-30.17114" lon="-69.847283">
      <ele>4342</ele>
    </trkpt>
    <trkpt lat="-30.171059" lon="-69.847023">
      <ele>4343</ele>
    </trkpt>
    <trkpt lat="-30.171024" lon="-69.846844">
      <ele>4345</ele>
    </trkpt>
    <trkpt lat="-30.171029" lon="-69.84668">
      <ele>4347</ele>
    </trkpt>
    <trkpt lat="-30.17104" lon="-69.846551">
      <ele>4350</ele>
    </trkpt>
    <trkpt lat="-30.171082" lon="-69.846455">
      <ele>4354</ele>
    </trkpt>
    <trkpt lat="-30.171136" lon="-69.846355">
      <ele>4357</ele>
    </trkpt>
    <trkpt lat="-30.171214" lon="-69.846264">
      <ele>4358</ele>
    </trkpt>
    <trkpt lat="-30.171404" lon="-69.846114">
      <ele>4361</ele>
    </trkpt>
    <trkpt lat="-30.171597" lon="-69.845972">
      <ele>4362</ele>
    </trkpt>
    <trkpt lat="-30.171852" lon="-69.845779">
      <ele>4363</ele>
    </trkpt>
    <trkpt lat="-30.172128" lon="-69.845564">
      <ele>4366</ele>
    </trkpt>
    <trkpt lat="-30.172376" lon="-69.845352">
      <ele>4371</ele>
    </trkpt>
    <trkpt lat="-30.172652" lon="-69.845156">
      <ele>4372</ele>
    </trkpt>
    <trkpt lat="-30.172974" lon="-69.844953">
      <ele>4372</ele>
    </trkpt>
    <trkpt lat="-30.173178" lon="-69.844768">
      <ele>4374</ele>
    </trkpt>
    <trkpt lat="-30.173373" lon="-69.844569">
      <ele>4377</ele>
    </trkpt>
    <trkpt lat="-30.173556" lon="-69.844322">
      <ele>4382</ele>
    </trkpt>
    <trkpt lat="-30.173816" lon="-69.844">
      <ele>4387</ele>
    </trkpt>
    <trkpt lat="-30.174124" lon="-69.843654">
      <ele>4392</ele>
    </trkpt>
    <trkpt lat="-30.174407" lon="-69.843418">
      <ele>4395</ele>
    </trkpt>
    <trkpt lat="-30.174767" lon="-69.843177">
      <ele>4398</ele>
    </trkpt>
    <trkpt lat="-30.175117" lon="-69.842952">
      <ele>4407</ele>
    </trkpt>
    <trkpt lat="-30.175435" lon="-69.842635">
      <ele>4413</ele>
    </trkpt>
    <trkpt lat="-30.175653" lon="-69.842364">
      <ele>4417</ele>
    </trkpt>
    <trkpt lat="-30.17597" lon="-69.8419">
      <ele>4424</ele>
    </trkpt>
    <trkpt lat="-30.176334" lon="-69.841404">
      <ele>4425</ele>
    </trkpt>
    <trkpt lat="-30.176443" lon="-69.841251">
      <ele>4425</ele>
    </trkpt>
    <trkpt lat="-30.176566" lon="-69.841018">
      <ele>4429</ele>
    </trkpt>
    <trkpt lat="-30.176696" lon="-69.840712">
      <ele>4432</ele>
    </trkpt>
    <trkpt lat="-30.176886" lon="-69.840353">
      <ele>4435</ele>
    </trkpt>
    <trkpt lat="-30.177069" lon="-69.840109">
      <ele>4439</ele>
    </trkpt>
    <trkpt lat="-30.177171" lon="-69.839953">
      <ele>4442</ele>
    </trkpt>
    <trkpt lat="-30.177296" lon="-69.839816">
      <ele>4443</ele>
    </trkpt>
    <trkpt lat="-30.177454" lon="-69.839663">
      <ele>4441</ele>
    </trkpt>
    <trkpt lat="-30.177679" lon="-69.839462">
      <ele>4440</ele>
    </trkpt>
    <trkpt lat="-30.17798" lon="-69.839167">
      <ele>4448</ele>
    </trkpt>
    <trkpt lat="-30.178328" lon="-69.838778">
      <ele>4454</ele>
    </trkpt>
    <trkpt lat="-30.1786" lon="-69.838502">
      <ele>4457</ele>
    </trkpt>
    <trkpt lat="-30.178917" lon="-69.838242">
      <ele>4465</ele>
    </trkpt>
    <trkpt lat="-30.17924" lon="-69.838035">
      <ele>4466</ele>
    </trkpt>
    <trkpt lat="-30.179395" lon="-69.837973">
      <ele>4468</ele>
    </trkpt>
    <trkpt lat="-30.179599" lon="-69.837904">
      <ele>4472</ele>
    </trkpt>
    <trkpt lat="-30.179817" lon="-69.837815">
      <ele>4477</ele>
    </trkpt>
    <trkpt lat="-30.179956" lon="-69.837692">
      <ele>4481</ele>
    </trkpt>
    <trkpt lat="-30.180102" lon="-69.837453">
      <ele>4484</ele>
    </trkpt>
    <trkpt lat="-30.180246" lon="-69.837174">
      <ele>4486</ele>
    </trkpt>
    <trkpt lat="-30.180448" lon="-69.836876">
      <ele>4490</ele>
    </trkpt>
    <trkpt lat="-30.180958" lon="-69.836139">
      <ele>4499</ele>
    </trkpt>
    <trkpt lat="-30.181166" lon="-69.835857">
      <ele>4502</ele>
    </trkpt>
    <trkpt lat="-30.181477" lon="-69.835568">
      <ele>4505</ele>
    </trkpt>
    <trkpt lat="-30.181978" lon="-69.835205">
      <ele>4512</ele>
    </trkpt>
    <trkpt lat="-30.1825" lon="-69.834784">
      <ele>4515</ele>
    </trkpt>
    <trkpt lat="-30.182664" lon="-69.83469">
      <ele>4519</ele>
    </trkpt>
    <trkpt lat="-30.18285" lon="-69.834591">
      <ele>4524</ele>
    </trkpt>
    <trkpt lat="-30.183362" lon="-69.834551">
      <ele>4526</ele>
    </trkpt>
    <trkpt lat="-30.183677" lon="-69.834538">
      <ele>4526</ele>
    </trkpt>
    <trkpt lat="-30.183993" lon="-69.834519">
      <ele>4530</ele>
    </trkpt>
    <trkpt lat="-30.184134" lon="-69.834511">
      <ele>4530</ele>
    </trkpt>
    <trkpt lat="-30.184273" lon="-69.834492">
      <ele>4533</ele>
    </trkpt>
    <trkpt lat="-30.184412" lon="-69.834465">
      <ele>4537</ele>
    </trkpt>
    <trkpt lat="-30.184549" lon="-69.83443">
      <ele>4539</ele>
    </trkpt>
    <trkpt lat="-30.184686" lon="-69.834387">
      <ele>4540</ele>
    </trkpt>
    <trkpt lat="-30.184818" lon="-69.834336">
      <ele>4541</ele>
    </trkpt>
    <trkpt lat="-30.184899" lon="-69.834302">
      <ele>4542</ele>
    </trkpt>
    <trkpt lat="-30.18498" lon="-69.834264">
      <ele>4543</ele>
    </trkpt>
    <trkpt lat="-30.185138" lon="-69.834181">
      <ele>4543</ele>
    </trkpt>
    <trkpt lat="-30.185291" lon="-69.834087">
      <ele>4545</ele>
    </trkpt>
    <trkpt lat="-30.185439" lon="-69.833982">
      <ele>4549</ele>
    </trkpt>
    <trkpt lat="-30.185553" lon="-69.833897">
      <ele>4553</ele>
    </trkpt>
    <trkpt lat="-30.185669" lon="-69.833819">
      <ele>4556</ele>
    </trkpt>
    <trkpt lat="-30.185787" lon="-69.833746">
      <ele>4560</ele>
    </trkpt>
    <trkpt lat="-30.18591" lon="-69.833685">
      <ele>4565</ele>
    </trkpt>
    <trkpt lat="-30.186035" lon="-69.833628">
      <ele>4570</ele>
    </trkpt>
    <trkpt lat="-30.186163" lon="-69.833583">
      <ele>4572</ele>
    </trkpt>
    <trkpt lat="-30.186293" lon="-69.833542">
      <ele>4573</ele>
    </trkpt>
    <trkpt lat="-30.186418" lon="-69.833516">
      <ele>4573</ele>
    </trkpt>
    <trkpt lat="-30.186543" lon="-69.833494">
      <ele>4573</ele>
    </trkpt>
    <trkpt lat="-30.186668" lon="-69.833481">
      <ele>4572</ele>
    </trkpt>
    <trkpt lat="-30.186793" lon="-69.833473">
      <ele>4574</ele>
    </trkpt>
    <trkpt lat="-30.186861" lon="-69.833478">
      <ele>4575</ele>
    </trkpt>
    <trkpt lat="-30.186928" lon="-69.833494">
      <ele>4576</ele>
    </trkpt>
    <trkpt lat="-30.18699" lon="-69.833521">
      <ele>4577</ele>
    </trkpt>
    <trkpt lat="-30.187051" lon="-69.833556">
      <ele>4577</ele>
    </trkpt>
    <trkpt lat="-30.187104" lon="-69.833601">
      <ele>4578</ele>
    </trkpt>
    <trkpt lat="-30.187137" lon="-69.833634">
      <ele>4578</ele>
    </trkpt>
    <trkpt lat="-30.187171" lon="-69.833658">
      <ele>4579</ele>
    </trkpt>
    <trkpt lat="-30.187211" lon="-69.833671">
      <ele>4580</ele>
    </trkpt>
    <trkpt lat="-30.187252" lon="-69.833674">
      <ele>4581</ele>
    </trkpt>
    <trkpt lat="-30.187292" lon="-69.833669">
      <ele>4582</ele>
    </trkpt>
    <trkpt lat="-30.187331" lon="-69.83365">
      <ele>4583</ele>
    </trkpt>
    <trkpt lat="-30.187364" lon="-69.833623">
      <ele>4584</ele>
    </trkpt>
    <trkpt lat="-30.187389" lon="-69.833593">
      <ele>4584</ele>
    </trkpt>
    <trkpt lat="-30.187408" lon="-69.833559">
      <ele>4585</ele>
    </trkpt>
    <trkpt lat="-30.187419" lon="-69.833521">
      <ele>4586</ele>
    </trkpt>
    <trkpt lat="-30.187424" lon="-69.833492">
      <ele>4587</ele>
    </trkpt>
    <trkpt lat="-30.187426" lon="-69.833462">
      <ele>4588</ele>
    </trkpt>
    <trkpt lat="-30.187424" lon="-69.8334">
      <ele>4588</ele>
    </trkpt>
    <trkpt lat="-30.187417" lon="-69.833341">
      <ele>4589</ele>
    </trkpt>
    <trkpt lat="-30.187403" lon="-69.833282">
      <ele>4590</ele>
    </trkpt>
    <trkpt lat="-30.187382" lon="-69.833226">
      <ele>4590</ele>
    </trkpt>
    <trkpt lat="-30.187354" lon="-69.83317">
      <ele>4591</ele>
    </trkpt>
    <trkpt lat="-30.18732" lon="-69.833116">
      <ele>4592</ele>
    </trkpt>
    <trkpt lat="-30.187278" lon="-69.83307">
      <ele>4593</ele>
    </trkpt>
    <trkpt lat="-30.187229" lon="-69.833033">
      <ele>4594</ele>
    </trkpt>
    <trkpt lat="-30.187178" lon="-69.833001">
      <ele>4594</ele>
    </trkpt>
    <trkpt lat="-30.187139" lon="-69.832985">
      <ele>4594</ele>
    </trkpt>
    <trkpt lat="-30.187097" lon="-69.832971">
      <ele>4593</ele>
    </trkpt>
    <trkpt lat="-30.187053" lon="-69.832966">
      <ele>4593</ele>
    </trkpt>
    <trkpt lat="-30.186926" lon="-69.832936">
      <ele>4592</ele>
    </trkpt>
    <trkpt lat="-30.186798" lon="-69.832909">
      <ele>4591</ele>
    </trkpt>
    <trkpt lat="-30.186675" lon="-69.832891">
      <ele>4590</ele>
    </trkpt>
    <trkpt lat="-30.18655" lon="-69.83288">
      <ele>4591</ele>
    </trkpt>
    <trkpt lat="-30.186422" lon="-69.832877">
      <ele>4591</ele>
    </trkpt>
    <trkpt lat="-30.186297" lon="-69.832883">
      <ele>4591</ele>
    </trkpt>
    <trkpt lat="-30.186172" lon="-69.832896">
      <ele>4591</ele>
    </trkpt>
    <trkpt lat="-30.186047" lon="-69.832915">
      <ele>4591</ele>
    </trkpt>
    <trkpt lat="-30.185919" lon="-69.832944">
      <ele>4590</ele>
    </trkpt>
    <trkpt lat="-30.185792" lon="-69.832966">
      <ele>4589</ele>
    </trkpt>
    <trkpt lat="-30.185662" lon="-69.832979">
      <ele>4590</ele>
    </trkpt>
    <trkpt lat="-30.185532" lon="-69.832985">
      <ele>4591</ele>
    </trkpt>
    <trkpt lat="-30.185402" lon="-69.832979">
      <ele>4593</ele>
    </trkpt>
    <trkpt lat="-30.185286" lon="-69.832971">
      <ele>4594</ele>
    </trkpt>
    <trkpt lat="-30.18517" lon="-69.832952">
      <ele>4595</ele>
    </trkpt>
    <trkpt lat="-30.185055" lon="-69.832931">
      <ele>4597</ele>
    </trkpt>
    <trkpt lat="-30.184939" lon="-69.832899">
      <ele>4599</ele>
    </trkpt>
    <trkpt lat="-30.184915" lon="-69.832891">
      <ele>4599</ele>
    </trkpt>
    <trkpt lat="-30.184895" lon="-69.832875">
      <ele>4600</ele>
    </trkpt>
    <trkpt lat="-30.184878" lon="-69.83285">
      <ele>4602</ele>
    </trkpt>
    <trkpt lat="-30.184871" lon="-69.832829">
      <ele>4603</ele>
    </trkpt>
    <trkpt lat="-30.184871" lon="-69.832805">
      <ele>4604</ele>
    </trkpt>
    <trkpt lat="-30.184874" lon="-69.832781">
      <ele>4605</ele>
    </trkpt>
    <trkpt lat="-30.184883" lon="-69.832759">
      <ele>4606</ele>
    </trkpt>
    <trkpt lat="-30.184999" lon="-69.832711">
      <ele>4609</ele>
    </trkpt>
    <trkpt lat="-30.18514" lon="-69.832671">
      <ele>4612</ele>
    </trkpt>
    <trkpt lat="-30.185277" lon="-69.83262">
      <ele>4615</ele>
    </trkpt>
    <trkpt lat="-30.185419" lon="-69.832558">
      <ele>4615</ele>
    </trkpt>
    <trkpt lat="-30.185555" lon="-69.832486">
      <ele>4616</ele>
    </trkpt>
    <trkpt lat="-30.18569" lon="-69.832403">
      <ele>4618</ele>
    </trkpt>
    <trkpt lat="-30.185817" lon="-69.832311">
      <ele>4620</ele>
    </trkpt>
    <trkpt lat="-30.186647" lon="-69.831901">
      <ele>4637</ele>
    </trkpt>
    <trkpt lat="-30.186909" lon="-69.831783">
      <ele>4638</ele>
    </trkpt>
    <trkpt lat="-30.18715" lon="-69.831646">
      <ele>4641</ele>
    </trkpt>
    <trkpt lat="-30.187294" lon="-69.831536">
      <ele>4644</ele>
    </trkpt>
    <trkpt lat="-30.187508" lon="-69.831354">
      <ele>4648</ele>
    </trkpt>
    <trkpt lat="-30.187781" lon="-69.83112">
      <ele>4656</ele>
    </trkpt>
    <trkpt lat="-30.188022" lon="-69.830986">
      <ele>4660</ele>
    </trkpt>
    <trkpt lat="-30.188224" lon="-69.830887">
      <ele>4664</ele>
    </trkpt>
    <trkpt lat="-30.188426" lon="-69.830831">
      <ele>4667</ele>
    </trkpt>
    <trkpt lat="-30.188514" lon="-69.830796">
      <ele>4667</ele>
    </trkpt>
    <trkpt lat="-30.188537" lon="-69.830745">
      <ele>4668</ele>
    </trkpt>
    <trkpt lat="-30.188546" lon="-69.830697">
      <ele>4669</ele>
    </trkpt>
    <trkpt lat="-30.188539" lon="-69.83064">
      <ele>4670</ele>
    </trkpt>
    <trkpt lat="-30.188521" lon="-69.830589">
      <ele>4671</ele>
    </trkpt>
    <trkpt lat="-30.188465" lon="-69.830563">
      <ele>4672</ele>
    </trkpt>
    <trkpt lat="-30.188382" lon="-69.830536">
      <ele>4673</ele>
    </trkpt>
    <trkpt lat="-30.188166" lon="-69.830479">
      <ele>4674</ele>
    </trkpt>
    <trkpt lat="-30.187904" lon="-69.830361">
      <ele>4678</ele>
    </trkpt>
    <trkpt lat="-30.18744" lon="-69.830155">
      <ele>4685</ele>
    </trkpt>
    <trkpt lat="-30.18696" lon="-69.829932">
      <ele>4694</ele>
    </trkpt>
    <trkpt lat="-30.186647" lon="-69.829814">
      <ele>4700</ele>
    </trkpt>
    <trkpt lat="-30.186492" lon="-69.829779">
      <ele>4702</ele>
    </trkpt>
    <trkpt lat="-30.186309" lon="-69.829774">
      <ele>4705</ele>
    </trkpt>
    <trkpt lat="-30.186177" lon="-69.829769">
      <ele>4707</ele>
    </trkpt>
    <trkpt lat="-30.186121" lon="-69.82975">
      <ele>4708</ele>
    </trkpt>
    <trkpt lat="-30.186093" lon="-69.829718">
      <ele>4709</ele>
    </trkpt>
    <trkpt lat="-30.186107" lon="-69.829675">
      <ele>4711</ele>
    </trkpt>
    <trkpt lat="-30.18613" lon="-69.82964">
      <ele>4711</ele>
    </trkpt>
    <trkpt lat="-30.18616" lon="-69.829621">
      <ele>4712</ele>
    </trkpt>
    <trkpt lat="-30.186253" lon="-69.829567">
      <ele>4712</ele>
    </trkpt>
    <trkpt lat="-30.186485" lon="-69.829417">
      <ele>4714</ele>
    </trkpt>
    <trkpt lat="-30.186592" lon="-69.829334">
      <ele>4716</ele>
    </trkpt>
    <trkpt lat="-30.186722" lon="-69.829216">
      <ele>4718</ele>
    </trkpt>
    <trkpt lat="-30.186984" lon="-69.828918">
      <ele>4721</ele>
    </trkpt>
    <trkpt lat="-30.18731" lon="-69.828543">
      <ele>4724</ele>
    </trkpt>
    <trkpt lat="-30.187909" lon="-69.827824">
      <ele>4739</ele>
    </trkpt>
    <trkpt lat="-30.188372" lon="-69.827408">
      <ele>4746</ele>
    </trkpt>
    <trkpt lat="-30.188961" lon="-69.827274">
      <ele>4747</ele>
    </trkpt>
    <trkpt lat="-30.189478" lon="-69.827156">
      <ele>4752</ele>
    </trkpt>
    <trkpt lat="-30.189914" lon="-69.827057">
      <ele>4755</ele>
    </trkpt>
    <trkpt lat="-30.190243" lon="-69.826982">
      <ele>4759</ele>
    </trkpt>
    <trkpt lat="-30.190598" lon="-69.826915">
      <ele>4759</ele>
    </trkpt>
    <trkpt lat="-30.190885" lon="-69.826896">
      <ele>4758</ele>
    </trkpt>
    <trkpt lat="-30.191073" lon="-69.82692">
      <ele>4759</ele>
    </trkpt>
    <trkpt lat="-30.191794" lon="-69.82714">
      <ele>4760</ele>
    </trkpt>
    <trkpt lat="-30.191998" lon="-69.827194">
      <ele>4760</ele>
    </trkpt>
    <trkpt lat="-30.192103" lon="-69.827221">
      <ele>4760</ele>
    </trkpt>
    <trkpt lat="-30.192274" lon="-69.827234">
      <ele>4761</ele>
    </trkpt>
    <trkpt lat="-30.192453" lon="-69.82721">
      <ele>4763</ele>
    </trkpt>
    <trkpt lat="-30.192573" lon="-69.827148">
      <ele>4764</ele>
    </trkpt>
    <trkpt lat="-30.192735" lon="-69.827014">
      <ele>4765</ele>
    </trkpt>
    <trkpt lat="-30.192824" lon="-69.826883">
      <ele>4766</ele>
    </trkpt>
    <trkpt lat="-30.192886" lon="-69.826748">
      <ele>4768</ele>
    </trkpt>
    <trkpt lat="-30.192916" lon="-69.826542">
      <ele>4769</ele>
    </trkpt>
    <trkpt lat="-30.192921" lon="-69.826351">
      <ele>4770</ele>
    </trkpt>
    <trkpt lat="-30.192891" lon="-69.826169">
      <ele>4769</ele>
    </trkpt>
    <trkpt lat="-30.192831" lon="-69.825882">
      <ele>4769</ele>
    </trkpt>
    <trkpt lat="-30.192777" lon="-69.825501">
      <ele>4768</ele>
    </trkpt>
    <trkpt lat="-30.19277" lon="-69.825456">
      <ele>4768</ele>
    </trkpt>
    <trkpt lat="-30.192717" lon="-69.825091">
      <ele>4766</ele>
    </trkpt>
    <trkpt lat="-30.192717" lon="-69.825056">
      <ele>4766</ele>
    </trkpt>
    <trkpt lat="-30.19271" lon="-69.824992">
      <ele>4766</ele>
    </trkpt>
    <trkpt lat="-30.192708" lon="-69.824927">
      <ele>4766</ele>
    </trkpt>
    <trkpt lat="-30.19271" lon="-69.82486">
      <ele>4765</ele>
    </trkpt>
    <trkpt lat="-30.192724" lon="-69.82478">
      <ele>4765</ele>
    </trkpt>
    <trkpt lat="-30.192745" lon="-69.824702">
      <ele>4764</ele>
    </trkpt>
    <trkpt lat="-30.192773" lon="-69.824627">
      <ele>4764</ele>
    </trkpt>
    <trkpt lat="-30.19281" lon="-69.824557">
      <ele>4764</ele>
    </trkpt>
    <trkpt lat="-30.192854" lon="-69.824493">
      <ele>4764</ele>
    </trkpt>
    <trkpt lat="-30.192905" lon="-69.824434">
      <ele>4764</ele>
    </trkpt>
    <trkpt lat="-30.19296" lon="-69.824383">
      <ele>4764</ele>
    </trkpt>
    <trkpt lat="-30.193023" lon="-69.824343">
      <ele>4764</ele>
    </trkpt>
    <trkpt lat="-30.193651" lon="-69.824037">
      <ele>4764</ele>
    </trkpt>
    <trkpt lat="-30.193844" lon="-69.823929">
      <ele>4763</ele>
    </trkpt>
    <trkpt lat="-30.19396" lon="-69.823854">
      <ele>4763</ele>
    </trkpt>
    <trkpt lat="-30.194041" lon="-69.823801">
      <ele>4762</ele>
    </trkpt>
    <trkpt lat="-30.19412" lon="-69.823739">
      <ele>4762</ele>
    </trkpt>
    <trkpt lat="-30.194196" lon="-69.823669">
      <ele>4761</ele>
    </trkpt>
    <trkpt lat="-30.194263" lon="-69.823591">
      <ele>4762</ele>
    </trkpt>
    <trkpt lat="-30.194324" lon="-69.823516">
      <ele>4762</ele>
    </trkpt>
    <trkpt lat="-30.194377" lon="-69.823436">
      <ele>4761</ele>
    </trkpt>
    <trkpt lat="-30.195443" lon="-69.821824">
      <ele>4753</ele>
    </trkpt>
    <trkpt lat="-30.195763" lon="-69.821344">
      <ele>4750</ele>
    </trkpt>
    <trkpt lat="-30.196183" lon="-69.820716">
      <ele>4749</ele>
    </trkpt>
    <trkpt lat="-30.196591" lon="-69.820089">
      <ele>4747</ele>
    </trkpt>
    <trkpt lat="-30.196702" lon="-69.819898">
      <ele>4748</ele>
    </trkpt>
    <trkpt lat="-30.196804" lon="-69.819705">
      <ele>4748</ele>
    </trkpt>
    <trkpt lat="-30.196899" lon="-69.819504">
      <ele>4748</ele>
    </trkpt>
    <trkpt lat="-30.196985" lon="-69.819308">
      <ele>4747</ele>
    </trkpt>
    <trkpt lat="-30.197061" lon="-69.819104">
      <ele>4746</ele>
    </trkpt>
    <trkpt lat="-30.197303" lon="-69.818388">
      <ele>4744</ele>
    </trkpt>
    <trkpt lat="-30.197497" lon="-69.817774">
      <ele>4742</ele>
    </trkpt>
    <trkpt lat="-30.197643" lon="-69.817315">
      <ele>4742</ele>
    </trkpt>
    <trkpt lat="-30.197857" lon="-69.816588">
      <ele>4738</ele>
    </trkpt>
    <trkpt lat="-30.198047" lon="-69.81592">
      <ele>4737</ele>
    </trkpt>
    <trkpt lat="-30.198132" lon="-69.815623">
      <ele>4738</ele>
    </trkpt>
    <trkpt lat="-30.198309" lon="-69.815169">
      <ele>4732</ele>
    </trkpt>
    <trkpt lat="-30.198369" lon="-69.815062">
      <ele>4731</ele>
    </trkpt>
    <trkpt lat="-30.198436" lon="-69.814963">
      <ele>4729</ele>
    </trkpt>
    <trkpt lat="-30.198513" lon="-69.814872">
      <ele>4730</ele>
    </trkpt>
    <trkpt lat="-30.198594" lon="-69.814786">
      <ele>4730</ele>
    </trkpt>
    <trkpt lat="-30.198682" lon="-69.814711">
      <ele>4730</ele>
    </trkpt>
    <trkpt lat="-30.198775" lon="-69.814644">
      <ele>4730</ele>
    </trkpt>
    <trkpt lat="-30.198842" lon="-69.814601">
      <ele>4729</ele>
    </trkpt>
    <trkpt lat="-30.198914" lon="-69.814563">
      <ele>4729</ele>
    </trkpt>
    <trkpt lat="-30.198986" lon="-69.814531">
      <ele>4729</ele>
    </trkpt>
    <trkpt lat="-30.199231" lon="-69.814445">
      <ele>4730</ele>
    </trkpt>
    <trkpt lat="-30.199542" lon="-69.81437">
      <ele>4732</ele>
    </trkpt>
    <trkpt lat="-30.199683" lon="-69.814292">
      <ele>4732</ele>
    </trkpt>
    <trkpt lat="-30.199899" lon="-69.814153">
      <ele>4731</ele>
    </trkpt>
    <trkpt lat="-30.200527" lon="-69.813718">
      <ele>4730</ele>
    </trkpt>
    <trkpt lat="-30.200659" lon="-69.813638">
      <ele>4729</ele>
    </trkpt>
    <trkpt lat="-30.200803" lon="-69.813573">
      <ele>4728</ele>
    </trkpt>
    <trkpt lat="-30.201056" lon="-69.813522">
      <ele>4728</ele>
    </trkpt>
    <trkpt lat="-30.201308" lon="-69.813463">
      <ele>4728</ele>
    </trkpt>
    <trkpt lat="-30.201869" lon="-69.813233">
      <ele>4725</ele>
    </trkpt>
    <trkpt lat="-30.202129" lon="-69.813142">
      <ele>4722</ele>
    </trkpt>
    <trkpt lat="-30.202219" lon="-69.813134">
      <ele>4721</ele>
    </trkpt>
    <trkpt lat="-30.20228" lon="-69.813142">
      <ele>4721</ele>
    </trkpt>
    <trkpt lat="-30.202514" lon="-69.813171">
      <ele>4722</ele>
    </trkpt>
    <trkpt lat="-30.202734" lon="-69.813174">
      <ele>4723</ele>
    </trkpt>
    <trkpt lat="-30.202901" lon="-69.813144">
      <ele>4725</ele>
    </trkpt>
    <trkpt lat="-30.203059" lon="-69.813088">
      <ele>4726</ele>
    </trkpt>
    <trkpt lat="-30.203163" lon="-69.813037">
      <ele>4726</ele>
    </trkpt>
    <trkpt lat="-30.203276" lon="-69.812973">
      <ele>4726</ele>
    </trkpt>
    <trkpt lat="-30.203355" lon="-69.812871">
      <ele>4724</ele>
    </trkpt>
    <trkpt lat="-30.203568" lon="-69.812474">
      <ele>4720</ele>
    </trkpt>
    <trkpt lat="-30.203735" lon="-69.812176">
      <ele>4719</ele>
    </trkpt>
    <trkpt lat="-30.203844" lon="-69.812015">
      <ele>4719</ele>
    </trkpt>
    <trkpt lat="-30.204236" lon="-69.811543">
      <ele>4718</ele>
    </trkpt>
    <trkpt lat="-30.204639" lon="-69.811063">
      <ele>4714</ele>
    </trkpt>
    <trkpt lat="-30.204741" lon="-69.810974">
      <ele>4714</ele>
    </trkpt>
    <trkpt lat="-30.204894" lon="-69.810891">
      <ele>4713</ele>
    </trkpt>
    <trkpt lat="-30.205312" lon="-69.810687">
      <ele>4713</ele>
    </trkpt>
    <trkpt lat="-30.206097" lon="-69.810317">
      <ele>4703</ele>
    </trkpt>
    <trkpt lat="-30.20622" lon="-69.810282">
      <ele>4701</ele>
    </trkpt>
    <trkpt lat="-30.206308" lon="-69.810272">
      <ele>4701</ele>
    </trkpt>
    <trkpt lat="-30.206403" lon="-69.810301">
      <ele>4702</ele>
    </trkpt>
    <trkpt lat="-30.20651" lon="-69.810363">
      <ele>4706</ele>
    </trkpt>
    <trkpt lat="-30.206672" lon="-69.810559">
      <ele>4719</ele>
    </trkpt>
    <trkpt lat="-30.206781" lon="-69.810674">
      <ele>4725</ele>
    </trkpt>
    <trkpt lat="-30.206897" lon="-69.810728">
      <ele>4728</ele>
    </trkpt>
    <trkpt lat="-30.207041" lon="-69.810746">
      <ele>4730</ele>
    </trkpt>
    <trkpt lat="-30.207273" lon="-69.810695">
      <ele>4730</ele>
    </trkpt>
    <trkpt lat="-30.207685" lon="-69.810478">
      <ele>4725</ele>
    </trkpt>
    <trkpt lat="-30.207878" lon="-69.810309">
      <ele>4719</ele>
    </trkpt>
    <trkpt lat="-30.208014" lon="-69.81014">
      <ele>4714</ele>
    </trkpt>
    <trkpt lat="-30.208636" lon="-69.809467">
      <ele>4707</ele>
    </trkpt>
    <trkpt lat="-30.208872" lon="-69.80922">
      <ele>4709</ele>
    </trkpt>
    <trkpt lat="-30.209104" lon="-69.808947">
      <ele>4706</ele>
    </trkpt>
    <trkpt lat="-30.209366" lon="-69.808579">
      <ele>4703</ele>
    </trkpt>
    <trkpt lat="-30.209644" lon="-69.808201">
      <ele>4706</ele>
    </trkpt>
    <trkpt lat="-30.209758" lon="-69.808019">
      <ele>4705</ele>
    </trkpt>
    <trkpt lat="-30.209957" lon="-69.807595">
      <ele>4700</ele>
    </trkpt>
    <trkpt lat="-30.210077" lon="-69.807391">
      <ele>4701</ele>
    </trkpt>
    <trkpt lat="-30.210562" lon="-69.806779">
      <ele>4704</ele>
    </trkpt>
    <trkpt lat="-30.210828" lon="-69.806348">
      <ele>4704</ele>
    </trkpt>
    <trkpt lat="-30.211114" lon="-69.805806">
      <ele>4697</ele>
    </trkpt>
    <trkpt lat="-30.211348" lon="-69.805476">
      <ele>4696</ele>
    </trkpt>
    <trkpt lat="-30.21195" lon="-69.804711">
      <ele>4688</ele>
    </trkpt>
    <trkpt lat="-30.212011" lon="-69.804647">
      <ele>4686</ele>
    </trkpt>
    <trkpt lat="-30.212036" lon="-69.804604">
      <ele>4685</ele>
    </trkpt>
    <trkpt lat="-30.212041" lon="-69.804553">
      <ele>4684</ele>
    </trkpt>
    <trkpt lat="-30.212022" lon="-69.804518">
      <ele>4683</ele>
    </trkpt>
    <trkpt lat="-30.211997" lon="-69.804513">
      <ele>4683</ele>
    </trkpt>
    <trkpt lat="-30.211962" lon="-69.804524">
      <ele>4684</ele>
    </trkpt>
    <trkpt lat="-30.211415" lon="-69.804977">
      <ele>4683</ele>
    </trkpt>
    <trkpt lat="-30.210845" lon="-69.805503">
      <ele>4679</ele>
    </trkpt>
    <trkpt lat="-30.210372" lon="-69.80598">
      <ele>4666</ele>
    </trkpt>
    <trkpt lat="-30.21001" lon="-69.806374">
      <ele>4660</ele>
    </trkpt>
    <trkpt lat="-30.209656" lon="-69.806798">
      <ele>4661</ele>
    </trkpt>
    <trkpt lat="-30.209482" lon="-69.807007">
      <ele>4660</ele>
    </trkpt>
    <trkpt lat="-30.209319" lon="-69.807225">
      <ele>4657</ele>
    </trkpt>
    <trkpt lat="-30.209129" lon="-69.807479">
      <ele>4653</ele>
    </trkpt>
    <trkpt lat="-30.20893" lon="-69.80771">
      <ele>4651</ele>
    </trkpt>
    <trkpt lat="-30.208327" lon="-69.808319">
      <ele>4646</ele>
    </trkpt>
    <trkpt lat="-30.207996" lon="-69.808582">
      <ele>4642</ele>
    </trkpt>
    <trkpt lat="-30.207586" lon="-69.808858">
      <ele>4636</ele>
    </trkpt>
    <trkpt lat="-30.207386" lon="-69.808963">
      <ele>4634</ele>
    </trkpt>
    <trkpt lat="-30.20734" lon="-69.808952">
      <ele>4632</ele>
    </trkpt>
    <trkpt lat="-30.207319" lon="-69.80892">
      <ele>4630</ele>
    </trkpt>
    <trkpt lat="-30.207319" lon="-69.80888">
      <ele>4629</ele>
    </trkpt>
    <trkpt lat="-30.207375" lon="-69.808813">
      <ele>4628</ele>
    </trkpt>
    <trkpt lat="-30.207511" lon="-69.808713">
      <ele>4628</ele>
    </trkpt>
    <trkpt lat="-30.207632" lon="-69.808644">
      <ele>4630</ele>
    </trkpt>
    <trkpt lat="-30.207787" lon="-69.808507">
      <ele>4630</ele>
    </trkpt>
    <trkpt lat="-30.208075" lon="-69.808196">
      <ele>4630</ele>
    </trkpt>
    <trkpt lat="-30.2083" lon="-69.807906">
      <ele>4630</ele>
    </trkpt>
    <trkpt lat="-30.208626" lon="-69.807474">
      <ele>4633</ele>
    </trkpt>
    <trkpt lat="-30.208805" lon="-69.807179">
      <ele>4630</ele>
    </trkpt>
    <trkpt lat="-30.208972" lon="-69.806828">
      <ele>4624</ele>
    </trkpt>
    <trkpt lat="-30.209217" lon="-69.806246">
      <ele>4616</ele>
    </trkpt>
    <trkpt lat="-30.209408" lon="-69.805774">
      <ele>4610</ele>
    </trkpt>
    <trkpt lat="-30.209528" lon="-69.805473">
      <ele>4605</ele>
    </trkpt>
    <trkpt lat="-30.209681" lon="-69.805095">
      <ele>4604</ele>
    </trkpt>
    <trkpt lat="-30.209811" lon="-69.804778">
      <ele>4607</ele>
    </trkpt>
    <trkpt lat="-30.210105" lon="-69.804132">
      <ele>4602</ele>
    </trkpt>
    <trkpt lat="-30.210247" lon="-69.80388">
      <ele>4601</ele>
    </trkpt>
    <trkpt lat="-30.210312" lon="-69.803743">
      <ele>4600</ele>
    </trkpt>
    <trkpt lat="-30.210312" lon="-69.803676">
      <ele>4598</ele>
    </trkpt>
    <trkpt lat="-30.210288" lon="-69.803649">
      <ele>4597</ele>
    </trkpt>
    <trkpt lat="-30.210256" lon="-69.80363">
      <ele>4596</ele>
    </trkpt>
    <trkpt lat="-30.21021" lon="-69.803652">
      <ele>4594</ele>
    </trkpt>
    <trkpt lat="-30.210117" lon="-69.803797">
      <ele>4594</ele>
    </trkpt>
    <trkpt lat="-30.20992" lon="-69.804019">
      <ele>4593</ele>
    </trkpt>
    <trkpt lat="-30.209783" lon="-69.804186">
      <ele>4593</ele>
    </trkpt>
    <trkpt lat="-30.209614" lon="-69.804465">
      <ele>4594</ele>
    </trkpt>
    <trkpt lat="-30.209549" lon="-69.804572">
      <ele>4593</ele>
    </trkpt>
    <trkpt lat="-30.209505" lon="-69.804644">
      <ele>4593</ele>
    </trkpt>
    <trkpt lat="-30.209442" lon="-69.80476">
      <ele>4592</ele>
    </trkpt>
    <trkpt lat="-30.209331" lon="-69.804964">
      <ele>4586</ele>
    </trkpt>
    <trkpt lat="-30.209255" lon="-69.805103">
      <ele>4584</ele>
    </trkpt>
    <trkpt lat="-30.209197" lon="-69.80521">
      <ele>4584</ele>
    </trkpt>
    <trkpt lat="-30.209143" lon="-69.80531">
      <ele>4584</ele>
    </trkpt>
    <trkpt lat="-30.208932" lon="-69.805704">
      <ele>4582</ele>
    </trkpt>
    <trkpt lat="-30.20884" lon="-69.805875">
      <ele>4583</ele>
    </trkpt>
    <trkpt lat="-30.208819" lon="-69.80591">
      <ele>4583</ele>
    </trkpt>
    <trkpt lat="-30.208624" lon="-69.806243">
      <ele>4584</ele>
    </trkpt>
    <trkpt lat="-30.208374" lon="-69.806592">
      <ele>4579</ele>
    </trkpt>
    <trkpt lat="-30.208235" lon="-69.806763">
      <ele>4580</ele>
    </trkpt>
    <trkpt lat="-30.208116" lon="-69.806911">
      <ele>4582</ele>
    </trkpt>
    <trkpt lat="-30.207947" lon="-69.807082">
      <ele>4582</ele>
    </trkpt>
    <trkpt lat="-30.207794" lon="-69.80719">
      <ele>4580</ele>
    </trkpt>
    <trkpt lat="-30.207493" lon="-69.80731">
      <ele>4575</ele>
    </trkpt>
    <trkpt lat="-30.207252" lon="-69.807431">
      <ele>4573</ele>
    </trkpt>
    <trkpt lat="-30.207152" lon="-69.807453">
      <ele>4572</ele>
    </trkpt>
    <trkpt lat="-30.206923" lon="-69.807471">
      <ele>4571</ele>
    </trkpt>
    <trkpt lat="-30.206756" lon="-69.807522">
      <ele>4573</ele>
    </trkpt>
    <trkpt lat="-30.2066" lon="-69.807589">
      <ele>4576</ele>
    </trkpt>
    <trkpt lat="-30.206508" lon="-69.8076">
      <ele>4576</ele>
    </trkpt>
    <trkpt lat="-30.20638" lon="-69.807595">
      <ele>4575</ele>
    </trkpt>
    <trkpt lat="-30.206193" lon="-69.807555">
      <ele>4573</ele>
    </trkpt>
    <trkpt lat="-30.205928" lon="-69.807544">
      <ele>4571</ele>
    </trkpt>
    <trkpt lat="-30.205673" lon="-69.807563">
      <ele>4572</ele>
    </trkpt>
    <trkpt lat="-30.205189" lon="-69.807638">
      <ele>4574</ele>
    </trkpt>
    <trkpt lat="-30.205047" lon="-69.80764">
      <ele>4571</ele>
    </trkpt>
    <trkpt lat="-30.204969" lon="-69.8076">
      <ele>4569</ele>
    </trkpt>
    <trkpt lat="-30.204857" lon="-69.807442">
      <ele>4564</ele>
    </trkpt>
    <trkpt lat="-30.20479" lon="-69.807316">
      <ele>4561</ele>
    </trkpt>
    <trkpt lat="-30.204758" lon="-69.80716">
      <ele>4558</ele>
    </trkpt>
    <trkpt lat="-30.204758" lon="-69.806999">
      <ele>4555</ele>
    </trkpt>
    <trkpt lat="-30.204918" lon="-69.806243">
      <ele>4543</ele>
    </trkpt>
    <trkpt lat="-30.204945" lon="-69.806189">
      <ele>4542</ele>
    </trkpt>
    <trkpt lat="-30.204992" lon="-69.806152">
      <ele>4541</ele>
    </trkpt>
    <trkpt lat="-30.205054" lon="-69.806141">
      <ele>4539</ele>
    </trkpt>
    <trkpt lat="-30.205101" lon="-69.806162">
      <ele>4538</ele>
    </trkpt>
    <trkpt lat="-30.205365" lon="-69.806385">
      <ele>4535</ele>
    </trkpt>
    <trkpt lat="-30.205439" lon="-69.80642">
      <ele>4535</ele>
    </trkpt>
    <trkpt lat="-30.205534" lon="-69.806436">
      <ele>4533</ele>
    </trkpt>
    <trkpt lat="-30.20625" lon="-69.806302">
      <ele>4531</ele>
    </trkpt>
    <trkpt lat="-30.206387" lon="-69.806205">
      <ele>4529</ele>
    </trkpt>
    <trkpt lat="-30.206422" lon="-69.806168">
      <ele>4528</ele>
    </trkpt>
    <trkpt lat="-30.206422" lon="-69.806109">
      <ele>4526</ele>
    </trkpt>
    <trkpt lat="-30.20638" lon="-69.806061">
      <ele>4524</ele>
    </trkpt>
    <trkpt lat="-30.20626" lon="-69.806002">
      <ele>4522</ele>
    </trkpt>
    <trkpt lat="-30.206116" lon="-69.805913">
      <ele>4520</ele>
    </trkpt>
    <trkpt lat="-30.205836" lon="-69.805696">
      <ele>4516</ele>
    </trkpt>
    <trkpt lat="-30.20578" lon="-69.805639">
      <ele>4516</ele>
    </trkpt>
    <trkpt lat="-30.205745" lon="-69.805516">
      <ele>4515</ele>
    </trkpt>
    <trkpt lat="-30.205652" lon="-69.805312">
      <ele>4513</ele>
    </trkpt>
    <trkpt lat="-30.205548" lon="-69.805124">
      <ele>4512</ele>
    </trkpt>
    <trkpt lat="-30.205462" lon="-69.805039">
      <ele>4512</ele>
    </trkpt>
    <trkpt lat="-30.205365" lon="-69.80499">
      <ele>4511</ele>
    </trkpt>
    <trkpt lat="-30.205244" lon="-69.804977">
      <ele>4511</ele>
    </trkpt>
    <trkpt lat="-30.205071" lon="-69.805004">
      <ele>4511</ele>
    </trkpt>
    <trkpt lat="-30.204948" lon="-69.80506">
      <ele>4512</ele>
    </trkpt>
    <trkpt lat="-30.204885" lon="-69.805114">
      <ele>4513</ele>
    </trkpt>
    <trkpt lat="-30.204855" lon="-69.805149">
      <ele>4514</ele>
    </trkpt>
    <trkpt lat="-30.204459" lon="-69.805674">
      <ele>4518</ele>
    </trkpt>
    <trkpt lat="-30.204296" lon="-69.805843">
      <ele>4519</ele>
    </trkpt>
    <trkpt lat="-30.204227" lon="-69.805889">
      <ele>4519</ele>
    </trkpt>
    <trkpt lat="-30.204153" lon="-69.805924">
      <ele>4517</ele>
    </trkpt>
    <trkpt lat="-30.204081" lon="-69.805932">
      <ele>4516</ele>
    </trkpt>
    <trkpt lat="-30.204014" lon="-69.805929">
      <ele>4513</ele>
    </trkpt>
    <trkpt lat="-30.203923" lon="-69.8059">
      <ele>4510</ele>
    </trkpt>
    <trkpt lat="-30.203879" lon="-69.805867">
      <ele>4508</ele>
    </trkpt>
    <trkpt lat="-30.203828" lon="-69.805819">
      <ele>4508</ele>
    </trkpt>
    <trkpt lat="-30.203786" lon="-69.80576">
      <ele>4507</ele>
    </trkpt>
    <trkpt lat="-30.203772" lon="-69.805707">
      <ele>4507</ele>
    </trkpt>
    <trkpt lat="-30.20377" lon="-69.805615">
      <ele>4505</ele>
    </trkpt>
    <trkpt lat="-30.203772" lon="-69.805425">
      <ele>4501</ele>
    </trkpt>
    <trkpt lat="-30.203766" lon="-69.805299">
      <ele>4497</ele>
    </trkpt>
    <trkpt lat="-30.203735" lon="-69.805229">
      <ele>4497</ele>
    </trkpt>
    <trkpt lat="-30.203689" lon="-69.805159">
      <ele>4497</ele>
    </trkpt>
    <trkpt lat="-30.203601" lon="-69.805068">
      <ele>4499</ele>
    </trkpt>
    <trkpt lat="-30.203455" lon="-69.804953">
      <ele>4502</ele>
    </trkpt>
    <trkpt lat="-30.203253" lon="-69.804862">
      <ele>4503</ele>
    </trkpt>
    <trkpt lat="-30.202973" lon="-69.804821">
      <ele>4502</ele>
    </trkpt>
    <trkpt lat="-30.202771" lon="-69.804808">
      <ele>4502</ele>
    </trkpt>
    <trkpt lat="-30.202581" lon="-69.804819">
      <ele>4499</ele>
    </trkpt>
    <trkpt lat="-30.202433" lon="-69.804872">
      <ele>4498</ele>
    </trkpt>
    <trkpt lat="-30.202328" lon="-69.804929">
      <ele>4498</ele>
    </trkpt>
    <trkpt lat="-30.202226" lon="-69.805025">
      <ele>4499</ele>
    </trkpt>
    <trkpt lat="-30.201573" lon="-69.805994">
      <ele>4497</ele>
    </trkpt>
    <trkpt lat="-30.201475" lon="-69.806103">
      <ele>4495</ele>
    </trkpt>
    <trkpt lat="-30.20138" lon="-69.806192">
      <ele>4492</ele>
    </trkpt>
    <trkpt lat="-30.201253" lon="-69.806267">
      <ele>4492</ele>
    </trkpt>
    <trkpt lat="-30.201125" lon="-69.806289">
      <ele>4490</ele>
    </trkpt>
    <trkpt lat="-30.20097" lon="-69.806259">
      <ele>4490</ele>
    </trkpt>
    <trkpt lat="-30.200817" lon="-69.806184">
      <ele>4489</ele>
    </trkpt>
    <trkpt lat="-30.200682" lon="-69.806149">
      <ele>4489</ele>
    </trkpt>
    <trkpt lat="-30.20052" lon="-69.806157">
      <ele>4490</ele>
    </trkpt>
    <trkpt lat="-30.200404" lon="-69.806179">
      <ele>4491</ele>
    </trkpt>
    <trkpt lat="-30.200233" lon="-69.806224">
      <ele>4492</ele>
    </trkpt>
    <trkpt lat="-30.199906" lon="-69.806361">
      <ele>4495</ele>
    </trkpt>
    <trkpt lat="-30.199836" lon="-69.806372">
      <ele>4496</ele>
    </trkpt>
    <trkpt lat="-30.199783" lon="-69.806366">
      <ele>4496</ele>
    </trkpt>
    <trkpt lat="-30.199732" lon="-69.806331">
      <ele>4495</ele>
    </trkpt>
    <trkpt lat="-30.199667" lon="-69.806256">
      <ele>4495</ele>
    </trkpt>
    <trkpt lat="-30.199616" lon="-69.806168">
      <ele>4494</ele>
    </trkpt>
    <trkpt lat="-30.199584" lon="-69.806063">
      <ele>4492</ele>
    </trkpt>
    <trkpt lat="-30.199535" lon="-69.805666">
      <ele>4487</ele>
    </trkpt>
    <trkpt lat="-30.199512" lon="-69.805529">
      <ele>4487</ele>
    </trkpt>
    <trkpt lat="-30.199394" lon="-69.80517">
      <ele>4483</ele>
    </trkpt>
    <trkpt lat="-30.199282" lon="-69.804926">
      <ele>4478</ele>
    </trkpt>
    <trkpt lat="-30.199127" lon="-69.804674">
      <ele>4472</ele>
    </trkpt>
    <trkpt lat="-30.199037" lon="-69.804569">
      <ele>4469</ele>
    </trkpt>
    <trkpt lat="-30.198895" lon="-69.804473">
      <ele>4464</ele>
    </trkpt>
    <trkpt lat="-30.198677" lon="-69.804419">
      <ele>4458</ele>
    </trkpt>
    <trkpt lat="-30.198501" lon="-69.804384">
      <ele>4457</ele>
    </trkpt>
    <trkpt lat="-30.198079" lon="-69.804309">
      <ele>4467</ele>
    </trkpt>
    <trkpt lat="-30.19778" lon="-69.804274">
      <ele>4476</ele>
    </trkpt>
    <trkpt lat="-30.197653" lon="-69.804266">
      <ele>4478</ele>
    </trkpt>
    <trkpt lat="-30.197486" lon="-69.804226">
      <ele>4478</ele>
    </trkpt>
    <trkpt lat="-30.19733" lon="-69.804164">
      <ele>4478</ele>
    </trkpt>
    <trkpt lat="-30.197194" lon="-69.804078">
      <ele>4475</ele>
    </trkpt>
    <trkpt lat="-30.197015" lon="-69.803917">
      <ele>4471</ele>
    </trkpt>
    <trkpt lat="-30.196693" lon="-69.803668">
      <ele>4469</ele>
    </trkpt>
    <trkpt lat="-30.196452" lon="-69.803523">
      <ele>4471</ele>
    </trkpt>
    <trkpt lat="-30.196264" lon="-69.803408">
      <ele>4473</ele>
    </trkpt>
    <trkpt lat="-30.196027" lon="-69.803287">
      <ele>4477</ele>
    </trkpt>
    <trkpt lat="-30.195863" lon="-69.803236">
      <ele>4482</ele>
    </trkpt>
    <trkpt lat="-30.195705" lon="-69.803191">
      <ele>4485</ele>
    </trkpt>
    <trkpt lat="-30.195506" lon="-69.803142">
      <ele>4487</ele>
    </trkpt>
    <trkpt lat="-30.195318" lon="-69.803081">
      <ele>4484</ele>
    </trkpt>
    <trkpt lat="-30.195184" lon="-69.803003">
      <ele>4477</ele>
    </trkpt>
    <trkpt lat="-30.195007" lon="-69.802906">
      <ele>4469</ele>
    </trkpt>
    <trkpt lat="-30.194671" lon="-69.802737">
      <ele>4463</ele>
    </trkpt>
    <trkpt lat="-30.194245" lon="-69.802641">
      <ele>4461</ele>
    </trkpt>
    <trkpt lat="-30.194099" lon="-69.802638">
      <ele>4462</ele>
    </trkpt>
    <trkpt lat="-30.193932" lon="-69.802676">
      <ele>4464</ele>
    </trkpt>
    <trkpt lat="-30.193531" lon="-69.802826">
      <ele>4465</ele>
    </trkpt>
    <trkpt lat="-30.193338" lon="-69.802874">
      <ele>4466</ele>
    </trkpt>
    <trkpt lat="-30.193104" lon="-69.80292">
      <ele>4468</ele>
    </trkpt>
    <trkpt lat="-30.192434" lon="-69.802949">
      <ele>4470</ele>
    </trkpt>
    <trkpt lat="-30.1923" lon="-69.80293">
      <ele>4469</ele>
    </trkpt>
    <trkpt lat="-30.19217" lon="-69.802893">
      <ele>4467</ele>
    </trkpt>
    <trkpt lat="-30.192063" lon="-69.802829">
      <ele>4464</ele>
    </trkpt>
    <trkpt lat="-30.191933" lon="-69.802716">
      <ele>4461</ele>
    </trkpt>
    <trkpt lat="-30.191683" lon="-69.802421">
      <ele>4462</ele>
    </trkpt>
    <trkpt lat="-30.191528" lon="-69.802284">
      <ele>4458</ele>
    </trkpt>
    <trkpt lat="-30.19127" lon="-69.802096">
      <ele>4451</ele>
    </trkpt>
    <trkpt lat="-30.190997" lon="-69.801914">
      <ele>4450</ele>
    </trkpt>
    <trkpt lat="-30.190895" lon="-69.801815">
      <ele>4450</ele>
    </trkpt>
    <trkpt lat="-30.190765" lon="-69.801651">
      <ele>4449</ele>
    </trkpt>
    <trkpt lat="-30.190681" lon="-69.80149">
      <ele>4449</ele>
    </trkpt>
    <trkpt lat="-30.190663" lon="-69.801292">
      <ele>4448</ele>
    </trkpt>
    <trkpt lat="-30.190688" lon="-69.801133">
      <ele>4448</ele>
    </trkpt>
    <trkpt lat="-30.190751" lon="-69.801013">
      <ele>4446</ele>
    </trkpt>
    <trkpt lat="-30.190818" lon="-69.800946">
      <ele>4444</ele>
    </trkpt>
    <trkpt lat="-30.190906" lon="-69.800908">
      <ele>4444</ele>
    </trkpt>
    <trkpt lat="-30.191018" lon="-69.8009">
      <ele>4443</ele>
    </trkpt>
    <trkpt lat="-30.191092" lon="-69.800927">
      <ele>4443</ele>
    </trkpt>
    <trkpt lat="-30.191143" lon="-69.800959">
      <ele>4443</ele>
    </trkpt>
    <trkpt lat="-30.19128" lon="-69.801098">
      <ele>4445</ele>
    </trkpt>
    <trkpt lat="-30.191463" lon="-69.801316">
      <ele>4447</ele>
    </trkpt>
    <trkpt lat="-30.191528" lon="-69.801394">
      <ele>4446</ele>
    </trkpt>
    <trkpt lat="-30.191586" lon="-69.801453">
      <ele>4445</ele>
    </trkpt>
    <trkpt lat="-30.191676" lon="-69.80153">
      <ele>4444</ele>
    </trkpt>
    <trkpt lat="-30.192103" lon="-69.801785">
      <ele>4439</ele>
    </trkpt>
    <trkpt lat="-30.192288" lon="-69.801895">
      <ele>4437</ele>
    </trkpt>
    <trkpt lat="-30.192594" lon="-69.80212">
      <ele>4435</ele>
    </trkpt>
    <trkpt lat="-30.192678" lon="-69.802163">
      <ele>4436</ele>
    </trkpt>
    <trkpt lat="-30.192763" lon="-69.802193">
      <ele>4437</ele>
    </trkpt>
    <trkpt lat="-30.192849" lon="-69.802204">
      <ele>4437</ele>
    </trkpt>
    <trkpt lat="-30.194215" lon="-69.802163">
      <ele>4443</ele>
    </trkpt>
    <trkpt lat="-30.194426" lon="-69.802136">
      <ele>4439</ele>
    </trkpt>
    <trkpt lat="-30.194546" lon="-69.802112">
      <ele>4436</ele>
    </trkpt>
    <trkpt lat="-30.194634" lon="-69.802067">
      <ele>4433</ele>
    </trkpt>
    <trkpt lat="-30.194725" lon="-69.801994">
      <ele>4428</ele>
    </trkpt>
    <trkpt lat="-30.194885" lon="-69.801844">
      <ele>4425</ele>
    </trkpt>
    <trkpt lat="-30.194989" lon="-69.801777">
      <ele>4423</ele>
    </trkpt>
    <trkpt lat="-30.195107" lon="-69.801737">
      <ele>4423</ele>
    </trkpt>
    <trkpt lat="-30.195223" lon="-69.801745">
      <ele>4424</ele>
    </trkpt>
    <trkpt lat="-30.19532" lon="-69.801788">
      <ele>4425</ele>
    </trkpt>
    <trkpt lat="-30.195418" lon="-69.801841">
      <ele>4427</ele>
    </trkpt>
    <trkpt lat="-30.195534" lon="-69.801919">
      <ele>4429</ele>
    </trkpt>
    <trkpt lat="-30.19583" lon="-69.802161">
      <ele>4438</ele>
    </trkpt>
    <trkpt lat="-30.195995" lon="-69.802268">
      <ele>4436</ele>
    </trkpt>
    <trkpt lat="-30.196116" lon="-69.802335">
      <ele>4434</ele>
    </trkpt>
    <trkpt lat="-30.196245" lon="-69.802381">
      <ele>4434</ele>
    </trkpt>
    <trkpt lat="-30.196612" lon="-69.802442">
      <ele>4430</ele>
    </trkpt>
    <trkpt lat="-30.196874" lon="-69.802482">
      <ele>4425</ele>
    </trkpt>
    <trkpt lat="-30.197006" lon="-69.802496">
      <ele>4423</ele>
    </trkpt>
    <trkpt lat="-30.197138" lon="-69.80248">
      <ele>4422</ele>
    </trkpt>
    <trkpt lat="-30.197569" lon="-69.802399">
      <ele>4415</ele>
    </trkpt>
    <trkpt lat="-30.197699" lon="-69.802405">
      <ele>4414</ele>
    </trkpt>
    <trkpt lat="-30.198151" lon="-69.802493">
      <ele>4414</ele>
    </trkpt>
    <trkpt lat="-30.199127" lon="-69.802748">
      <ele>4414</ele>
    </trkpt>
    <trkpt lat="-30.199414" lon="-69.802783">
      <ele>4413</ele>
    </trkpt>
    <trkpt lat="-30.19963" lon="-69.802794">
      <ele>4411</ele>
    </trkpt>
    <trkpt lat="-30.199815" lon="-69.802786">
      <ele>4410</ele>
    </trkpt>
    <trkpt lat="-30.200026" lon="-69.80274">
      <ele>4408</ele>
    </trkpt>
    <trkpt lat="-30.200214" lon="-69.802684">
      <ele>4406</ele>
    </trkpt>
    <trkpt lat="-30.200777" lon="-69.802649">
      <ele>4402</ele>
    </trkpt>
    <trkpt lat="-30.201118" lon="-69.802641">
      <ele>4400</ele>
    </trkpt>
    <trkpt lat="-30.201348" lon="-69.802638">
      <ele>4403</ele>
    </trkpt>
    <trkpt lat="-30.201496" lon="-69.80263">
      <ele>4404</ele>
    </trkpt>
    <trkpt lat="-30.20161" lon="-69.802635">
      <ele>4405</ele>
    </trkpt>
    <trkpt lat="-30.201733" lon="-69.802606">
      <ele>4404</ele>
    </trkpt>
    <trkpt lat="-30.202164" lon="-69.802421">
      <ele>4397</ele>
    </trkpt>
    <trkpt lat="-30.202449" lon="-69.802295">
      <ele>4393</ele>
    </trkpt>
    <trkpt lat="-30.20256" lon="-69.802273">
      <ele>4393</ele>
    </trkpt>
    <trkpt lat="-30.202739" lon="-69.802265">
      <ele>4394</ele>
    </trkpt>
    <trkpt lat="-30.203207" lon="-69.802166">
      <ele>4398</ele>
    </trkpt>
    <trkpt lat="-30.20346" lon="-69.802104">
      <ele>4400</ele>
    </trkpt>
    <trkpt lat="-30.203949" lon="-69.801895">
      <ele>4395</ele>
    </trkpt>
    <trkpt lat="-30.204155" lon="-69.801756">
      <ele>4393</ele>
    </trkpt>
    <trkpt lat="-30.204299" lon="-69.801589">
      <ele>4391</ele>
    </trkpt>
    <trkpt lat="-30.204459" lon="-69.801471">
      <ele>4390</ele>
    </trkpt>
    <trkpt lat="-30.204651" lon="-69.801402">
      <ele>4390</ele>
    </trkpt>
    <trkpt lat="-30.204897" lon="-69.801351">
      <ele>4390</ele>
    </trkpt>
    <trkpt lat="-30.205096" lon="-69.801345">
      <ele>4390</ele>
    </trkpt>
    <trkpt lat="-30.205277" lon="-69.801324">
      <ele>4391</ele>
    </trkpt>
    <trkpt lat="-30.205435" lon="-69.801254">
      <ele>4390</ele>
    </trkpt>
    <trkpt lat="-30.205817" lon="-69.800921">
      <ele>4385</ele>
    </trkpt>
    <trkpt lat="-30.205954" lon="-69.800838">
      <ele>4383</ele>
    </trkpt>
    <trkpt lat="-30.206186" lon="-69.800747">
      <ele>4382</ele>
    </trkpt>
    <trkpt lat="-30.206355" lon="-69.800661">
      <ele>4382</ele>
    </trkpt>
    <trkpt lat="-30.206663" lon="-69.800455">
      <ele>4382</ele>
    </trkpt>
    <trkpt lat="-30.207148" lon="-69.800074">
      <ele>4381</ele>
    </trkpt>
    <trkpt lat="-30.207472" lon="-69.799792">
      <ele>4378</ele>
    </trkpt>
    <trkpt lat="-30.207766" lon="-69.799524">
      <ele>4375</ele>
    </trkpt>
    <trkpt lat="-30.209048" lon="-69.798156">
      <ele>4370</ele>
    </trkpt>
    <trkpt lat="-30.209204" lon="-69.797992">
      <ele>4369</ele>
    </trkpt>
    <trkpt lat="-30.209637" lon="-69.797561">
      <ele>4362</ele>
    </trkpt>
    <trkpt lat="-30.209781" lon="-69.797467">
      <ele>4361</ele>
    </trkpt>
    <trkpt lat="-30.209978" lon="-69.797381">
      <ele>4364</ele>
    </trkpt>
    <trkpt lat="-30.210458" lon="-69.797292">
      <ele>4368</ele>
    </trkpt>
    <trkpt lat="-30.210703" lon="-69.797191">
      <ele>4364</ele>
    </trkpt>
    <trkpt lat="-30.210947" lon="-69.797067">
      <ele>4363</ele>
    </trkpt>
    <trkpt lat="-30.211234" lon="-69.796882">
      <ele>4368</ele>
    </trkpt>
    <trkpt lat="-30.211559" lon="-69.796651">
      <ele>4366</ele>
    </trkpt>
    <trkpt lat="-30.211967" lon="-69.796308">
      <ele>4359</ele>
    </trkpt>
    <trkpt lat="-30.212212" lon="-69.796083">
      <ele>4362</ele>
    </trkpt>
    <trkpt lat="-30.212453" lon="-69.795857">
      <ele>4358</ele>
    </trkpt>
    <trkpt lat="-30.212629" lon="-69.795694">
      <ele>4356</ele>
    </trkpt>
    <trkpt lat="-30.212757" lon="-69.795589">
      <ele>4353</ele>
    </trkpt>
    <trkpt lat="-30.21316" lon="-69.79538">
      <ele>4348</ele>
    </trkpt>
    <trkpt lat="-30.21338" lon="-69.795241">
      <ele>4344</ele>
    </trkpt>
    <trkpt lat="-30.213501" lon="-69.795179">
      <ele>4342</ele>
    </trkpt>
    <trkpt lat="-30.214016" lon="-69.795023">
      <ele>4343</ele>
    </trkpt>
    <trkpt lat="-30.214257" lon="-69.794967">
      <ele>4344</ele>
    </trkpt>
    <trkpt lat="-30.214792" lon="-69.794889">
      <ele>4341</ele>
    </trkpt>
    <trkpt lat="-30.215191" lon="-69.7949">
      <ele>4344</ele>
    </trkpt>
    <trkpt lat="-30.215527" lon="-69.794884">
      <ele>4350</ele>
    </trkpt>
    <trkpt lat="-30.21581" lon="-69.794846">
      <ele>4346</ele>
    </trkpt>
    <trkpt lat="-30.216236" lon="-69.794731">
      <ele>4339</ele>
    </trkpt>
    <trkpt lat="-30.216519" lon="-69.794634">
      <ele>4339</ele>
    </trkpt>
    <trkpt lat="-30.216734" lon="-69.794511">
      <ele>4337</ele>
    </trkpt>
    <trkpt lat="-30.217193" lon="-69.794221">
      <ele>4333</ele>
    </trkpt>
    <trkpt lat="-30.217344" lon="-69.794165">
      <ele>4331</ele>
    </trkpt>
    <trkpt lat="-30.217534" lon="-69.794146">
      <ele>4328</ele>
    </trkpt>
    <trkpt lat="-30.217743" lon="-69.794165">
      <ele>4325</ele>
    </trkpt>
    <trkpt lat="-30.218028" lon="-69.794203">
      <ele>4323</ele>
    </trkpt>
    <trkpt lat="-30.218361" lon="-69.794213">
      <ele>4325</ele>
    </trkpt>
    <trkpt lat="-30.21866" lon="-69.794186">
      <ele>4327</ele>
    </trkpt>
    <trkpt lat="-30.218964" lon="-69.794146">
      <ele>4329</ele>
    </trkpt>
    <trkpt lat="-30.219282" lon="-69.794055">
      <ele>4326</ele>
    </trkpt>
    <trkpt lat="-30.21952" lon="-69.793948">
      <ele>4323</ele>
    </trkpt>
    <trkpt lat="-30.21974" lon="-69.793747">
      <ele>4319</ele>
    </trkpt>
    <trkpt lat="-30.219896" lon="-69.793607">
      <ele>4316</ele>
    </trkpt>
    <trkpt lat="-30.220025" lon="-69.793524">
      <ele>4314</ele>
    </trkpt>
    <trkpt lat="-30.220185" lon="-69.793462">
      <ele>4312</ele>
    </trkpt>
    <trkpt lat="-30.220382" lon="-69.793414">
      <ele>4311</ele>
    </trkpt>
    <trkpt lat="-30.220568" lon="-69.793398">
      <ele>4312</ele>
    </trkpt>
    <trkpt lat="-30.220763" lon="-69.793382">
      <ele>4316</ele>
    </trkpt>
    <trkpt lat="-30.220964" lon="-69.793342">
      <ele>4317</ele>
    </trkpt>
    <trkpt lat="-30.221221" lon="-69.793264">
      <ele>4315</ele>
    </trkpt>
    <trkpt lat="-30.221439" lon="-69.793199">
      <ele>4311</ele>
    </trkpt>
    <trkpt lat="-30.221625" lon="-69.793173">
      <ele>4306</ele>
    </trkpt>
    <trkpt lat="-30.222225" lon="-69.793065">
      <ele>4284</ele>
    </trkpt>
    <trkpt lat="-30.222554" lon="-69.792993">
      <ele>4282</ele>
    </trkpt>
    <trkpt lat="-30.222851" lon="-69.792902">
      <ele>4280</ele>
    </trkpt>
    <trkpt lat="-30.223189" lon="-69.792808">
      <ele>4286</ele>
    </trkpt>
    <trkpt lat="-30.223305" lon="-69.792797">
      <ele>4291</ele>
    </trkpt>
    <trkpt lat="-30.223481" lon="-69.792794">
      <ele>4298</ele>
    </trkpt>
    <trkpt lat="-30.223646" lon="-69.792768">
      <ele>4303</ele>
    </trkpt>
    <trkpt lat="-30.224239" lon="-69.79255">
      <ele>4299</ele>
    </trkpt>
    <trkpt lat="-30.2247" lon="-69.7924">
      <ele>4290</ele>
    </trkpt>
    <trkpt lat="-30.2253" lon="-69.792215">
      <ele>4294</ele>
    </trkpt>
    <trkpt lat="-30.225975" lon="-69.791955">
      <ele>4287</ele>
    </trkpt>
    <trkpt lat="-30.2261" lon="-69.791882">
      <ele>4286</ele>
    </trkpt>
    <trkpt lat="-30.226232" lon="-69.791797">
      <ele>4286</ele>
    </trkpt>
    <trkpt lat="-30.226438" lon="-69.791695">
      <ele>4286</ele>
    </trkpt>
    <trkpt lat="-30.226577" lon="-69.791638">
      <ele>4286</ele>
    </trkpt>
    <trkpt lat="-30.226756" lon="-69.791617">
      <ele>4285</ele>
    </trkpt>
    <trkpt lat="-30.226974" lon="-69.791609">
      <ele>4281</ele>
    </trkpt>
    <trkpt lat="-30.227574" lon="-69.79155">
      <ele>4284</ele>
    </trkpt>
    <trkpt lat="-30.227854" lon="-69.79151">
      <ele>4284</ele>
    </trkpt>
    <trkpt lat="-30.228114" lon="-69.79144">
      <ele>4283</ele>
    </trkpt>
    <trkpt lat="-30.228672" lon="-69.791206">
      <ele>4283</ele>
    </trkpt>
    <trkpt lat="-30.229122" lon="-69.790909">
      <ele>4278</ele>
    </trkpt>
    <trkpt lat="-30.229284" lon="-69.790834">
      <ele>4275</ele>
    </trkpt>
    <trkpt lat="-30.229421" lon="-69.79078">
      <ele>4274</ele>
    </trkpt>
    <trkpt lat="-30.229597" lon="-69.790772">
      <ele>4275</ele>
    </trkpt>
    <trkpt lat="-30.229979" lon="-69.790737">
      <ele>4280</ele>
    </trkpt>
    <trkpt lat="-30.230193" lon="-69.790705">
      <ele>4282</ele>
    </trkpt>
    <trkpt lat="-30.23038" lon="-69.790654">
      <ele>4280</ele>
    </trkpt>
    <trkpt lat="-30.230554" lon="-69.790579">
      <ele>4277</ele>
    </trkpt>
    <trkpt lat="-30.230693" lon="-69.79049">
      <ele>4270</ele>
    </trkpt>
    <trkpt lat="-30.230862" lon="-69.790407">
      <ele>4264</ele>
    </trkpt>
    <trkpt lat="-30.231018" lon="-69.790359">
      <ele>4262</ele>
    </trkpt>
    <trkpt lat="-30.231229" lon="-69.790348">
      <ele>4264</ele>
    </trkpt>
    <trkpt lat="-30.23172" lon="-69.790278">
      <ele>4268</ele>
    </trkpt>
    <trkpt lat="-30.232223" lon="-69.790166">
      <ele>4272</ele>
    </trkpt>
    <trkpt lat="-30.233266" lon="-69.789863">
      <ele>4261</ele>
    </trkpt>
    <trkpt lat="-30.233592" lon="-69.789822">
      <ele>4256</ele>
    </trkpt>
    <trkpt lat="-30.233982" lon="-69.789798">
      <ele>4256</ele>
    </trkpt>
    <trkpt lat="-30.234074" lon="-69.789782">
      <ele>4256</ele>
    </trkpt>
    <trkpt lat="-30.234232" lon="-69.789723">
      <ele>4255</ele>
    </trkpt>
    <trkpt lat="-30.234396" lon="-69.78964">
      <ele>4257</ele>
    </trkpt>
    <trkpt lat="-30.234589" lon="-69.789533">
      <ele>4254</ele>
    </trkpt>
    <trkpt lat="-30.234744" lon="-69.789474">
      <ele>4252</ele>
    </trkpt>
    <trkpt lat="-30.234858" lon="-69.789452">
      <ele>4249</ele>
    </trkpt>
    <trkpt lat="-30.234999" lon="-69.78945">
      <ele>4246</ele>
    </trkpt>
    <trkpt lat="-30.235453" lon="-69.789538">
      <ele>4251</ele>
    </trkpt>
    <trkpt lat="-30.235597" lon="-69.789533">
      <ele>4252</ele>
    </trkpt>
    <trkpt lat="-30.235736" lon="-69.789514">
      <ele>4251</ele>
    </trkpt>
    <trkpt lat="-30.236002" lon="-69.789506">
      <ele>4250</ele>
    </trkpt>
    <trkpt lat="-30.236216" lon="-69.789503">
      <ele>4249</ele>
    </trkpt>
    <trkpt lat="-30.236403" lon="-69.789511">
      <ele>4248</ele>
    </trkpt>
    <trkpt lat="-30.236709" lon="-69.789501">
      <ele>4247</ele>
    </trkpt>
    <trkpt lat="-30.236994" lon="-69.789471">
      <ele>4249</ele>
    </trkpt>
    <trkpt lat="-30.237177" lon="-69.789415">
      <ele>4247</ele>
    </trkpt>
    <trkpt lat="-30.237499" lon="-69.789286">
      <ele>4242</ele>
    </trkpt>
    <trkpt lat="-30.237761" lon="-69.789222">
      <ele>4240</ele>
    </trkpt>
    <trkpt lat="-30.237882" lon="-69.789211">
      <ele>4239</ele>
    </trkpt>
    <trkpt lat="-30.238188" lon="-69.789265">
      <ele>4242</ele>
    </trkpt>
    <trkpt lat="-30.238412" lon="-69.789302">
      <ele>4244</ele>
    </trkpt>
    <trkpt lat="-30.238619" lon="-69.789283">
      <ele>4242</ele>
    </trkpt>
    <trkpt lat="-30.238797" lon="-69.78923">
      <ele>4239</ele>
    </trkpt>
    <trkpt lat="-30.239019" lon="-69.789122">
      <ele>4236</ele>
    </trkpt>
    <trkpt lat="-30.239455" lon="-69.788814">
      <ele>4232</ele>
    </trkpt>
    <trkpt lat="-30.239613" lon="-69.788733">
      <ele>4231</ele>
    </trkpt>
    <trkpt lat="-30.239736" lon="-69.788693">
      <ele>4229</ele>
    </trkpt>
    <trkpt lat="-30.239907" lon="-69.788677">
      <ele>4231</ele>
    </trkpt>
    <trkpt lat="-30.240081" lon="-69.78868">
      <ele>4233</ele>
    </trkpt>
    <trkpt lat="-30.240241" lon="-69.788691">
      <ele>4235</ele>
    </trkpt>
    <trkpt lat="-30.240482" lon="-69.788736">
      <ele>4234</ele>
    </trkpt>
    <trkpt lat="-30.240862" lon="-69.788902">
      <ele>4231</ele>
    </trkpt>
    <trkpt lat="-30.24117" lon="-69.789136">
      <ele>4230</ele>
    </trkpt>
    <trkpt lat="-30.241265" lon="-69.789192">
      <ele>4228</ele>
    </trkpt>
    <trkpt lat="-30.241568" lon="-69.789275">
      <ele>4227</ele>
    </trkpt>
    <trkpt lat="-30.241733" lon="-69.789283">
      <ele>4227</ele>
    </trkpt>
    <trkpt lat="-30.242129" lon="-69.789267">
      <ele>4225</ele>
    </trkpt>
    <trkpt lat="-30.242349" lon="-69.789342">
      <ele>4227</ele>
    </trkpt>
    <trkpt lat="-30.242539" lon="-69.789428">
      <ele>4231</ele>
    </trkpt>
    <trkpt lat="-30.242678" lon="-69.789468">
      <ele>4233</ele>
    </trkpt>
    <trkpt lat="-30.242808" lon="-69.789479">
      <ele>4232</ele>
    </trkpt>
    <trkpt lat="-30.243153" lon="-69.789468">
      <ele>4226</ele>
    </trkpt>
    <trkpt lat="-30.243288" lon="-69.789476">
      <ele>4223</ele>
    </trkpt>
    <trkpt lat="-30.243427" lon="-69.789511">
      <ele>4221</ele>
    </trkpt>
    <trkpt lat="-30.243559" lon="-69.78957">
      <ele>4223</ele>
    </trkpt>
    <trkpt lat="-30.24374" lon="-69.789635">
      <ele>4222</ele>
    </trkpt>
    <trkpt lat="-30.24415" lon="-69.78971">
      <ele>4208</ele>
    </trkpt>
    <trkpt lat="-30.2444" lon="-69.789785">
      <ele>4216</ele>
    </trkpt>
    <trkpt lat="-30.244476" lon="-69.789796">
      <ele>4217</ele>
    </trkpt>
    <trkpt lat="-30.244555" lon="-69.789785">
      <ele>4212</ele>
    </trkpt>
    <trkpt lat="-30.244898" lon="-69.789616">
      <ele>4200</ele>
    </trkpt>
    <trkpt lat="-30.245188" lon="-69.789501">
      <ele>4200</ele>
    </trkpt>
    <trkpt lat="-30.245311" lon="-69.789495">
      <ele>4201</ele>
    </trkpt>
    <trkpt lat="-30.245584" lon="-69.789557">
      <ele>4211</ele>
    </trkpt>
    <trkpt lat="-30.245728" lon="-69.789573">
      <ele>4212</ele>
    </trkpt>
    <trkpt lat="-30.245867" lon="-69.789552">
      <ele>4211</ele>
    </trkpt>
    <trkpt lat="-30.246263" lon="-69.789423">
      <ele>4206</ele>
    </trkpt>
    <trkpt lat="-30.246541" lon="-69.789369">
      <ele>4204</ele>
    </trkpt>
    <trkpt lat="-30.246963" lon="-69.78931">
      <ele>4206</ele>
    </trkpt>
    <trkpt lat="-30.247185" lon="-69.789305">
      <ele>4209</ele>
    </trkpt>
    <trkpt lat="-30.247368" lon="-69.789348">
      <ele>4218</ele>
    </trkpt>
    <trkpt lat="-30.247507" lon="-69.789358">
      <ele>4223</ele>
    </trkpt>
    <trkpt lat="-30.247623" lon="-69.789345">
      <ele>4215</ele>
    </trkpt>
    <trkpt lat="-30.247762" lon="-69.789307">
      <ele>4206</ele>
    </trkpt>
    <trkpt lat="-30.248126" lon="-69.789114">
      <ele>4193</ele>
    </trkpt>
    <trkpt lat="-30.248269" lon="-69.789053">
      <ele>4193</ele>
    </trkpt>
    <trkpt lat="-30.248388" lon="-69.78902">
      <ele>4194</ele>
    </trkpt>
    <trkpt lat="-30.248534" lon="-69.789012">
      <ele>4198</ele>
    </trkpt>
    <trkpt lat="-30.24867" lon="-69.788994">
      <ele>4202</ele>
    </trkpt>
    <trkpt lat="-30.248844" lon="-69.78894">
      <ele>4206</ele>
    </trkpt>
    <trkpt lat="-30.248951" lon="-69.788886">
      <ele>4206</ele>
    </trkpt>
    <trkpt lat="-30.24906" lon="-69.788795">
      <ele>4203</ele>
    </trkpt>
    <trkpt lat="-30.249152" lon="-69.788707">
      <ele>4199</ele>
    </trkpt>
    <trkpt lat="-30.249238" lon="-69.78865">
      <ele>4194</ele>
    </trkpt>
    <trkpt lat="-30.249305" lon="-69.788618">
      <ele>4191</ele>
    </trkpt>
    <trkpt lat="-30.249414" lon="-69.788594">
      <ele>4189</ele>
    </trkpt>
    <trkpt lat="-30.249664" lon="-69.788586">
      <ele>4191</ele>
    </trkpt>
    <trkpt lat="-30.250014" lon="-69.788626">
      <ele>4194</ele>
    </trkpt>
    <trkpt lat="-30.250146" lon="-69.788615">
      <ele>4192</ele>
    </trkpt>
    <trkpt lat="-30.250278" lon="-69.788559">
      <ele>4187</ele>
    </trkpt>
    <trkpt lat="-30.25039" lon="-69.788471">
      <ele>4186</ele>
    </trkpt>
    <trkpt lat="-30.250568" lon="-69.788251">
      <ele>4184</ele>
    </trkpt>
    <trkpt lat="-30.250786" lon="-69.788007">
      <ele>4186</ele>
    </trkpt>
    <trkpt lat="-30.250895" lon="-69.787934">
      <ele>4188</ele>
    </trkpt>
    <trkpt lat="-30.251027" lon="-69.787881">
      <ele>4191</ele>
    </trkpt>
    <trkpt lat="-30.251131" lon="-69.787859">
      <ele>4193</ele>
    </trkpt>
    <trkpt lat="-30.251645" lon="-69.787813">
      <ele>4184</ele>
    </trkpt>
    <trkpt lat="-30.251773" lon="-69.787816">
      <ele>4184</ele>
    </trkpt>
    <trkpt lat="-30.251886" lon="-69.787832">
      <ele>4184</ele>
    </trkpt>
    <trkpt lat="-30.252554" lon="-69.788079">
      <ele>4180</ele>
    </trkpt>
    <trkpt lat="-30.252716" lon="-69.788146">
      <ele>4184</ele>
    </trkpt>
    <trkpt lat="-30.252806" lon="-69.78817">
      <ele>4185</ele>
    </trkpt>
    <trkpt lat="-30.252915" lon="-69.78817">
      <ele>4185</ele>
    </trkpt>
    <trkpt lat="-30.253052" lon="-69.788149">
      <ele>4185</ele>
    </trkpt>
    <trkpt lat="-30.253246" lon="-69.788063">
      <ele>4178</ele>
    </trkpt>
    <trkpt lat="-30.253351" lon="-69.787996">
      <ele>4172</ele>
    </trkpt>
    <trkpt lat="-30.253494" lon="-69.787934">
      <ele>4167</ele>
    </trkpt>
    <trkpt lat="-30.253626" lon="-69.787918">
      <ele>4165</ele>
    </trkpt>
    <trkpt lat="-30.253819" lon="-69.787932">
      <ele>4171</ele>
    </trkpt>
    <trkpt lat="-30.253969" lon="-69.787964">
      <ele>4176</ele>
    </trkpt>
    <trkpt lat="-30.254363" lon="-69.787977">
      <ele>4177</ele>
    </trkpt>
    <trkpt lat="-30.254801" lon="-69.787945">
      <ele>4172</ele>
    </trkpt>
    <trkpt lat="-30.254996" lon="-69.787934">
      <ele>4171</ele>
    </trkpt>
    <trkpt lat="-30.255139" lon="-69.78795">
      <ele>4171</ele>
    </trkpt>
    <trkpt lat="-30.255672" lon="-69.788041">
      <ele>4166</ele>
    </trkpt>
    <trkpt lat="-30.255957" lon="-69.788071">
      <ele>4164</ele>
    </trkpt>
    <trkpt lat="-30.256129" lon="-69.788071">
      <ele>4161</ele>
    </trkpt>
    <trkpt lat="-30.256344" lon="-69.788041">
      <ele>4156</ele>
    </trkpt>
    <trkpt lat="-30.256576" lon="-69.787985">
      <ele>4153</ele>
    </trkpt>
    <trkpt lat="-30.256708" lon="-69.787972">
      <ele>4154</ele>
    </trkpt>
    <trkpt lat="-30.256958" lon="-69.787972">
      <ele>4162</ele>
    </trkpt>
    <trkpt lat="-30.257285" lon="-69.787996">
      <ele>4167</ele>
    </trkpt>
    <trkpt lat="-30.257391" lon="-69.788015">
      <ele>4166</ele>
    </trkpt>
    <trkpt lat="-30.258007" lon="-69.788245">
      <ele>4159</ele>
    </trkpt>
    <trkpt lat="-30.258123" lon="-69.78828">
      <ele>4159</ele>
    </trkpt>
    <trkpt lat="-30.258239" lon="-69.788294">
      <ele>4158</ele>
    </trkpt>
    <trkpt lat="-30.258353" lon="-69.788296">
      <ele>4156</ele>
    </trkpt>
    <trkpt lat="-30.258698" lon="-69.788205">
      <ele>4151</ele>
    </trkpt>
    <trkpt lat="-30.258821" lon="-69.788186">
      <ele>4148</ele>
    </trkpt>
    <trkpt lat="-30.258913" lon="-69.788197">
      <ele>4147</ele>
    </trkpt>
    <trkpt lat="-30.258992" lon="-69.788227">
      <ele>4147</ele>
    </trkpt>
    <trkpt lat="-30.25918" lon="-69.78832">
      <ele>4147</ele>
    </trkpt>
    <trkpt lat="-30.259328" lon="-69.78843">
      <ele>4151</ele>
    </trkpt>
    <trkpt lat="-30.259414" lon="-69.788492">
      <ele>4153</ele>
    </trkpt>
    <trkpt lat="-30.259499" lon="-69.788527">
      <ele>4152</ele>
    </trkpt>
    <trkpt lat="-30.259632" lon="-69.788554">
      <ele>4150</ele>
    </trkpt>
    <trkpt lat="-30.259808" lon="-69.788578">
      <ele>4146</ele>
    </trkpt>
    <trkpt lat="-30.260106" lon="-69.788589">
      <ele>4138</ele>
    </trkpt>
    <trkpt lat="-30.260271" lon="-69.78861">
      <ele>4135</ele>
    </trkpt>
    <trkpt lat="-30.260378" lon="-69.788645">
      <ele>4135</ele>
    </trkpt>
    <trkpt lat="-30.26047" lon="-69.788691">
      <ele>4135</ele>
    </trkpt>
    <trkpt lat="-30.26091" lon="-69.7889">
      <ele>4143</ele>
    </trkpt>
    <trkpt lat="-30.261075" lon="-69.788972">
      <ele>4148</ele>
    </trkpt>
    <trkpt lat="-30.261256" lon="-69.789037">
      <ele>4151</ele>
    </trkpt>
    <trkpt lat="-30.261418" lon="-69.789053">
      <ele>4151</ele>
    </trkpt>
    <trkpt lat="-30.261955" lon="-69.789098">
      <ele>4146</ele>
    </trkpt>
    <trkpt lat="-30.262381" lon="-69.78913">
      <ele>4137</ele>
    </trkpt>
    <trkpt lat="-30.262555" lon="-69.789128">
      <ele>4137</ele>
    </trkpt>
    <trkpt lat="-30.262849" lon="-69.789082">
      <ele>4136</ele>
    </trkpt>
    <trkpt lat="-30.262907" lon="-69.789082">
      <ele>4135</ele>
    </trkpt>
    <trkpt lat="-30.262958" lon="-69.78909">
      <ele>4135</ele>
    </trkpt>
    <trkpt lat="-30.263338" lon="-69.789187">
      <ele>4130</ele>
    </trkpt>
    <trkpt lat="-30.263607" lon="-69.789257">
      <ele>4125</ele>
    </trkpt>
    <trkpt lat="-30.263871" lon="-69.789326">
      <ele>4124</ele>
    </trkpt>
    <trkpt lat="-30.263971" lon="-69.789364">
      <ele>4124</ele>
    </trkpt>
    <trkpt lat="-30.26411" lon="-69.789468">
      <ele>4126</ele>
    </trkpt>
    <trkpt lat="-30.264214" lon="-69.789592">
      <ele>4129</ele>
    </trkpt>
    <trkpt lat="-30.26436" lon="-69.789855">
      <ele>4131</ele>
    </trkpt>
    <trkpt lat="-30.264446" lon="-69.790037">
      <ele>4132</ele>
    </trkpt>
    <trkpt lat="-30.264494" lon="-69.790195">
      <ele>4133</ele>
    </trkpt>
    <trkpt lat="-30.264548" lon="-69.790292">
      <ele>4133</ele>
    </trkpt>
    <trkpt lat="-30.264608" lon="-69.790364">
      <ele>4132</ele>
    </trkpt>
    <trkpt lat="-30.264694" lon="-69.790423">
      <ele>4130</ele>
    </trkpt>
    <trkpt lat="-30.265062" lon="-69.790582">
      <ele>4126</ele>
    </trkpt>
    <trkpt lat="-30.265168" lon="-69.790608">
      <ele>4125</ele>
    </trkpt>
    <trkpt lat="-30.265284" lon="-69.790619">
      <ele>4124</ele>
    </trkpt>
    <trkpt lat="-30.265488" lon="-69.790627">
      <ele>4122</ele>
    </trkpt>
    <trkpt lat="-30.265764" lon="-69.790654">
      <ele>4119</ele>
    </trkpt>
    <trkpt lat="-30.265843" lon="-69.790667">
      <ele>4118</ele>
    </trkpt>
    <trkpt lat="-30.265884" lon="-69.790683">
      <ele>4118</ele>
    </trkpt>
    <trkpt lat="-30.265921" lon="-69.790716">
      <ele>4118</ele>
    </trkpt>
    <trkpt lat="-30.266176" lon="-69.791075">
      <ele>4115</ele>
    </trkpt>
    <trkpt lat="-30.266348" lon="-69.791249">
      <ele>4114</ele>
    </trkpt>
    <trkpt lat="-30.26657" lon="-69.791424">
      <ele>4116</ele>
    </trkpt>
    <trkpt lat="-30.266901" lon="-69.791644">
      <ele>4115</ele>
    </trkpt>
    <trkpt lat="-30.267105" lon="-69.791764">
      <ele>4112</ele>
    </trkpt>
    <trkpt lat="-30.267404" lon="-69.791971">
      <ele>4110</ele>
    </trkpt>
    <trkpt lat="-30.267501" lon="-69.792054">
      <ele>4108</ele>
    </trkpt>
    <trkpt lat="-30.267559" lon="-69.792153">
      <ele>4107</ele>
    </trkpt>
    <trkpt lat="-30.267585" lon="-69.79229">
      <ele>4106</ele>
    </trkpt>
    <trkpt lat="-30.267596" lon="-69.792472">
      <ele>4104</ele>
    </trkpt>
    <trkpt lat="-30.267561" lon="-69.792891">
      <ele>4105</ele>
    </trkpt>
    <trkpt lat="-30.267522" lon="-69.793374">
      <ele>4106</ele>
    </trkpt>
    <trkpt lat="-30.267409" lon="-69.79395">
      <ele>4105</ele>
    </trkpt>
    <trkpt lat="-30.26736" lon="-69.794431">
      <ele>4106</ele>
    </trkpt>
    <trkpt lat="-30.267355" lon="-69.794642">
      <ele>4103</ele>
    </trkpt>
    <trkpt lat="-30.267376" lon="-69.794854">
      <ele>4101</ele>
    </trkpt>
    <trkpt lat="-30.267425" lon="-69.795042">
      <ele>4100</ele>
    </trkpt>
    <trkpt lat="-30.267499" lon="-69.795198">
      <ele>4098</ele>
    </trkpt>
    <trkpt lat="-30.267559" lon="-69.795286">
      <ele>4098</ele>
    </trkpt>
    <trkpt lat="-30.267682" lon="-69.795393">
      <ele>4097</ele>
    </trkpt>
    <trkpt lat="-30.267914" lon="-69.795552">
      <ele>4097</ele>
    </trkpt>
    <trkpt lat="-30.268087" lon="-69.795638">
      <ele>4096</ele>
    </trkpt>
    <trkpt lat="-30.268314" lon="-69.795713">
      <ele>4092</ele>
    </trkpt>
    <trkpt lat="-30.268493" lon="-69.795737">
      <ele>4091</ele>
    </trkpt>
    <trkpt lat="-30.26866" lon="-69.795729">
      <ele>4091</ele>
    </trkpt>
    <trkpt lat="-30.26884" lon="-69.795705">
      <ele>4091</ele>
    </trkpt>
    <trkpt lat="-30.268993" lon="-69.795635">
      <ele>4090</ele>
    </trkpt>
    <trkpt lat="-30.269287" lon="-69.795452">
      <ele>4090</ele>
    </trkpt>
    <trkpt lat="-30.269973" lon="-69.795031">
      <ele>4092</ele>
    </trkpt>
    <trkpt lat="-30.270163" lon="-69.794889">
      <ele>4092</ele>
    </trkpt>
    <trkpt lat="-30.270895" lon="-69.794197">
      <ele>4086</ele>
    </trkpt>
    <trkpt lat="-30.27109" lon="-69.794017">
      <ele>4086</ele>
    </trkpt>
    <trkpt lat="-30.271305" lon="-69.793806">
      <ele>4082</ele>
    </trkpt>
    <trkpt lat="-30.271421" lon="-69.793733">
      <ele>4082</ele>
    </trkpt>
    <trkpt lat="-30.271643" lon="-69.793623">
      <ele>4085</ele>
    </trkpt>
    <trkpt lat="-30.271947" lon="-69.793427">
      <ele>4086</ele>
    </trkpt>
    <trkpt lat="-30.272215" lon="-69.793229">
      <ele>4081</ele>
    </trkpt>
    <trkpt lat="-30.272398" lon="-69.793055">
      <ele>4079</ele>
    </trkpt>
    <trkpt lat="-30.272563" lon="-69.792853">
      <ele>4079</ele>
    </trkpt>
    <trkpt lat="-30.272746" lon="-69.792558">
      <ele>4079</ele>
    </trkpt>
    <trkpt lat="-30.273195" lon="-69.791518">
      <ele>4070</ele>
    </trkpt>
    <trkpt lat="-30.273362" lon="-69.791244">
      <ele>4068</ele>
    </trkpt>
    <trkpt lat="-30.273496" lon="-69.791046">
      <ele>4067</ele>
    </trkpt>
    <trkpt lat="-30.273969" lon="-69.79048">
      <ele>4071</ele>
    </trkpt>
    <trkpt lat="-30.27421" lon="-69.790241">
      <ele>4072</ele>
    </trkpt>
    <trkpt lat="-30.274571" lon="-69.789989">
      <ele>4065</ele>
    </trkpt>
    <trkpt lat="-30.274743" lon="-69.789879">
      <ele>4063</ele>
    </trkpt>
    <trkpt lat="-30.275034" lon="-69.789691">
      <ele>4064</ele>
    </trkpt>
    <trkpt lat="-30.275317" lon="-69.789509">
      <ele>4064</ele>
    </trkpt>
    <trkpt lat="-30.275505" lon="-69.789385">
      <ele>4062</ele>
    </trkpt>
    <trkpt lat="-30.275813" lon="-69.789187">
      <ele>4058</ele>
    </trkpt>
    <trkpt lat="-30.275945" lon="-69.789098">
      <ele>4057</ele>
    </trkpt>
    <trkpt lat="-30.276281" lon="-69.788884">
      <ele>4058</ele>
    </trkpt>
    <trkpt lat="-30.276598" lon="-69.788677">
      <ele>4057</ele>
    </trkpt>
    <trkpt lat="-30.277001" lon="-69.788396">
      <ele>4057</ele>
    </trkpt>
    <trkpt lat="-30.277279" lon="-69.788205">
      <ele>4054</ele>
    </trkpt>
    <trkpt lat="-30.277772" lon="-69.787862">
      <ele>4047</ele>
    </trkpt>
    <trkpt lat="-30.277923" lon="-69.787757">
      <ele>4047</ele>
    </trkpt>
    <trkpt lat="-30.278479" lon="-69.7874">
      <ele>4045</ele>
    </trkpt>
    <trkpt lat="-30.279035" lon="-69.787044">
      <ele>4043</ele>
    </trkpt>
    <trkpt lat="-30.279558" lon="-69.786708">
      <ele>4041</ele>
    </trkpt>
    <trkpt lat="-30.279924" lon="-69.786497">
      <ele>4039</ele>
    </trkpt>
    <trkpt lat="-30.280476" lon="-69.786177">
      <ele>4042</ele>
    </trkpt>
    <trkpt lat="-30.280756" lon="-69.786019">
      <ele>4048</ele>
    </trkpt>
    <trkpt lat="-30.280943" lon="-69.785904">
      <ele>4049</ele>
    </trkpt>
    <trkpt lat="-30.281147" lon="-69.785751">
      <ele>4048</ele>
    </trkpt>
    <trkpt lat="-30.281365" lon="-69.785571">
      <ele>4044</ele>
    </trkpt>
    <trkpt lat="-30.281555" lon="-69.785432">
      <ele>4046</ele>
    </trkpt>
    <trkpt lat="-30.281835" lon="-69.785222">
      <ele>4044</ele>
    </trkpt>
    <trkpt lat="-30.282129" lon="-69.785003">
      <ele>4040</ele>
    </trkpt>
    <trkpt lat="-30.282442" lon="-69.784804">
      <ele>4042</ele>
    </trkpt>
    <trkpt lat="-30.282968" lon="-69.784429">
      <ele>4040</ele>
    </trkpt>
    <trkpt lat="-30.283477" lon="-69.784042">
      <ele>4036</ele>
    </trkpt>
    <trkpt lat="-30.283725" lon="-69.783879">
      <ele>4035</ele>
    </trkpt>
    <trkpt lat="-30.283892" lon="-69.78379">
      <ele>4036</ele>
    </trkpt>
    <trkpt lat="-30.284068" lon="-69.783629">
      <ele>4035</ele>
    </trkpt>
    <trkpt lat="-30.284851" lon="-69.782876">
      <ele>4034</ele>
    </trkpt>
    <trkpt lat="-30.285066" lon="-69.782629">
      <ele>4031</ele>
    </trkpt>
    <trkpt lat="-30.285265" lon="-69.782347">
      <ele>4030</ele>
    </trkpt>
    <trkpt lat="-30.285497" lon="-69.781988">
      <ele>4033</ele>
    </trkpt>
    <trkpt lat="-30.285717" lon="-69.781537">
      <ele>4028</ele>
    </trkpt>
    <trkpt lat="-30.285898" lon="-69.78117">
      <ele>4022</ele>
    </trkpt>
    <trkpt lat="-30.286011" lon="-69.781011">
      <ele>4021</ele>
    </trkpt>
    <trkpt lat="-30.286125" lon="-69.780899">
      <ele>4020</ele>
    </trkpt>
    <trkpt lat="-30.286268" lon="-69.780783">
      <ele>4022</ele>
    </trkpt>
    <trkpt lat="-30.286461" lon="-69.780687">
      <ele>4024</ele>
    </trkpt>
    <trkpt lat="-30.28675" lon="-69.78055">
      <ele>4023</ele>
    </trkpt>
    <trkpt lat="-30.286952" lon="-69.780488">
      <ele>4020</ele>
    </trkpt>
    <trkpt lat="-30.287091" lon="-69.78047">
      <ele>4020</ele>
    </trkpt>
    <trkpt lat="-30.287234" lon="-69.780462">
      <ele>4020</ele>
    </trkpt>
    <trkpt lat="-30.287463" lon="-69.780488">
      <ele>4019</ele>
    </trkpt>
    <trkpt lat="-30.287728" lon="-69.780561">
      <ele>4018</ele>
    </trkpt>
    <trkpt lat="-30.287934" lon="-69.780633">
      <ele>4013</ele>
    </trkpt>
    <trkpt lat="-30.28808" lon="-69.780671">
      <ele>4011</ele>
    </trkpt>
    <trkpt lat="-30.288267" lon="-69.780706">
      <ele>4013</ele>
    </trkpt>
    <trkpt lat="-30.28839" lon="-69.780714">
      <ele>4016</ele>
    </trkpt>
    <trkpt lat="-30.288524" lon="-69.780668">
      <ele>4019</ele>
    </trkpt>
    <trkpt lat="-30.288747" lon="-69.780577">
      <ele>4020</ele>
    </trkpt>
    <trkpt lat="-30.28905" lon="-69.780419">
      <ele>4020</ele>
    </trkpt>
    <trkpt lat="-30.289187" lon="-69.780344">
      <ele>4019</ele>
    </trkpt>
    <trkpt lat="-30.289372" lon="-69.780268">
      <ele>4018</ele>
    </trkpt>
    <trkpt lat="-30.28959" lon="-69.780215">
      <ele>4015</ele>
    </trkpt>
    <trkpt lat="-30.289842" lon="-69.780196">
      <ele>4013</ele>
    </trkpt>
    <trkpt lat="-30.290023" lon="-69.780156">
      <ele>4012</ele>
    </trkpt>
    <trkpt lat="-30.290261" lon="-69.780078">
      <ele>4009</ele>
    </trkpt>
    <trkpt lat="-30.290641" lon="-69.779922">
      <ele>4007</ele>
    </trkpt>
    <trkpt lat="-30.29085" lon="-69.779871">
      <ele>4005</ele>
    </trkpt>
    <trkpt lat="-30.291192" lon="-69.779858">
      <ele>4004</ele>
    </trkpt>
    <trkpt lat="-30.291818" lon="-69.77985">
      <ele>4004</ele>
    </trkpt>
    <trkpt lat="-30.292012" lon="-69.779834">
      <ele>4006</ele>
    </trkpt>
    <trkpt lat="-30.292147" lon="-69.779772">
      <ele>4007</ele>
    </trkpt>
    <trkpt lat="-30.292255" lon="-69.779689">
      <ele>4008</ele>
    </trkpt>
    <trkpt lat="-30.292367" lon="-69.779574">
      <ele>4007</ele>
    </trkpt>
    <trkpt lat="-30.292501" lon="-69.779338">
      <ele>4003</ele>
    </trkpt>
    <trkpt lat="-30.292649" lon="-69.778906">
      <ele>3993</ele>
    </trkpt>
    <trkpt lat="-30.292742" lon="-69.778742">
      <ele>3992</ele>
    </trkpt>
    <trkpt lat="-30.292827" lon="-69.778619">
      <ele>3992</ele>
    </trkpt>
    <trkpt lat="-30.292966" lon="-69.778498">
      <ele>3992</ele>
    </trkpt>
    <trkpt lat="-30.293682" lon="-69.777997">
      <ele>3988</ele>
    </trkpt>
    <trkpt lat="-30.294039" lon="-69.777742">
      <ele>3983</ele>
    </trkpt>
    <trkpt lat="-30.294259" lon="-69.777602">
      <ele>3981</ele>
    </trkpt>
    <trkpt lat="-30.294379" lon="-69.777551">
      <ele>3982</ele>
    </trkpt>
    <trkpt lat="-30.294537" lon="-69.777503">
      <ele>3983</ele>
    </trkpt>
    <trkpt lat="-30.294768" lon="-69.777449">
      <ele>3984</ele>
    </trkpt>
    <trkpt lat="-30.295296" lon="-69.77735">
      <ele>3983</ele>
    </trkpt>
    <trkpt lat="-30.296026" lon="-69.777213">
      <ele>3981</ele>
    </trkpt>
    <trkpt lat="-30.296626" lon="-69.77712">
      <ele>3976</ele>
    </trkpt>
    <trkpt lat="-30.296973" lon="-69.777071">
      <ele>3975</ele>
    </trkpt>
    <trkpt lat="-30.297547" lon="-69.777042">
      <ele>3973</ele>
    </trkpt>
    <trkpt lat="-30.297649" lon="-69.776996">
      <ele>3972</ele>
    </trkpt>
    <trkpt lat="-30.297772" lon="-69.776913">
      <ele>3971</ele>
    </trkpt>
    <trkpt lat="-30.298013" lon="-69.776706">
      <ele>3970</ele>
    </trkpt>
    <trkpt lat="-30.298237" lon="-69.776535">
      <ele>3971</ele>
    </trkpt>
    <trkpt lat="-30.298418" lon="-69.776403">
      <ele>3973</ele>
    </trkpt>
    <trkpt lat="-30.298534" lon="-69.776275">
      <ele>3971</ele>
    </trkpt>
    <trkpt lat="-30.298691" lon="-69.776063">
      <ele>3967</ele>
    </trkpt>
    <trkpt lat="-30.299185" lon="-69.775406">
      <ele>3962</ele>
    </trkpt>
    <trkpt lat="-30.299361" lon="-69.775188">
      <ele>3965</ele>
    </trkpt>
    <trkpt lat="-30.299465" lon="-69.775084">
      <ele>3967</ele>
    </trkpt>
    <trkpt lat="-30.299673" lon="-69.774931">
      <ele>3968</ele>
    </trkpt>
    <trkpt lat="-30.300254" lon="-69.774445">
      <ele>3966</ele>
    </trkpt>
    <trkpt lat="-30.300498" lon="-69.77426">
      <ele>3965</ele>
    </trkpt>
    <trkpt lat="-30.30069" lon="-69.77407">
      <ele>3962</ele>
    </trkpt>
    <trkpt lat="-30.300785" lon="-69.773984">
      <ele>3959</ele>
    </trkpt>
    <trkpt lat="-30.301072" lon="-69.773786">
      <ele>3957</ele>
    </trkpt>
    <trkpt lat="-30.301299" lon="-69.773649">
      <ele>3956</ele>
    </trkpt>
    <trkpt lat="-30.301482" lon="-69.773552">
      <ele>3955</ele>
    </trkpt>
    <trkpt lat="-30.302422" lon="-69.772796">
      <ele>3947</ele>
    </trkpt>
    <trkpt lat="-30.303418" lon="-69.771991">
      <ele>3946</ele>
    </trkpt>
    <trkpt lat="-30.30377" lon="-69.771758">
      <ele>3949</ele>
    </trkpt>
    <trkpt lat="-30.304108" lon="-69.771551">
      <ele>3944</ele>
    </trkpt>
    <trkpt lat="-30.304745" lon="-69.771176">
      <ele>3938</ele>
    </trkpt>
    <trkpt lat="-30.30486" lon="-69.771101">
      <ele>3937</ele>
    </trkpt>
    <trkpt lat="-30.305009" lon="-69.771023">
      <ele>3937</ele>
    </trkpt>
    <trkpt lat="-30.305289" lon="-69.770916">
      <ele>3940</ele>
    </trkpt>
    <trkpt lat="-30.305546" lon="-69.770792">
      <ele>3938</ele>
    </trkpt>
    <trkpt lat="-30.305687" lon="-69.770688">
      <ele>3938</ele>
    </trkpt>
    <trkpt lat="-30.305845" lon="-69.770516">
      <ele>3936</ele>
    </trkpt>
    <trkpt lat="-30.306285" lon="-69.76999">
      <ele>3937</ele>
    </trkpt>
    <trkpt lat="-30.30641" lon="-69.769792">
      <ele>3936</ele>
    </trkpt>
    <trkpt lat="-30.306618" lon="-69.769419">
      <ele>3934</ele>
    </trkpt>
    <trkpt lat="-30.306831" lon="-69.7691">
      <ele>3932</ele>
    </trkpt>
    <trkpt lat="-30.306956" lon="-69.768947">
      <ele>3931</ele>
    </trkpt>
    <trkpt lat="-30.307079" lon="-69.768845">
      <ele>3929</ele>
    </trkpt>
    <trkpt lat="-30.307269" lon="-69.768646">
      <ele>3925</ele>
    </trkpt>
    <trkpt lat="-30.307401" lon="-69.768472">
      <ele>3922</ele>
    </trkpt>
    <trkpt lat="-30.307565" lon="-69.768215">
      <ele>3919</ele>
    </trkpt>
    <trkpt lat="-30.307637" lon="-69.768027">
      <ele>3919</ele>
    </trkpt>
    <trkpt lat="-30.307716" lon="-69.76774">
      <ele>3919</ele>
    </trkpt>
    <trkpt lat="-30.307753" lon="-69.767456">
      <ele>3919</ele>
    </trkpt>
    <trkpt lat="-30.307781" lon="-69.767104">
      <ele>3917</ele>
    </trkpt>
    <trkpt lat="-30.307806" lon="-69.766954">
      <ele>3917</ele>
    </trkpt>
    <trkpt lat="-30.307843" lon="-69.766823">
      <ele>3918</ele>
    </trkpt>
    <trkpt lat="-30.307903" lon="-69.76671">
      <ele>3919</ele>
    </trkpt>
    <trkpt lat="-30.308095" lon="-69.766452">
      <ele>3921</ele>
    </trkpt>
    <trkpt lat="-30.308246" lon="-69.766227">
      <ele>3920</ele>
    </trkpt>
    <trkpt lat="-30.308362" lon="-69.765962">
      <ele>3916</ele>
    </trkpt>
    <trkpt lat="-30.308424" lon="-69.765607">
      <ele>3909</ele>
    </trkpt>
    <trkpt lat="-30.308447" lon="-69.765369">
      <ele>3910</ele>
    </trkpt>
    <trkpt lat="-30.308401" lon="-69.764728">
      <ele>3912</ele>
    </trkpt>
    <trkpt lat="-30.308408" lon="-69.764513">
      <ele>3910</ele>
    </trkpt>
    <trkpt lat="-30.308461" lon="-69.764277">
      <ele>3909</ele>
    </trkpt>
    <trkpt lat="-30.308538" lon="-69.764084">
      <ele>3909</ele>
    </trkpt>
    <trkpt lat="-30.30879" lon="-69.763582">
      <ele>3908</ele>
    </trkpt>
    <trkpt lat="-30.309031" lon="-69.763102">
      <ele>3908</ele>
    </trkpt>
    <trkpt lat="-30.309341" lon="-69.762485">
      <ele>3907</ele>
    </trkpt>
    <trkpt lat="-30.309705" lon="-69.76186">
      <ele>3900</ele>
    </trkpt>
    <trkpt lat="-30.309922" lon="-69.761485">
      <ele>3892</ele>
    </trkpt>
    <trkpt lat="-30.31036" lon="-69.760801">
      <ele>3895</ele>
    </trkpt>
    <trkpt lat="-30.310747" lon="-69.760259">
      <ele>3893</ele>
    </trkpt>
    <trkpt lat="-30.311039" lon="-69.759924">
      <ele>3885</ele>
    </trkpt>
    <trkpt lat="-30.311226" lon="-69.75976">
      <ele>3885</ele>
    </trkpt>
    <trkpt lat="-30.311437" lon="-69.75961">
      <ele>3890</ele>
    </trkpt>
    <trkpt lat="-30.312145" lon="-69.759047">
      <ele>3896</ele>
    </trkpt>
    <trkpt lat="-30.312551" lon="-69.758677">
      <ele>3890</ele>
    </trkpt>
    <trkpt lat="-30.312703" lon="-69.758486">
      <ele>3887</ele>
    </trkpt>
    <trkpt lat="-30.312812" lon="-69.758341">
      <ele>3886</ele>
    </trkpt>
    <trkpt lat="-30.313016" lon="-69.758095">
      <ele>3887</ele>
    </trkpt>
    <trkpt lat="-30.313217" lon="-69.757872">
      <ele>3887</ele>
    </trkpt>
    <trkpt lat="-30.313528" lon="-69.757542">
      <ele>3883</ele>
    </trkpt>
    <trkpt lat="-30.313887" lon="-69.757204">
      <ele>3876</ele>
    </trkpt>
    <trkpt lat="-30.314046" lon="-69.75707">
      <ele>3875</ele>
    </trkpt>
    <trkpt lat="-30.314169" lon="-69.756987">
      <ele>3874</ele>
    </trkpt>
    <trkpt lat="-30.314227" lon="-69.756957">
      <ele>3873</ele>
    </trkpt>
    <trkpt lat="-30.314514" lon="-69.756874">
      <ele>3875</ele>
    </trkpt>
    <trkpt lat="-30.314655" lon="-69.756796">
      <ele>3876</ele>
    </trkpt>
    <trkpt lat="-30.314776" lon="-69.756668">
      <ele>3876</ele>
    </trkpt>
    <trkpt lat="-30.314908" lon="-69.756464">
      <ele>3878</ele>
    </trkpt>
    <trkpt lat="-30.315042" lon="-69.756188">
      <ele>3875</ele>
    </trkpt>
    <trkpt lat="-30.315109" lon="-69.755946">
      <ele>3871</ele>
    </trkpt>
    <trkpt lat="-30.315146" lon="-69.755646">
      <ele>3867</ele>
    </trkpt>
    <trkpt lat="-30.315132" lon="-69.755251">
      <ele>3864</ele>
    </trkpt>
    <trkpt lat="-30.315153" lon="-69.754948">
      <ele>3862</ele>
    </trkpt>
    <trkpt lat="-30.315195" lon="-69.754777">
      <ele>3860</ele>
    </trkpt>
    <trkpt lat="-30.315262" lon="-69.754624">
      <ele>3859</ele>
    </trkpt>
    <trkpt lat="-30.315341" lon="-69.754503">
      <ele>3857</ele>
    </trkpt>
    <trkpt lat="-30.315436" lon="-69.754404">
      <ele>3857</ele>
    </trkpt>
    <trkpt lat="-30.315535" lon="-69.754356">
      <ele>3857</ele>
    </trkpt>
    <trkpt lat="-30.315681" lon="-69.754294">
      <ele>3856</ele>
    </trkpt>
    <trkpt lat="-30.316225" lon="-69.754176">
      <ele>3857</ele>
    </trkpt>
    <trkpt lat="-30.316573" lon="-69.754087">
      <ele>3852</ele>
    </trkpt>
    <trkpt lat="-30.316904" lon="-69.754004">
      <ele>3851</ele>
    </trkpt>
    <trkpt lat="-30.317293" lon="-69.753902">
      <ele>3857</ele>
    </trkpt>
    <trkpt lat="-30.31802" lon="-69.753712">
      <ele>3855</ele>
    </trkpt>
    <trkpt lat="-30.318353" lon="-69.753605">
      <ele>3849</ele>
    </trkpt>
    <trkpt lat="-30.318582" lon="-69.753513">
      <ele>3847</ele>
    </trkpt>
    <trkpt lat="-30.318747" lon="-69.753395">
      <ele>3847</ele>
    </trkpt>
    <trkpt lat="-30.318925" lon="-69.753267">
      <ele>3847</ele>
    </trkpt>
    <trkpt lat="-30.319337" lon="-69.75284">
      <ele>3852</ele>
    </trkpt>
    <trkpt lat="-30.31971" lon="-69.752446">
      <ele>3850</ele>
    </trkpt>
    <trkpt lat="-30.319953" lon="-69.752124">
      <ele>3844</ele>
    </trkpt>
    <trkpt lat="-30.320124" lon="-69.751861">
      <ele>3845</ele>
    </trkpt>
    <trkpt lat="-30.320273" lon="-69.751574">
      <ele>3846</ele>
    </trkpt>
    <trkpt lat="-30.320634" lon="-69.750711">
      <ele>3848</ele>
    </trkpt>
    <trkpt lat="-30.320803" lon="-69.750381">
      <ele>3843</ele>
    </trkpt>
    <trkpt lat="-30.320946" lon="-69.750145">
      <ele>3843</ele>
    </trkpt>
    <trkpt lat="-30.321115" lon="-69.74993">
      <ele>3843</ele>
    </trkpt>
    <trkpt lat="-30.321324" lon="-69.749705">
      <ele>3845</ele>
    </trkpt>
    <trkpt lat="-30.321532" lon="-69.749514">
      <ele>3844</ele>
    </trkpt>
    <trkpt lat="-30.321724" lon="-69.749372">
      <ele>3844</ele>
    </trkpt>
    <trkpt lat="-30.322579" lon="-69.748828">
      <ele>3837</ele>
    </trkpt>
    <trkpt lat="-30.323252" lon="-69.748398">
      <ele>3837</ele>
    </trkpt>
    <trkpt lat="-30.324778" lon="-69.747318">
      <ele>3837</ele>
    </trkpt>
    <trkpt lat="-30.324926" lon="-69.74724">
      <ele>3838</ele>
    </trkpt>
    <trkpt lat="-30.325148" lon="-69.747189">
      <ele>3843</ele>
    </trkpt>
    <trkpt lat="-30.325299" lon="-69.747119">
      <ele>3847</ele>
    </trkpt>
    <trkpt lat="-30.325415" lon="-69.747009">
      <ele>3849</ele>
    </trkpt>
    <trkpt lat="-30.326042" lon="-69.746127">
      <ele>3830</ele>
    </trkpt>
    <trkpt lat="-30.326484" lon="-69.745577">
      <ele>3837</ele>
    </trkpt>
    <trkpt lat="-30.326996" lon="-69.744853">
      <ele>3827</ele>
    </trkpt>
    <trkpt lat="-30.328049" lon="-69.743471">
      <ele>3834</ele>
    </trkpt>
    <trkpt lat="-30.328191" lon="-69.743289">
      <ele>3836</ele>
    </trkpt>
    <trkpt lat="-30.328536" lon="-69.742793">
      <ele>3831</ele>
    </trkpt>
    <trkpt lat="-30.328874" lon="-69.742299">
      <ele>3825</ele>
    </trkpt>
    <trkpt lat="-30.329193" lon="-69.741771">
      <ele>3829</ele>
    </trkpt>
    <trkpt lat="-30.329589" lon="-69.740998">
      <ele>3815</ele>
    </trkpt>
    <trkpt lat="-30.329837" lon="-69.740497">
      <ele>3808</ele>
    </trkpt>
    <trkpt lat="-30.330133" lon="-69.739909">
      <ele>3809</ele>
    </trkpt>
    <trkpt lat="-30.330524" lon="-69.73915">
      <ele>3819</ele>
    </trkpt>
    <trkpt lat="-30.331258" lon="-69.737734">
      <ele>3808</ele>
    </trkpt>
    <trkpt lat="-30.331909" lon="-69.736543">
      <ele>3804</ele>
    </trkpt>
    <trkpt lat="-30.332332" lon="-69.735765">
      <ele>3803</ele>
    </trkpt>
    <trkpt lat="-30.33249" lon="-69.735454">
      <ele>3804</ele>
    </trkpt>
    <trkpt lat="-30.332668" lon="-69.735108">
      <ele>3803</ele>
    </trkpt>
    <trkpt lat="-30.332795" lon="-69.734859">
      <ele>3799</ele>
    </trkpt>
    <trkpt lat="-30.332999" lon="-69.734462">
      <ele>3793</ele>
    </trkpt>
    <trkpt lat="-30.333221" lon="-69.734054">
      <ele>3796</ele>
    </trkpt>
    <trkpt lat="-30.333705" lon="-69.733174">
      <ele>3799</ele>
    </trkpt>
    <trkpt lat="-30.333967" lon="-69.732649">
      <ele>3799</ele>
    </trkpt>
    <trkpt lat="-30.334117" lon="-69.732305">
      <ele>3798</ele>
    </trkpt>
    <trkpt lat="-30.334219" lon="-69.732045">
      <ele>3797</ele>
    </trkpt>
    <trkpt lat="-30.334279" lon="-69.73183">
      <ele>3795</ele>
    </trkpt>
    <trkpt lat="-30.334321" lon="-69.73161">
      <ele>3793</ele>
    </trkpt>
    <trkpt lat="-30.334495" lon="-69.730591">
      <ele>3789</ele>
    </trkpt>
    <trkpt lat="-30.334562" lon="-69.730237">
      <ele>3790</ele>
    </trkpt>
    <trkpt lat="-30.334615" lon="-69.729988">
      <ele>3789</ele>
    </trkpt>
    <trkpt lat="-30.334677" lon="-69.729811">
      <ele>3790</ele>
    </trkpt>
    <trkpt lat="-30.334867" lon="-69.729473">
      <ele>3791</ele>
    </trkpt>
    <trkpt lat="-30.334997" lon="-69.729272">
      <ele>3791</ele>
    </trkpt>
    <trkpt lat="-30.33615" lon="-69.727802">
      <ele>3788</ele>
    </trkpt>
    <trkpt lat="-30.336374" lon="-69.727525">
      <ele>3789</ele>
    </trkpt>
    <trkpt lat="-30.336976" lon="-69.726785">
      <ele>3793</ele>
    </trkpt>
    <trkpt lat="-30.337115" lon="-69.726616">
      <ele>3791</ele>
    </trkpt>
    <trkpt lat="-30.33802" lon="-69.725484">
      <ele>3784</ele>
    </trkpt>
    <trkpt lat="-30.338277" lon="-69.725168">
      <ele>3788</ele>
    </trkpt>
    <trkpt lat="-30.338421" lon="-69.724985">
      <ele>3787</ele>
    </trkpt>
    <trkpt lat="-30.338761" lon="-69.724546">
      <ele>3785</ele>
    </trkpt>
    <trkpt lat="-30.339363" lon="-69.723768">
      <ele>3779</ele>
    </trkpt>
    <trkpt lat="-30.339678" lon="-69.723379">
      <ele>3779</ele>
    </trkpt>
    <trkpt lat="-30.339898" lon="-69.723116">
      <ele>3776</ele>
    </trkpt>
    <trkpt lat="-30.340136" lon="-69.722837">
      <ele>3775</ele>
    </trkpt>
    <trkpt lat="-30.340368" lon="-69.722625">
      <ele>3778</ele>
    </trkpt>
    <trkpt lat="-30.340918" lon="-69.722201">
      <ele>3779</ele>
    </trkpt>
    <trkpt lat="-30.34165" lon="-69.721659">
      <ele>3773</ele>
    </trkpt>
    <trkpt lat="-30.342541" lon="-69.721005">
      <ele>3770</ele>
    </trkpt>
    <trkpt lat="-30.3434" lon="-69.720372">
      <ele>3767</ele>
    </trkpt>
    <trkpt lat="-30.344321" lon="-69.719691">
      <ele>3765</ele>
    </trkpt>
    <trkpt lat="-30.344891" lon="-69.71924">
      <ele>3760</ele>
    </trkpt>
    <trkpt lat="-30.345303" lon="-69.718945">
      <ele>3769</ele>
    </trkpt>
    <trkpt lat="-30.347286" lon="-69.717542">
      <ele>3765</ele>
    </trkpt>
    <trkpt lat="-30.347543" lon="-69.717304">
      <ele>3763</ele>
    </trkpt>
    <trkpt lat="-30.347691" lon="-69.717084">
      <ele>3759</ele>
    </trkpt>
    <trkpt lat="-30.347766" lon="-69.716941">
      <ele>3758</ele>
    </trkpt>
    <trkpt lat="-30.347833" lon="-69.716748">
      <ele>3757</ele>
    </trkpt>
    <trkpt lat="-30.347877" lon="-69.716469">
      <ele>3755</ele>
    </trkpt>
    <trkpt lat="-30.347891" lon="-69.71622">
      <ele>3753</ele>
    </trkpt>
    <trkpt lat="-30.347865" lon="-69.715794">
      <ele>3751</ele>
    </trkpt>
    <trkpt lat="-30.347814" lon="-69.715431">
      <ele>3752</ele>
    </trkpt>
    <trkpt lat="-30.347742" lon="-69.714927">
      <ele>3758</ele>
    </trkpt>
    <trkpt lat="-30.347728" lon="-69.714793">
      <ele>3757</ele>
    </trkpt>
    <trkpt lat="-30.347717" lon="-69.7146">
      <ele>3757</ele>
    </trkpt>
    <trkpt lat="-30.347717" lon="-69.714289">
      <ele>3755</ele>
    </trkpt>
    <trkpt lat="-30.347752" lon="-69.713624">
      <ele>3752</ele>
    </trkpt>
    <trkpt lat="-30.347786" lon="-69.713288">
      <ele>3751</ele>
    </trkpt>
    <trkpt lat="-30.347828" lon="-69.713058">
      <ele>3752</ele>
    </trkpt>
    <trkpt lat="-30.347853" lon="-69.712953">
      <ele>3753</ele>
    </trkpt>
    <trkpt lat="-30.347881" lon="-69.71284">
      <ele>3754</ele>
    </trkpt>
    <trkpt lat="-30.347985" lon="-69.712535">
      <ele>3757</ele>
    </trkpt>
    <trkpt lat="-30.348254" lon="-69.711827">
      <ele>3758</ele>
    </trkpt>
    <trkpt lat="-30.348395" lon="-69.711456">
      <ele>3758</ele>
    </trkpt>
    <trkpt lat="-30.348518" lon="-69.711169">
      <ele>3758</ele>
    </trkpt>
    <trkpt lat="-30.348659" lon="-69.710896">
      <ele>3756</ele>
    </trkpt>
    <trkpt lat="-30.348802" lon="-69.71063">
      <ele>3751</ele>
    </trkpt>
    <trkpt lat="-30.348941" lon="-69.710424">
      <ele>3749</ele>
    </trkpt>
    <trkpt lat="-30.349108" lon="-69.710241">
      <ele>3751</ele>
    </trkpt>
    <trkpt lat="-30.349365" lon="-69.709984">
      <ele>3750</ele>
    </trkpt>
    <trkpt lat="-30.34987" lon="-69.709402">
      <ele>3742</ele>
    </trkpt>
    <trkpt lat="-30.350022" lon="-69.709209">
      <ele>3743</ele>
    </trkpt>
    <trkpt lat="-30.350115" lon="-69.709042">
      <ele>3744</ele>
    </trkpt>
    <trkpt lat="-30.350258" lon="-69.70878">
      <ele>3743</ele>
    </trkpt>
    <trkpt lat="-30.350386" lon="-69.708592">
      <ele>3742</ele>
    </trkpt>
    <trkpt lat="-30.350543" lon="-69.708377">
      <ele>3741</ele>
    </trkpt>
    <trkpt lat="-30.350768" lon="-69.708149">
      <ele>3737</ele>
    </trkpt>
    <trkpt lat="-30.350962" lon="-69.707994">
      <ele>3737</ele>
    </trkpt>
    <trkpt lat="-30.351633" lon="-69.707605">
      <ele>3734</ele>
    </trkpt>
    <trkpt lat="-30.351805" lon="-69.707514">
      <ele>3731</ele>
    </trkpt>
    <trkpt lat="-30.35224" lon="-69.707269">
      <ele>3735</ele>
    </trkpt>
    <trkpt lat="-30.352471" lon="-69.707119">
      <ele>3734</ele>
    </trkpt>
    <trkpt lat="-30.352726" lon="-69.706937">
      <ele>3731</ele>
    </trkpt>
    <trkpt lat="-30.352962" lon="-69.706773">
      <ele>3730</ele>
    </trkpt>
    <trkpt lat="-30.353233" lon="-69.706583">
      <ele>3728</ele>
    </trkpt>
    <trkpt lat="-30.35361" lon="-69.706312">
      <ele>3724</ele>
    </trkpt>
    <trkpt lat="-30.353816" lon="-69.706159">
      <ele>3722</ele>
    </trkpt>
    <trkpt lat="-30.353976" lon="-69.706033">
      <ele>3722</ele>
    </trkpt>
    <trkpt lat="-30.354098" lon="-69.705918">
      <ele>3722</ele>
    </trkpt>
    <trkpt lat="-30.354219" lon="-69.705789">
      <ele>3721</ele>
    </trkpt>
    <trkpt lat="-30.354316" lon="-69.705665">
      <ele>3721</ele>
    </trkpt>
    <trkpt lat="-30.354429" lon="-69.705505">
      <ele>3722</ele>
    </trkpt>
    <trkpt lat="-30.354517" lon="-69.705354">
      <ele>3721</ele>
    </trkpt>
    <trkpt lat="-30.354661" lon="-69.705116">
      <ele>3719</ele>
    </trkpt>
    <trkpt lat="-30.354857" lon="-69.704802">
      <ele>3719</ele>
    </trkpt>
    <trkpt lat="-30.35508" lon="-69.704458">
      <ele>3719</ele>
    </trkpt>
    <trkpt lat="-30.355246" lon="-69.70419">
      <ele>3717</ele>
    </trkpt>
    <trkpt lat="-30.355394" lon="-69.70393">
      <ele>3720</ele>
    </trkpt>
    <trkpt lat="-30.355441" lon="-69.703844">
      <ele>3721</ele>
    </trkpt>
    <trkpt lat="-30.355492" lon="-69.703732">
      <ele>3723</ele>
    </trkpt>
    <trkpt lat="-30.355536" lon="-69.703627">
      <ele>3724</ele>
    </trkpt>
    <trkpt lat="-30.35557" lon="-69.703509">
      <ele>3724</ele>
    </trkpt>
    <trkpt lat="-30.35561" lon="-69.703367">
      <ele>3724</ele>
    </trkpt>
    <trkpt lat="-30.35564" lon="-69.703198">
      <ele>3721</ele>
    </trkpt>
    <trkpt lat="-30.355665" lon="-69.703005">
      <ele>3716</ele>
    </trkpt>
    <trkpt lat="-30.35567" lon="-69.702817">
      <ele>3712</ele>
    </trkpt>
    <trkpt lat="-30.355658" lon="-69.702651">
      <ele>3712</ele>
    </trkpt>
    <trkpt lat="-30.35563" lon="-69.702498">
      <ele>3712</ele>
    </trkpt>
    <trkpt lat="-30.355561" lon="-69.702152">
      <ele>3709</ele>
    </trkpt>
    <trkpt lat="-30.355462" lon="-69.701739">
      <ele>3707</ele>
    </trkpt>
    <trkpt lat="-30.355357" lon="-69.701293">
      <ele>3705</ele>
    </trkpt>
    <trkpt lat="-30.355188" lon="-69.700615">
      <ele>3704</ele>
    </trkpt>
    <trkpt lat="-30.355024" lon="-69.699963">
      <ele>3695</ele>
    </trkpt>
    <trkpt lat="-30.354962" lon="-69.699687">
      <ele>3692</ele>
    </trkpt>
    <trkpt lat="-30.354934" lon="-69.699502">
      <ele>3691</ele>
    </trkpt>
    <trkpt lat="-30.354922" lon="-69.699327">
      <ele>3690</ele>
    </trkpt>
    <trkpt lat="-30.354911" lon="-69.699102">
      <ele>3688</ele>
    </trkpt>
    <trkpt lat="-30.354915" lon="-69.699">
      <ele>3686</ele>
    </trkpt>
    <trkpt lat="-30.354925" lon="-69.698853">
      <ele>3685</ele>
    </trkpt>
    <trkpt lat="-30.354957" lon="-69.698689">
      <ele>3684</ele>
    </trkpt>
    <trkpt lat="-30.355001" lon="-69.698525">
      <ele>3685</ele>
    </trkpt>
    <trkpt lat="-30.355047" lon="-69.698399">
      <ele>3686</ele>
    </trkpt>
    <trkpt lat="-30.355091" lon="-69.698303">
      <ele>3687</ele>
    </trkpt>
    <trkpt lat="-30.355151" lon="-69.698185">
      <ele>3689</ele>
    </trkpt>
    <trkpt lat="-30.355272" lon="-69.697959">
      <ele>3691</ele>
    </trkpt>
    <trkpt lat="-30.355415" lon="-69.697718">
      <ele>3689</ele>
    </trkpt>
    <trkpt lat="-30.355656" lon="-69.697329">
      <ele>3684</ele>
    </trkpt>
    <trkpt lat="-30.355978" lon="-69.696817">
      <ele>3677</ele>
    </trkpt>
    <trkpt lat="-30.356149" lon="-69.696557">
      <ele>3678</ele>
    </trkpt>
    <trkpt lat="-30.356556" lon="-69.695985">
      <ele>3680</ele>
    </trkpt>
    <trkpt lat="-30.356642" lon="-69.695875">
      <ele>3681</ele>
    </trkpt>
    <trkpt lat="-30.356737" lon="-69.695733">
      <ele>3685</ele>
    </trkpt>
    <trkpt lat="-30.356755" lon="-69.695682">
      <ele>3685</ele>
    </trkpt>
    <trkpt lat="-30.356772" lon="-69.695605">
      <ele>3684</ele>
    </trkpt>
    <trkpt lat="-30.356762" lon="-69.695486">
      <ele>3683</ele>
    </trkpt>
    <trkpt lat="-30.356723" lon="-69.695387">
      <ele>3680</ele>
    </trkpt>
    <trkpt lat="-30.356684" lon="-69.695318">
      <ele>3678</ele>
    </trkpt>
    <trkpt lat="-30.356614" lon="-69.695237">
      <ele>3676</ele>
    </trkpt>
    <trkpt lat="-30.356547" lon="-69.695189">
      <ele>3674</ele>
    </trkpt>
    <trkpt lat="-30.356471" lon="-69.695149">
      <ele>3672</ele>
    </trkpt>
    <trkpt lat="-30.356376" lon="-69.695119">
      <ele>3670</ele>
    </trkpt>
    <trkpt lat="-30.356269" lon="-69.695116">
      <ele>3669</ele>
    </trkpt>
    <trkpt lat="-30.356172" lon="-69.695143">
      <ele>3668</ele>
    </trkpt>
    <trkpt lat="-30.356066" lon="-69.695202">
      <ele>3667</ele>
    </trkpt>
    <trkpt lat="-30.355996" lon="-69.695277">
      <ele>3668</ele>
    </trkpt>
    <trkpt lat="-30.355959" lon="-69.695363">
      <ele>3668</ele>
    </trkpt>
    <trkpt lat="-30.355931" lon="-69.695473">
      <ele>3668</ele>
    </trkpt>
    <trkpt lat="-30.355913" lon="-69.695602">
      <ele>3669</ele>
    </trkpt>
    <trkpt lat="-30.355885" lon="-69.695822">
      <ele>3668</ele>
    </trkpt>
    <trkpt lat="-30.355857" lon="-69.696042">
      <ele>3668</ele>
    </trkpt>
    <trkpt lat="-30.355834" lon="-69.696173">
      <ele>3669</ele>
    </trkpt>
    <trkpt lat="-30.355797" lon="-69.69628">
      <ele>3669</ele>
    </trkpt>
    <trkpt lat="-30.355744" lon="-69.696369">
      <ele>3669</ele>
    </trkpt>
    <trkpt lat="-30.355674" lon="-69.696439">
      <ele>3667</ele>
    </trkpt>
    <trkpt lat="-30.355603" lon="-69.696487">
      <ele>3666</ele>
    </trkpt>
    <trkpt lat="-30.355536" lon="-69.696527">
      <ele>3666</ele>
    </trkpt>
    <trkpt lat="-30.355452" lon="-69.696549">
      <ele>3666</ele>
    </trkpt>
    <trkpt lat="-30.355337" lon="-69.696551">
      <ele>3666</ele>
    </trkpt>
    <trkpt lat="-30.355244" lon="-69.696527">
      <ele>3666</ele>
    </trkpt>
    <trkpt lat="-30.355147" lon="-69.696479">
      <ele>3666</ele>
    </trkpt>
    <trkpt lat="-30.355077" lon="-69.696417">
      <ele>3667</ele>
    </trkpt>
    <trkpt lat="-30.355017" lon="-69.696342">
      <ele>3667</ele>
    </trkpt>
    <trkpt lat="-30.354962" lon="-69.696243">
      <ele>3666</ele>
    </trkpt>
    <trkpt lat="-30.354927" lon="-69.696125">
      <ele>3665</ele>
    </trkpt>
    <trkpt lat="-30.354901" lon="-69.695975">
      <ele>3665</ele>
    </trkpt>
    <trkpt lat="-30.354904" lon="-69.695835">
      <ele>3666</ele>
    </trkpt>
    <trkpt lat="-30.35492" lon="-69.695696">
      <ele>3667</ele>
    </trkpt>
    <trkpt lat="-30.354952" lon="-69.69557">
      <ele>3668</ele>
    </trkpt>
    <trkpt lat="-30.355024" lon="-69.695409">
      <ele>3666</ele>
    </trkpt>
    <trkpt lat="-30.3551" lon="-69.695301">
      <ele>3665</ele>
    </trkpt>
    <trkpt lat="-30.355172" lon="-69.695216">
      <ele>3664</ele>
    </trkpt>
    <trkpt lat="-30.3553" lon="-69.695124">
      <ele>3663</ele>
    </trkpt>
    <trkpt lat="-30.355478" lon="-69.695014">
      <ele>3662</ele>
    </trkpt>
    <trkpt lat="-30.355656" lon="-69.694899">
      <ele>3661</ele>
    </trkpt>
    <trkpt lat="-30.355818" lon="-69.694768">
      <ele>3660</ele>
    </trkpt>
    <trkpt lat="-30.355975" lon="-69.694596">
      <ele>3657</ele>
    </trkpt>
    <trkpt lat="-30.356174" lon="-69.694365">
      <ele>3655</ele>
    </trkpt>
    <trkpt lat="-30.356457" lon="-69.69406">
      <ele>3653</ele>
    </trkpt>
    <trkpt lat="-30.356691" lon="-69.693799">
      <ele>3650</ele>
    </trkpt>
    <trkpt lat="-30.356843" lon="-69.693628">
      <ele>3649</ele>
    </trkpt>
    <trkpt lat="-30.357031" lon="-69.693394">
      <ele>3649</ele>
    </trkpt>
    <trkpt lat="-30.357179" lon="-69.693158">
      <ele>3651</ele>
    </trkpt>
    <trkpt lat="-30.357297" lon="-69.692928">
      <ele>3649</ele>
    </trkpt>
    <trkpt lat="-30.357438" lon="-69.692558">
      <ele>3644</ele>
    </trkpt>
    <trkpt lat="-30.357572" lon="-69.692252">
      <ele>3644</ele>
    </trkpt>
    <trkpt lat="-30.357709" lon="-69.691954">
      <ele>3645</ele>
    </trkpt>
    <trkpt lat="-30.357813" lon="-69.691688">
      <ele>3636</ele>
    </trkpt>
    <trkpt lat="-30.357841" lon="-69.691621">
      <ele>3635</ele>
    </trkpt>
    <trkpt lat="-30.357876" lon="-69.691544">
      <ele>3634</ele>
    </trkpt>
    <trkpt lat="-30.357896" lon="-69.691461">
      <ele>3632</ele>
    </trkpt>
    <trkpt lat="-30.357901" lon="-69.691385">
      <ele>3630</ele>
    </trkpt>
    <trkpt lat="-30.35788" lon="-69.69131">
      <ele>3629</ele>
    </trkpt>
    <trkpt lat="-30.357836" lon="-69.691233">
      <ele>3627</ele>
    </trkpt>
    <trkpt lat="-30.357783" lon="-69.691192">
      <ele>3626</ele>
    </trkpt>
    <trkpt lat="-30.35772" lon="-69.691157">
      <ele>3625</ele>
    </trkpt>
    <trkpt lat="-30.357649" lon="-69.691144">
      <ele>3625</ele>
    </trkpt>
    <trkpt lat="-30.357563" lon="-69.691155">
      <ele>3624</ele>
    </trkpt>
    <trkpt lat="-30.357496" lon="-69.691192">
      <ele>3623</ele>
    </trkpt>
    <trkpt lat="-30.357438" lon="-69.691246">
      <ele>3620</ele>
    </trkpt>
    <trkpt lat="-30.357401" lon="-69.691337">
      <ele>3619</ele>
    </trkpt>
    <trkpt lat="-30.357352" lon="-69.69149">
      <ele>3617</ele>
    </trkpt>
    <trkpt lat="-30.357276" lon="-69.691764">
      <ele>3615</ele>
    </trkpt>
    <trkpt lat="-30.357204" lon="-69.692026">
      <ele>3620</ele>
    </trkpt>
    <trkpt lat="-30.357167" lon="-69.692144">
      <ele>3624</ele>
    </trkpt>
    <trkpt lat="-30.357121" lon="-69.692254">
      <ele>3626</ele>
    </trkpt>
    <trkpt lat="-30.357075" lon="-69.692346">
      <ele>3626</ele>
    </trkpt>
    <trkpt lat="-30.357024" lon="-69.692431">
      <ele>3627</ele>
    </trkpt>
    <trkpt lat="-30.356945" lon="-69.692547">
      <ele>3627</ele>
    </trkpt>
    <trkpt lat="-30.356802" lon="-69.692732">
      <ele>3625</ele>
    </trkpt>
    <trkpt lat="-30.356647" lon="-69.692912">
      <ele>3622</ele>
    </trkpt>
    <trkpt lat="-30.356387" lon="-69.693209">
      <ele>3621</ele>
    </trkpt>
    <trkpt lat="-30.356306" lon="-69.69329">
      <ele>3621</ele>
    </trkpt>
    <trkpt lat="-30.356221" lon="-69.693327">
      <ele>3620</ele>
    </trkpt>
    <trkpt lat="-30.356105" lon="-69.693351">
      <ele>3619</ele>
    </trkpt>
    <trkpt lat="-30.356012" lon="-69.693346">
      <ele>3618</ele>
    </trkpt>
    <trkpt lat="-30.355929" lon="-69.693319">
      <ele>3616</ele>
    </trkpt>
    <trkpt lat="-30.35582" lon="-69.693255">
      <ele>3613</ele>
    </trkpt>
    <trkpt lat="-30.355753" lon="-69.693196">
      <ele>3612</ele>
    </trkpt>
    <trkpt lat="-30.355705" lon="-69.693132">
      <ele>3611</ele>
    </trkpt>
    <trkpt lat="-30.355663" lon="-69.693051">
      <ele>3609</ele>
    </trkpt>
    <trkpt lat="-30.355644" lon="-69.692963">
      <ele>3609</ele>
    </trkpt>
    <trkpt lat="-30.35564" lon="-69.69289">
      <ele>3609</ele>
    </trkpt>
    <trkpt lat="-30.355642" lon="-69.692777">
      <ele>3609</ele>
    </trkpt>
    <trkpt lat="-30.355672" lon="-69.692657">
      <ele>3611</ele>
    </trkpt>
    <trkpt lat="-30.355707" lon="-69.692485">
      <ele>3613</ele>
    </trkpt>
    <trkpt lat="-30.355739" lon="-69.692324">
      <ele>3613</ele>
    </trkpt>
    <trkpt lat="-30.355792" lon="-69.692005">
      <ele>3610</ele>
    </trkpt>
    <trkpt lat="-30.35583" lon="-69.691782">
      <ele>3606</ele>
    </trkpt>
    <trkpt lat="-30.355862" lon="-69.691584">
      <ele>3605</ele>
    </trkpt>
    <trkpt lat="-30.35595" lon="-69.69119">
      <ele>3605</ele>
    </trkpt>
    <trkpt lat="-30.356017" lon="-69.690911">
      <ele>3605</ele>
    </trkpt>
    <trkpt lat="-30.356063" lon="-69.690693">
      <ele>3603</ele>
    </trkpt>
    <trkpt lat="-30.356117" lon="-69.69053">
      <ele>3601</ele>
    </trkpt>
    <trkpt lat="-30.35617" lon="-69.690414">
      <ele>3602</ele>
    </trkpt>
    <trkpt lat="-30.356239" lon="-69.69031">
      <ele>3602</ele>
    </trkpt>
    <trkpt lat="-30.356336" lon="-69.690189">
      <ele>3602</ele>
    </trkpt>
    <trkpt lat="-30.356434" lon="-69.690109">
      <ele>3600</ele>
    </trkpt>
    <trkpt lat="-30.356591" lon="-69.690004">
      <ele>3597</ele>
    </trkpt>
    <trkpt lat="-30.356832" lon="-69.689848">
      <ele>3594</ele>
    </trkpt>
    <trkpt lat="-30.357177" lon="-69.689623">
      <ele>3590</ele>
    </trkpt>
    <trkpt lat="-30.357288" lon="-69.689532">
      <ele>3592</ele>
    </trkpt>
    <trkpt lat="-30.357415" lon="-69.689393">
      <ele>3596</ele>
    </trkpt>
    <trkpt lat="-30.357533" lon="-69.689234">
      <ele>3602</ele>
    </trkpt>
    <trkpt lat="-30.357651" lon="-69.689068">
      <ele>3608</ele>
    </trkpt>
    <trkpt lat="-30.357792" lon="-69.688851">
      <ele>3614</ele>
    </trkpt>
    <trkpt lat="-30.357929" lon="-69.688591">
      <ele>3609</ele>
    </trkpt>
    <trkpt lat="-30.35801" lon="-69.688422">
      <ele>3604</ele>
    </trkpt>
    <trkpt lat="-30.358095" lon="-69.688234">
      <ele>3598</ele>
    </trkpt>
    <trkpt lat="-30.358218" lon="-69.688">
      <ele>3594</ele>
    </trkpt>
    <trkpt lat="-30.358366" lon="-69.687767">
      <ele>3597</ele>
    </trkpt>
    <trkpt lat="-30.358498" lon="-69.687544">
      <ele>3596</ele>
    </trkpt>
    <trkpt lat="-30.358581" lon="-69.687397">
      <ele>3593</ele>
    </trkpt>
    <trkpt lat="-30.358662" lon="-69.687207">
      <ele>3590</ele>
    </trkpt>
    <trkpt lat="-30.358748" lon="-69.686992">
      <ele>3592</ele>
    </trkpt>
    <trkpt lat="-30.358841" lon="-69.686713">
      <ele>3592</ele>
    </trkpt>
    <trkpt lat="-30.358926" lon="-69.686447">
      <ele>3588</ele>
    </trkpt>
    <trkpt lat="-30.358989" lon="-69.68626">
      <ele>3584</ele>
    </trkpt>
    <trkpt lat="-30.359042" lon="-69.686085">
      <ele>3581</ele>
    </trkpt>
    <trkpt lat="-30.359146" lon="-69.685887">
      <ele>3578</ele>
    </trkpt>
    <trkpt lat="-30.359241" lon="-69.685718">
      <ele>3579</ele>
    </trkpt>
    <trkpt lat="-30.359345" lon="-69.685544">
      <ele>3582</ele>
    </trkpt>
    <trkpt lat="-30.359454" lon="-69.685367">
      <ele>3584</ele>
    </trkpt>
    <trkpt lat="-30.359516" lon="-69.685227">
      <ele>3586</ele>
    </trkpt>
    <trkpt lat="-30.359556" lon="-69.685088">
      <ele>3586</ele>
    </trkpt>
    <trkpt lat="-30.359581" lon="-69.684908">
      <ele>3584</ele>
    </trkpt>
    <trkpt lat="-30.359607" lon="-69.684701">
      <ele>3580</ele>
    </trkpt>
    <trkpt lat="-30.35963" lon="-69.684532">
      <ele>3578</ele>
    </trkpt>
    <trkpt lat="-30.359681" lon="-69.684382">
      <ele>3577</ele>
    </trkpt>
    <trkpt lat="-30.359739" lon="-69.684245">
      <ele>3578</ele>
    </trkpt>
    <trkpt lat="-30.359831" lon="-69.68409">
      <ele>3582</ele>
    </trkpt>
    <trkpt lat="-30.359931" lon="-69.68395">
      <ele>3584</ele>
    </trkpt>
    <trkpt lat="-30.360016" lon="-69.683811">
      <ele>3583</ele>
    </trkpt>
    <trkpt lat="-30.360086" lon="-69.68369">
      <ele>3583</ele>
    </trkpt>
    <trkpt lat="-30.360178" lon="-69.683486">
      <ele>3583</ele>
    </trkpt>
    <trkpt lat="-30.360245" lon="-69.68325">
      <ele>3581</ele>
    </trkpt>
    <trkpt lat="-30.360278" lon="-69.683087">
      <ele>3577</ele>
    </trkpt>
    <trkpt lat="-30.360313" lon="-69.682816">
      <ele>3569</ele>
    </trkpt>
    <trkpt lat="-30.360345" lon="-69.682534">
      <ele>3561</ele>
    </trkpt>
    <trkpt lat="-30.360391" lon="-69.682333">
      <ele>3560</ele>
    </trkpt>
    <trkpt lat="-30.360468" lon="-69.682143">
      <ele>3563</ele>
    </trkpt>
    <trkpt lat="-30.360565" lon="-69.681952">
      <ele>3567</ele>
    </trkpt>
    <trkpt lat="-30.360664" lon="-69.681807">
      <ele>3568</ele>
    </trkpt>
    <trkpt lat="-30.360801" lon="-69.681644">
      <ele>3570</ele>
    </trkpt>
    <trkpt lat="-30.361014" lon="-69.68141">
      <ele>3567</ele>
    </trkpt>
    <trkpt lat="-30.36118" lon="-69.681225">
      <ele>3564</ele>
    </trkpt>
    <trkpt lat="-30.361287" lon="-69.681083">
      <ele>3564</ele>
    </trkpt>
    <trkpt lat="-30.361375" lon="-69.680933">
      <ele>3563</ele>
    </trkpt>
    <trkpt lat="-30.361467" lon="-69.680694">
      <ele>3562</ele>
    </trkpt>
    <trkpt lat="-30.361583" lon="-69.680378">
      <ele>3561</ele>
    </trkpt>
    <trkpt lat="-30.361662" lon="-69.680184">
      <ele>3561</ele>
    </trkpt>
    <trkpt lat="-30.361787" lon="-69.679897">
      <ele>3562</ele>
    </trkpt>
    <trkpt lat="-30.361856" lon="-69.679694">
      <ele>3564</ele>
    </trkpt>
    <trkpt lat="-30.361882" lon="-69.67956">
      <ele>3565</ele>
    </trkpt>
    <trkpt lat="-30.361905" lon="-69.67938">
      <ele>3564</ele>
    </trkpt>
    <trkpt lat="-30.361905" lon="-69.679222">
      <ele>3560</ele>
    </trkpt>
    <trkpt lat="-30.361889" lon="-69.679061">
      <ele>3551</ele>
    </trkpt>
    <trkpt lat="-30.361889" lon="-69.678892">
      <ele>3542</ele>
    </trkpt>
    <trkpt lat="-30.361907" lon="-69.678787">
      <ele>3540</ele>
    </trkpt>
    <trkpt lat="-30.361963" lon="-69.678672">
      <ele>3540</ele>
    </trkpt>
    <trkpt lat="-30.36203" lon="-69.678578">
      <ele>3540</ele>
    </trkpt>
    <trkpt lat="-30.362136" lon="-69.678465">
      <ele>3543</ele>
    </trkpt>
    <trkpt lat="-30.362238" lon="-69.678382">
      <ele>3545</ele>
    </trkpt>
    <trkpt lat="-30.362368" lon="-69.67828">
      <ele>3547</ele>
    </trkpt>
    <trkpt lat="-30.362502" lon="-69.678159">
      <ele>3548</ele>
    </trkpt>
    <trkpt lat="-30.362578" lon="-69.678071">
      <ele>3544</ele>
    </trkpt>
    <trkpt lat="-30.362618" lon="-69.678015">
      <ele>3543</ele>
    </trkpt>
    <trkpt lat="-30.362671" lon="-69.677923">
      <ele>3540</ele>
    </trkpt>
    <trkpt lat="-30.362641" lon="-69.677776">
      <ele>3536</ele>
    </trkpt>
    <trkpt lat="-30.362916" lon="-69.677129">
      <ele>3536</ele>
    </trkpt>
    <trkpt lat="-30.363032" lon="-69.677124">
      <ele>3542</ele>
    </trkpt>
    <trkpt lat="-30.363115" lon="-69.676901">
      <ele>3539</ele>
    </trkpt>
    <trkpt lat="-30.363185" lon="-69.676711">
      <ele>3536</ele>
    </trkpt>
    <trkpt lat="-30.363254" lon="-69.676574">
      <ele>3533</ele>
    </trkpt>
    <trkpt lat="-30.363351" lon="-69.676437">
      <ele>3531</ele>
    </trkpt>
    <trkpt lat="-30.363479" lon="-69.676298">
      <ele>3530</ele>
    </trkpt>
    <trkpt lat="-30.363694" lon="-69.67607">
      <ele>3528</ele>
    </trkpt>
    <trkpt lat="-30.363835" lon="-69.675909">
      <ele>3530</ele>
    </trkpt>
    <trkpt lat="-30.363974" lon="-69.675724">
      <ele>3530</ele>
    </trkpt>
    <trkpt lat="-30.364115" lon="-69.675525">
      <ele>3531</ele>
    </trkpt>
    <trkpt lat="-30.364291" lon="-69.675273">
      <ele>3529</ele>
    </trkpt>
    <trkpt lat="-30.364393" lon="-69.675126">
      <ele>3527</ele>
    </trkpt>
    <trkpt lat="-30.364539" lon="-69.674922">
      <ele>3522</ele>
    </trkpt>
    <trkpt lat="-30.364636" lon="-69.67482">
      <ele>3519</ele>
    </trkpt>
    <trkpt lat="-30.364705" lon="-69.674758">
      <ele>3517</ele>
    </trkpt>
    <trkpt lat="-30.364856" lon="-69.67464">
      <ele>3516</ele>
    </trkpt>
    <trkpt lat="-30.364976" lon="-69.674549">
      <ele>3516</ele>
    </trkpt>
    <trkpt lat="-30.365099" lon="-69.674442">
      <ele>3519</ele>
    </trkpt>
    <trkpt lat="-30.36521" lon="-69.674319">
      <ele>3521</ele>
    </trkpt>
    <trkpt lat="-30.365328" lon="-69.674155">
      <ele>3523</ele>
    </trkpt>
    <trkpt lat="-30.365536" lon="-69.673822">
      <ele>3524</ele>
    </trkpt>
    <trkpt lat="-30.365881" lon="-69.673248">
      <ele>3520</ele>
    </trkpt>
    <trkpt lat="-30.366047" lon="-69.672945">
      <ele>3519</ele>
    </trkpt>
    <trkpt lat="-30.366119" lon="-69.672827">
      <ele>3518</ele>
    </trkpt>
    <trkpt lat="-30.366212" lon="-69.672669">
      <ele>3518</ele>
    </trkpt>
    <trkpt lat="-30.366288" lon="-69.672527">
      <ele>3517</ele>
    </trkpt>
    <trkpt lat="-30.366332" lon="-69.672436">
      <ele>3517</ele>
    </trkpt>
    <trkpt lat="-30.366358" lon="-69.672347">
      <ele>3518</ele>
    </trkpt>
    <trkpt lat="-30.366362" lon="-69.672259">
      <ele>3517</ele>
    </trkpt>
    <trkpt lat="-30.366348" lon="-69.672181">
      <ele>3517</ele>
    </trkpt>
    <trkpt lat="-30.366325" lon="-69.672114">
      <ele>3516</ele>
    </trkpt>
    <trkpt lat="-30.366277" lon="-69.672041">
      <ele>3514</ele>
    </trkpt>
    <trkpt lat="-30.366196" lon="-69.671972">
      <ele>3511</ele>
    </trkpt>
    <trkpt lat="-30.366131" lon="-69.671939">
      <ele>3509</ele>
    </trkpt>
    <trkpt lat="-30.366073" lon="-69.671918">
      <ele>3507</ele>
    </trkpt>
    <trkpt lat="-30.36601" lon="-69.67191">
      <ele>3505</ele>
    </trkpt>
    <trkpt lat="-30.365927" lon="-69.671907">
      <ele>3503</ele>
    </trkpt>
    <trkpt lat="-30.365839" lon="-69.671926">
      <ele>3501</ele>
    </trkpt>
    <trkpt lat="-30.365749" lon="-69.671977">
      <ele>3499</ele>
    </trkpt>
    <trkpt lat="-30.365691" lon="-69.672031">
      <ele>3498</ele>
    </trkpt>
    <trkpt lat="-30.365649" lon="-69.672103">
      <ele>3498</ele>
    </trkpt>
    <trkpt lat="-30.365624" lon="-69.672197">
      <ele>3498</ele>
    </trkpt>
    <trkpt lat="-30.365615" lon="-69.67232">
      <ele>3500</ele>
    </trkpt>
    <trkpt lat="-30.365622" lon="-69.672495">
      <ele>3503</ele>
    </trkpt>
    <trkpt lat="-30.365629" lon="-69.672693">
      <ele>3506</ele>
    </trkpt>
    <trkpt lat="-30.365636" lon="-69.672894">
      <ele>3508</ele>
    </trkpt>
    <trkpt lat="-30.365636" lon="-69.673071">
      <ele>3510</ele>
    </trkpt>
    <trkpt lat="-30.36561" lon="-69.673213">
      <ele>3512</ele>
    </trkpt>
    <trkpt lat="-30.365561" lon="-69.673342">
      <ele>3514</ele>
    </trkpt>
    <trkpt lat="-30.365494" lon="-69.673449">
      <ele>3513</ele>
    </trkpt>
    <trkpt lat="-30.365406" lon="-69.673554">
      <ele>3512</ele>
    </trkpt>
    <trkpt lat="-30.365254" lon="-69.673715">
      <ele>3509</ele>
    </trkpt>
    <trkpt lat="-30.36511" lon="-69.673857">
      <ele>3505</ele>
    </trkpt>
    <trkpt lat="-30.365004" lon="-69.673951">
      <ele>3502</ele>
    </trkpt>
    <trkpt lat="-30.364807" lon="-69.674091">
      <ele>3499</ele>
    </trkpt>
    <trkpt lat="-30.364515" lon="-69.6743">
      <ele>3499</ele>
    </trkpt>
    <trkpt lat="-30.364416" lon="-69.674394">
      <ele>3500</ele>
    </trkpt>
    <trkpt lat="-30.364342" lon="-69.674485">
      <ele>3501</ele>
    </trkpt>
    <trkpt lat="-30.364261" lon="-69.674619">
      <ele>3502</ele>
    </trkpt>
    <trkpt lat="-30.364136" lon="-69.674823">
      <ele>3504</ele>
    </trkpt>
    <trkpt lat="-30.364022" lon="-69.674981">
      <ele>3505</ele>
    </trkpt>
    <trkpt lat="-30.363858" lon="-69.675174">
      <ele>3506</ele>
    </trkpt>
    <trkpt lat="-30.363643" lon="-69.675397">
      <ele>3508</ele>
    </trkpt>
    <trkpt lat="-30.363425" lon="-69.675609">
      <ele>3507</ele>
    </trkpt>
    <trkpt lat="-30.363282" lon="-69.675743">
      <ele>3505</ele>
    </trkpt>
    <trkpt lat="-30.363192" lon="-69.675831">
      <ele>3503</ele>
    </trkpt>
    <trkpt lat="-30.363111" lon="-69.675866">
      <ele>3502</ele>
    </trkpt>
    <trkpt lat="-30.363004" lon="-69.67589">
      <ele>3500</ele>
    </trkpt>
    <trkpt lat="-30.362909" lon="-69.67588">
      <ele>3498</ele>
    </trkpt>
    <trkpt lat="-30.362814" lon="-69.675834">
      <ele>3496</ele>
    </trkpt>
    <trkpt lat="-30.362754" lon="-69.675786">
      <ele>3495</ele>
    </trkpt>
    <trkpt lat="-30.362713" lon="-69.675711">
      <ele>3494</ele>
    </trkpt>
    <trkpt lat="-30.362694" lon="-69.67563">
      <ele>3494</ele>
    </trkpt>
    <trkpt lat="-30.362692" lon="-69.675515">
      <ele>3494</ele>
    </trkpt>
    <trkpt lat="-30.36272" lon="-69.675405">
      <ele>3495</ele>
    </trkpt>
    <trkpt lat="-30.362754" lon="-69.675338">
      <ele>3494</ele>
    </trkpt>
    <trkpt lat="-30.362798" lon="-69.675281">
      <ele>3494</ele>
    </trkpt>
    <trkpt lat="-30.362856" lon="-69.675233">
      <ele>3494</ele>
    </trkpt>
    <trkpt lat="-30.362972" lon="-69.675196">
      <ele>3493</ele>
    </trkpt>
    <trkpt lat="-30.36318" lon="-69.675153">
      <ele>3492</ele>
    </trkpt>
    <trkpt lat="-30.363314" lon="-69.67512">
      <ele>3491</ele>
    </trkpt>
    <trkpt lat="-30.363421" lon="-69.675083">
      <ele>3492</ele>
    </trkpt>
    <trkpt lat="-30.363557" lon="-69.675008">
      <ele>3492</ele>
    </trkpt>
    <trkpt lat="-30.363627" lon="-69.67496">
      <ele>3492</ele>
    </trkpt>
    <trkpt lat="-30.363703" lon="-69.67489">
      <ele>3492</ele>
    </trkpt>
    <trkpt lat="-30.363826" lon="-69.674732">
      <ele>3489</ele>
    </trkpt>
    <trkpt lat="-30.363948" lon="-69.674538">
      <ele>3488</ele>
    </trkpt>
    <trkpt lat="-30.364076" lon="-69.674353">
      <ele>3489</ele>
    </trkpt>
    <trkpt lat="-30.3643" lon="-69.674074">
      <ele>3486</ele>
    </trkpt>
    <trkpt lat="-30.364529" lon="-69.673812">
      <ele>3481</ele>
    </trkpt>
    <trkpt lat="-30.364782" lon="-69.673525">
      <ele>3481</ele>
    </trkpt>
    <trkpt lat="-30.364964" lon="-69.673291">
      <ele>3484</ele>
    </trkpt>
    <trkpt lat="-30.365052" lon="-69.673149">
      <ele>3488</ele>
    </trkpt>
    <trkpt lat="-30.365112" lon="-69.673015">
      <ele>3490</ele>
    </trkpt>
    <trkpt lat="-30.365133" lon="-69.672918">
      <ele>3490</ele>
    </trkpt>
    <trkpt lat="-30.365156" lon="-69.672782">
      <ele>3490</ele>
    </trkpt>
    <trkpt lat="-30.365156" lon="-69.672591">
      <ele>3491</ele>
    </trkpt>
    <trkpt lat="-30.365161" lon="-69.672358">
      <ele>3489</ele>
    </trkpt>
    <trkpt lat="-30.36515" lon="-69.671905">
      <ele>3481</ele>
    </trkpt>
    <trkpt lat="-30.365147" lon="-69.67147">
      <ele>3475</ele>
    </trkpt>
    <trkpt lat="-30.365166" lon="-69.671191">
      <ele>3472</ele>
    </trkpt>
    <trkpt lat="-30.365203" lon="-69.67095">
      <ele>3471</ele>
    </trkpt>
    <trkpt lat="-30.365263" lon="-69.670765">
      <ele>3470</ele>
    </trkpt>
    <trkpt lat="-30.365365" lon="-69.670601">
      <ele>3468</ele>
    </trkpt>
    <trkpt lat="-30.365592" lon="-69.670322">
      <ele>3464</ele>
    </trkpt>
    <trkpt lat="-30.366031" lon="-69.669906">
      <ele>3466</ele>
    </trkpt>
    <trkpt lat="-30.36617" lon="-69.669769">
      <ele>3466</ele>
    </trkpt>
    <trkpt lat="-30.366307" lon="-69.669576">
      <ele>3466</ele>
    </trkpt>
    <trkpt lat="-30.366395" lon="-69.669391">
      <ele>3465</ele>
    </trkpt>
    <trkpt lat="-30.366466" lon="-69.66915">
      <ele>3464</ele>
    </trkpt>
    <trkpt lat="-30.366496" lon="-69.668841">
      <ele>3461</ele>
    </trkpt>
    <trkpt lat="-30.366517" lon="-69.66853">
      <ele>3461</ele>
    </trkpt>
    <trkpt lat="-30.366545" lon="-69.6682">
      <ele>3457</ele>
    </trkpt>
    <trkpt lat="-30.36661" lon="-69.667956">
      <ele>3454</ele>
    </trkpt>
    <trkpt lat="-30.366693" lon="-69.667763">
      <ele>3456</ele>
    </trkpt>
    <trkpt lat="-30.366816" lon="-69.667543">
      <ele>3457</ele>
    </trkpt>
    <trkpt lat="-30.366955" lon="-69.667374">
      <ele>3459</ele>
    </trkpt>
    <trkpt lat="-30.367124" lon="-69.66716">
      <ele>3461</ele>
    </trkpt>
    <trkpt lat="-30.367274" lon="-69.666983">
      <ele>3463</ele>
    </trkpt>
    <trkpt lat="-30.36748" lon="-69.666773">
      <ele>3464</ele>
    </trkpt>
    <trkpt lat="-30.367589" lon="-69.666591">
      <ele>3462</ele>
    </trkpt>
    <trkpt lat="-30.367681" lon="-69.666368">
      <ele>3461</ele>
    </trkpt>
    <trkpt lat="-30.367816" lon="-69.666025">
      <ele>3460</ele>
    </trkpt>
    <trkpt lat="-30.367966" lon="-69.665642">
      <ele>3452</ele>
    </trkpt>
    <trkpt lat="-30.368098" lon="-69.665344">
      <ele>3448</ele>
    </trkpt>
    <trkpt lat="-30.368204" lon="-69.665129">
      <ele>3446</ele>
    </trkpt>
    <trkpt lat="-30.368348" lon="-69.664818">
      <ele>3443</ele>
    </trkpt>
    <trkpt lat="-30.368489" lon="-69.664397">
      <ele>3444</ele>
    </trkpt>
    <trkpt lat="-30.368602" lon="-69.664051">
      <ele>3444</ele>
    </trkpt>
    <trkpt lat="-30.368723" lon="-69.663735">
      <ele>3445</ele>
    </trkpt>
    <trkpt lat="-30.368776" lon="-69.663512">
      <ele>3444</ele>
    </trkpt>
    <trkpt lat="-30.368787" lon="-69.663273">
      <ele>3442</ele>
    </trkpt>
    <trkpt lat="-30.368794" lon="-69.663013">
      <ele>3438</ele>
    </trkpt>
    <trkpt lat="-30.368801" lon="-69.662774">
      <ele>3435</ele>
    </trkpt>
    <trkpt lat="-30.368813" lon="-69.66268">
      <ele>3436</ele>
    </trkpt>
    <trkpt lat="-30.368831" lon="-69.662592">
      <ele>3438</ele>
    </trkpt>
    <trkpt lat="-30.368862" lon="-69.662487">
      <ele>3440</ele>
    </trkpt>
    <trkpt lat="-30.368882" lon="-69.662409">
      <ele>3440</ele>
    </trkpt>
    <trkpt lat="-30.368991" lon="-69.662085">
      <ele>3434</ele>
    </trkpt>
    <trkpt lat="-30.369144" lon="-69.661621">
      <ele>3427</ele>
    </trkpt>
    <trkpt lat="-30.369181" lon="-69.661511">
      <ele>3427</ele>
    </trkpt>
    <trkpt lat="-30.369255" lon="-69.661299">
      <ele>3426</ele>
    </trkpt>
    <trkpt lat="-30.369387" lon="-69.660926">
      <ele>3426</ele>
    </trkpt>
    <trkpt lat="-30.369519" lon="-69.66054">
      <ele>3426</ele>
    </trkpt>
    <trkpt lat="-30.369681" lon="-69.660022">
      <ele>3420</ele>
    </trkpt>
    <trkpt lat="-30.369771" lon="-69.659711">
      <ele>3418</ele>
    </trkpt>
    <trkpt lat="-30.369859" lon="-69.659373">
      <ele>3418</ele>
    </trkpt>
    <trkpt lat="-30.369896" lon="-69.65922">
      <ele>3419</ele>
    </trkpt>
    <trkpt lat="-30.369926" lon="-69.658998">
      <ele>3418</ele>
    </trkpt>
    <trkpt lat="-30.369945" lon="-69.65878">
      <ele>3416</ele>
    </trkpt>
    <trkpt lat="-30.369938" lon="-69.658451">
      <ele>3410</ele>
    </trkpt>
    <trkpt lat="-30.369952" lon="-69.658164">
      <ele>3410</ele>
    </trkpt>
    <trkpt lat="-30.369982" lon="-69.657799">
      <ele>3410</ele>
    </trkpt>
    <trkpt lat="-30.369993" lon="-69.657421">
      <ele>3407</ele>
    </trkpt>
    <trkpt lat="-30.370005" lon="-69.657139">
      <ele>3405</ele>
    </trkpt>
    <trkpt lat="-30.37003" lon="-69.656954">
      <ele>3407</ele>
    </trkpt>
    <trkpt lat="-30.370044" lon="-69.656763">
      <ele>3408</ele>
    </trkpt>
    <trkpt lat="-30.370039" lon="-69.656632">
      <ele>3409</ele>
    </trkpt>
    <trkpt lat="-30.370009" lon="-69.656495">
      <ele>3410</ele>
    </trkpt>
    <trkpt lat="-30.369965" lon="-69.65634">
      <ele>3411</ele>
    </trkpt>
    <trkpt lat="-30.369912" lon="-69.656141">
      <ele>3413</ele>
    </trkpt>
    <trkpt lat="-30.369859" lon="-69.65597">
      <ele>3412</ele>
    </trkpt>
    <trkpt lat="-30.369803" lon="-69.655825">
      <ele>3411</ele>
    </trkpt>
    <trkpt lat="-30.369748" lon="-69.655693">
      <ele>3407</ele>
    </trkpt>
    <trkpt lat="-30.369681" lon="-69.655562">
      <ele>3401</ele>
    </trkpt>
    <trkpt lat="-30.36963" lon="-69.65543">
      <ele>3398</ele>
    </trkpt>
    <trkpt lat="-30.3696" lon="-69.655251">
      <ele>3396</ele>
    </trkpt>
    <trkpt lat="-30.369595" lon="-69.655031">
      <ele>3396</ele>
    </trkpt>
    <trkpt lat="-30.369648" lon="-69.654709">
      <ele>3397</ele>
    </trkpt>
    <trkpt lat="-30.36981" lon="-69.653993">
      <ele>3401</ele>
    </trkpt>
    <trkpt lat="-30.369822" lon="-69.653944">
      <ele>3401</ele>
    </trkpt>
    <trkpt lat="-30.369831" lon="-69.653864">
      <ele>3400</ele>
    </trkpt>
    <trkpt lat="-30.369845" lon="-69.653743">
      <ele>3400</ele>
    </trkpt>
    <trkpt lat="-30.36982" lon="-69.653612">
      <ele>3399</ele>
    </trkpt>
    <trkpt lat="-30.369759" lon="-69.653507">
      <ele>3396</ele>
    </trkpt>
    <trkpt lat="-30.369683" lon="-69.653438">
      <ele>3395</ele>
    </trkpt>
    <trkpt lat="-30.369588" lon="-69.653392">
      <ele>3392</ele>
    </trkpt>
    <trkpt lat="-30.369479" lon="-69.653381">
      <ele>3390</ele>
    </trkpt>
    <trkpt lat="-30.369382" lon="-69.653397">
      <ele>3388</ele>
    </trkpt>
    <trkpt lat="-30.369301" lon="-69.653446">
      <ele>3387</ele>
    </trkpt>
    <trkpt lat="-30.369239" lon="-69.653505">
      <ele>3386</ele>
    </trkpt>
    <trkpt lat="-30.369195" lon="-69.653566">
      <ele>3385</ele>
    </trkpt>
    <trkpt lat="-30.369167" lon="-69.653657">
      <ele>3385</ele>
    </trkpt>
    <trkpt lat="-30.369151" lon="-69.653767">
      <ele>3386</ele>
    </trkpt>
    <trkpt lat="-30.369146" lon="-69.653891">
      <ele>3386</ele>
    </trkpt>
    <trkpt lat="-30.369144" lon="-69.654041">
      <ele>3386</ele>
    </trkpt>
    <trkpt lat="-30.369144" lon="-69.654261">
      <ele>3385</ele>
    </trkpt>
    <trkpt lat="-30.369144" lon="-69.654516">
      <ele>3381</ele>
    </trkpt>
    <trkpt lat="-30.369167" lon="-69.654811">
      <ele>3378</ele>
    </trkpt>
    <trkpt lat="-30.369216" lon="-69.655127">
      <ele>3376</ele>
    </trkpt>
    <trkpt lat="-30.369262" lon="-69.655379">
      <ele>3375</ele>
    </trkpt>
    <trkpt lat="-30.369304" lon="-69.655581">
      <ele>3375</ele>
    </trkpt>
    <trkpt lat="-30.369366" lon="-69.655771">
      <ele>3381</ele>
    </trkpt>
    <trkpt lat="-30.369419" lon="-69.655921">
      <ele>3385</ele>
    </trkpt>
    <trkpt lat="-30.369461" lon="-69.656088">
      <ele>3386</ele>
    </trkpt>
    <trkpt lat="-30.369491" lon="-69.65627">
      <ele>3384</ele>
    </trkpt>
    <trkpt lat="-30.369507" lon="-69.65646">
      <ele>3380</ele>
    </trkpt>
    <trkpt lat="-30.369509" lon="-69.656651">
      <ele>3374</ele>
    </trkpt>
    <trkpt lat="-30.369505" lon="-69.656884">
      <ele>3369</ele>
    </trkpt>
    <trkpt lat="-30.3695" lon="-69.657099">
      <ele>3370</ele>
    </trkpt>
    <trkpt lat="-30.369484" lon="-69.657292">
      <ele>3373</ele>
    </trkpt>
    <trkpt lat="-30.369442" lon="-69.657638">
      <ele>3379</ele>
    </trkpt>
    <trkpt lat="-30.369382" lon="-69.657933">
      <ele>3380</ele>
    </trkpt>
    <trkpt lat="-30.369313" lon="-69.658172">
      <ele>3376</ele>
    </trkpt>
    <trkpt lat="-30.369253" lon="-69.658308">
      <ele>3371</ele>
    </trkpt>
    <trkpt lat="-30.369188" lon="-69.658397">
      <ele>3368</ele>
    </trkpt>
    <trkpt lat="-30.369107" lon="-69.658464">
      <ele>3365</ele>
    </trkpt>
    <trkpt lat="-30.369033" lon="-69.658499">
      <ele>3362</ele>
    </trkpt>
    <trkpt lat="-30.368933" lon="-69.658531">
      <ele>3358</ele>
    </trkpt>
    <trkpt lat="-30.368862" lon="-69.658542">
      <ele>3357</ele>
    </trkpt>
    <trkpt lat="-30.368806" lon="-69.658539">
      <ele>3357</ele>
    </trkpt>
    <trkpt lat="-30.368741" lon="-69.658528">
      <ele>3358</ele>
    </trkpt>
    <trkpt lat="-30.368656" lon="-69.658488">
      <ele>3358</ele>
    </trkpt>
    <trkpt lat="-30.368586" lon="-69.658424">
      <ele>3358</ele>
    </trkpt>
    <trkpt lat="-30.368531" lon="-69.65833">
      <ele>3358</ele>
    </trkpt>
    <trkpt lat="-30.368496" lon="-69.658231">
      <ele>3359</ele>
    </trkpt>
    <trkpt lat="-30.368477" lon="-69.658115">
      <ele>3359</ele>
    </trkpt>
    <trkpt lat="-30.368473" lon="-69.657965">
      <ele>3358</ele>
    </trkpt>
    <trkpt lat="-30.368484" lon="-69.657828">
      <ele>3355</ele>
    </trkpt>
    <trkpt lat="-30.368501" lon="-69.657624">
      <ele>3354</ele>
    </trkpt>
    <trkpt lat="-30.368524" lon="-69.657399">
      <ele>3354</ele>
    </trkpt>
    <trkpt lat="-30.368542" lon="-69.657249">
      <ele>3353</ele>
    </trkpt>
    <trkpt lat="-30.368554" lon="-69.65712">
      <ele>3354</ele>
    </trkpt>
    <trkpt lat="-30.368556" lon="-69.656989">
      <ele>3354</ele>
    </trkpt>
    <trkpt lat="-30.368551" lon="-69.656868">
      <ele>3354</ele>
    </trkpt>
    <trkpt lat="-30.368542" lon="-69.656774">
      <ele>3354</ele>
    </trkpt>
    <trkpt lat="-30.368519" lon="-69.656675">
      <ele>3354</ele>
    </trkpt>
    <trkpt lat="-30.368487" lon="-69.656546">
      <ele>3353</ele>
    </trkpt>
    <trkpt lat="-30.368452" lon="-69.656417">
      <ele>3351</ele>
    </trkpt>
    <trkpt lat="-30.368394" lon="-69.656189">
      <ele>3350</ele>
    </trkpt>
    <trkpt lat="-30.368345" lon="-69.655945">
      <ele>3352</ele>
    </trkpt>
    <trkpt lat="-30.368313" lon="-69.655787">
      <ele>3355</ele>
    </trkpt>
    <trkpt lat="-30.36829" lon="-69.655699">
      <ele>3356</ele>
    </trkpt>
    <trkpt lat="-30.368262" lon="-69.655597">
      <ele>3357</ele>
    </trkpt>
    <trkpt lat="-30.368237" lon="-69.655495">
      <ele>3356</ele>
    </trkpt>
    <trkpt lat="-30.368225" lon="-69.655366">
      <ele>3354</ele>
    </trkpt>
    <trkpt lat="-30.368225" lon="-69.655264">
      <ele>3351</ele>
    </trkpt>
    <trkpt lat="-30.368239" lon="-69.655151">
      <ele>3349</ele>
    </trkpt>
    <trkpt lat="-30.368299" lon="-69.654902">
      <ele>3348</ele>
    </trkpt>
    <trkpt lat="-30.368378" lon="-69.654569">
      <ele>3351</ele>
    </trkpt>
    <trkpt lat="-30.368466" lon="-69.654277">
      <ele>3351</ele>
    </trkpt>
    <trkpt lat="-30.368519" lon="-69.654113">
      <ele>3353</ele>
    </trkpt>
    <trkpt lat="-30.368595" lon="-69.653923">
      <ele>3359</ele>
    </trkpt>
    <trkpt lat="-30.368665" lon="-69.653727">
      <ele>3363</ele>
    </trkpt>
    <trkpt lat="-30.368704" lon="-69.653564">
      <ele>3364</ele>
    </trkpt>
    <trkpt lat="-30.368737" lon="-69.653413">
      <ele>3364</ele>
    </trkpt>
    <trkpt lat="-30.368746" lon="-69.653277">
      <ele>3362</ele>
    </trkpt>
    <trkpt lat="-30.368744" lon="-69.653175">
      <ele>3360</ele>
    </trkpt>
    <trkpt lat="-30.368718" lon="-69.652965">
      <ele>3353</ele>
    </trkpt>
    <trkpt lat="-30.36869" lon="-69.652756">
      <ele>3345</ele>
    </trkpt>
    <trkpt lat="-30.368669" lon="-69.652526">
      <ele>3342</ele>
    </trkpt>
    <trkpt lat="-30.368651" lon="-69.652338">
      <ele>3340</ele>
    </trkpt>
    <trkpt lat="-30.368656" lon="-69.652142">
      <ele>3337</ele>
    </trkpt>
    <trkpt lat="-30.368674" lon="-69.651949">
      <ele>3334</ele>
    </trkpt>
    <trkpt lat="-30.368702" lon="-69.651809">
      <ele>3332</ele>
    </trkpt>
    <trkpt lat="-30.368767" lon="-69.651616">
      <ele>3331</ele>
    </trkpt>
    <trkpt lat="-30.368862" lon="-69.651437">
      <ele>3330</ele>
    </trkpt>
    <trkpt lat="-30.368975" lon="-69.651273">
      <ele>3331</ele>
    </trkpt>
    <trkpt lat="-30.369128" lon="-69.651091">
      <ele>3330</ele>
    </trkpt>
    <trkpt lat="-30.369313" lon="-69.650887">
      <ele>3326</ele>
    </trkpt>
    <trkpt lat="-30.369509" lon="-69.650683">
      <ele>3327</ele>
    </trkpt>
    <trkpt lat="-30.369741" lon="-69.650439">
      <ele>3329</ele>
    </trkpt>
    <trkpt lat="-30.369921" lon="-69.650278">
      <ele>3327</ele>
    </trkpt>
    <trkpt lat="-30.370044" lon="-69.650184">
      <ele>3326</ele>
    </trkpt>
    <trkpt lat="-30.370188" lon="-69.650095">
      <ele>3324</ele>
    </trkpt>
    <trkpt lat="-30.370308" lon="-69.650039">
      <ele>3323</ele>
    </trkpt>
    <trkpt lat="-30.370431" lon="-69.649986">
      <ele>3320</ele>
    </trkpt>
    <trkpt lat="-30.370588" lon="-69.649943">
      <ele>3317</ele>
    </trkpt>
    <trkpt lat="-30.370787" lon="-69.6499">
      <ele>3314</ele>
    </trkpt>
    <trkpt lat="-30.371032" lon="-69.649849">
      <ele>3313</ele>
    </trkpt>
    <trkpt lat="-30.371412" lon="-69.649782">
      <ele>3314</ele>
    </trkpt>
    <trkpt lat="-30.371608" lon="-69.649731">
      <ele>3315</ele>
    </trkpt>
    <trkpt lat="-30.371803" lon="-69.649648">
      <ele>3317</ele>
    </trkpt>
    <trkpt lat="-30.371958" lon="-69.649572">
      <ele>3319</ele>
    </trkpt>
    <trkpt lat="-30.372143" lon="-69.649457">
      <ele>3320</ele>
    </trkpt>
    <trkpt lat="-30.372275" lon="-69.649353">
      <ele>3320</ele>
    </trkpt>
    <trkpt lat="-30.372323" lon="-69.649307">
      <ele>3320</ele>
    </trkpt>
    <trkpt lat="-30.372421" lon="-69.649202">
      <ele>3318</ele>
    </trkpt>
    <trkpt lat="-30.372488" lon="-69.649125">
      <ele>3316</ele>
    </trkpt>
    <trkpt lat="-30.372576" lon="-69.649009">
      <ele>3317</ele>
    </trkpt>
    <trkpt lat="-30.37261" lon="-69.648953">
      <ele>3317</ele>
    </trkpt>
    <trkpt lat="-30.372731" lon="-69.648738">
      <ele>3314</ele>
    </trkpt>
    <trkpt lat="-30.372837" lon="-69.648529">
      <ele>3309</ele>
    </trkpt>
    <trkpt lat="-30.372953" lon="-69.648325">
      <ele>3304</ele>
    </trkpt>
    <trkpt lat="-30.373087" lon="-69.648119">
      <ele>3303</ele>
    </trkpt>
    <trkpt lat="-30.373205" lon="-69.647936">
      <ele>3304</ele>
    </trkpt>
    <trkpt lat="-30.373325" lon="-69.647746">
      <ele>3303</ele>
    </trkpt>
    <trkpt lat="-30.373418" lon="-69.64758">
      <ele>3301</ele>
    </trkpt>
    <trkpt lat="-30.373508" lon="-69.647424">
      <ele>3301</ele>
    </trkpt>
    <trkpt lat="-30.37358" lon="-69.647309">
      <ele>3301</ele>
    </trkpt>
    <trkpt lat="-30.373659" lon="-69.647201">
      <ele>3302</ele>
    </trkpt>
    <trkpt lat="-30.373825" lon="-69.647003">
      <ele>3304</ele>
    </trkpt>
    <trkpt lat="-30.374432" lon="-69.646228">
      <ele>3291</ele>
    </trkpt>
    <trkpt lat="-30.37455" lon="-69.646086">
      <ele>3291</ele>
    </trkpt>
    <trkpt lat="-30.374924" lon="-69.645632">
      <ele>3294</ele>
    </trkpt>
    <trkpt lat="-30.375036" lon="-69.645487">
      <ele>3295</ele>
    </trkpt>
    <trkpt lat="-30.375174" lon="-69.645302">
      <ele>3294</ele>
    </trkpt>
    <trkpt lat="-30.375299" lon="-69.645131">
      <ele>3295</ele>
    </trkpt>
    <trkpt lat="-30.375364" lon="-69.64504">
      <ele>3295</ele>
    </trkpt>
    <trkpt lat="-30.375473" lon="-69.644825">
      <ele>3294</ele>
    </trkpt>
    <trkpt lat="-30.375547" lon="-69.644637">
      <ele>3292</ele>
    </trkpt>
    <trkpt lat="-30.375672" lon="-69.644364">
      <ele>3291</ele>
    </trkpt>
    <trkpt lat="-30.375781" lon="-69.644152">
      <ele>3292</ele>
    </trkpt>
    <trkpt lat="-30.375901" lon="-69.643945">
      <ele>3294</ele>
    </trkpt>
    <trkpt lat="-30.376005" lon="-69.643811">
      <ele>3296</ele>
    </trkpt>
    <trkpt lat="-30.37607" lon="-69.643736">
      <ele>3298</ele>
    </trkpt>
    <trkpt lat="-30.376162" lon="-69.643645">
      <ele>3301</ele>
    </trkpt>
    <trkpt lat="-30.376292" lon="-69.643524">
      <ele>3306</ele>
    </trkpt>
    <trkpt lat="-30.376331" lon="-69.643487">
      <ele>3308</ele>
    </trkpt>
    <trkpt lat="-30.37641" lon="-69.643419">
      <ele>3311</ele>
    </trkpt>
    <trkpt lat="-30.376505" lon="-69.643334">
      <ele>3316</ele>
    </trkpt>
    <trkpt lat="-30.376551" lon="-69.643256">
      <ele>3318</ele>
    </trkpt>
    <trkpt lat="-30.376554" lon="-69.643173">
      <ele>3318</ele>
    </trkpt>
    <trkpt lat="-30.37654" lon="-69.643106">
      <ele>3317</ele>
    </trkpt>
    <trkpt lat="-30.376491" lon="-69.643044">
      <ele>3313</ele>
    </trkpt>
    <trkpt lat="-30.376403" lon="-69.64298">
      <ele>3305</ele>
    </trkpt>
    <trkpt lat="-30.376311" lon="-69.642955">
      <ele>3299</ele>
    </trkpt>
    <trkpt lat="-30.376213" lon="-69.642955">
      <ele>3292</ele>
    </trkpt>
    <trkpt lat="-30.376128" lon="-69.642969">
      <ele>3287</ele>
    </trkpt>
    <trkpt lat="-30.376065" lon="-69.642998">
      <ele>3283</ele>
    </trkpt>
    <trkpt lat="-30.375991" lon="-69.643052">
      <ele>3278</ele>
    </trkpt>
    <trkpt lat="-30.375929" lon="-69.64313">
      <ele>3276</ele>
    </trkpt>
    <trkpt lat="-30.375852" lon="-69.643277">
      <ele>3274</ele>
    </trkpt>
    <trkpt lat="-30.37573" lon="-69.643559">
      <ele>3273</ele>
    </trkpt>
    <trkpt lat="-30.375593" lon="-69.643865">
      <ele>3270</ele>
    </trkpt>
    <trkpt lat="-30.375306" lon="-69.644466">
      <ele>3271</ele>
    </trkpt>
    <trkpt lat="-30.375262" lon="-69.644559">
      <ele>3272</ele>
    </trkpt>
    <trkpt lat="-30.375221" lon="-69.644621">
      <ele>3272</ele>
    </trkpt>
    <trkpt lat="-30.375144" lon="-69.644683">
      <ele>3269</ele>
    </trkpt>
    <trkpt lat="-30.375075" lon="-69.644731">
      <ele>3267</ele>
    </trkpt>
    <trkpt lat="-30.375019" lon="-69.644753">
      <ele>3264</ele>
    </trkpt>
    <trkpt lat="-30.374941" lon="-69.644766">
      <ele>3262</ele>
    </trkpt>
    <trkpt lat="-30.374874" lon="-69.644761">
      <ele>3260</ele>
    </trkpt>
    <trkpt lat="-30.374809" lon="-69.644744">
      <ele>3258</ele>
    </trkpt>
    <trkpt lat="-30.374772" lon="-69.644734">
      <ele>3257</ele>
    </trkpt>
    <trkpt lat="-30.374744" lon="-69.644712">
      <ele>3256</ele>
    </trkpt>
    <trkpt lat="-30.374698" lon="-69.644672">
      <ele>3256</ele>
    </trkpt>
    <trkpt lat="-30.374635" lon="-69.644584">
      <ele>3258</ele>
    </trkpt>
    <trkpt lat="-30.374614" lon="-69.644506">
      <ele>3259</ele>
    </trkpt>
    <trkpt lat="-30.374607" lon="-69.644398">
      <ele>3260</ele>
    </trkpt>
    <trkpt lat="-30.374626" lon="-69.644299">
      <ele>3261</ele>
    </trkpt>
    <trkpt lat="-30.374686" lon="-69.644162">
      <ele>3258</ele>
    </trkpt>
    <trkpt lat="-30.374788" lon="-69.644042">
      <ele>3255</ele>
    </trkpt>
    <trkpt lat="-30.374848" lon="-69.643977">
      <ele>3255</ele>
    </trkpt>
    <trkpt lat="-30.374901" lon="-69.643916">
      <ele>3254</ele>
    </trkpt>
    <trkpt lat="-30.375022" lon="-69.643787">
      <ele>3254</ele>
    </trkpt>
    <trkpt lat="-30.375133" lon="-69.643677">
      <ele>3254</ele>
    </trkpt>
    <trkpt lat="-30.375195" lon="-69.643588">
      <ele>3253</ele>
    </trkpt>
    <trkpt lat="-30.375269" lon="-69.643454">
      <ele>3253</ele>
    </trkpt>
    <trkpt lat="-30.375329" lon="-69.643334">
      <ele>3255</ele>
    </trkpt>
    <trkpt lat="-30.375378" lon="-69.643202">
      <ele>3255</ele>
    </trkpt>
    <trkpt lat="-30.375415" lon="-69.643081">
      <ele>3255</ele>
    </trkpt>
    <trkpt lat="-30.375445" lon="-69.642939">
      <ele>3256</ele>
    </trkpt>
    <trkpt lat="-30.375464" lon="-69.642765">
      <ele>3256</ele>
    </trkpt>
    <trkpt lat="-30.375466" lon="-69.642612">
      <ele>3256</ele>
    </trkpt>
    <trkpt lat="-30.375457" lon="-69.642467">
      <ele>3257</ele>
    </trkpt>
    <trkpt lat="-30.375454" lon="-69.642304">
      <ele>3257</ele>
    </trkpt>
    <trkpt lat="-30.375441" lon="-69.642119">
      <ele>3257</ele>
    </trkpt>
    <trkpt lat="-30.375427" lon="-69.641998">
      <ele>3256</ele>
    </trkpt>
    <trkpt lat="-30.375415" lon="-69.64185">
      <ele>3256</ele>
    </trkpt>
    <trkpt lat="-30.375408" lon="-69.641738">
      <ele>3255</ele>
    </trkpt>
    <trkpt lat="-30.375413" lon="-69.641588">
      <ele>3252</ele>
    </trkpt>
    <trkpt lat="-30.375431" lon="-69.641448">
      <ele>3248</ele>
    </trkpt>
    <trkpt lat="-30.375445" lon="-69.641343">
      <ele>3246</ele>
    </trkpt>
    <trkpt lat="-30.375468" lon="-69.641204">
      <ele>3245</ele>
    </trkpt>
    <trkpt lat="-30.375487" lon="-69.641094">
      <ele>3244</ele>
    </trkpt>
    <trkpt lat="-30.375512" lon="-69.640965">
      <ele>3243</ele>
    </trkpt>
    <trkpt lat="-30.375522" lon="-69.640861">
      <ele>3242</ele>
    </trkpt>
    <trkpt lat="-30.375517" lon="-69.640794">
      <ele>3242</ele>
    </trkpt>
    <trkpt lat="-30.375494" lon="-69.640694">
      <ele>3242</ele>
    </trkpt>
    <trkpt lat="-30.375457" lon="-69.640571">
      <ele>3241</ele>
    </trkpt>
    <trkpt lat="-30.375383" lon="-69.640348">
      <ele>3241</ele>
    </trkpt>
    <trkpt lat="-30.375334" lon="-69.640171">
      <ele>3240</ele>
    </trkpt>
    <trkpt lat="-30.375297" lon="-69.64001">
      <ele>3238</ele>
    </trkpt>
    <trkpt lat="-30.375274" lon="-69.639844">
      <ele>3236</ele>
    </trkpt>
    <trkpt lat="-30.375262" lon="-69.639689">
      <ele>3235</ele>
    </trkpt>
    <trkpt lat="-30.375258" lon="-69.639495">
      <ele>3237</ele>
    </trkpt>
    <trkpt lat="-30.375272" lon="-69.639294">
      <ele>3237</ele>
    </trkpt>
    <trkpt lat="-30.375283" lon="-69.639133">
      <ele>3236</ele>
    </trkpt>
    <trkpt lat="-30.375297" lon="-69.638994">
      <ele>3233</ele>
    </trkpt>
    <trkpt lat="-30.375316" lon="-69.63887">
      <ele>3230</ele>
    </trkpt>
    <trkpt lat="-30.375341" lon="-69.638763">
      <ele>3229</ele>
    </trkpt>
    <trkpt lat="-30.375387" lon="-69.638605">
      <ele>3226</ele>
    </trkpt>
    <trkpt lat="-30.375464" lon="-69.638406">
      <ele>3224</ele>
    </trkpt>
    <trkpt lat="-30.375561" lon="-69.638173">
      <ele>3224</ele>
    </trkpt>
    <trkpt lat="-30.375695" lon="-69.6378">
      <ele>3226</ele>
    </trkpt>
    <trkpt lat="-30.375855" lon="-69.637339">
      <ele>3221</ele>
    </trkpt>
    <trkpt lat="-30.375915" lon="-69.637167">
      <ele>3223</ele>
    </trkpt>
    <trkpt lat="-30.375954" lon="-69.637049">
      <ele>3224</ele>
    </trkpt>
    <trkpt lat="-30.376003" lon="-69.63687">
      <ele>3224</ele>
    </trkpt>
    <trkpt lat="-30.37604" lon="-69.636703">
      <ele>3223</ele>
    </trkpt>
    <trkpt lat="-30.376075" lon="-69.63651">
      <ele>3225</ele>
    </trkpt>
    <trkpt lat="-30.376093" lon="-69.636336">
      <ele>3228</ele>
    </trkpt>
    <trkpt lat="-30.376088" lon="-69.63618">
      <ele>3228</ele>
    </trkpt>
    <trkpt lat="-30.376063" lon="-69.635998">
      <ele>3225</ele>
    </trkpt>
    <trkpt lat="-30.376031" lon="-69.63588">
      <ele>3223</ele>
    </trkpt>
    <trkpt lat="-30.37598" lon="-69.635724">
      <ele>3220</ele>
    </trkpt>
    <trkpt lat="-30.375954" lon="-69.635657">
      <ele>3219</ele>
    </trkpt>
    <trkpt lat="-30.375873" lon="-69.635459">
      <ele>3213</ele>
    </trkpt>
    <trkpt lat="-30.375781" lon="-69.635228">
      <ele>3210</ele>
    </trkpt>
    <trkpt lat="-30.375704" lon="-69.634987">
      <ele>3214</ele>
    </trkpt>
    <trkpt lat="-30.37564" lon="-69.634788">
      <ele>3213</ele>
    </trkpt>
    <trkpt lat="-30.375563" lon="-69.634608">
      <ele>3210</ele>
    </trkpt>
    <trkpt lat="-30.375457" lon="-69.634367">
      <ele>3208</ele>
    </trkpt>
    <trkpt lat="-30.37539" lon="-69.634222">
      <ele>3206</ele>
    </trkpt>
    <trkpt lat="-30.375346" lon="-69.634096">
      <ele>3204</ele>
    </trkpt>
    <trkpt lat="-30.37532" lon="-69.633991">
      <ele>3203</ele>
    </trkpt>
    <trkpt lat="-30.375306" lon="-69.633873">
      <ele>3202</ele>
    </trkpt>
    <trkpt lat="-30.375309" lon="-69.633785">
      <ele>3203</ele>
    </trkpt>
    <trkpt lat="-30.375327" lon="-69.633678">
      <ele>3205</ele>
    </trkpt>
    <trkpt lat="-30.375376" lon="-69.633554">
      <ele>3210</ele>
    </trkpt>
    <trkpt lat="-30.375452" lon="-69.633428">
      <ele>3217</ele>
    </trkpt>
    <trkpt lat="-30.375565" lon="-69.633251">
      <ele>3221</ele>
    </trkpt>
    <trkpt lat="-30.375621" lon="-69.633128">
      <ele>3218</ele>
    </trkpt>
    <trkpt lat="-30.375656" lon="-69.632999">
      <ele>3215</ele>
    </trkpt>
    <trkpt lat="-30.375688" lon="-69.632846">
      <ele>3210</ele>
    </trkpt>
    <trkpt lat="-30.375727" lon="-69.632696">
      <ele>3208</ele>
    </trkpt>
    <trkpt lat="-30.375767" lon="-69.632586">
      <ele>3210</ele>
    </trkpt>
    <trkpt lat="-30.375843" lon="-69.63242">
      <ele>3218</ele>
    </trkpt>
    <trkpt lat="-30.375885" lon="-69.632323">
      <ele>3223</ele>
    </trkpt>
    <trkpt lat="-30.375917" lon="-69.632221">
      <ele>3228</ele>
    </trkpt>
    <trkpt lat="-30.375952" lon="-69.63209">
      <ele>3230</ele>
    </trkpt>
    <trkpt lat="-30.375961" lon="-69.631985">
      <ele>3231</ele>
    </trkpt>
    <trkpt lat="-30.375959" lon="-69.631843">
      <ele>3229</ele>
    </trkpt>
    <trkpt lat="-30.375938" lon="-69.631693">
      <ele>3225</ele>
    </trkpt>
    <trkpt lat="-30.375903" lon="-69.631535">
      <ele>3222</ele>
    </trkpt>
    <trkpt lat="-30.37585" lon="-69.631344">
      <ele>3220</ele>
    </trkpt>
    <trkpt lat="-30.375795" lon="-69.63114">
      <ele>3218</ele>
    </trkpt>
    <trkpt lat="-30.375741" lon="-69.630902">
      <ele>3216</ele>
    </trkpt>
    <trkpt lat="-30.375674" lon="-69.630521">
      <ele>3210</ele>
    </trkpt>
    <trkpt lat="-30.375644" lon="-69.630317">
      <ele>3205</ele>
    </trkpt>
    <trkpt lat="-30.375616" lon="-69.630156">
      <ele>3205</ele>
    </trkpt>
    <trkpt lat="-30.375575" lon="-69.629995">
      <ele>3206</ele>
    </trkpt>
    <trkpt lat="-30.375519" lon="-69.62981">
      <ele>3209</ele>
    </trkpt>
    <trkpt lat="-30.37541" lon="-69.629477">
      <ele>3212</ele>
    </trkpt>
    <trkpt lat="-30.375304" lon="-69.629182">
      <ele>3211</ele>
    </trkpt>
    <trkpt lat="-30.37523" lon="-69.628981">
      <ele>3209</ele>
    </trkpt>
    <trkpt lat="-30.375163" lon="-69.628788">
      <ele>3210</ele>
    </trkpt>
    <trkpt lat="-30.375073" lon="-69.628565">
      <ele>3209</ele>
    </trkpt>
    <trkpt lat="-30.37501" lon="-69.628447">
      <ele>3207</ele>
    </trkpt>
    <trkpt lat="-30.374945" lon="-69.62834">
      <ele>3204</ele>
    </trkpt>
    <trkpt lat="-30.374857" lon="-69.628193">
      <ele>3200</ele>
    </trkpt>
    <trkpt lat="-30.374804" lon="-69.628091">
      <ele>3197</ele>
    </trkpt>
    <trkpt lat="-30.374758" lon="-69.628002">
      <ele>3194</ele>
    </trkpt>
    <trkpt lat="-30.374721" lon="-69.627887">
      <ele>3191</ele>
    </trkpt>
    <trkpt lat="-30.374693" lon="-69.627758">
      <ele>3190</ele>
    </trkpt>
    <trkpt lat="-30.3747" lon="-69.627656">
      <ele>3196</ele>
    </trkpt>
    <trkpt lat="-30.374721" lon="-69.627562">
      <ele>3202</ele>
    </trkpt>
    <trkpt lat="-30.374767" lon="-69.627452">
      <ele>3210</ele>
    </trkpt>
    <trkpt lat="-30.374878" lon="-69.627219">
      <ele>3226</ele>
    </trkpt>
    <trkpt lat="-30.374901" lon="-69.627144">
      <ele>3229</ele>
    </trkpt>
    <trkpt lat="-30.374931" lon="-69.627042">
      <ele>3232</ele>
    </trkpt>
    <trkpt lat="-30.374945" lon="-69.626868">
      <ele>3233</ele>
    </trkpt>
    <trkpt lat="-30.374941" lon="-69.626741">
      <ele>3230</ele>
    </trkpt>
    <trkpt lat="-30.374918" lon="-69.626554">
      <ele>3224</ele>
    </trkpt>
    <trkpt lat="-30.37489" lon="-69.626328">
      <ele>3217</ele>
    </trkpt>
    <trkpt lat="-30.37489" lon="-69.626119">
      <ele>3214</ele>
    </trkpt>
    <trkpt lat="-30.374899" lon="-69.625961">
      <ele>3216</ele>
    </trkpt>
    <trkpt lat="-30.374927" lon="-69.625811">
      <ele>3220</ele>
    </trkpt>
    <trkpt lat="-30.374943" lon="-69.625717">
      <ele>3224</ele>
    </trkpt>
    <trkpt lat="-30.374943" lon="-69.625615">
      <ele>3227</ele>
    </trkpt>
    <trkpt lat="-30.374931" lon="-69.62554">
      <ele>3228</ele>
    </trkpt>
    <trkpt lat="-30.374901" lon="-69.625462">
      <ele>3223</ele>
    </trkpt>
    <trkpt lat="-30.374869" lon="-69.625395">
      <ele>3219</ele>
    </trkpt>
    <trkpt lat="-30.374813" lon="-69.625325">
      <ele>3213</ele>
    </trkpt>
    <trkpt lat="-30.374714" lon="-69.62521">
      <ele>3202</ele>
    </trkpt>
    <trkpt lat="-30.374591" lon="-69.62507">
      <ele>3191</ele>
    </trkpt>
    <trkpt lat="-30.374483" lon="-69.624926">
      <ele>3181</ele>
    </trkpt>
    <trkpt lat="-30.374397" lon="-69.624808">
      <ele>3175</ele>
    </trkpt>
    <trkpt lat="-30.374327" lon="-69.624692">
      <ele>3172</ele>
    </trkpt>
    <trkpt lat="-30.374297" lon="-69.624606">
      <ele>3171</ele>
    </trkpt>
    <trkpt lat="-30.374284" lon="-69.624499">
      <ele>3172</ele>
    </trkpt>
    <trkpt lat="-30.374295" lon="-69.624387">
      <ele>3174</ele>
    </trkpt>
    <trkpt lat="-30.374337" lon="-69.624242">
      <ele>3180</ele>
    </trkpt>
    <trkpt lat="-30.374413" lon="-69.624073">
      <ele>3189</ele>
    </trkpt>
    <trkpt lat="-30.374494" lon="-69.623874">
      <ele>3197</ele>
    </trkpt>
    <trkpt lat="-30.374582" lon="-69.62367">
      <ele>3203</ele>
    </trkpt>
    <trkpt lat="-30.374633" lon="-69.623515">
      <ele>3207</ele>
    </trkpt>
    <trkpt lat="-30.374672" lon="-69.623338">
      <ele>3211</ele>
    </trkpt>
    <trkpt lat="-30.374695" lon="-69.623153">
      <ele>3205</ele>
    </trkpt>
    <trkpt lat="-30.374714" lon="-69.623043">
      <ele>3202</ele>
    </trkpt>
    <trkpt lat="-30.374751" lon="-69.622925">
      <ele>3201</ele>
    </trkpt>
    <trkpt lat="-30.374839" lon="-69.62275">
      <ele>3202</ele>
    </trkpt>
    <trkpt lat="-30.374934" lon="-69.622563">
      <ele>3204</ele>
    </trkpt>
    <trkpt lat="-30.375029" lon="-69.622353">
      <ele>3201</ele>
    </trkpt>
    <trkpt lat="-30.375086" lon="-69.622168">
      <ele>3196</ele>
    </trkpt>
    <trkpt lat="-30.375149" lon="-69.621954">
      <ele>3192</ele>
    </trkpt>
    <trkpt lat="-30.375216" lon="-69.621747">
      <ele>3190</ele>
    </trkpt>
    <trkpt lat="-30.375332" lon="-69.621423">
      <ele>3186</ele>
    </trkpt>
    <trkpt lat="-30.375403" lon="-69.621235">
      <ele>3181</ele>
    </trkpt>
    <trkpt lat="-30.375482" lon="-69.621082">
      <ele>3178</ele>
    </trkpt>
    <trkpt lat="-30.375565" lon="-69.620913">
      <ele>3180</ele>
    </trkpt>
    <trkpt lat="-30.375626" lon="-69.620774">
      <ele>3181</ele>
    </trkpt>
    <trkpt lat="-30.375665" lon="-69.620613">
      <ele>3179</ele>
    </trkpt>
    <trkpt lat="-30.375688" lon="-69.620395">
      <ele>3177</ele>
    </trkpt>
    <trkpt lat="-30.375734" lon="-69.620108">
      <ele>3176</ele>
    </trkpt>
    <trkpt lat="-30.375776" lon="-69.619843">
      <ele>3174</ele>
    </trkpt>
    <trkpt lat="-30.375834" lon="-69.619655">
      <ele>3172</ele>
    </trkpt>
    <trkpt lat="-30.375922" lon="-69.619497">
      <ele>3169</ele>
    </trkpt>
    <trkpt lat="-30.376065" lon="-69.619293">
      <ele>3165</ele>
    </trkpt>
    <trkpt lat="-30.37625" lon="-69.61906">
      <ele>3167</ele>
    </trkpt>
    <trkpt lat="-30.376477" lon="-69.618748">
      <ele>3170</ele>
    </trkpt>
    <trkpt lat="-30.376771" lon="-69.618341">
      <ele>3171</ele>
    </trkpt>
    <trkpt lat="-30.376952" lon="-69.618172">
      <ele>3176</ele>
    </trkpt>
    <trkpt lat="-30.37713" lon="-69.617957">
      <ele>3175</ele>
    </trkpt>
    <trkpt lat="-30.377273" lon="-69.617761">
      <ele>3174</ele>
    </trkpt>
    <trkpt lat="-30.37738" lon="-69.617576">
      <ele>3175</ele>
    </trkpt>
    <trkpt lat="-30.377451" lon="-69.617415">
      <ele>3175</ele>
    </trkpt>
    <trkpt lat="-30.377498" lon="-69.617238">
      <ele>3172</ele>
    </trkpt>
    <trkpt lat="-30.377518" lon="-69.617072">
      <ele>3169</ele>
    </trkpt>
    <trkpt lat="-30.377537" lon="-69.616868">
      <ele>3163</ele>
    </trkpt>
    <trkpt lat="-30.377558" lon="-69.616664">
      <ele>3157</ele>
    </trkpt>
    <trkpt lat="-30.377576" lon="-69.616495">
      <ele>3151</ele>
    </trkpt>
    <trkpt lat="-30.377611" lon="-69.616321">
      <ele>3146</ele>
    </trkpt>
    <trkpt lat="-30.377676" lon="-69.616163">
      <ele>3145</ele>
    </trkpt>
    <trkpt lat="-30.377736" lon="-69.616042">
      <ele>3145</ele>
    </trkpt>
    <trkpt lat="-30.377824" lon="-69.615911">
      <ele>3147</ele>
    </trkpt>
    <trkpt lat="-30.377942" lon="-69.615739">
      <ele>3147</ele>
    </trkpt>
    <trkpt lat="-30.378115" lon="-69.615546">
      <ele>3144</ele>
    </trkpt>
    <trkpt lat="-30.378301" lon="-69.615374">
      <ele>3143</ele>
    </trkpt>
    <trkpt lat="-30.378581" lon="-69.61516">
      <ele>3146</ele>
    </trkpt>
    <trkpt lat="-30.379191" lon="-69.614653">
      <ele>3144</ele>
    </trkpt>
    <trkpt lat="-30.379474" lon="-69.614414">
      <ele>3139</ele>
    </trkpt>
    <trkpt lat="-30.379738" lon="-69.614202">
      <ele>3136</ele>
    </trkpt>
    <trkpt lat="-30.379918" lon="-69.614044">
      <ele>3140</ele>
    </trkpt>
    <trkpt lat="-30.380078" lon="-69.613856">
      <ele>3140</ele>
    </trkpt>
    <trkpt lat="-30.38023" lon="-69.613585">
      <ele>3134</ele>
    </trkpt>
    <trkpt lat="-30.38036" lon="-69.613336">
      <ele>3134</ele>
    </trkpt>
    <trkpt lat="-30.38052" lon="-69.613006">
      <ele>3127</ele>
    </trkpt>
    <trkpt lat="-30.380654" lon="-69.612791">
      <ele>3124</ele>
    </trkpt>
    <trkpt lat="-30.380802" lon="-69.612596">
      <ele>3126</ele>
    </trkpt>
    <trkpt lat="-30.380964" lon="-69.612405">
      <ele>3125</ele>
    </trkpt>
    <trkpt lat="-30.381286" lon="-69.612105">
      <ele>3125</ele>
    </trkpt>
    <trkpt lat="-30.381508" lon="-69.611866">
      <ele>3122</ele>
    </trkpt>
    <trkpt lat="-30.381762" lon="-69.611611">
      <ele>3118</ele>
    </trkpt>
    <trkpt lat="-30.382523" lon="-69.610831">
      <ele>3119</ele>
    </trkpt>
    <trkpt lat="-30.382729" lon="-69.610597">
      <ele>3116</ele>
    </trkpt>
    <trkpt lat="-30.382903" lon="-69.610353">
      <ele>3117</ele>
    </trkpt>
    <trkpt lat="-30.383063" lon="-69.610106">
      <ele>3118</ele>
    </trkpt>
    <trkpt lat="-30.383199" lon="-69.609836">
      <ele>3113</ele>
    </trkpt>
    <trkpt lat="-30.383331" lon="-69.609591">
      <ele>3112</ele>
    </trkpt>
    <trkpt lat="-30.383486" lon="-69.609345">
      <ele>3107</ele>
    </trkpt>
    <trkpt lat="-30.384041" lon="-69.608473">
      <ele>3102</ele>
    </trkpt>
    <trkpt lat="-30.384368" lon="-69.607966">
      <ele>3101</ele>
    </trkpt>
    <trkpt lat="-30.384479" lon="-69.607797">
      <ele>3100</ele>
    </trkpt>
    <trkpt lat="-30.384583" lon="-69.607612">
      <ele>3101</ele>
    </trkpt>
    <trkpt lat="-30.384631" lon="-69.607435">
      <ele>3099</ele>
    </trkpt>
    <trkpt lat="-30.384666" lon="-69.607242">
      <ele>3096</ele>
    </trkpt>
    <trkpt lat="-30.384675" lon="-69.607027">
      <ele>3095</ele>
    </trkpt>
    <trkpt lat="-30.384682" lon="-69.606727">
      <ele>3092</ele>
    </trkpt>
    <trkpt lat="-30.384722" lon="-69.605332">
      <ele>3088</ele>
    </trkpt>
    <trkpt lat="-30.384731" lon="-69.605056">
      <ele>3085</ele>
    </trkpt>
    <trkpt lat="-30.384823" lon="-69.601199">
      <ele>3063</ele>
    </trkpt>
    <trkpt lat="-30.384849" lon="-69.600644">
      <ele>3058</ele>
    </trkpt>
    <trkpt lat="-30.384858" lon="-69.600542">
      <ele>3056</ele>
    </trkpt>
    <trkpt lat="-30.384884" lon="-69.600448">
      <ele>3057</ele>
    </trkpt>
    <trkpt lat="-30.384918" lon="-69.600349">
      <ele>3058</ele>
    </trkpt>
    <trkpt lat="-30.384967" lon="-69.600255">
      <ele>3059</ele>
    </trkpt>
    <trkpt lat="-30.385013" lon="-69.600182">
      <ele>3060</ele>
    </trkpt>
    <trkpt lat="-30.385092" lon="-69.600107">
      <ele>3061</ele>
    </trkpt>
    <trkpt lat="-30.385196" lon="-69.600027">
      <ele>3060</ele>
    </trkpt>
    <trkpt lat="-30.385351" lon="-69.599946">
      <ele>3057</ele>
    </trkpt>
    <trkpt lat="-30.385682" lon="-69.599783">
      <ele>3055</ele>
    </trkpt>
    <trkpt lat="-30.386265" lon="-69.59948">
      <ele>3044</ele>
    </trkpt>
    <trkpt lat="-30.386633" lon="-69.599332">
      <ele>3044</ele>
    </trkpt>
    <trkpt lat="-30.386846" lon="-69.599235">
      <ele>3041</ele>
    </trkpt>
    <trkpt lat="-30.38695" lon="-69.599163">
      <ele>3038</ele>
    </trkpt>
    <trkpt lat="-30.387077" lon="-69.599048">
      <ele>3035</ele>
    </trkpt>
    <trkpt lat="-30.387223" lon="-69.598876">
      <ele>3031</ele>
    </trkpt>
    <trkpt lat="-30.387431" lon="-69.598543">
      <ele>3032</ele>
    </trkpt>
    <trkpt lat="-30.387591" lon="-69.598299">
      <ele>3036</ele>
    </trkpt>
    <trkpt lat="-30.387683" lon="-69.598136">
      <ele>3035</ele>
    </trkpt>
    <trkpt lat="-30.387757" lon="-69.597983">
      <ele>3033</ele>
    </trkpt>
    <trkpt lat="-30.387838" lon="-69.597755">
      <ele>3029</ele>
    </trkpt>
    <trkpt lat="-30.38794" lon="-69.597471">
      <ele>3025</ele>
    </trkpt>
    <trkpt lat="-30.38804" lon="-69.597192">
      <ele>3026</ele>
    </trkpt>
    <trkpt lat="-30.388158" lon="-69.596915">
      <ele>3030</ele>
    </trkpt>
    <trkpt lat="-30.388239" lon="-69.596754">
      <ele>3031</ele>
    </trkpt>
    <trkpt lat="-30.388324" lon="-69.596612">
      <ele>3030</ele>
    </trkpt>
    <trkpt lat="-30.388438" lon="-69.596424">
      <ele>3029</ele>
    </trkpt>
    <trkpt lat="-30.388678" lon="-69.596068">
      <ele>3030</ele>
    </trkpt>
    <trkpt lat="-30.389039" lon="-69.595558">
      <ele>3029</ele>
    </trkpt>
    <trkpt lat="-30.389266" lon="-69.595258">
      <ele>3021</ele>
    </trkpt>
    <trkpt lat="-30.389613" lon="-69.59478">
      <ele>3017</ele>
    </trkpt>
    <trkpt lat="-30.389715" lon="-69.594609">
      <ele>3015</ele>
    </trkpt>
    <trkpt lat="-30.389856" lon="-69.594316">
      <ele>3017</ele>
    </trkpt>
    <trkpt lat="-30.390083" lon="-69.593852">
      <ele>3017</ele>
    </trkpt>
    <trkpt lat="-30.39021" lon="-69.593595">
      <ele>3013</ele>
    </trkpt>
    <trkpt lat="-30.390386" lon="-69.593222">
      <ele>3012</ele>
    </trkpt>
    <trkpt lat="-30.390446" lon="-69.593082">
      <ele>3013</ele>
    </trkpt>
    <trkpt lat="-30.390536" lon="-69.592833">
      <ele>3013</ele>
    </trkpt>
    <trkpt lat="-30.39061" lon="-69.592578">
      <ele>3011</ele>
    </trkpt>
    <trkpt lat="-30.390663" lon="-69.592315">
      <ele>3006</ele>
    </trkpt>
    <trkpt lat="-30.390726" lon="-69.591948">
      <ele>3001</ele>
    </trkpt>
    <trkpt lat="-30.390788" lon="-69.591578">
      <ele>3003</ele>
    </trkpt>
    <trkpt lat="-30.39083" lon="-69.591301">
      <ele>3002</ele>
    </trkpt>
    <trkpt lat="-30.390846" lon="-69.591138">
      <ele>3000</ele>
    </trkpt>
    <trkpt lat="-30.390858" lon="-69.590945">
      <ele>2998</ele>
    </trkpt>
    <trkpt lat="-30.39086" lon="-69.590725">
      <ele>2997</ele>
    </trkpt>
    <trkpt lat="-30.390862" lon="-69.590483">
      <ele>2998</ele>
    </trkpt>
    <trkpt lat="-30.390858" lon="-69.590239">
      <ele>2997</ele>
    </trkpt>
    <trkpt lat="-30.39086" lon="-69.589963">
      <ele>2994</ele>
    </trkpt>
    <trkpt lat="-30.390872" lon="-69.589585">
      <ele>2993</ele>
    </trkpt>
    <trkpt lat="-30.390878" lon="-69.589443">
      <ele>2993</ele>
    </trkpt>
    <trkpt lat="-30.390906" lon="-69.589236">
      <ele>2992</ele>
    </trkpt>
    <trkpt lat="-30.390957" lon="-69.588949">
      <ele>2988</ele>
    </trkpt>
    <trkpt lat="-30.391075" lon="-69.588281">
      <ele>2982</ele>
    </trkpt>
    <trkpt lat="-30.391133" lon="-69.587973">
      <ele>2980</ele>
    </trkpt>
    <trkpt lat="-30.391207" lon="-69.58752">
      <ele>2986</ele>
    </trkpt>
    <trkpt lat="-30.391242" lon="-69.587214">
      <ele>2986</ele>
    </trkpt>
    <trkpt lat="-30.391267" lon="-69.586897">
      <ele>2982</ele>
    </trkpt>
    <trkpt lat="-30.391293" lon="-69.586519">
      <ele>2978</ele>
    </trkpt>
    <trkpt lat="-30.391313" lon="-69.586195">
      <ele>2976</ele>
    </trkpt>
    <trkpt lat="-30.391337" lon="-69.585889">
      <ele>2974</ele>
    </trkpt>
    <trkpt lat="-30.391357" lon="-69.585704">
      <ele>2974</ele>
    </trkpt>
    <trkpt lat="-30.391383" lon="-69.585532">
      <ele>2974</ele>
    </trkpt>
    <trkpt lat="-30.391431" lon="-69.585304">
      <ele>2972</ele>
    </trkpt>
    <trkpt lat="-30.391542" lon="-69.5848">
      <ele>2974</ele>
    </trkpt>
    <trkpt lat="-30.391617" lon="-69.584465">
      <ele>2974</ele>
    </trkpt>
    <trkpt lat="-30.391674" lon="-69.584215">
      <ele>2972</ele>
    </trkpt>
    <trkpt lat="-30.391725" lon="-69.583968">
      <ele>2973</ele>
    </trkpt>
    <trkpt lat="-30.391762" lon="-69.583767">
      <ele>2973</ele>
    </trkpt>
    <trkpt lat="-30.391795" lon="-69.58355">
      <ele>2973</ele>
    </trkpt>
    <trkpt lat="-30.391825" lon="-69.583338">
      <ele>2974</ele>
    </trkpt>
    <trkpt lat="-30.391839" lon="-69.583126">
      <ele>2973</ele>
    </trkpt>
    <trkpt lat="-30.391862" lon="-69.582828">
      <ele>2970</ele>
    </trkpt>
    <trkpt lat="-30.391894" lon="-69.582265">
      <ele>2967</ele>
    </trkpt>
    <trkpt lat="-30.39192" lon="-69.581798">
      <ele>2964</ele>
    </trkpt>
    <trkpt lat="-30.391945" lon="-69.581353">
      <ele>2957</ele>
    </trkpt>
    <trkpt lat="-30.391968" lon="-69.581074">
      <ele>2960</ele>
    </trkpt>
    <trkpt lat="-30.391989" lon="-69.580825">
      <ele>2962</ele>
    </trkpt>
    <trkpt lat="-30.392005" lon="-69.580658">
      <ele>2961</ele>
    </trkpt>
    <trkpt lat="-30.392024" lon="-69.580543">
      <ele>2961</ele>
    </trkpt>
    <trkpt lat="-30.392045" lon="-69.580452">
      <ele>2960</ele>
    </trkpt>
    <trkpt lat="-30.392077" lon="-69.580347">
      <ele>2961</ele>
    </trkpt>
    <trkpt lat="-30.392114" lon="-69.580248">
      <ele>2961</ele>
    </trkpt>
    <trkpt lat="-30.392167" lon="-69.580141">
      <ele>2961</ele>
    </trkpt>
    <trkpt lat="-30.392257" lon="-69.579964">
      <ele>2959</ele>
    </trkpt>
    <trkpt lat="-30.39232" lon="-69.579835">
      <ele>2956</ele>
    </trkpt>
    <trkpt lat="-30.39238" lon="-69.579709">
      <ele>2953</ele>
    </trkpt>
    <trkpt lat="-30.392438" lon="-69.579567">
      <ele>2952</ele>
    </trkpt>
    <trkpt lat="-30.392475" lon="-69.579454">
      <ele>2950</ele>
    </trkpt>
    <trkpt lat="-30.392503" lon="-69.579347">
      <ele>2950</ele>
    </trkpt>
    <trkpt lat="-30.392533" lon="-69.579207">
      <ele>2951</ele>
    </trkpt>
    <trkpt lat="-30.392549" lon="-69.579044">
      <ele>2951</ele>
    </trkpt>
    <trkpt lat="-30.392558" lon="-69.57888">
      <ele>2951</ele>
    </trkpt>
    <trkpt lat="-30.392563" lon="-69.578419">
      <ele>2948</ele>
    </trkpt>
    <trkpt lat="-30.39257" lon="-69.578022">
      <ele>2950</ele>
    </trkpt>
    <trkpt lat="-30.392574" lon="-69.577856">
      <ele>2950</ele>
    </trkpt>
    <trkpt lat="-30.392588" lon="-69.577724">
      <ele>2949</ele>
    </trkpt>
    <trkpt lat="-30.392628" lon="-69.577515">
      <ele>2948</ele>
    </trkpt>
    <trkpt lat="-30.392681" lon="-69.577244">
      <ele>2947</ele>
    </trkpt>
    <trkpt lat="-30.392755" lon="-69.576882">
      <ele>2943</ele>
    </trkpt>
    <trkpt lat="-30.392864" lon="-69.576375">
      <ele>2942</ele>
    </trkpt>
    <trkpt lat="-30.392995" lon="-69.575774">
      <ele>2938</ele>
    </trkpt>
    <trkpt lat="-30.393106" lon="-69.575246">
      <ele>2933</ele>
    </trkpt>
    <trkpt lat="-30.393141" lon="-69.575063">
      <ele>2932</ele>
    </trkpt>
    <trkpt lat="-30.393174" lon="-69.574897">
      <ele>2931</ele>
    </trkpt>
    <trkpt lat="-30.393185" lon="-69.574811">
      <ele>2931</ele>
    </trkpt>
    <trkpt lat="-30.39319" lon="-69.574725">
      <ele>2930</ele>
    </trkpt>
    <trkpt lat="-30.39319" lon="-69.574613">
      <ele>2930</ele>
    </trkpt>
    <trkpt lat="-30.393185" lon="-69.574476">
      <ele>2931</ele>
    </trkpt>
    <trkpt lat="-30.393167" lon="-69.57432">
      <ele>2932</ele>
    </trkpt>
    <trkpt lat="-30.393144" lon="-69.574178">
      <ele>2934</ele>
    </trkpt>
    <trkpt lat="-30.393113" lon="-69.574071">
      <ele>2933</ele>
    </trkpt>
    <trkpt lat="-30.39306" lon="-69.573894">
      <ele>2930</ele>
    </trkpt>
    <trkpt lat="-30.393016" lon="-69.573776">
      <ele>2928</ele>
    </trkpt>
    <trkpt lat="-30.39294" lon="-69.573591">
      <ele>2925</ele>
    </trkpt>
    <trkpt lat="-30.392776" lon="-69.573226">
      <ele>2926</ele>
    </trkpt>
    <trkpt lat="-30.392648" lon="-69.572947">
      <ele>2929</ele>
    </trkpt>
    <trkpt lat="-30.392507" lon="-69.572623">
      <ele>2928</ele>
    </trkpt>
    <trkpt lat="-30.392412" lon="-69.572397">
      <ele>2927</ele>
    </trkpt>
    <trkpt lat="-30.39235" lon="-69.57225">
      <ele>2927</ele>
    </trkpt>
    <trkpt lat="-30.392311" lon="-69.572118">
      <ele>2927</ele>
    </trkpt>
    <trkpt lat="-30.392285" lon="-69.571995">
      <ele>2926</ele>
    </trkpt>
    <trkpt lat="-30.392267" lon="-69.571869">
      <ele>2925</ele>
    </trkpt>
    <trkpt lat="-30.392257" lon="-69.571748">
      <ele>2924</ele>
    </trkpt>
    <trkpt lat="-30.392255" lon="-69.571606">
      <ele>2922</ele>
    </trkpt>
    <trkpt lat="-30.392267" lon="-69.571284">
      <ele>2918</ele>
    </trkpt>
    <trkpt lat="-30.392269" lon="-69.571233">
      <ele>2918</ele>
    </trkpt>
    <trkpt lat="-30.392269" lon="-69.571212">
      <ele>2917</ele>
    </trkpt>
    <trkpt lat="-30.392276" lon="-69.570984">
      <ele>2916</ele>
    </trkpt>
    <trkpt lat="-30.39229" lon="-69.570825">
      <ele>2915</ele>
    </trkpt>
    <trkpt lat="-30.392315" lon="-69.570646">
      <ele>2913</ele>
    </trkpt>
    <trkpt lat="-30.392368" lon="-69.57042">
      <ele>2912</ele>
    </trkpt>
    <trkpt lat="-30.392426" lon="-69.570251">
      <ele>2912</ele>
    </trkpt>
    <trkpt lat="-30.392514" lon="-69.570053">
      <ele>2913</ele>
    </trkpt>
    <trkpt lat="-30.392628" lon="-69.569814">
      <ele>2913</ele>
    </trkpt>
    <trkpt lat="-30.392692" lon="-69.569672">
      <ele>2912</ele>
    </trkpt>
    <trkpt lat="-30.392746" lon="-69.569527">
      <ele>2911</ele>
    </trkpt>
    <trkpt lat="-30.392785" lon="-69.569388">
      <ele>2909</ele>
    </trkpt>
    <trkpt lat="-30.392808" lon="-69.569246">
      <ele>2909</ele>
    </trkpt>
    <trkpt lat="-30.392833" lon="-69.568862">
      <ele>2909</ele>
    </trkpt>
    <trkpt lat="-30.392859" lon="-69.568417">
      <ele>2911</ele>
    </trkpt>
    <trkpt lat="-30.392884" lon="-69.567956">
      <ele>2911</ele>
    </trkpt>
    <trkpt lat="-30.392917" lon="-69.567435">
      <ele>2908</ele>
    </trkpt>
    <trkpt lat="-30.392933" lon="-69.567196">
      <ele>2908</ele>
    </trkpt>
    <trkpt lat="-30.392949" lon="-69.56703">
      <ele>2906</ele>
    </trkpt>
    <trkpt lat="-30.392977" lon="-69.566883">
      <ele>2904</ele>
    </trkpt>
    <trkpt lat="-30.393009" lon="-69.566751">
      <ele>2902</ele>
    </trkpt>
    <trkpt lat="-30.393069" lon="-69.566596">
      <ele>2901</ele>
    </trkpt>
    <trkpt lat="-30.39315" lon="-69.566435">
      <ele>2904</ele>
    </trkpt>
    <trkpt lat="-30.393229" lon="-69.566317">
      <ele>2904</ele>
    </trkpt>
    <trkpt lat="-30.393317" lon="-69.566207">
      <ele>2905</ele>
    </trkpt>
    <trkpt lat="-30.393449" lon="-69.56607">
      <ele>2905</ele>
    </trkpt>
    <trkpt lat="-30.393578" lon="-69.565941">
      <ele>2903</ele>
    </trkpt>
    <trkpt lat="-30.393731" lon="-69.565764">
      <ele>2902</ele>
    </trkpt>
    <trkpt lat="-30.393833" lon="-69.565606">
      <ele>2899</ele>
    </trkpt>
    <trkpt lat="-30.393942" lon="-69.565405">
      <ele>2897</ele>
    </trkpt>
    <trkpt lat="-30.39415" lon="-69.564962">
      <ele>2901</ele>
    </trkpt>
    <trkpt lat="-30.394284" lon="-69.564608">
      <ele>2900</ele>
    </trkpt>
    <trkpt lat="-30.394472" lon="-69.564098">
      <ele>2889</ele>
    </trkpt>
    <trkpt lat="-30.394534" lon="-69.563935">
      <ele>2896</ele>
    </trkpt>
    <trkpt lat="-30.394601" lon="-69.563752">
      <ele>2897</ele>
    </trkpt>
    <trkpt lat="-30.394684" lon="-69.563423">
      <ele>2894</ele>
    </trkpt>
    <trkpt lat="-30.394749" lon="-69.563197">
      <ele>2892</ele>
    </trkpt>
    <trkpt lat="-30.394856" lon="-69.56283">
      <ele>2895</ele>
    </trkpt>
    <trkpt lat="-30.394978" lon="-69.562444">
      <ele>2894</ele>
    </trkpt>
    <trkpt lat="-30.395052" lon="-69.562191">
      <ele>2890</ele>
    </trkpt>
    <trkpt lat="-30.395122" lon="-69.561929">
      <ele>2888</ele>
    </trkpt>
    <trkpt lat="-30.395175" lon="-69.561695">
      <ele>2885</ele>
    </trkpt>
    <trkpt lat="-30.395214" lon="-69.561499">
      <ele>2884</ele>
    </trkpt>
    <trkpt lat="-30.395288" lon="-69.561051">
      <ele>2883</ele>
    </trkpt>
    <trkpt lat="-30.395353" lon="-69.56066">
      <ele>2880</ele>
    </trkpt>
    <trkpt lat="-30.395399" lon="-69.560346">
      <ele>2878</ele>
    </trkpt>
    <trkpt lat="-30.39542" lon="-69.560177">
      <ele>2879</ele>
    </trkpt>
    <trkpt lat="-30.395436" lon="-69.560024">
      <ele>2880</ele>
    </trkpt>
    <trkpt lat="-30.395441" lon="-69.559871">
      <ele>2880</ele>
    </trkpt>
    <trkpt lat="-30.395441" lon="-69.5597">
      <ele>2879</ele>
    </trkpt>
    <trkpt lat="-30.395432" lon="-69.559528">
      <ele>2879</ele>
    </trkpt>
    <trkpt lat="-30.395411" lon="-69.55934">
      <ele>2878</ele>
    </trkpt>
    <trkpt lat="-30.395348" lon="-69.559013">
      <ele>2872</ele>
    </trkpt>
    <trkpt lat="-30.395274" lon="-69.558705">
      <ele>2868</ele>
    </trkpt>
    <trkpt lat="-30.395177" lon="-69.558332">
      <ele>2869</ele>
    </trkpt>
    <trkpt lat="-30.395129" lon="-69.55812">
      <ele>2870</ele>
    </trkpt>
    <trkpt lat="-30.395092" lon="-69.557919">
      <ele>2871</ele>
    </trkpt>
    <trkpt lat="-30.39508" lon="-69.55776">
      <ele>2872</ele>
    </trkpt>
    <trkpt lat="-30.39508" lon="-69.557583">
      <ele>2873</ele>
    </trkpt>
    <trkpt lat="-30.395092" lon="-69.557363">
      <ele>2872</ele>
    </trkpt>
    <trkpt lat="-30.395108" lon="-69.557026">
      <ele>2866</ele>
    </trkpt>
    <trkpt lat="-30.39514" lon="-69.556666">
      <ele>2857</ele>
    </trkpt>
    <trkpt lat="-30.395149" lon="-69.556395">
      <ele>2856</ele>
    </trkpt>
    <trkpt lat="-30.395154" lon="-69.556111">
      <ele>2858</ele>
    </trkpt>
    <trkpt lat="-30.395147" lon="-69.555982">
      <ele>2859</ele>
    </trkpt>
    <trkpt lat="-30.395129" lon="-69.555805">
      <ele>2859</ele>
    </trkpt>
    <trkpt lat="-30.395096" lon="-69.555644">
      <ele>2859</ele>
    </trkpt>
    <trkpt lat="-30.395061" lon="-69.555497">
      <ele>2859</ele>
    </trkpt>
    <trkpt lat="-30.394997" lon="-69.555274">
      <ele>2859</ele>
    </trkpt>
    <trkpt lat="-30.394937" lon="-69.555067">
      <ele>2859</ele>
    </trkpt>
    <trkpt lat="-30.394883" lon="-69.554896">
      <ele>2858</ele>
    </trkpt>
    <trkpt lat="-30.394832" lon="-69.554703">
      <ele>2856</ele>
    </trkpt>
    <trkpt lat="-30.394795" lon="-69.554542">
      <ele>2855</ele>
    </trkpt>
    <trkpt lat="-30.394765" lon="-69.554351">
      <ele>2854</ele>
    </trkpt>
    <trkpt lat="-30.394758" lon="-69.554198">
      <ele>2854</ele>
    </trkpt>
    <trkpt lat="-30.394758" lon="-69.553976">
      <ele>2852</ele>
    </trkpt>
    <trkpt lat="-30.394765" lon="-69.553775">
      <ele>2849</ele>
    </trkpt>
    <trkpt lat="-30.394779" lon="-69.553488">
      <ele>2850</ele>
    </trkpt>
    <trkpt lat="-30.394798" lon="-69.55316">
      <ele>2851</ele>
    </trkpt>
    <trkpt lat="-30.394809" lon="-69.552911">
      <ele>2848</ele>
    </trkpt>
    <trkpt lat="-30.394814" lon="-69.552675">
      <ele>2846</ele>
    </trkpt>
    <trkpt lat="-30.394809" lon="-69.552517">
      <ele>2847</ele>
    </trkpt>
    <trkpt lat="-30.3948" lon="-69.552345">
      <ele>2847</ele>
    </trkpt>
    <trkpt lat="-30.394777" lon="-69.552163">
      <ele>2847</ele>
    </trkpt>
    <trkpt lat="-30.394726" lon="-69.551798">
      <ele>2847</ele>
    </trkpt>
    <trkpt lat="-30.39468" lon="-69.551506">
      <ele>2849</ele>
    </trkpt>
    <trkpt lat="-30.394647" lon="-69.551248">
      <ele>2847</ele>
    </trkpt>
    <trkpt lat="-30.394608" lon="-69.550891">
      <ele>2842</ele>
    </trkpt>
    <trkpt lat="-30.39459" lon="-69.550639">
      <ele>2841</ele>
    </trkpt>
    <trkpt lat="-30.394583" lon="-69.550422">
      <ele>2841</ele>
    </trkpt>
    <trkpt lat="-30.394592" lon="-69.550081">
      <ele>2843</ele>
    </trkpt>
    <trkpt lat="-30.394645" lon="-69.548193">
      <ele>2840</ele>
    </trkpt>
    <trkpt lat="-30.394673" lon="-69.546857">
      <ele>2835</ele>
    </trkpt>
    <trkpt lat="-30.394677" lon="-69.546586">
      <ele>2835</ele>
    </trkpt>
    <trkpt lat="-30.394698" lon="-69.546141">
      <ele>2834</ele>
    </trkpt>
    <trkpt lat="-30.39471" lon="-69.5458">
      <ele>2836</ele>
    </trkpt>
    <trkpt lat="-30.394726" lon="-69.545508">
      <ele>2833</ele>
    </trkpt>
    <trkpt lat="-30.394756" lon="-69.545277">
      <ele>2829</ele>
    </trkpt>
    <trkpt lat="-30.3948" lon="-69.545114">
      <ele>2827</ele>
    </trkpt>
    <trkpt lat="-30.394865" lon="-69.544921">
      <ele>2826</ele>
    </trkpt>
    <trkpt lat="-30.394948" lon="-69.544746">
      <ele>2826</ele>
    </trkpt>
    <trkpt lat="-30.395031" lon="-69.544577">
      <ele>2828</ele>
    </trkpt>
    <trkpt lat="-30.395096" lon="-69.544435">
      <ele>2829</ele>
    </trkpt>
    <trkpt lat="-30.395136" lon="-69.544315">
      <ele>2828</ele>
    </trkpt>
    <trkpt lat="-30.395179" lon="-69.544146">
      <ele>2826</ele>
    </trkpt>
    <trkpt lat="-30.395235" lon="-69.543837">
      <ele>2824</ele>
    </trkpt>
    <trkpt lat="-30.395286" lon="-69.543513">
      <ele>2825</ele>
    </trkpt>
    <trkpt lat="-30.395316" lon="-69.543223">
      <ele>2824</ele>
    </trkpt>
    <trkpt lat="-30.395328" lon="-69.543051">
      <ele>2824</ele>
    </trkpt>
    <trkpt lat="-30.39533" lon="-69.542858">
      <ele>2824</ele>
    </trkpt>
    <trkpt lat="-30.395328" lon="-69.542678">
      <ele>2823</ele>
    </trkpt>
    <trkpt lat="-30.395316" lon="-69.542528">
      <ele>2822</ele>
    </trkpt>
    <trkpt lat="-30.395302" lon="-69.542357">
      <ele>2821</ele>
    </trkpt>
    <trkpt lat="-30.39527" lon="-69.542131">
      <ele>2819</ele>
    </trkpt>
    <trkpt lat="-30.3952" lon="-69.541761">
      <ele>2812</ele>
    </trkpt>
    <trkpt lat="-30.394948" lon="-69.54049">
      <ele>2812</ele>
    </trkpt>
    <trkpt lat="-30.394707" lon="-69.539259">
      <ele>2804</ele>
    </trkpt>
    <trkpt lat="-30.394668" lon="-69.539068">
      <ele>2804</ele>
    </trkpt>
    <trkpt lat="-30.394627" lon="-69.538913">
      <ele>2804</ele>
    </trkpt>
    <trkpt lat="-30.394578" lon="-69.538738">
      <ele>2806</ele>
    </trkpt>
    <trkpt lat="-30.394522" lon="-69.538588">
      <ele>2806</ele>
    </trkpt>
    <trkpt lat="-30.394395" lon="-69.538312">
      <ele>2801</ele>
    </trkpt>
    <trkpt lat="-30.394205" lon="-69.537912">
      <ele>2797</ele>
    </trkpt>
    <trkpt lat="-30.393958" lon="-69.537384">
      <ele>2798</ele>
    </trkpt>
    <trkpt lat="-30.393872" lon="-69.537196">
      <ele>2800</ele>
    </trkpt>
    <trkpt lat="-30.393801" lon="-69.537003">
      <ele>2801</ele>
    </trkpt>
    <trkpt lat="-30.39371" lon="-69.536753">
      <ele>2800</ele>
    </trkpt>
    <trkpt lat="-30.393643" lon="-69.536544">
      <ele>2796</ele>
    </trkpt>
    <trkpt lat="-30.392512" lon="-69.53303">
      <ele>2780</ele>
    </trkpt>
    <trkpt lat="-30.392223" lon="-69.532086">
      <ele>2777</ele>
    </trkpt>
    <trkpt lat="-30.391987" lon="-69.531319">
      <ele>2770</ele>
    </trkpt>
    <trkpt lat="-30.391813" lon="-69.530769">
      <ele>2771</ele>
    </trkpt>
    <trkpt lat="-30.391737" lon="-69.530493">
      <ele>2774</ele>
    </trkpt>
    <trkpt lat="-30.391642" lon="-69.530077">
      <ele>2773</ele>
    </trkpt>
    <trkpt lat="-30.391135" lon="-69.527521">
      <ele>2759</ele>
    </trkpt>
    <trkpt lat="-30.391001" lon="-69.526888">
      <ele>2758</ele>
    </trkpt>
    <trkpt lat="-30.390957" lon="-69.526684">
      <ele>2759</ele>
    </trkpt>
    <trkpt lat="-30.390897" lon="-69.526427">
      <ele>2756</ele>
    </trkpt>
    <trkpt lat="-30.390804" lon="-69.526129">
      <ele>2748</ele>
    </trkpt>
    <trkpt lat="-30.390712" lon="-69.525874">
      <ele>2748</ele>
    </trkpt>
    <trkpt lat="-30.390596" lon="-69.525625">
      <ele>2746</ele>
    </trkpt>
    <trkpt lat="-30.390434" lon="-69.525295">
      <ele>2748</ele>
    </trkpt>
    <trkpt lat="-30.389823" lon="-69.524008">
      <ele>2742</ele>
    </trkpt>
    <trkpt lat="-30.389435" lon="-69.52324">
      <ele>2738</ele>
    </trkpt>
    <trkpt lat="-30.389227" lon="-69.522806">
      <ele>2736</ele>
    </trkpt>
    <trkpt lat="-30.389085" lon="-69.522516">
      <ele>2738</ele>
    </trkpt>
    <trkpt lat="-30.388928" lon="-69.522221">
      <ele>2739</ele>
    </trkpt>
    <trkpt lat="-30.388785" lon="-69.521974">
      <ele>2741</ele>
    </trkpt>
    <trkpt lat="-30.388637" lon="-69.521752">
      <ele>2736</ele>
    </trkpt>
    <trkpt lat="-30.388509" lon="-69.521583">
      <ele>2734</ele>
    </trkpt>
    <trkpt lat="-30.388366" lon="-69.521416">
      <ele>2731</ele>
    </trkpt>
    <trkpt lat="-30.388225" lon="-69.521269">
      <ele>2731</ele>
    </trkpt>
    <trkpt lat="-30.388047" lon="-69.521108">
      <ele>2730</ele>
    </trkpt>
    <trkpt lat="-30.38785" lon="-69.520926">
      <ele>2734</ele>
    </trkpt>
    <trkpt lat="-30.387588" lon="-69.520698">
      <ele>2733</ele>
    </trkpt>
    <trkpt lat="-30.387359" lon="-69.520494">
      <ele>2728</ele>
    </trkpt>
    <trkpt lat="-30.387096" lon="-69.52025">
      <ele>2728</ele>
    </trkpt>
    <trkpt lat="-30.386795" lon="-69.519987">
      <ele>2724</ele>
    </trkpt>
    <trkpt lat="-30.386674" lon="-69.51988">
      <ele>2723</ele>
    </trkpt>
    <trkpt lat="-30.386552" lon="-69.519794">
      <ele>2722</ele>
    </trkpt>
    <trkpt lat="-30.386425" lon="-69.519721">
      <ele>2721</ele>
    </trkpt>
    <trkpt lat="-30.386327" lon="-69.51967">
      <ele>2722</ele>
    </trkpt>
    <trkpt lat="-30.386154" lon="-69.519606">
      <ele>2721</ele>
    </trkpt>
    <trkpt lat="-30.386024" lon="-69.519558">
      <ele>2721</ele>
    </trkpt>
    <trkpt lat="-30.3858" lon="-69.519485">
      <ele>2720</ele>
    </trkpt>
    <trkpt lat="-30.385603" lon="-69.519421">
      <ele>2720</ele>
    </trkpt>
    <trkpt lat="-30.385147" lon="-69.519265">
      <ele>2717</ele>
    </trkpt>
    <trkpt lat="-30.384988" lon="-69.519198">
      <ele>2717</ele>
    </trkpt>
    <trkpt lat="-30.384823" lon="-69.519123">
      <ele>2717</ele>
    </trkpt>
    <trkpt lat="-30.38458" lon="-69.518984">
      <ele>2720</ele>
    </trkpt>
    <trkpt lat="-30.384405" lon="-69.518876">
      <ele>2722</ele>
    </trkpt>
    <trkpt lat="-30.384226" lon="-69.518748">
      <ele>2721</ele>
    </trkpt>
    <trkpt lat="-30.384041" lon="-69.518592">
      <ele>2721</ele>
    </trkpt>
    <trkpt lat="-30.383879" lon="-69.518439">
      <ele>2717</ele>
    </trkpt>
    <trkpt lat="-30.38372" lon="-69.51827">
      <ele>2716</ele>
    </trkpt>
    <trkpt lat="-30.383546" lon="-69.518056">
      <ele>2715</ele>
    </trkpt>
    <trkpt lat="-30.38338" lon="-69.51783">
      <ele>2714</ele>
    </trkpt>
    <trkpt lat="-30.383255" lon="-69.517637">
      <ele>2713</ele>
    </trkpt>
    <trkpt lat="-30.38313" lon="-69.517417">
      <ele>2712</ele>
    </trkpt>
    <trkpt lat="-30.383037" lon="-69.517238">
      <ele>2711</ele>
    </trkpt>
    <trkpt lat="-30.382926" lon="-69.516985">
      <ele>2711</ele>
    </trkpt>
    <trkpt lat="-30.38281" lon="-69.51669">
      <ele>2713</ele>
    </trkpt>
    <trkpt lat="-30.382593" lon="-69.516031">
      <ele>2714</ele>
    </trkpt>
    <trkpt lat="-30.382401" lon="-69.515371">
      <ele>2711</ele>
    </trkpt>
    <trkpt lat="-30.381943" lon="-69.513829">
      <ele>2710</ele>
    </trkpt>
    <trkpt lat="-30.381725" lon="-69.513099">
      <ele>2709</ele>
    </trkpt>
    <trkpt lat="-30.381475" lon="-69.512316">
      <ele>2714</ele>
    </trkpt>
    <trkpt lat="-30.381318" lon="-69.511817">
      <ele>2717</ele>
    </trkpt>
    <trkpt lat="-30.38117" lon="-69.51128">
      <ele>2712</ele>
    </trkpt>
    <trkpt lat="-30.381047" lon="-69.510857">
      <ele>2712</ele>
    </trkpt>
    <trkpt lat="-30.380985" lon="-69.510664">
      <ele>2714</ele>
    </trkpt>
    <trkpt lat="-30.380904" lon="-69.510457">
      <ele>2715</ele>
    </trkpt>
    <trkpt lat="-30.38082" lon="-69.510259">
      <ele>2716</ele>
    </trkpt>
    <trkpt lat="-30.380693" lon="-69.509977">
      <ele>2718</ele>
    </trkpt>
    <trkpt lat="-30.380575" lon="-69.509733">
      <ele>2722</ele>
    </trkpt>
    <trkpt lat="-30.3803" lon="-69.509188">
      <ele>2721</ele>
    </trkpt>
    <trkpt lat="-30.380166" lon="-69.508904">
      <ele>2720</ele>
    </trkpt>
    <trkpt lat="-30.380052" lon="-69.508663">
      <ele>2718</ele>
    </trkpt>
    <trkpt lat="-30.379865" lon="-69.508287">
      <ele>2716</ele>
    </trkpt>
    <trkpt lat="-30.379638" lon="-69.507845">
      <ele>2720</ele>
    </trkpt>
    <trkpt lat="-30.379518" lon="-69.507598">
      <ele>2721</ele>
    </trkpt>
    <trkpt lat="-30.379397" lon="-69.507319">
      <ele>2719</ele>
    </trkpt>
    <trkpt lat="-30.379201" lon="-69.506831">
      <ele>2717</ele>
    </trkpt>
    <trkpt lat="-30.378955" lon="-69.506208">
      <ele>2724</ele>
    </trkpt>
    <trkpt lat="-30.378715" lon="-69.505546">
      <ele>2724</ele>
    </trkpt>
    <trkpt lat="-30.378435" lon="-69.504806">
      <ele>2730</ele>
    </trkpt>
    <trkpt lat="-30.378194" lon="-69.504165">
      <ele>2734</ele>
    </trkpt>
    <trkpt lat="-30.377947" lon="-69.503494">
      <ele>2736</ele>
    </trkpt>
    <trkpt lat="-30.377669" lon="-69.502762">
      <ele>2742</ele>
    </trkpt>
    <trkpt lat="-30.377539" lon="-69.502394">
      <ele>2741</ele>
    </trkpt>
    <trkpt lat="-30.377354" lon="-69.50185">
      <ele>2739</ele>
    </trkpt>
    <trkpt lat="-30.377197" lon="-69.50141">
      <ele>2734</ele>
    </trkpt>
    <trkpt lat="-30.377086" lon="-69.501115">
      <ele>2733</ele>
    </trkpt>
    <trkpt lat="-30.376977" lon="-69.500852">
      <ele>2738</ele>
    </trkpt>
    <trkpt lat="-30.376688" lon="-69.500203">
      <ele>2747</ele>
    </trkpt>
    <trkpt lat="-30.376493" lon="-69.499739">
      <ele>2752</ele>
    </trkpt>
    <trkpt lat="-30.376313" lon="-69.499278">
      <ele>2750</ele>
    </trkpt>
    <trkpt lat="-30.376042" lon="-69.498559">
      <ele>2751</ele>
    </trkpt>
    <trkpt lat="-30.375933" lon="-69.49824">
      <ele>2752</ele>
    </trkpt>
    <trkpt lat="-30.375866" lon="-69.498022">
      <ele>2754</ele>
    </trkpt>
    <trkpt lat="-30.375778" lon="-69.497708">
      <ele>2756</ele>
    </trkpt>
    <trkpt lat="-30.375644" lon="-69.497169">
      <ele>2755</ele>
    </trkpt>
    <trkpt lat="-30.375373" lon="-69.495997">
      <ele>2753</ele>
    </trkpt>
    <trkpt lat="-30.375144" lon="-69.495029">
      <ele>2750</ele>
    </trkpt>
    <trkpt lat="-30.375075" lon="-69.494758">
      <ele>2748</ele>
    </trkpt>
    <trkpt lat="-30.375001" lon="-69.494541">
      <ele>2748</ele>
    </trkpt>
    <trkpt lat="-30.374938" lon="-69.494383">
      <ele>2748</ele>
    </trkpt>
    <trkpt lat="-30.374853" lon="-69.494197">
      <ele>2748</ele>
    </trkpt>
    <trkpt lat="-30.374753" lon="-69.49402">
      <ele>2747</ele>
    </trkpt>
    <trkpt lat="-30.374661" lon="-69.493876">
      <ele>2746</ele>
    </trkpt>
    <trkpt lat="-30.374531" lon="-69.493677">
      <ele>2747</ele>
    </trkpt>
    <trkpt lat="-30.374332" lon="-69.493422">
      <ele>2747</ele>
    </trkpt>
    <trkpt lat="-30.370956" lon="-69.489463">
      <ele>2723</ele>
    </trkpt>
    <trkpt lat="-30.370475" lon="-69.488908">
      <ele>2721</ele>
    </trkpt>
    <trkpt lat="-30.369963" lon="-69.488339">
      <ele>2718</ele>
    </trkpt>
    <trkpt lat="-30.368882" lon="-69.487175">
      <ele>2709</ele>
    </trkpt>
    <trkpt lat="-30.366846" lon="-69.484981">
      <ele>2700</ele>
    </trkpt>
    <trkpt lat="-30.365997" lon="-69.484075">
      <ele>2696</ele>
    </trkpt>
    <trkpt lat="-30.365318" lon="-69.483351">
      <ele>2695</ele>
    </trkpt>
    <trkpt lat="-30.365027" lon="-69.483023">
      <ele>2695</ele>
    </trkpt>
    <trkpt lat="-30.364798" lon="-69.482728">
      <ele>2692</ele>
    </trkpt>
    <trkpt lat="-30.364515" lon="-69.482361">
      <ele>2689</ele>
    </trkpt>
    <trkpt lat="-30.364215" lon="-69.481945">
      <ele>2688</ele>
    </trkpt>
    <trkpt lat="-30.363941" lon="-69.481545">
      <ele>2685</ele>
    </trkpt>
    <trkpt lat="-30.363518" lon="-69.480907">
      <ele>2680</ele>
    </trkpt>
    <trkpt lat="-30.363275" lon="-69.480481">
      <ele>2677</ele>
    </trkpt>
    <trkpt lat="-30.363083" lon="-69.480113">
      <ele>2678</ele>
    </trkpt>
    <trkpt lat="-30.362872" lon="-69.479638">
      <ele>2676</ele>
    </trkpt>
    <trkpt lat="-30.362634" lon="-69.479046">
      <ele>2670</ele>
    </trkpt>
    <trkpt lat="-30.36246" lon="-69.478614">
      <ele>2668</ele>
    </trkpt>
    <trkpt lat="-30.361988" lon="-69.477495">
      <ele>2672</ele>
    </trkpt>
    <trkpt lat="-30.361368" lon="-69.476001">
      <ele>2663</ele>
    </trkpt>
    <trkpt lat="-30.361025" lon="-69.475191">
      <ele>2659</ele>
    </trkpt>
    <trkpt lat="-30.360831" lon="-69.474717">
      <ele>2655</ele>
    </trkpt>
    <trkpt lat="-30.360669" lon="-69.474279">
      <ele>2655</ele>
    </trkpt>
    <trkpt lat="-30.360565" lon="-69.473987">
      <ele>2655</ele>
    </trkpt>
    <trkpt lat="-30.360493" lon="-69.473732">
      <ele>2654</ele>
    </trkpt>
    <trkpt lat="-30.35972" lon="-69.470648">
      <ele>2638</ele>
    </trkpt>
    <trkpt lat="-30.359202" lon="-69.468636">
      <ele>2636</ele>
    </trkpt>
    <trkpt lat="-30.359005" lon="-69.467866">
      <ele>2635</ele>
    </trkpt>
    <trkpt lat="-30.35891" lon="-69.467416">
      <ele>2633</ele>
    </trkpt>
    <trkpt lat="-30.358861" lon="-69.467029">
      <ele>2631</ele>
    </trkpt>
    <trkpt lat="-30.35882" lon="-69.466662">
      <ele>2630</ele>
    </trkpt>
    <trkpt lat="-30.358797" lon="-69.466337">
      <ele>2629</ele>
    </trkpt>
    <trkpt lat="-30.358801" lon="-69.465897">
      <ele>2628</ele>
    </trkpt>
    <trkpt lat="-30.358836" lon="-69.465345">
      <ele>2626</ele>
    </trkpt>
    <trkpt lat="-30.358878" lon="-69.464843">
      <ele>2625</ele>
    </trkpt>
    <trkpt lat="-30.358919" lon="-69.464374">
      <ele>2623</ele>
    </trkpt>
    <trkpt lat="-30.359433" lon="-69.458849">
      <ele>2602</ele>
    </trkpt>
    <trkpt lat="-30.359484" lon="-69.458377">
      <ele>2599</ele>
    </trkpt>
    <trkpt lat="-30.359542" lon="-69.457988">
      <ele>2598</ele>
    </trkpt>
    <trkpt lat="-30.359614" lon="-69.457604">
      <ele>2596</ele>
    </trkpt>
    <trkpt lat="-30.359683" lon="-69.457328">
      <ele>2597</ele>
    </trkpt>
    <trkpt lat="-30.359778" lon="-69.457014">
      <ele>2596</ele>
    </trkpt>
    <trkpt lat="-30.359894" lon="-69.456668">
      <ele>2592</ele>
    </trkpt>
    <trkpt lat="-30.3601" lon="-69.456142">
      <ele>2591</ele>
    </trkpt>
    <trkpt lat="-30.360292" lon="-69.455708">
      <ele>2592</ele>
    </trkpt>
    <trkpt lat="-30.360778" lon="-69.454726">
      <ele>2590</ele>
    </trkpt>
    <trkpt lat="-30.361097" lon="-69.454072">
      <ele>2590</ele>
    </trkpt>
    <trkpt lat="-30.361259" lon="-69.453712">
      <ele>2589</ele>
    </trkpt>
    <trkpt lat="-30.361414" lon="-69.453358">
      <ele>2585</ele>
    </trkpt>
    <trkpt lat="-30.361514" lon="-69.453093">
      <ele>2583</ele>
    </trkpt>
    <trkpt lat="-30.361632" lon="-69.45276">
      <ele>2582</ele>
    </trkpt>
    <trkpt lat="-30.361743" lon="-69.452374">
      <ele>2580</ele>
    </trkpt>
    <trkpt lat="-30.361838" lon="-69.451969">
      <ele>2578</ele>
    </trkpt>
    <trkpt lat="-30.362562" lon="-69.448855">
      <ele>2569</ele>
    </trkpt>
    <trkpt lat="-30.362662" lon="-69.448426">
      <ele>2568</ele>
    </trkpt>
    <trkpt lat="-30.362803" lon="-69.447967">
      <ele>2566</ele>
    </trkpt>
    <trkpt lat="-30.362946" lon="-69.447554">
      <ele>2565</ele>
    </trkpt>
    <trkpt lat="-30.363076" lon="-69.447229">
      <ele>2564</ele>
    </trkpt>
    <trkpt lat="-30.363701" lon="-69.445899">
      <ele>2559</ele>
    </trkpt>
    <trkpt lat="-30.363823" lon="-69.445612">
      <ele>2559</ele>
    </trkpt>
    <trkpt lat="-30.363974" lon="-69.44525">
      <ele>2558</ele>
    </trkpt>
    <trkpt lat="-30.364097" lon="-69.444901">
      <ele>2556</ele>
    </trkpt>
    <trkpt lat="-30.364221" lon="-69.444499">
      <ele>2554</ele>
    </trkpt>
    <trkpt lat="-30.364314" lon="-69.444045">
      <ele>2554</ele>
    </trkpt>
    <trkpt lat="-30.364485" lon="-69.4433">
      <ele>2548</ele>
    </trkpt>
    <trkpt lat="-30.364696" lon="-69.442401">
      <ele>2546</ele>
    </trkpt>
    <trkpt lat="-30.364837" lon="-69.441739">
      <ele>2544</ele>
    </trkpt>
    <trkpt lat="-30.364997" lon="-69.441025">
      <ele>2546</ele>
    </trkpt>
    <trkpt lat="-30.365096" lon="-69.440642">
      <ele>2543</ele>
    </trkpt>
    <trkpt lat="-30.365231" lon="-69.440186">
      <ele>2541</ele>
    </trkpt>
    <trkpt lat="-30.365846" lon="-69.4383">
      <ele>2537</ele>
    </trkpt>
    <trkpt lat="-30.36645" lon="-69.43657">
      <ele>2531</ele>
    </trkpt>
    <trkpt lat="-30.366695" lon="-69.435626">
      <ele>2528</ele>
    </trkpt>
    <trkpt lat="-30.367598" lon="-69.430664">
      <ele>2514</ele>
    </trkpt>
    <trkpt lat="-30.367778" lon="-69.429275">
      <ele>2512</ele>
    </trkpt>
    <trkpt lat="-30.36788" lon="-69.428255">
      <ele>2507</ele>
    </trkpt>
    <trkpt lat="-30.367943" lon="-69.427247">
      <ele>2502</ele>
    </trkpt>
    <trkpt lat="-30.368297" lon="-69.420182">
      <ele>2476</ele>
    </trkpt>
    <trkpt lat="-30.368308" lon="-69.419608">
      <ele>2474</ele>
    </trkpt>
    <trkpt lat="-30.368283" lon="-69.418991">
      <ele>2472</ele>
    </trkpt>
    <trkpt lat="-30.368211" lon="-69.418334">
      <ele>2470</ele>
    </trkpt>
    <trkpt lat="-30.368102" lon="-69.417628">
      <ele>2468</ele>
    </trkpt>
    <trkpt lat="-30.367144" lon="-69.412581">
      <ele>2451</ele>
    </trkpt>
    <trkpt lat="-30.367033" lon="-69.411905">
      <ele>2449</ele>
    </trkpt>
    <trkpt lat="-30.366955" lon="-69.411282">
      <ele>2444</ele>
    </trkpt>
    <trkpt lat="-30.366931" lon="-69.41073">
      <ele>2442</ele>
    </trkpt>
    <trkpt lat="-30.366918" lon="-69.408973">
      <ele>2434</ele>
    </trkpt>
    <trkpt lat="-30.366959" lon="-69.40797">
      <ele>2428</ele>
    </trkpt>
    <trkpt lat="-30.367001" lon="-69.406991">
      <ele>2424</ele>
    </trkpt>
    <trkpt lat="-30.367804" lon="-69.398126">
      <ele>2400</ele>
    </trkpt>
    <trkpt lat="-30.367857" lon="-69.39741">
      <ele>2400</ele>
    </trkpt>
    <trkpt lat="-30.367901" lon="-69.396184">
      <ele>2396</ele>
    </trkpt>
    <trkpt lat="-30.367947" lon="-69.394779">
      <ele>2393</ele>
    </trkpt>
    <trkpt lat="-30.367952" lon="-69.394331">
      <ele>2391</ele>
    </trkpt>
    <trkpt lat="-30.367876" lon="-69.393615">
      <ele>2390</ele>
    </trkpt>
    <trkpt lat="-30.367714" lon="-69.392654">
      <ele>2385</ele>
    </trkpt>
    <trkpt lat="-30.367304" lon="-69.390576">
      <ele>2380</ele>
    </trkpt>
    <trkpt lat="-30.367056" lon="-69.389261">
      <ele>2373</ele>
    </trkpt>
    <trkpt lat="-30.366929" lon="-69.38858">
      <ele>2371</ele>
    </trkpt>
    <trkpt lat="-30.365647" lon="-69.38081">
      <ele>2342</ele>
    </trkpt>
    <trkpt lat="-30.365457" lon="-69.37985">
      <ele>2337</ele>
    </trkpt>
    <trkpt lat="-30.365323" lon="-69.379326">
      <ele>2337</ele>
    </trkpt>
    <trkpt lat="-30.365163" lon="-69.378726">
      <ele>2333</ele>
    </trkpt>
    <trkpt lat="-30.364832" lon="-69.377814">
      <ele>2333</ele>
    </trkpt>
    <trkpt lat="-30.364349" lon="-69.376521">
      <ele>2328</ele>
    </trkpt>
    <trkpt lat="-30.363886" lon="-69.375191">
      <ele>2321</ele>
    </trkpt>
    <trkpt lat="-30.363712" lon="-69.374571">
      <ele>2319</ele>
    </trkpt>
    <trkpt lat="-30.36362" lon="-69.374115">
      <ele>2317</ele>
    </trkpt>
    <trkpt lat="-30.363511" lon="-69.373415">
      <ele>2315</ele>
    </trkpt>
    <trkpt lat="-30.363131" lon="-69.370006">
      <ele>2302</ele>
    </trkpt>
    <trkpt lat="-30.362898" lon="-69.367688">
      <ele>2291</ele>
    </trkpt>
    <trkpt lat="-30.362787" lon="-69.366843">
      <ele>2288</ele>
    </trkpt>
    <trkpt lat="-30.362606" lon="-69.365805">
      <ele>2283</ele>
    </trkpt>
    <trkpt lat="-30.362347" lon="-69.364609">
      <ele>2279</ele>
    </trkpt>
    <trkpt lat="-30.361352" lon="-69.359717">
      <ele>2260</ele>
    </trkpt>
    <trkpt lat="-30.360725" lon="-69.356482">
      <ele>2245</ele>
    </trkpt>
    <trkpt lat="-30.359491" lon="-69.350144">
      <ele>2226</ele>
    </trkpt>
    <trkpt lat="-30.359378" lon="-69.349401">
      <ele>2222</ele>
    </trkpt>
    <trkpt lat="-30.359327" lon="-69.348835">
      <ele>2221</ele>
    </trkpt>
    <trkpt lat="-30.35932" lon="-69.34828">
      <ele>2219</ele>
    </trkpt>
    <trkpt lat="-30.359373" lon="-69.343975">
      <ele>2201</ele>
    </trkpt>
    <trkpt lat="-30.359364" lon="-69.341609">
      <ele>2194</ele>
    </trkpt>
    <trkpt lat="-30.359306" lon="-69.338975">
      <ele>2183</ele>
    </trkpt>
    <trkpt lat="-30.359243" lon="-69.338248">
      <ele>2178</ele>
    </trkpt>
    <trkpt lat="-30.359123" lon="-69.33754">
      <ele>2176</ele>
    </trkpt>
    <trkpt lat="-30.358908" lon="-69.336757">
      <ele>2173</ele>
    </trkpt>
    <trkpt lat="-30.35707" lon="-69.330642">
      <ele>2151</ele>
    </trkpt>
    <trkpt lat="-30.350305" lon="-69.308229">
      <ele>2074</ele>
    </trkpt>
    <trkpt lat="-30.342053" lon="-69.280887">
      <ele>2010</ele>
    </trkpt>
    <trkpt lat="-30.331337" lon="-69.245305">
      <ele>1937</ele>
    </trkpt>
    <trkpt lat="-30.328647" lon="-69.236381">
      <ele>1925</ele>
    </trkpt>
    <trkpt lat="-30.328628" lon="-69.236357">
      <ele>1925</ele>
    </trkpt>
    <trkpt lat="-30.328593" lon="-69.236343">
      <ele>1925</ele>
    </trkpt>
    <trkpt lat="-30.328543" lon="-69.236346">
      <ele>1924</ele>
    </trkpt>
    <trkpt lat="-30.328374" lon="-69.236416">
      <ele>1923</ele>
    </trkpt>
    <trkpt lat="-30.328339" lon="-69.236284">
      <ele>1923</ele>
    </trkpt>
    <trkpt lat="-30.328265" lon="-69.236003">
      <ele>1923</ele>
    </trkpt>
    <trkpt lat="-30.328163" lon="-69.235611">
      <ele>1921</ele>
    </trkpt>
    <trkpt lat="-30.328318" lon="-69.235549">
      <ele>1921</ele>
    </trkpt>
    <trkpt lat="-30.328353" lon="-69.235528">
      <ele>1921</ele>
    </trkpt>
    <trkpt lat="-30.328364" lon="-69.235469">
      <ele>1921</ele>
    </trkpt>
    <trkpt lat="-30.326114" lon="-69.228302">
      <ele>1903</ele>
    </trkpt>
    <trkpt lat="-30.32528" lon="-69.225644">
      <ele>1893</ele>
    </trkpt>
    <trkpt lat="-30.325186" lon="-69.225341">
      <ele>1891</ele>
    </trkpt>
    <trkpt lat="-30.325118" lon="-69.225108">
      <ele>1891</ele>
    </trkpt>
    <trkpt lat="-30.325088" lon="-69.224871">
      <ele>1890</ele>
    </trkpt>
    <trkpt lat="-30.325098" lon="-69.224764">
      <ele>1889</ele>
    </trkpt>
    <trkpt lat="-30.325142" lon="-69.224611">
      <ele>1889</ele>
    </trkpt>
    <trkpt lat="-30.325174" lon="-69.224582">
      <ele>1888</ele>
    </trkpt>
    <trkpt lat="-30.325274" lon="-69.224418">
      <ele>1888</ele>
    </trkpt>
    <trkpt lat="-30.325329" lon="-69.22423">
      <ele>1887</ele>
    </trkpt>
    <trkpt lat="-30.325336" lon="-69.224029">
      <ele>1886</ele>
    </trkpt>
    <trkpt lat="-30.325294" lon="-69.223833">
      <ele>1885</ele>
    </trkpt>
    <trkpt lat="-30.325204" lon="-69.223662">
      <ele>1884</ele>
    </trkpt>
    <trkpt lat="-30.325077" lon="-69.223525">
      <ele>1883</ele>
    </trkpt>
    <trkpt lat="-30.324919" lon="-69.223436">
      <ele>1883</ele>
    </trkpt>
    <trkpt lat="-30.324829" lon="-69.223412">
      <ele>1882</ele>
    </trkpt>
    <trkpt lat="-30.324736" lon="-69.223404">
      <ele>1882</ele>
    </trkpt>
    <trkpt lat="-30.324637" lon="-69.223343">
      <ele>1882</ele>
    </trkpt>
    <trkpt lat="-30.324588" lon="-69.223302">
      <ele>1882</ele>
    </trkpt>
    <trkpt lat="-30.324523" lon="-69.223241">
      <ele>1882</ele>
    </trkpt>
    <trkpt lat="-30.324459" lon="-69.223144">
      <ele>1881</ele>
    </trkpt>
    <trkpt lat="-30.324114" lon="-69.222109">
      <ele>1880</ele>
    </trkpt>
    <trkpt lat="-30.323815" lon="-69.221175">
      <ele>1877</ele>
    </trkpt>
    <trkpt lat="-30.323641" lon="-69.220585">
      <ele>1877</ele>
    </trkpt>
    <trkpt lat="-30.323546" lon="-69.220296">
      <ele>1877</ele>
    </trkpt>
    <trkpt lat="-30.32313" lon="-69.219027">
      <ele>1874</ele>
    </trkpt>
    <trkpt lat="-30.322587" lon="-69.217322">
      <ele>1873</ele>
    </trkpt>
    <trkpt lat="-30.32293" lon="-69.217176">
      <ele>1873</ele>
    </trkpt>
  </trkseg>
</trk>
</gpx>