<?xml version="1.0" encoding="UTF-8"?>
<gpx xmlns="http://www.topografix.com/GPX/1/1" xmlns:gpxdata="http://www.cluetrust.com/XML/GPXDATA/1/0" xmlns:xsi="http://www.w3.org/2001/XMLSchema-instance" xsi:schemaLocation="http://www.topografix.com/GPX/1/1 https://www.topografix.com/GPX/1/1/gpx.xsd http://www.cluetrust.com/XML/GPXDATA/1/0 https://www.cluetrust.com/Schemas/gpxdata10.xsd" creator="COROS Wearables" version="1.1">
 <metadata>
  <link href="https://www.coros.com">
   <text>COROS</text>
  </link>
  <time>2026-02-23T13:50:28Z</time>
 </metadata>
 <trk>
  <name>Chilecito Vélo de route</name>
  <type>cycling</type>
  <trkseg>
   <trkpt lat="-29.1540996" lon="-67.4979035">
    <ele>1147</ele>
    <time>2026-02-23T13:50:49Z</time>
    <extensions>
     <gpxdata:hr>94</gpxdata:hr>
     <gpxdata:distance>5.00</gpxdata:distance>
     <gpxdata:speed>0.794</gpxdata:speed>
    </extensions>
   </trkpt>
   <trkpt lat="-29.1540666" lon="-67.4977153">
    <ele>1147</ele>
    <time>2026-02-23T13:51:46Z</time>
    <extensions>
     <gpxdata:hr>86</gpxdata:hr>
     <gpxdata:distance>31.00</gpxdata:distance>
     <gpxdata:speed>2.464</gpxdata:speed>
    </extensions>
   </trkpt>
   <trkpt lat="-29.1540501" lon="-67.4976917">
    <ele>1147</ele>
    <time>2026-02-23T13:51:47Z</time>
    <extensions>
     <gpxdata:hr>86</gpxdata:hr>
     <gpxdata:distance>34.00</gpxdata:distance>
     <gpxdata:speed>2.708</gpxdata:speed>
    </extensions>
   </trkpt>
   <trkpt lat="-29.1540327" lon="-67.4976715">
    <ele>1147</ele>
    <time>2026-02-23T13:51:48Z</time>
    <extensions>
     <gpxdata:hr>86</gpxdata:hr>
     <gpxdata:distance>37.00</gpxdata:distance>
     <gpxdata:speed>2.772</gpxdata:speed>
    </extensions>
   </trkpt>
   <trkpt lat="-29.1540139" lon="-67.4976540">
    <ele>1147</ele>
    <time>2026-02-23T13:51:49Z</time>
    <extensions>
     <gpxdata:hr>86</gpxdata:hr>
     <gpxdata:distance>39.50</gpxdata:distance>
     <gpxdata:speed>2.750</gpxdata:speed>
    </extensions>
   </trkpt>
   <trkpt lat="-29.1539940" lon="-67.4976387">
    <ele>1147</ele>
    <time>2026-02-23T13:51:50Z</time>
    <extensions>
     <gpxdata:hr>86</gpxdata:hr>
     <gpxdata:distance>42.00</gpxdata:distance>
     <gpxdata:speed>2.606</gpxdata:speed>
    </extensions>
   </trkpt>
   <trkpt lat="-29.1539739" lon="-67.4976259">
    <ele>1147</ele>
    <time>2026-02-23T13:51:51Z</time>
    <extensions>
     <gpxdata:hr>86</gpxdata:hr>
     <gpxdata:distance>44.50</gpxdata:distance>
     <gpxdata:speed>2.511</gpxdata:speed>
    </extensions>
   </trkpt>
   <trkpt lat="-29.1539538" lon="-67.4976144">
    <ele>1147</ele>
    <time>2026-02-23T13:51:52Z</time>
    <extensions>
     <gpxdata:hr>86</gpxdata:hr>
     <gpxdata:distance>47.00</gpxdata:distance>
     <gpxdata:speed>2.761</gpxdata:speed>
    </extensions>
   </trkpt>
   <trkpt lat="-29.1539316" lon="-67.4976037">
    <ele>1147</ele>
    <time>2026-02-23T13:51:53Z</time>
    <extensions>
     <gpxdata:hr>86</gpxdata:hr>
     <gpxdata:distance>50.00</gpxdata:distance>
     <gpxdata:speed>2.808</gpxdata:speed>
    </extensions>
   </trkpt>
   <trkpt lat="-29.1539085" lon="-67.4975938">
    <ele>1147</ele>
    <time>2026-02-23T13:51:54Z</time>
    <extensions>
     <gpxdata:hr>86</gpxdata:hr>
     <gpxdata:distance>53.00</gpxdata:distance>
     <gpxdata:speed>2.775</gpxdata:speed>
    </extensions>
   </trkpt>
   <trkpt lat="-29.1538851" lon="-67.4975850">
    <ele>1147</ele>
    <time>2026-02-23T13:51:55Z</time>
    <extensions>
     <gpxdata:hr>86</gpxdata:hr>
     <gpxdata:distance>55.50</gpxdata:distance>
     <gpxdata:speed>2.764</gpxdata:speed>
    </extensions>
   </trkpt>
   <trkpt lat="-29.1538617" lon="-67.4975761">
    <ele>1147</ele>
    <time>2026-02-23T13:51:56Z</time>
    <extensions>
     <gpxdata:hr>87</gpxdata:hr>
     <gpxdata:distance>58.00</gpxdata:distance>
     <gpxdata:speed>2.703</gpxdata:speed>
    </extensions>
   </trkpt>
   <trkpt lat="-29.1538387" lon="-67.4975669">
    <ele>1147</ele>
    <time>2026-02-23T13:51:57Z</time>
    <extensions>
     <gpxdata:hr>87</gpxdata:hr>
     <gpxdata:distance>60.50</gpxdata:distance>
     <gpxdata:speed>2.506</gpxdata:speed>
    </extensions>
   </trkpt>
   <trkpt lat="-29.1538172" lon="-67.4975578">
    <ele>1148</ele>
    <time>2026-02-23T13:51:58Z</time>
    <extensions>
     <gpxdata:hr>88</gpxdata:hr>
     <gpxdata:distance>63.00</gpxdata:distance>
     <gpxdata:speed>2.514</gpxdata:speed>
    </extensions>
   </trkpt>
   <trkpt lat="-29.1537960" lon="-67.4975480">
    <ele>1148</ele>
    <time>2026-02-23T13:51:59Z</time>
    <extensions>
     <gpxdata:hr>87</gpxdata:hr>
     <gpxdata:distance>65.50</gpxdata:distance>
     <gpxdata:speed>2.769</gpxdata:speed>
    </extensions>
   </trkpt>
   <trkpt lat="-29.1537734" lon="-67.4975371">
    <ele>1148</ele>
    <time>2026-02-23T13:52:00Z</time>
    <extensions>
     <gpxdata:hr>87</gpxdata:hr>
     <gpxdata:distance>68.00</gpxdata:distance>
     <gpxdata:speed>2.633</gpxdata:speed>
    </extensions>
   </trkpt>
   <trkpt lat="-29.1537516" lon="-67.4975266">
    <ele>1148</ele>
    <time>2026-02-23T13:52:01Z</time>
    <extensions>
     <gpxdata:hr>88</gpxdata:hr>
     <gpxdata:distance>71.00</gpxdata:distance>
     <gpxdata:speed>2.647</gpxdata:speed>
    </extensions>
   </trkpt>
   <trkpt lat="-29.1537296" lon="-67.4975163">
    <ele>1148</ele>
    <time>2026-02-23T13:52:02Z</time>
    <extensions>
     <gpxdata:hr>88</gpxdata:hr>
     <gpxdata:distance>74.00</gpxdata:distance>
     <gpxdata:speed>2.756</gpxdata:speed>
    </extensions>
   </trkpt>
   <trkpt lat="-29.1537067" lon="-67.4975062">
    <ele>1148</ele>
    <time>2026-02-23T13:52:03Z</time>
    <extensions>
     <gpxdata:hr>88</gpxdata:hr>
     <gpxdata:distance>76.50</gpxdata:distance>
     <gpxdata:speed>2.564</gpxdata:speed>
    </extensions>
   </trkpt>
   <trkpt lat="-29.1536848" lon="-67.4974971">
    <ele>1148</ele>
    <time>2026-02-23T13:52:04Z</time>
    <extensions>
     <gpxdata:hr>88</gpxdata:hr>
     <gpxdata:distance>79.00</gpxdata:distance>
     <gpxdata:speed>2.550</gpxdata:speed>
    </extensions>
   </trkpt>
   <trkpt lat="-29.1536632" lon="-67.4974875">
    <ele>1148</ele>
    <time>2026-02-23T13:52:05Z</time>
    <extensions>
     <gpxdata:hr>88</gpxdata:hr>
     <gpxdata:distance>82.00</gpxdata:distance>
     <gpxdata:speed>2.750</gpxdata:speed>
    </extensions>
   </trkpt>
   <trkpt lat="-29.1536409" lon="-67.4974764">
    <ele>1148</ele>
    <time>2026-02-23T13:52:06Z</time>
    <extensions>
     <gpxdata:hr>90</gpxdata:hr>
     <gpxdata:distance>85.00</gpxdata:distance>
     <gpxdata:speed>2.725</gpxdata:speed>
    </extensions>
   </trkpt>
   <trkpt lat="-29.1536184" lon="-67.4974655">
    <ele>1148</ele>
    <time>2026-02-23T13:52:07Z</time>
    <extensions>
     <gpxdata:hr>90</gpxdata:hr>
     <gpxdata:distance>87.00</gpxdata:distance>
     <gpxdata:speed>2.572</gpxdata:speed>
    </extensions>
   </trkpt>
   <trkpt lat="-29.1535966" lon="-67.4974559">
    <ele>1148</ele>
    <time>2026-02-23T13:52:08Z</time>
    <extensions>
     <gpxdata:hr>88</gpxdata:hr>
     <gpxdata:distance>89.00</gpxdata:distance>
     <gpxdata:speed>2.506</gpxdata:speed>
    </extensions>
   </trkpt>
   <trkpt lat="-29.1535750" lon="-67.4974475">
    <ele>1148</ele>
    <time>2026-02-23T13:52:09Z</time>
    <extensions>
     <gpxdata:hr>87</gpxdata:hr>
     <gpxdata:distance>91.50</gpxdata:distance>
     <gpxdata:speed>2.381</gpxdata:speed>
    </extensions>
   </trkpt>
   <trkpt lat="-29.1535544" lon="-67.4974393">
    <ele>1148</ele>
    <time>2026-02-23T13:52:10Z</time>
    <extensions>
     <gpxdata:hr>86</gpxdata:hr>
     <gpxdata:distance>94.00</gpxdata:distance>
     <gpxdata:speed>2.422</gpxdata:speed>
    </extensions>
   </trkpt>
   <trkpt lat="-29.1535337" lon="-67.4974308">
    <ele>1148</ele>
    <time>2026-02-23T13:52:11Z</time>
    <extensions>
     <gpxdata:hr>86</gpxdata:hr>
     <gpxdata:distance>96.50</gpxdata:distance>
     <gpxdata:speed>2.253</gpxdata:speed>
    </extensions>
   </trkpt>
   <trkpt lat="-29.1535141" lon="-67.4974230">
    <ele>1148</ele>
    <time>2026-02-23T13:52:12Z</time>
    <extensions>
     <gpxdata:hr>85</gpxdata:hr>
     <gpxdata:distance>99.00</gpxdata:distance>
     <gpxdata:speed>2.439</gpxdata:speed>
    </extensions>
   </trkpt>
   <trkpt lat="-29.1534933" lon="-67.4974154">
    <ele>1149</ele>
    <time>2026-02-23T13:52:13Z</time>
    <extensions>
     <gpxdata:hr>85</gpxdata:hr>
     <gpxdata:distance>101.00</gpxdata:distance>
     <gpxdata:speed>2.286</gpxdata:speed>
    </extensions>
   </trkpt>
   <trkpt lat="-29.1534733" lon="-67.4974088">
    <ele>1149</ele>
    <time>2026-02-23T13:52:14Z</time>
    <extensions>
     <gpxdata:hr>85</gpxdata:hr>
     <gpxdata:distance>103.00</gpxdata:distance>
     <gpxdata:speed>2.336</gpxdata:speed>
    </extensions>
   </trkpt>
   <trkpt lat="-29.1534531" lon="-67.4974022">
    <ele>1149</ele>
    <time>2026-02-23T13:52:15Z</time>
    <extensions>
     <gpxdata:hr>85</gpxdata:hr>
     <gpxdata:distance>106.00</gpxdata:distance>
     <gpxdata:speed>2.625</gpxdata:speed>
    </extensions>
   </trkpt>
   <trkpt lat="-29.1534311" lon="-67.4973945">
    <ele>1149</ele>
    <time>2026-02-23T13:52:16Z</time>
    <extensions>
     <gpxdata:hr>85</gpxdata:hr>
     <gpxdata:distance>109.00</gpxdata:distance>
     <gpxdata:speed>2.525</gpxdata:speed>
    </extensions>
   </trkpt>
   <trkpt lat="-29.1534095" lon="-67.4973869">
    <ele>1149</ele>
    <time>2026-02-23T13:52:17Z</time>
    <extensions>
     <gpxdata:hr>85</gpxdata:hr>
     <gpxdata:distance>111.50</gpxdata:distance>
     <gpxdata:speed>2.528</gpxdata:speed>
    </extensions>
   </trkpt>
   <trkpt lat="-29.1533881" lon="-67.4973786">
    <ele>1149</ele>
    <time>2026-02-23T13:52:18Z</time>
    <extensions>
     <gpxdata:hr>86</gpxdata:hr>
     <gpxdata:distance>114.00</gpxdata:distance>
     <gpxdata:speed>2.511</gpxdata:speed>
    </extensions>
   </trkpt>
   <trkpt lat="-29.1533671" lon="-67.4973692">
    <ele>1149</ele>
    <time>2026-02-23T13:52:19Z</time>
    <extensions>
     <gpxdata:hr>86</gpxdata:hr>
     <gpxdata:distance>117.00</gpxdata:distance>
     <gpxdata:speed>2.600</gpxdata:speed>
    </extensions>
   </trkpt>
   <trkpt lat="-29.1533456" lon="-67.4973594">
    <ele>1149</ele>
    <time>2026-02-23T13:52:20Z</time>
    <extensions>
     <gpxdata:hr>87</gpxdata:hr>
     <gpxdata:distance>120.00</gpxdata:distance>
     <gpxdata:speed>2.806</gpxdata:speed>
    </extensions>
   </trkpt>
   <trkpt lat="-29.1533226" lon="-67.4973495">
    <ele>1149</ele>
    <time>2026-02-23T13:52:21Z</time>
    <extensions>
     <gpxdata:hr>88</gpxdata:hr>
     <gpxdata:distance>122.50</gpxdata:distance>
     <gpxdata:speed>2.864</gpxdata:speed>
    </extensions>
   </trkpt>
   <trkpt lat="-29.1532990" lon="-67.4973390">
    <ele>1149</ele>
    <time>2026-02-23T13:52:22Z</time>
    <extensions>
     <gpxdata:hr>89</gpxdata:hr>
     <gpxdata:distance>125.00</gpxdata:distance>
     <gpxdata:speed>2.786</gpxdata:speed>
    </extensions>
   </trkpt>
   <trkpt lat="-29.1532759" lon="-67.4973285">
    <ele>1149</ele>
    <time>2026-02-23T13:52:23Z</time>
    <extensions>
     <gpxdata:hr>89</gpxdata:hr>
     <gpxdata:distance>128.00</gpxdata:distance>
     <gpxdata:speed>2.844</gpxdata:speed>
    </extensions>
   </trkpt>
   <trkpt lat="-29.1532524" lon="-67.4973178">
    <ele>1149</ele>
    <time>2026-02-23T13:52:24Z</time>
    <extensions>
     <gpxdata:hr>89</gpxdata:hr>
     <gpxdata:distance>131.00</gpxdata:distance>
     <gpxdata:speed>2.994</gpxdata:speed>
    </extensions>
   </trkpt>
   <trkpt lat="-29.1532274" lon="-67.4973076">
    <ele>1149</ele>
    <time>2026-02-23T13:52:25Z</time>
    <extensions>
     <gpxdata:hr>89</gpxdata:hr>
     <gpxdata:distance>134.00</gpxdata:distance>
     <gpxdata:speed>2.794</gpxdata:speed>
    </extensions>
   </trkpt>
   <trkpt lat="-29.1532035" lon="-67.4972985">
    <ele>1149</ele>
    <time>2026-02-23T13:52:26Z</time>
    <extensions>
     <gpxdata:hr>89</gpxdata:hr>
     <gpxdata:distance>137.00</gpxdata:distance>
     <gpxdata:speed>3.003</gpxdata:speed>
    </extensions>
   </trkpt>
   <trkpt lat="-29.1531782" lon="-67.4972890">
    <ele>1149</ele>
    <time>2026-02-23T13:52:27Z</time>
    <extensions>
     <gpxdata:hr>89</gpxdata:hr>
     <gpxdata:distance>140.00</gpxdata:distance>
     <gpxdata:speed>2.831</gpxdata:speed>
    </extensions>
   </trkpt>
   <trkpt lat="-29.1531387" lon="-67.4972739">
    <ele>1149</ele>
    <time>2026-02-23T13:52:28Z</time>
    <extensions>
     <gpxdata:hr>88</gpxdata:hr>
     <gpxdata:distance>143.00</gpxdata:distance>
     <gpxdata:speed>2.956</gpxdata:speed>
    </extensions>
   </trkpt>
   <trkpt lat="-29.1531222" lon="-67.4972677">
    <ele>1149</ele>
    <time>2026-02-23T13:52:29Z</time>
    <extensions>
     <gpxdata:hr>88</gpxdata:hr>
     <gpxdata:distance>146.00</gpxdata:distance>
     <gpxdata:speed>3.025</gpxdata:speed>
    </extensions>
   </trkpt>
   <trkpt lat="-29.1531004" lon="-67.4972600">
    <ele>1149</ele>
    <time>2026-02-23T13:52:30Z</time>
    <extensions>
     <gpxdata:hr>88</gpxdata:hr>
     <gpxdata:distance>149.00</gpxdata:distance>
     <gpxdata:speed>3.061</gpxdata:speed>
    </extensions>
   </trkpt>
   <trkpt lat="-29.1530603" lon="-67.4972465">
    <ele>1150</ele>
    <time>2026-02-23T13:52:31Z</time>
    <extensions>
     <gpxdata:hr>88</gpxdata:hr>
     <gpxdata:distance>152.00</gpxdata:distance>
     <gpxdata:speed>3.342</gpxdata:speed>
    </extensions>
   </trkpt>
   <trkpt lat="-29.1530283" lon="-67.4972363">
    <ele>1150</ele>
    <time>2026-02-23T13:52:32Z</time>
    <extensions>
     <gpxdata:hr>88</gpxdata:hr>
     <gpxdata:distance>155.00</gpxdata:distance>
     <gpxdata:speed>3.114</gpxdata:speed>
    </extensions>
   </trkpt>
   <trkpt lat="-29.1530007" lon="-67.4972278">
    <ele>1150</ele>
    <time>2026-02-23T13:52:33Z</time>
    <extensions>
     <gpxdata:hr>88</gpxdata:hr>
     <gpxdata:distance>158.50</gpxdata:distance>
     <gpxdata:speed>3.061</gpxdata:speed>
    </extensions>
   </trkpt>
   <trkpt lat="-29.1529742" lon="-67.4972190">
    <ele>1150</ele>
    <time>2026-02-23T13:52:34Z</time>
    <extensions>
     <gpxdata:hr>88</gpxdata:hr>
     <gpxdata:distance>162.00</gpxdata:distance>
     <gpxdata:speed>3.067</gpxdata:speed>
    </extensions>
   </trkpt>
   <trkpt lat="-29.1529478" lon="-67.4972096">
    <ele>1150</ele>
    <time>2026-02-23T13:52:35Z</time>
    <extensions>
     <gpxdata:hr>88</gpxdata:hr>
     <gpxdata:distance>165.00</gpxdata:distance>
     <gpxdata:speed>3.064</gpxdata:speed>
    </extensions>
   </trkpt>
   <trkpt lat="-29.1529220" lon="-67.4971987">
    <ele>1150</ele>
    <time>2026-02-23T13:52:36Z</time>
    <extensions>
     <gpxdata:hr>88</gpxdata:hr>
     <gpxdata:distance>168.00</gpxdata:distance>
     <gpxdata:speed>3.106</gpxdata:speed>
    </extensions>
   </trkpt>
   <trkpt lat="-29.1528960" lon="-67.4971870">
    <ele>1150</ele>
    <time>2026-02-23T13:52:37Z</time>
    <extensions>
     <gpxdata:hr>88</gpxdata:hr>
     <gpxdata:distance>171.00</gpxdata:distance>
     <gpxdata:speed>3.122</gpxdata:speed>
    </extensions>
   </trkpt>
   <trkpt lat="-29.1528697" lon="-67.4971758">
    <ele>1150</ele>
    <time>2026-02-23T13:52:38Z</time>
    <extensions>
     <gpxdata:hr>87</gpxdata:hr>
     <gpxdata:distance>174.00</gpxdata:distance>
     <gpxdata:speed>3.089</gpxdata:speed>
    </extensions>
   </trkpt>
   <trkpt lat="-29.1528432" lon="-67.4971664">
    <ele>1150</ele>
    <time>2026-02-23T13:52:39Z</time>
    <extensions>
     <gpxdata:hr>87</gpxdata:hr>
     <gpxdata:distance>177.50</gpxdata:distance>
     <gpxdata:speed>3.203</gpxdata:speed>
    </extensions>
   </trkpt>
   <trkpt lat="-29.1528154" lon="-67.4971579">
    <ele>1150</ele>
    <time>2026-02-23T13:52:40Z</time>
    <extensions>
     <gpxdata:hr>87</gpxdata:hr>
     <gpxdata:distance>181.00</gpxdata:distance>
     <gpxdata:speed>3.239</gpxdata:speed>
    </extensions>
   </trkpt>
   <trkpt lat="-29.1527870" lon="-67.4971502">
    <ele>1150</ele>
    <time>2026-02-23T13:52:41Z</time>
    <extensions>
     <gpxdata:hr>88</gpxdata:hr>
     <gpxdata:distance>184.00</gpxdata:distance>
     <gpxdata:speed>3.128</gpxdata:speed>
    </extensions>
   </trkpt>
   <trkpt lat="-29.1527597" lon="-67.4971425">
    <ele>1150</ele>
    <time>2026-02-23T13:52:42Z</time>
    <extensions>
     <gpxdata:hr>88</gpxdata:hr>
     <gpxdata:distance>187.00</gpxdata:distance>
     <gpxdata:speed>3.131</gpxdata:speed>
    </extensions>
   </trkpt>
   <trkpt lat="-29.1527323" lon="-67.4971352">
    <ele>1150</ele>
    <time>2026-02-23T13:52:43Z</time>
    <extensions>
     <gpxdata:hr>88</gpxdata:hr>
     <gpxdata:distance>189.50</gpxdata:distance>
     <gpxdata:speed>3.047</gpxdata:speed>
    </extensions>
   </trkpt>
   <trkpt lat="-29.1527058" lon="-67.4971277">
    <ele>1150</ele>
    <time>2026-02-23T13:52:44Z</time>
    <extensions>
     <gpxdata:hr>87</gpxdata:hr>
     <gpxdata:distance>192.00</gpxdata:distance>
     <gpxdata:speed>2.900</gpxdata:speed>
    </extensions>
   </trkpt>
   <trkpt lat="-29.1526813" lon="-67.4971179">
    <ele>1150</ele>
    <time>2026-02-23T13:52:45Z</time>
    <extensions>
     <gpxdata:hr>87</gpxdata:hr>
     <gpxdata:distance>194.00</gpxdata:distance>
     <gpxdata:speed>2.700</gpxdata:speed>
    </extensions>
   </trkpt>
   <trkpt lat="-29.1526686" lon="-67.4971119">
    <ele>1150</ele>
    <time>2026-02-23T13:52:46Z</time>
    <extensions>
     <gpxdata:hr>87</gpxdata:hr>
     <gpxdata:distance>196.00</gpxdata:distance>
     <gpxdata:speed>2.228</gpxdata:speed>
    </extensions>
   </trkpt>
   <trkpt lat="-29.1526542" lon="-67.4971032">
    <ele>1150</ele>
    <time>2026-02-23T13:52:47Z</time>
    <extensions>
     <gpxdata:hr>88</gpxdata:hr>
     <gpxdata:distance>197.50</gpxdata:distance>
     <gpxdata:speed>1.739</gpxdata:speed>
    </extensions>
   </trkpt>
   <trkpt lat="-29.1526417" lon="-67.4970934">
    <ele>1150</ele>
    <time>2026-02-23T13:52:48Z</time>
    <extensions>
     <gpxdata:hr>88</gpxdata:hr>
     <gpxdata:distance>199.00</gpxdata:distance>
     <gpxdata:speed>1.436</gpxdata:speed>
    </extensions>
   </trkpt>
   <trkpt lat="-29.1526346" lon="-67.4970858">
    <ele>1150</ele>
    <time>2026-02-23T13:52:49Z</time>
    <extensions>
     <gpxdata:hr>88</gpxdata:hr>
     <gpxdata:distance>199.00</gpxdata:distance>
     <gpxdata:speed>1.092</gpxdata:speed>
    </extensions>
   </trkpt>
   <trkpt lat="-29.1526169" lon="-67.4969860">
    <ele>1149</ele>
    <time>2026-02-23T13:53:00Z</time>
    <extensions>
     <gpxdata:hr>93</gpxdata:hr>
     <gpxdata:distance>214.00</gpxdata:distance>
     <gpxdata:speed>3.003</gpxdata:speed>
    </extensions>
   </trkpt>
   <trkpt lat="-29.1526228" lon="-67.4969565">
    <ele>1149</ele>
    <time>2026-02-23T13:53:01Z</time>
    <extensions>
     <gpxdata:hr>93</gpxdata:hr>
     <gpxdata:distance>217.50</gpxdata:distance>
     <gpxdata:speed>3.244</gpxdata:speed>
    </extensions>
   </trkpt>
   <trkpt lat="-29.1526322" lon="-67.4969066">
    <ele>1149</ele>
    <time>2026-02-23T13:53:02Z</time>
    <extensions>
     <gpxdata:hr>93</gpxdata:hr>
     <gpxdata:distance>221.00</gpxdata:distance>
     <gpxdata:speed>3.342</gpxdata:speed>
    </extensions>
   </trkpt>
   <trkpt lat="-29.1526363" lon="-67.4968698">
    <ele>1149</ele>
    <time>2026-02-23T13:53:03Z</time>
    <extensions>
     <gpxdata:hr>93</gpxdata:hr>
     <gpxdata:distance>225.00</gpxdata:distance>
     <gpxdata:speed>3.539</gpxdata:speed>
    </extensions>
   </trkpt>
   <trkpt lat="-29.1526413" lon="-67.4968335">
    <ele>1149</ele>
    <time>2026-02-23T13:53:04Z</time>
    <extensions>
     <gpxdata:hr>94</gpxdata:hr>
     <gpxdata:distance>229.00</gpxdata:distance>
     <gpxdata:speed>3.928</gpxdata:speed>
    </extensions>
   </trkpt>
   <trkpt lat="-29.1526483" lon="-67.4967937">
    <ele>1149</ele>
    <time>2026-02-23T13:53:05Z</time>
    <extensions>
     <gpxdata:hr>95</gpxdata:hr>
     <gpxdata:distance>233.50</gpxdata:distance>
     <gpxdata:speed>4.192</gpxdata:speed>
    </extensions>
   </trkpt>
   <trkpt lat="-29.1526575" lon="-67.4967517">
    <ele>1149</ele>
    <time>2026-02-23T13:53:06Z</time>
    <extensions>
     <gpxdata:hr>95</gpxdata:hr>
     <gpxdata:distance>238.00</gpxdata:distance>
     <gpxdata:speed>4.389</gpxdata:speed>
    </extensions>
   </trkpt>
   <trkpt lat="-29.1526682" lon="-67.4967080">
    <ele>1149</ele>
    <time>2026-02-23T13:53:07Z</time>
    <extensions>
     <gpxdata:hr>94</gpxdata:hr>
     <gpxdata:distance>243.00</gpxdata:distance>
     <gpxdata:speed>4.664</gpxdata:speed>
    </extensions>
   </trkpt>
   <trkpt lat="-29.1526796" lon="-67.4966616">
    <ele>1149</ele>
    <time>2026-02-23T13:53:08Z</time>
    <extensions>
     <gpxdata:hr>94</gpxdata:hr>
     <gpxdata:distance>248.00</gpxdata:distance>
     <gpxdata:speed>4.861</gpxdata:speed>
    </extensions>
   </trkpt>
   <trkpt lat="-29.1526913" lon="-67.4966131">
    <ele>1149</ele>
    <time>2026-02-23T13:53:09Z</time>
    <extensions>
     <gpxdata:hr>94</gpxdata:hr>
     <gpxdata:distance>253.00</gpxdata:distance>
     <gpxdata:speed>4.953</gpxdata:speed>
    </extensions>
   </trkpt>
   <trkpt lat="-29.1527024" lon="-67.4965635">
    <ele>1149</ele>
    <time>2026-02-23T13:53:10Z</time>
    <extensions>
     <gpxdata:hr>94</gpxdata:hr>
     <gpxdata:distance>258.00</gpxdata:distance>
     <gpxdata:speed>5.036</gpxdata:speed>
    </extensions>
   </trkpt>
   <trkpt lat="-29.1527149" lon="-67.4965136">
    <ele>1148</ele>
    <time>2026-02-23T13:53:11Z</time>
    <extensions>
     <gpxdata:hr>94</gpxdata:hr>
     <gpxdata:distance>263.50</gpxdata:distance>
     <gpxdata:speed>5.092</gpxdata:speed>
    </extensions>
   </trkpt>
   <trkpt lat="-29.1527286" lon="-67.4964634">
    <ele>1148</ele>
    <time>2026-02-23T13:53:12Z</time>
    <extensions>
     <gpxdata:hr>93</gpxdata:hr>
     <gpxdata:distance>269.00</gpxdata:distance>
     <gpxdata:speed>5.231</gpxdata:speed>
    </extensions>
   </trkpt>
   <trkpt lat="-29.1527431" lon="-67.4964121">
    <ele>1148</ele>
    <time>2026-02-23T13:53:13Z</time>
    <extensions>
     <gpxdata:hr>92</gpxdata:hr>
     <gpxdata:distance>274.50</gpxdata:distance>
     <gpxdata:speed>5.378</gpxdata:speed>
    </extensions>
   </trkpt>
   <trkpt lat="-29.1527574" lon="-67.4963591">
    <ele>1148</ele>
    <time>2026-02-23T13:53:14Z</time>
    <extensions>
     <gpxdata:hr>91</gpxdata:hr>
     <gpxdata:distance>280.00</gpxdata:distance>
     <gpxdata:speed>5.472</gpxdata:speed>
    </extensions>
   </trkpt>
   <trkpt lat="-29.1527713" lon="-67.4963049">
    <ele>1148</ele>
    <time>2026-02-23T13:53:15Z</time>
    <extensions>
     <gpxdata:hr>90</gpxdata:hr>
     <gpxdata:distance>285.00</gpxdata:distance>
     <gpxdata:speed>5.542</gpxdata:speed>
    </extensions>
   </trkpt>
   <trkpt lat="-29.1527855" lon="-67.4962501">
    <ele>1148</ele>
    <time>2026-02-23T13:53:16Z</time>
    <extensions>
     <gpxdata:hr>90</gpxdata:hr>
     <gpxdata:distance>290.00</gpxdata:distance>
     <gpxdata:speed>5.175</gpxdata:speed>
    </extensions>
   </trkpt>
   <trkpt lat="-29.1527994" lon="-67.4961995">
    <ele>1148</ele>
    <time>2026-02-23T13:53:17Z</time>
    <extensions>
     <gpxdata:hr>90</gpxdata:hr>
     <gpxdata:distance>296.00</gpxdata:distance>
     <gpxdata:speed>5.583</gpxdata:speed>
    </extensions>
   </trkpt>
   <trkpt lat="-29.1528143" lon="-67.4961445">
    <ele>1148</ele>
    <time>2026-02-23T13:53:18Z</time>
    <extensions>
     <gpxdata:hr>90</gpxdata:hr>
     <gpxdata:distance>302.00</gpxdata:distance>
     <gpxdata:speed>5.508</gpxdata:speed>
    </extensions>
   </trkpt>
   <trkpt lat="-29.1528270" lon="-67.4960897">
    <ele>1148</ele>
    <time>2026-02-23T13:53:19Z</time>
    <extensions>
     <gpxdata:hr>89</gpxdata:hr>
     <gpxdata:distance>306.50</gpxdata:distance>
     <gpxdata:speed>4.972</gpxdata:speed>
    </extensions>
   </trkpt>
   <trkpt lat="-29.1528357" lon="-67.4960398">
    <ele>1147</ele>
    <time>2026-02-23T13:53:20Z</time>
    <extensions>
     <gpxdata:hr>88</gpxdata:hr>
     <gpxdata:distance>311.00</gpxdata:distance>
     <gpxdata:speed>5.056</gpxdata:speed>
    </extensions>
   </trkpt>
   <trkpt lat="-29.1528388" lon="-67.4959880">
    <ele>1147</ele>
    <time>2026-02-23T13:53:21Z</time>
    <extensions>
     <gpxdata:hr>88</gpxdata:hr>
     <gpxdata:distance>316.00</gpxdata:distance>
     <gpxdata:speed>4.917</gpxdata:speed>
    </extensions>
   </trkpt>
   <trkpt lat="-29.1528351" lon="-67.4959376">
    <ele>1147</ele>
    <time>2026-02-23T13:53:22Z</time>
    <extensions>
     <gpxdata:hr>88</gpxdata:hr>
     <gpxdata:distance>321.00</gpxdata:distance>
     <gpxdata:speed>4.775</gpxdata:speed>
    </extensions>
   </trkpt>
   <trkpt lat="-29.1528235" lon="-67.4958902">
    <ele>1147</ele>
    <time>2026-02-23T13:53:23Z</time>
    <extensions>
     <gpxdata:hr>87</gpxdata:hr>
     <gpxdata:distance>325.50</gpxdata:distance>
     <gpxdata:speed>4.775</gpxdata:speed>
    </extensions>
   </trkpt>
   <trkpt lat="-29.1528063" lon="-67.4958451">
    <ele>1147</ele>
    <time>2026-02-23T13:53:24Z</time>
    <extensions>
     <gpxdata:hr>86</gpxdata:hr>
     <gpxdata:distance>330.00</gpxdata:distance>
     <gpxdata:speed>4.861</gpxdata:speed>
    </extensions>
   </trkpt>
   <trkpt lat="-29.1527884" lon="-67.4957993">
    <ele>1147</ele>
    <time>2026-02-23T13:53:25Z</time>
    <extensions>
     <gpxdata:hr>86</gpxdata:hr>
     <gpxdata:distance>335.00</gpxdata:distance>
     <gpxdata:speed>4.875</gpxdata:speed>
    </extensions>
   </trkpt>
   <trkpt lat="-29.1527758" lon="-67.4957512">
    <ele>1147</ele>
    <time>2026-02-23T13:53:26Z</time>
    <extensions>
     <gpxdata:hr>86</gpxdata:hr>
     <gpxdata:distance>340.00</gpxdata:distance>
     <gpxdata:speed>4.956</gpxdata:speed>
    </extensions>
   </trkpt>
   <trkpt lat="-29.1527698" lon="-67.4957006">
    <ele>1147</ele>
    <time>2026-02-23T13:53:27Z</time>
    <extensions>
     <gpxdata:hr>86</gpxdata:hr>
     <gpxdata:distance>345.00</gpxdata:distance>
     <gpxdata:speed>5.119</gpxdata:speed>
    </extensions>
   </trkpt>
   <trkpt lat="-29.1527708" lon="-67.4956477">
    <ele>1147</ele>
    <time>2026-02-23T13:53:28Z</time>
    <extensions>
     <gpxdata:hr>86</gpxdata:hr>
     <gpxdata:distance>350.00</gpxdata:distance>
     <gpxdata:speed>4.939</gpxdata:speed>
    </extensions>
   </trkpt>
   <trkpt lat="-29.1527763" lon="-67.4955972">
    <ele>1146</ele>
    <time>2026-02-23T13:53:29Z</time>
    <extensions>
     <gpxdata:hr>86</gpxdata:hr>
     <gpxdata:distance>356.50</gpxdata:distance>
     <gpxdata:speed>5.581</gpxdata:speed>
    </extensions>
   </trkpt>
   <trkpt lat="-29.1527871" lon="-67.4955406">
    <ele>1146</ele>
    <time>2026-02-23T13:53:30Z</time>
    <extensions>
     <gpxdata:hr>86</gpxdata:hr>
     <gpxdata:distance>363.00</gpxdata:distance>
     <gpxdata:speed>5.919</gpxdata:speed>
    </extensions>
   </trkpt>
   <trkpt lat="-29.1528008" lon="-67.4954812">
    <ele>1146</ele>
    <time>2026-02-23T13:53:31Z</time>
    <extensions>
     <gpxdata:hr>86</gpxdata:hr>
     <gpxdata:distance>369.50</gpxdata:distance>
     <gpxdata:speed>6.056</gpxdata:speed>
    </extensions>
   </trkpt>
   <trkpt lat="-29.1528157" lon="-67.4954209">
    <ele>1146</ele>
    <time>2026-02-23T13:53:32Z</time>
    <extensions>
     <gpxdata:hr>85</gpxdata:hr>
     <gpxdata:distance>376.00</gpxdata:distance>
     <gpxdata:speed>6.203</gpxdata:speed>
    </extensions>
   </trkpt>
   <trkpt lat="-29.1528361" lon="-67.4953387">
    <ele>1146</ele>
    <time>2026-02-23T13:53:33Z</time>
    <extensions>
     <gpxdata:hr>86</gpxdata:hr>
     <gpxdata:distance>382.50</gpxdata:distance>
     <gpxdata:speed>6.286</gpxdata:speed>
    </extensions>
   </trkpt>
   <trkpt lat="-29.1528512" lon="-67.4952732">
    <ele>1146</ele>
    <time>2026-02-23T13:53:34Z</time>
    <extensions>
     <gpxdata:hr>85</gpxdata:hr>
     <gpxdata:distance>389.00</gpxdata:distance>
     <gpxdata:speed>6.417</gpxdata:speed>
    </extensions>
   </trkpt>
   <trkpt lat="-29.1528643" lon="-67.4952080">
    <ele>1146</ele>
    <time>2026-02-23T13:53:35Z</time>
    <extensions>
     <gpxdata:hr>85</gpxdata:hr>
     <gpxdata:distance>395.50</gpxdata:distance>
     <gpxdata:speed>6.531</gpxdata:speed>
    </extensions>
   </trkpt>
   <trkpt lat="-29.1528772" lon="-67.4951417">
    <ele>1145</ele>
    <time>2026-02-23T13:53:36Z</time>
    <extensions>
     <gpxdata:hr>85</gpxdata:hr>
     <gpxdata:distance>402.00</gpxdata:distance>
     <gpxdata:speed>6.617</gpxdata:speed>
    </extensions>
   </trkpt>
   <trkpt lat="-29.1528910" lon="-67.4950750">
    <ele>1145</ele>
    <time>2026-02-23T13:53:37Z</time>
    <extensions>
     <gpxdata:hr>85</gpxdata:hr>
     <gpxdata:distance>409.00</gpxdata:distance>
     <gpxdata:speed>6.283</gpxdata:speed>
    </extensions>
   </trkpt>
   <trkpt lat="-29.1529032" lon="-67.4950128">
    <ele>1145</ele>
    <time>2026-02-23T13:53:38Z</time>
    <extensions>
     <gpxdata:hr>85</gpxdata:hr>
     <gpxdata:distance>416.00</gpxdata:distance>
     <gpxdata:speed>6.861</gpxdata:speed>
    </extensions>
   </trkpt>
   <trkpt lat="-29.1529171" lon="-67.4949424">
    <ele>1145</ele>
    <time>2026-02-23T13:53:39Z</time>
    <extensions>
     <gpxdata:hr>85</gpxdata:hr>
     <gpxdata:distance>422.50</gpxdata:distance>
     <gpxdata:speed>6.997</gpxdata:speed>
    </extensions>
   </trkpt>
   <trkpt lat="-29.1529319" lon="-67.4948714">
    <ele>1144</ele>
    <time>2026-02-23T13:53:40Z</time>
    <extensions>
     <gpxdata:hr>85</gpxdata:hr>
     <gpxdata:distance>429.00</gpxdata:distance>
     <gpxdata:speed>6.867</gpxdata:speed>
    </extensions>
   </trkpt>
   <trkpt lat="-29.1529493" lon="-67.4948036">
    <ele>1144</ele>
    <time>2026-02-23T13:53:41Z</time>
    <extensions>
     <gpxdata:hr>85</gpxdata:hr>
     <gpxdata:distance>435.50</gpxdata:distance>
     <gpxdata:speed>6.661</gpxdata:speed>
    </extensions>
   </trkpt>
   <trkpt lat="-29.1529662" lon="-67.4947386">
    <ele>1144</ele>
    <time>2026-02-23T13:53:42Z</time>
    <extensions>
     <gpxdata:hr>85</gpxdata:hr>
     <gpxdata:distance>442.00</gpxdata:distance>
     <gpxdata:speed>6.383</gpxdata:speed>
    </extensions>
   </trkpt>
   <trkpt lat="-29.1529814" lon="-67.4946765">
    <ele>1144</ele>
    <time>2026-02-23T13:53:43Z</time>
    <extensions>
     <gpxdata:hr>85</gpxdata:hr>
     <gpxdata:distance>447.50</gpxdata:distance>
     <gpxdata:speed>6.153</gpxdata:speed>
    </extensions>
   </trkpt>
   <trkpt lat="-29.1529938" lon="-67.4946160">
    <ele>1143</ele>
    <time>2026-02-23T13:53:44Z</time>
    <extensions>
     <gpxdata:hr>85</gpxdata:hr>
     <gpxdata:distance>453.00</gpxdata:distance>
     <gpxdata:speed>5.700</gpxdata:speed>
    </extensions>
   </trkpt>
   <trkpt lat="-29.1530021" lon="-67.4945600">
    <ele>1143</ele>
    <time>2026-02-23T13:53:45Z</time>
    <extensions>
     <gpxdata:hr>86</gpxdata:hr>
     <gpxdata:distance>456.50</gpxdata:distance>
     <gpxdata:speed>5.178</gpxdata:speed>
    </extensions>
   </trkpt>
   <trkpt lat="-29.1530058" lon="-67.4945234">
    <ele>1143</ele>
    <time>2026-02-23T13:53:46Z</time>
    <extensions>
     <gpxdata:hr>88</gpxdata:hr>
     <gpxdata:distance>460.00</gpxdata:distance>
     <gpxdata:speed>4.353</gpxdata:speed>
    </extensions>
   </trkpt>
   <trkpt lat="-29.1530069" lon="-67.4944841">
    <ele>1142</ele>
    <time>2026-02-23T13:53:47Z</time>
    <extensions>
     <gpxdata:hr>88</gpxdata:hr>
     <gpxdata:distance>464.50</gpxdata:distance>
     <gpxdata:speed>3.883</gpxdata:speed>
    </extensions>
   </trkpt>
   <trkpt lat="-29.1530034" lon="-67.4944464">
    <ele>1142</ele>
    <time>2026-02-23T13:53:48Z</time>
    <extensions>
     <gpxdata:hr>88</gpxdata:hr>
     <gpxdata:distance>469.00</gpxdata:distance>
     <gpxdata:speed>3.925</gpxdata:speed>
    </extensions>
   </trkpt>
   <trkpt lat="-29.1529908" lon="-67.4944093">
    <ele>1142</ele>
    <time>2026-02-23T13:53:49Z</time>
    <extensions>
     <gpxdata:hr>88</gpxdata:hr>
     <gpxdata:distance>472.50</gpxdata:distance>
     <gpxdata:speed>3.625</gpxdata:speed>
    </extensions>
   </trkpt>
   <trkpt lat="-29.1529705" lon="-67.4943801">
    <ele>1142</ele>
    <time>2026-02-23T13:53:50Z</time>
    <extensions>
     <gpxdata:hr>87</gpxdata:hr>
     <gpxdata:distance>476.00</gpxdata:distance>
     <gpxdata:speed>3.722</gpxdata:speed>
    </extensions>
   </trkpt>
   <trkpt lat="-29.1529435" lon="-67.4943570">
    <ele>1142</ele>
    <time>2026-02-23T13:53:51Z</time>
    <extensions>
     <gpxdata:hr>88</gpxdata:hr>
     <gpxdata:distance>480.00</gpxdata:distance>
     <gpxdata:speed>3.978</gpxdata:speed>
    </extensions>
   </trkpt>
   <trkpt lat="-29.1529111" lon="-67.4943384">
    <ele>1142</ele>
    <time>2026-02-23T13:53:52Z</time>
    <extensions>
     <gpxdata:hr>88</gpxdata:hr>
     <gpxdata:distance>484.00</gpxdata:distance>
     <gpxdata:speed>4.186</gpxdata:speed>
    </extensions>
   </trkpt>
   <trkpt lat="-29.1528758" lon="-67.4943224">
    <ele>1141</ele>
    <time>2026-02-23T13:53:53Z</time>
    <extensions>
     <gpxdata:hr>87</gpxdata:hr>
     <gpxdata:distance>489.00</gpxdata:distance>
     <gpxdata:speed>4.478</gpxdata:speed>
    </extensions>
   </trkpt>
   <trkpt lat="-29.1528373" lon="-67.4943074">
    <ele>1141</ele>
    <time>2026-02-23T13:53:54Z</time>
    <extensions>
     <gpxdata:hr>87</gpxdata:hr>
     <gpxdata:distance>494.00</gpxdata:distance>
     <gpxdata:speed>4.725</gpxdata:speed>
    </extensions>
   </trkpt>
   <trkpt lat="-29.1527969" lon="-67.4942914">
    <ele>1141</ele>
    <time>2026-02-23T13:53:55Z</time>
    <extensions>
     <gpxdata:hr>86</gpxdata:hr>
     <gpxdata:distance>499.50</gpxdata:distance>
     <gpxdata:speed>5.003</gpxdata:speed>
    </extensions>
   </trkpt>
   <trkpt lat="-29.1527535" lon="-67.4942762">
    <ele>1141</ele>
    <time>2026-02-23T13:53:56Z</time>
    <extensions>
     <gpxdata:hr>86</gpxdata:hr>
     <gpxdata:distance>505.00</gpxdata:distance>
     <gpxdata:speed>5.336</gpxdata:speed>
    </extensions>
   </trkpt>
   <trkpt lat="-29.1527070" lon="-67.4942613">
    <ele>1141</ele>
    <time>2026-02-23T13:53:57Z</time>
    <extensions>
     <gpxdata:hr>87</gpxdata:hr>
     <gpxdata:distance>511.00</gpxdata:distance>
     <gpxdata:speed>5.628</gpxdata:speed>
    </extensions>
   </trkpt>
   <trkpt lat="-29.1526578" lon="-67.4942464">
    <ele>1141</ele>
    <time>2026-02-23T13:53:58Z</time>
    <extensions>
     <gpxdata:hr>88</gpxdata:hr>
     <gpxdata:distance>517.00</gpxdata:distance>
     <gpxdata:speed>5.872</gpxdata:speed>
    </extensions>
   </trkpt>
   <trkpt lat="-29.1526063" lon="-67.4942315">
    <ele>1141</ele>
    <time>2026-02-23T13:53:59Z</time>
    <extensions>
     <gpxdata:hr>89</gpxdata:hr>
     <gpxdata:distance>523.50</gpxdata:distance>
     <gpxdata:speed>6.083</gpxdata:speed>
    </extensions>
   </trkpt>
   <trkpt lat="-29.1525529" lon="-67.4942166">
    <ele>1141</ele>
    <time>2026-02-23T13:54:00Z</time>
    <extensions>
     <gpxdata:hr>89</gpxdata:hr>
     <gpxdata:distance>530.00</gpxdata:distance>
     <gpxdata:speed>6.250</gpxdata:speed>
    </extensions>
   </trkpt>
   <trkpt lat="-29.1524803" lon="-67.4941941">
    <ele>1141</ele>
    <time>2026-02-23T13:54:01Z</time>
    <extensions>
     <gpxdata:hr>89</gpxdata:hr>
     <gpxdata:distance>537.00</gpxdata:distance>
     <gpxdata:speed>6.431</gpxdata:speed>
    </extensions>
   </trkpt>
   <trkpt lat="-29.1524222" lon="-67.4941737">
    <ele>1140</ele>
    <time>2026-02-23T13:54:02Z</time>
    <extensions>
     <gpxdata:hr>89</gpxdata:hr>
     <gpxdata:distance>544.00</gpxdata:distance>
     <gpxdata:speed>6.653</gpxdata:speed>
    </extensions>
   </trkpt>
   <trkpt lat="-29.1523646" lon="-67.4941508">
    <ele>1140</ele>
    <time>2026-02-23T13:54:03Z</time>
    <extensions>
     <gpxdata:hr>89</gpxdata:hr>
     <gpxdata:distance>550.50</gpxdata:distance>
     <gpxdata:speed>6.806</gpxdata:speed>
    </extensions>
   </trkpt>
   <trkpt lat="-29.1523065" lon="-67.4941263">
    <ele>1140</ele>
    <time>2026-02-23T13:54:04Z</time>
    <extensions>
     <gpxdata:hr>89</gpxdata:hr>
     <gpxdata:distance>557.00</gpxdata:distance>
     <gpxdata:speed>6.786</gpxdata:speed>
    </extensions>
   </trkpt>
   <trkpt lat="-29.1522496" lon="-67.4941004">
    <ele>1140</ele>
    <time>2026-02-23T13:54:05Z</time>
    <extensions>
     <gpxdata:hr>89</gpxdata:hr>
     <gpxdata:distance>564.00</gpxdata:distance>
     <gpxdata:speed>6.642</gpxdata:speed>
    </extensions>
   </trkpt>
   <trkpt lat="-29.1521961" lon="-67.4940706">
    <ele>1140</ele>
    <time>2026-02-23T13:54:06Z</time>
    <extensions>
     <gpxdata:hr>90</gpxdata:hr>
     <gpxdata:distance>571.00</gpxdata:distance>
     <gpxdata:speed>6.792</gpxdata:speed>
    </extensions>
   </trkpt>
   <trkpt lat="-29.1521458" lon="-67.4940298">
    <ele>1139</ele>
    <time>2026-02-23T13:54:07Z</time>
    <extensions>
     <gpxdata:hr>90</gpxdata:hr>
     <gpxdata:distance>576.50</gpxdata:distance>
     <gpxdata:speed>6.300</gpxdata:speed>
    </extensions>
   </trkpt>
   <trkpt lat="-29.1521079" lon="-67.4939823">
    <ele>1139</ele>
    <time>2026-02-23T13:54:08Z</time>
    <extensions>
     <gpxdata:hr>90</gpxdata:hr>
     <gpxdata:distance>582.00</gpxdata:distance>
     <gpxdata:speed>5.556</gpxdata:speed>
    </extensions>
   </trkpt>
   <trkpt lat="-29.1520865" lon="-67.4939319">
    <ele>1139</ele>
    <time>2026-02-23T13:54:09Z</time>
    <extensions>
     <gpxdata:hr>90</gpxdata:hr>
     <gpxdata:distance>586.50</gpxdata:distance>
     <gpxdata:speed>4.953</gpxdata:speed>
    </extensions>
   </trkpt>
   <trkpt lat="-29.1520825" lon="-67.4938956">
    <ele>1139</ele>
    <time>2026-02-23T13:54:10Z</time>
    <extensions>
     <gpxdata:hr>90</gpxdata:hr>
     <gpxdata:distance>591.00</gpxdata:distance>
     <gpxdata:speed>4.539</gpxdata:speed>
    </extensions>
   </trkpt>
   <trkpt lat="-29.1520886" lon="-67.4938523">
    <ele>1139</ele>
    <time>2026-02-23T13:54:11Z</time>
    <extensions>
     <gpxdata:hr>90</gpxdata:hr>
     <gpxdata:distance>594.50</gpxdata:distance>
     <gpxdata:speed>4.278</gpxdata:speed>
    </extensions>
   </trkpt>
   <trkpt lat="-29.1521031" lon="-67.4938114">
    <ele>1139</ele>
    <time>2026-02-23T13:54:12Z</time>
    <extensions>
     <gpxdata:hr>91</gpxdata:hr>
     <gpxdata:distance>598.00</gpxdata:distance>
     <gpxdata:speed>3.786</gpxdata:speed>
    </extensions>
   </trkpt>
   <trkpt lat="-29.1521202" lon="-67.4937773">
    <ele>1139</ele>
    <time>2026-02-23T13:54:13Z</time>
    <extensions>
     <gpxdata:hr>92</gpxdata:hr>
     <gpxdata:distance>599.50</gpxdata:distance>
     <gpxdata:speed>3.144</gpxdata:speed>
    </extensions>
   </trkpt>
   <trkpt lat="-29.1521372" lon="-67.4937516">
    <ele>1139</ele>
    <time>2026-02-23T13:54:14Z</time>
    <extensions>
     <gpxdata:hr>92</gpxdata:hr>
     <gpxdata:distance>601.00</gpxdata:distance>
     <gpxdata:speed>2.275</gpxdata:speed>
    </extensions>
   </trkpt>
   <trkpt lat="-29.1521511" lon="-67.4937350">
    <ele>1139</ele>
    <time>2026-02-23T13:54:15Z</time>
    <extensions>
     <gpxdata:hr>92</gpxdata:hr>
     <gpxdata:distance>601.50</gpxdata:distance>
     <gpxdata:speed>1.575</gpxdata:speed>
    </extensions>
   </trkpt>
   <trkpt lat="-29.1522100" lon="-67.4936784">
    <ele>1138</ele>
    <time>2026-02-23T13:55:08Z</time>
    <extensions>
     <gpxdata:hr>92</gpxdata:hr>
     <gpxdata:distance>616.00</gpxdata:distance>
     <gpxdata:speed>2.525</gpxdata:speed>
    </extensions>
   </trkpt>
   <trkpt lat="-29.1522224" lon="-67.4936519">
    <ele>1138</ele>
    <time>2026-02-23T13:55:09Z</time>
    <extensions>
     <gpxdata:hr>92</gpxdata:hr>
     <gpxdata:distance>618.50</gpxdata:distance>
     <gpxdata:speed>2.564</gpxdata:speed>
    </extensions>
   </trkpt>
   <trkpt lat="-29.1522323" lon="-67.4936275">
    <ele>1138</ele>
    <time>2026-02-23T13:55:10Z</time>
    <extensions>
     <gpxdata:hr>92</gpxdata:hr>
     <gpxdata:distance>621.00</gpxdata:distance>
     <gpxdata:speed>2.600</gpxdata:speed>
    </extensions>
   </trkpt>
   <trkpt lat="-29.1522389" lon="-67.4936026">
    <ele>1138</ele>
    <time>2026-02-23T13:55:11Z</time>
    <extensions>
     <gpxdata:hr>92</gpxdata:hr>
     <gpxdata:distance>624.50</gpxdata:distance>
     <gpxdata:speed>2.883</gpxdata:speed>
    </extensions>
   </trkpt>
   <trkpt lat="-29.1522425" lon="-67.4935748">
    <ele>1139</ele>
    <time>2026-02-23T13:55:12Z</time>
    <extensions>
     <gpxdata:hr>92</gpxdata:hr>
     <gpxdata:distance>628.00</gpxdata:distance>
     <gpxdata:speed>3.322</gpxdata:speed>
    </extensions>
   </trkpt>
   <trkpt lat="-29.1522426" lon="-67.4935430">
    <ele>1139</ele>
    <time>2026-02-23T13:55:13Z</time>
    <extensions>
     <gpxdata:hr>92</gpxdata:hr>
     <gpxdata:distance>631.50</gpxdata:distance>
     <gpxdata:speed>3.639</gpxdata:speed>
    </extensions>
   </trkpt>
   <trkpt lat="-29.1522360" lon="-67.4934869">
    <ele>1139</ele>
    <time>2026-02-23T13:55:14Z</time>
    <extensions>
     <gpxdata:hr>92</gpxdata:hr>
     <gpxdata:distance>635.00</gpxdata:distance>
     <gpxdata:speed>3.650</gpxdata:speed>
    </extensions>
   </trkpt>
   <trkpt lat="-29.1522257" lon="-67.4934482">
    <ele>1139</ele>
    <time>2026-02-23T13:55:15Z</time>
    <extensions>
     <gpxdata:hr>92</gpxdata:hr>
     <gpxdata:distance>640.00</gpxdata:distance>
     <gpxdata:speed>4.258</gpxdata:speed>
    </extensions>
   </trkpt>
   <trkpt lat="-29.1522096" lon="-67.4934076">
    <ele>1139</ele>
    <time>2026-02-23T13:55:16Z</time>
    <extensions>
     <gpxdata:hr>92</gpxdata:hr>
     <gpxdata:distance>645.00</gpxdata:distance>
     <gpxdata:speed>4.578</gpxdata:speed>
    </extensions>
   </trkpt>
   <trkpt lat="-29.1521900" lon="-67.4933659">
    <ele>1139</ele>
    <time>2026-02-23T13:55:17Z</time>
    <extensions>
     <gpxdata:hr>92</gpxdata:hr>
     <gpxdata:distance>650.00</gpxdata:distance>
     <gpxdata:speed>4.489</gpxdata:speed>
    </extensions>
   </trkpt>
   <trkpt lat="-29.1521701" lon="-67.4933258">
    <ele>1139</ele>
    <time>2026-02-23T13:55:18Z</time>
    <extensions>
     <gpxdata:hr>92</gpxdata:hr>
     <gpxdata:distance>655.00</gpxdata:distance>
     <gpxdata:speed>4.764</gpxdata:speed>
    </extensions>
   </trkpt>
   <trkpt lat="-29.1521501" lon="-67.4932823">
    <ele>1139</ele>
    <time>2026-02-23T13:55:19Z</time>
    <extensions>
     <gpxdata:hr>92</gpxdata:hr>
     <gpxdata:distance>660.50</gpxdata:distance>
     <gpxdata:speed>5.033</gpxdata:speed>
    </extensions>
   </trkpt>
   <trkpt lat="-29.1521312" lon="-67.4932349">
    <ele>1139</ele>
    <time>2026-02-23T13:55:20Z</time>
    <extensions>
     <gpxdata:hr>94</gpxdata:hr>
     <gpxdata:distance>666.00</gpxdata:distance>
     <gpxdata:speed>5.336</gpxdata:speed>
    </extensions>
   </trkpt>
   <trkpt lat="-29.1521160" lon="-67.4931825">
    <ele>1139</ele>
    <time>2026-02-23T13:55:21Z</time>
    <extensions>
     <gpxdata:hr>94</gpxdata:hr>
     <gpxdata:distance>672.50</gpxdata:distance>
     <gpxdata:speed>5.942</gpxdata:speed>
    </extensions>
   </trkpt>
   <trkpt lat="-29.1521043" lon="-67.4931222">
    <ele>1138</ele>
    <time>2026-02-23T13:55:22Z</time>
    <extensions>
     <gpxdata:hr>94</gpxdata:hr>
     <gpxdata:distance>679.00</gpxdata:distance>
     <gpxdata:speed>6.044</gpxdata:speed>
    </extensions>
   </trkpt>
   <trkpt lat="-29.1520971" lon="-67.4930601">
    <ele>1138</ele>
    <time>2026-02-23T13:55:23Z</time>
    <extensions>
     <gpxdata:hr>95</gpxdata:hr>
     <gpxdata:distance>685.00</gpxdata:distance>
     <gpxdata:speed>6.053</gpxdata:speed>
    </extensions>
   </trkpt>
   <trkpt lat="-29.1520927" lon="-67.4929769">
    <ele>1138</ele>
    <time>2026-02-23T13:55:24Z</time>
    <extensions>
     <gpxdata:hr>95</gpxdata:hr>
     <gpxdata:distance>691.00</gpxdata:distance>
     <gpxdata:speed>6.153</gpxdata:speed>
    </extensions>
   </trkpt>
   <trkpt lat="-29.1520928" lon="-67.4929105">
    <ele>1138</ele>
    <time>2026-02-23T13:55:25Z</time>
    <extensions>
     <gpxdata:hr>95</gpxdata:hr>
     <gpxdata:distance>697.00</gpxdata:distance>
     <gpxdata:speed>6.181</gpxdata:speed>
    </extensions>
   </trkpt>
   <trkpt lat="-29.1520952" lon="-67.4928463">
    <ele>1138</ele>
    <time>2026-02-23T13:55:26Z</time>
    <extensions>
     <gpxdata:hr>96</gpxdata:hr>
     <gpxdata:distance>703.00</gpxdata:distance>
     <gpxdata:speed>6.194</gpxdata:speed>
    </extensions>
   </trkpt>
   <trkpt lat="-29.1521001" lon="-67.4927826">
    <ele>1138</ele>
    <time>2026-02-23T13:55:27Z</time>
    <extensions>
     <gpxdata:hr>97</gpxdata:hr>
     <gpxdata:distance>709.00</gpxdata:distance>
     <gpxdata:speed>6.081</gpxdata:speed>
    </extensions>
   </trkpt>
   <trkpt lat="-29.1521057" lon="-67.4927206">
    <ele>1138</ele>
    <time>2026-02-23T13:55:28Z</time>
    <extensions>
     <gpxdata:hr>98</gpxdata:hr>
     <gpxdata:distance>715.00</gpxdata:distance>
     <gpxdata:speed>5.981</gpxdata:speed>
    </extensions>
   </trkpt>
   <trkpt lat="-29.1521120" lon="-67.4926599">
    <ele>1137</ele>
    <time>2026-02-23T13:55:29Z</time>
    <extensions>
     <gpxdata:hr>97</gpxdata:hr>
     <gpxdata:distance>721.50</gpxdata:distance>
     <gpxdata:speed>5.981</gpxdata:speed>
    </extensions>
   </trkpt>
   <trkpt lat="-29.1521202" lon="-67.4926164">
    <ele>1137</ele>
    <time>2026-02-23T13:55:30Z</time>
    <extensions>
     <gpxdata:hr>97</gpxdata:hr>
     <gpxdata:distance>728.00</gpxdata:distance>
     <gpxdata:speed>6.114</gpxdata:speed>
    </extensions>
   </trkpt>
   <trkpt lat="-29.1521347" lon="-67.4925607">
    <ele>1137</ele>
    <time>2026-02-23T13:55:31Z</time>
    <extensions>
     <gpxdata:hr>97</gpxdata:hr>
     <gpxdata:distance>734.50</gpxdata:distance>
     <gpxdata:speed>6.294</gpxdata:speed>
    </extensions>
   </trkpt>
   <trkpt lat="-29.1521605" lon="-67.4924807">
    <ele>1137</ele>
    <time>2026-02-23T13:55:32Z</time>
    <extensions>
     <gpxdata:hr>97</gpxdata:hr>
     <gpxdata:distance>741.00</gpxdata:distance>
     <gpxdata:speed>6.456</gpxdata:speed>
    </extensions>
   </trkpt>
   <trkpt lat="-29.1521831" lon="-67.4924161">
    <ele>1137</ele>
    <time>2026-02-23T13:55:33Z</time>
    <extensions>
     <gpxdata:hr>97</gpxdata:hr>
     <gpxdata:distance>747.50</gpxdata:distance>
     <gpxdata:speed>6.536</gpxdata:speed>
    </extensions>
   </trkpt>
   <trkpt lat="-29.1522032" lon="-67.4923520">
    <ele>1136</ele>
    <time>2026-02-23T13:55:34Z</time>
    <extensions>
     <gpxdata:hr>97</gpxdata:hr>
     <gpxdata:distance>754.00</gpxdata:distance>
     <gpxdata:speed>6.531</gpxdata:speed>
    </extensions>
   </trkpt>
   <trkpt lat="-29.1522198" lon="-67.4922872">
    <ele>1136</ele>
    <time>2026-02-23T13:55:35Z</time>
    <extensions>
     <gpxdata:hr>97</gpxdata:hr>
     <gpxdata:distance>760.50</gpxdata:distance>
     <gpxdata:speed>6.469</gpxdata:speed>
    </extensions>
   </trkpt>
   <trkpt lat="-29.1522287" lon="-67.4922214">
    <ele>1136</ele>
    <time>2026-02-23T13:55:36Z</time>
    <extensions>
     <gpxdata:hr>97</gpxdata:hr>
     <gpxdata:distance>767.00</gpxdata:distance>
     <gpxdata:speed>6.439</gpxdata:speed>
    </extensions>
   </trkpt>
   <trkpt lat="-29.1522295" lon="-67.4921549">
    <ele>1136</ele>
    <time>2026-02-23T13:55:37Z</time>
    <extensions>
     <gpxdata:hr>97</gpxdata:hr>
     <gpxdata:distance>773.50</gpxdata:distance>
     <gpxdata:speed>6.525</gpxdata:speed>
    </extensions>
   </trkpt>
   <trkpt lat="-29.1522234" lon="-67.4920873">
    <ele>1136</ele>
    <time>2026-02-23T13:55:38Z</time>
    <extensions>
     <gpxdata:hr>97</gpxdata:hr>
     <gpxdata:distance>780.00</gpxdata:distance>
     <gpxdata:speed>6.600</gpxdata:speed>
    </extensions>
   </trkpt>
   <trkpt lat="-29.1522115" lon="-67.4920199">
    <ele>1136</ele>
    <time>2026-02-23T13:55:39Z</time>
    <extensions>
     <gpxdata:hr>97</gpxdata:hr>
     <gpxdata:distance>787.00</gpxdata:distance>
     <gpxdata:speed>6.678</gpxdata:speed>
    </extensions>
   </trkpt>
   <trkpt lat="-29.1521990" lon="-67.4919521">
    <ele>1136</ele>
    <time>2026-02-23T13:55:40Z</time>
    <extensions>
     <gpxdata:hr>97</gpxdata:hr>
     <gpxdata:distance>794.00</gpxdata:distance>
     <gpxdata:speed>6.761</gpxdata:speed>
    </extensions>
   </trkpt>
   <trkpt lat="-29.1521881" lon="-67.4918832">
    <ele>1136</ele>
    <time>2026-02-23T13:55:41Z</time>
    <extensions>
     <gpxdata:hr>97</gpxdata:hr>
     <gpxdata:distance>800.50</gpxdata:distance>
     <gpxdata:speed>6.753</gpxdata:speed>
    </extensions>
   </trkpt>
   <trkpt lat="-29.1521793" lon="-67.4918143">
    <ele>1136</ele>
    <time>2026-02-23T13:55:42Z</time>
    <extensions>
     <gpxdata:hr>97</gpxdata:hr>
     <gpxdata:distance>807.00</gpxdata:distance>
     <gpxdata:speed>6.789</gpxdata:speed>
    </extensions>
   </trkpt>
   <trkpt lat="-29.1521712" lon="-67.4917449">
    <ele>1135</ele>
    <time>2026-02-23T13:55:43Z</time>
    <extensions>
     <gpxdata:hr>97</gpxdata:hr>
     <gpxdata:distance>814.00</gpxdata:distance>
     <gpxdata:speed>6.847</gpxdata:speed>
    </extensions>
   </trkpt>
   <trkpt lat="-29.1521616" lon="-67.4916750">
    <ele>1135</ele>
    <time>2026-02-23T13:55:44Z</time>
    <extensions>
     <gpxdata:hr>97</gpxdata:hr>
     <gpxdata:distance>821.00</gpxdata:distance>
     <gpxdata:speed>6.814</gpxdata:speed>
    </extensions>
   </trkpt>
   <trkpt lat="-29.1521523" lon="-67.4916058">
    <ele>1135</ele>
    <time>2026-02-23T13:55:45Z</time>
    <extensions>
     <gpxdata:hr>97</gpxdata:hr>
     <gpxdata:distance>827.50</gpxdata:distance>
     <gpxdata:speed>6.728</gpxdata:speed>
    </extensions>
   </trkpt>
   <trkpt lat="-29.1521419" lon="-67.4915379">
    <ele>1135</ele>
    <time>2026-02-23T13:55:46Z</time>
    <extensions>
     <gpxdata:hr>97</gpxdata:hr>
     <gpxdata:distance>834.00</gpxdata:distance>
     <gpxdata:speed>6.747</gpxdata:speed>
    </extensions>
   </trkpt>
   <trkpt lat="-29.1521291" lon="-67.4914700">
    <ele>1135</ele>
    <time>2026-02-23T13:55:47Z</time>
    <extensions>
     <gpxdata:hr>97</gpxdata:hr>
     <gpxdata:distance>841.00</gpxdata:distance>
     <gpxdata:speed>6.747</gpxdata:speed>
    </extensions>
   </trkpt>
   <trkpt lat="-29.1521140" lon="-67.4914028">
    <ele>1134</ele>
    <time>2026-02-23T13:55:48Z</time>
    <extensions>
     <gpxdata:hr>97</gpxdata:hr>
     <gpxdata:distance>848.00</gpxdata:distance>
     <gpxdata:speed>6.817</gpxdata:speed>
    </extensions>
   </trkpt>
   <trkpt lat="-29.1520946" lon="-67.4913359">
    <ele>1134</ele>
    <time>2026-02-23T13:55:49Z</time>
    <extensions>
     <gpxdata:hr>98</gpxdata:hr>
     <gpxdata:distance>855.00</gpxdata:distance>
     <gpxdata:speed>6.808</gpxdata:speed>
    </extensions>
   </trkpt>
   <trkpt lat="-29.1520716" lon="-67.4912708">
    <ele>1134</ele>
    <time>2026-02-23T13:55:50Z</time>
    <extensions>
     <gpxdata:hr>99</gpxdata:hr>
     <gpxdata:distance>862.00</gpxdata:distance>
     <gpxdata:speed>6.919</gpxdata:speed>
    </extensions>
   </trkpt>
   <trkpt lat="-29.1520444" lon="-67.4912062">
    <ele>1134</ele>
    <time>2026-02-23T13:55:51Z</time>
    <extensions>
     <gpxdata:hr>99</gpxdata:hr>
     <gpxdata:distance>869.00</gpxdata:distance>
     <gpxdata:speed>7.019</gpxdata:speed>
    </extensions>
   </trkpt>
   <trkpt lat="-29.1520126" lon="-67.4911430">
    <ele>1133</ele>
    <time>2026-02-23T13:55:52Z</time>
    <extensions>
     <gpxdata:hr>99</gpxdata:hr>
     <gpxdata:distance>876.00</gpxdata:distance>
     <gpxdata:speed>7.094</gpxdata:speed>
    </extensions>
   </trkpt>
   <trkpt lat="-29.1519783" lon="-67.4910809">
    <ele>1133</ele>
    <time>2026-02-23T13:55:53Z</time>
    <extensions>
     <gpxdata:hr>99</gpxdata:hr>
     <gpxdata:distance>883.00</gpxdata:distance>
     <gpxdata:speed>7.025</gpxdata:speed>
    </extensions>
   </trkpt>
   <trkpt lat="-29.1519421" lon="-67.4910216">
    <ele>1133</ele>
    <time>2026-02-23T13:55:54Z</time>
    <extensions>
     <gpxdata:hr>99</gpxdata:hr>
     <gpxdata:distance>890.00</gpxdata:distance>
     <gpxdata:speed>6.900</gpxdata:speed>
    </extensions>
   </trkpt>
   <trkpt lat="-29.1519052" lon="-67.4909649">
    <ele>1133</ele>
    <time>2026-02-23T13:55:55Z</time>
    <extensions>
     <gpxdata:hr>99</gpxdata:hr>
     <gpxdata:distance>896.50</gpxdata:distance>
     <gpxdata:speed>6.811</gpxdata:speed>
    </extensions>
   </trkpt>
   <trkpt lat="-29.1518682" lon="-67.4909096">
    <ele>1133</ele>
    <time>2026-02-23T13:55:56Z</time>
    <extensions>
     <gpxdata:hr>99</gpxdata:hr>
     <gpxdata:distance>903.00</gpxdata:distance>
     <gpxdata:speed>6.758</gpxdata:speed>
    </extensions>
   </trkpt>
   <trkpt lat="-29.1518312" lon="-67.4908549">
    <ele>1133</ele>
    <time>2026-02-23T13:55:57Z</time>
    <extensions>
     <gpxdata:hr>99</gpxdata:hr>
     <gpxdata:distance>910.00</gpxdata:distance>
     <gpxdata:speed>6.731</gpxdata:speed>
    </extensions>
   </trkpt>
   <trkpt lat="-29.1517936" lon="-67.4908009">
    <ele>1133</ele>
    <time>2026-02-23T13:55:58Z</time>
    <extensions>
     <gpxdata:hr>99</gpxdata:hr>
     <gpxdata:distance>917.00</gpxdata:distance>
     <gpxdata:speed>6.722</gpxdata:speed>
    </extensions>
   </trkpt>
   <trkpt lat="-29.1517562" lon="-67.4907467">
    <ele>1133</ele>
    <time>2026-02-23T13:55:59Z</time>
    <extensions>
     <gpxdata:hr>99</gpxdata:hr>
     <gpxdata:distance>923.50</gpxdata:distance>
     <gpxdata:speed>6.761</gpxdata:speed>
    </extensions>
   </trkpt>
   <trkpt lat="-29.1517185" lon="-67.4906921">
    <ele>1132</ele>
    <time>2026-02-23T13:56:00Z</time>
    <extensions>
     <gpxdata:hr>99</gpxdata:hr>
     <gpxdata:distance>930.00</gpxdata:distance>
     <gpxdata:speed>6.797</gpxdata:speed>
    </extensions>
   </trkpt>
   <trkpt lat="-29.1516804" lon="-67.4906372">
    <ele>1132</ele>
    <time>2026-02-23T13:56:01Z</time>
    <extensions>
     <gpxdata:hr>99</gpxdata:hr>
     <gpxdata:distance>936.00</gpxdata:distance>
     <gpxdata:speed>6.656</gpxdata:speed>
    </extensions>
   </trkpt>
   <trkpt lat="-29.1516444" lon="-67.4905830">
    <ele>1132</ele>
    <time>2026-02-23T13:56:02Z</time>
    <extensions>
     <gpxdata:hr>97</gpxdata:hr>
     <gpxdata:distance>942.00</gpxdata:distance>
     <gpxdata:speed>6.169</gpxdata:speed>
    </extensions>
   </trkpt>
   <trkpt lat="-29.1516116" lon="-67.4905341">
    <ele>1132</ele>
    <time>2026-02-23T13:56:03Z</time>
    <extensions>
     <gpxdata:hr>95</gpxdata:hr>
     <gpxdata:distance>949.00</gpxdata:distance>
     <gpxdata:speed>6.544</gpxdata:speed>
    </extensions>
   </trkpt>
   <trkpt lat="-29.1515754" lon="-67.4904803">
    <ele>1132</ele>
    <time>2026-02-23T13:56:04Z</time>
    <extensions>
     <gpxdata:hr>95</gpxdata:hr>
     <gpxdata:distance>956.00</gpxdata:distance>
     <gpxdata:speed>6.611</gpxdata:speed>
    </extensions>
   </trkpt>
   <trkpt lat="-29.1515384" lon="-67.4904265">
    <ele>1132</ele>
    <time>2026-02-23T13:56:05Z</time>
    <extensions>
     <gpxdata:hr>94</gpxdata:hr>
     <gpxdata:distance>962.50</gpxdata:distance>
     <gpxdata:speed>6.536</gpxdata:speed>
    </extensions>
   </trkpt>
   <trkpt lat="-29.1515021" lon="-67.4903738">
    <ele>1132</ele>
    <time>2026-02-23T13:56:06Z</time>
    <extensions>
     <gpxdata:hr>94</gpxdata:hr>
     <gpxdata:distance>969.00</gpxdata:distance>
     <gpxdata:speed>6.414</gpxdata:speed>
    </extensions>
   </trkpt>
   <trkpt lat="-29.1514673" lon="-67.4903217">
    <ele>1132</ele>
    <time>2026-02-23T13:56:07Z</time>
    <extensions>
     <gpxdata:hr>95</gpxdata:hr>
     <gpxdata:distance>975.00</gpxdata:distance>
     <gpxdata:speed>6.281</gpxdata:speed>
    </extensions>
   </trkpt>
   <trkpt lat="-29.1514335" lon="-67.4902707">
    <ele>1132</ele>
    <time>2026-02-23T13:56:08Z</time>
    <extensions>
     <gpxdata:hr>95</gpxdata:hr>
     <gpxdata:distance>981.00</gpxdata:distance>
     <gpxdata:speed>6.186</gpxdata:speed>
    </extensions>
   </trkpt>
   <trkpt lat="-29.1514001" lon="-67.4902205">
    <ele>1132</ele>
    <time>2026-02-23T13:56:09Z</time>
    <extensions>
     <gpxdata:hr>95</gpxdata:hr>
     <gpxdata:distance>987.50</gpxdata:distance>
     <gpxdata:speed>6.183</gpxdata:speed>
    </extensions>
   </trkpt>
   <trkpt lat="-29.1513669" lon="-67.4901697">
    <ele>1132</ele>
    <time>2026-02-23T13:56:10Z</time>
    <extensions>
     <gpxdata:hr>94</gpxdata:hr>
     <gpxdata:distance>994.00</gpxdata:distance>
     <gpxdata:speed>6.197</gpxdata:speed>
    </extensions>
   </trkpt>
   <trkpt lat="-29.1513329" lon="-67.4901192">
    <ele>1132</ele>
    <time>2026-02-23T13:56:11Z</time>
    <extensions>
     <gpxdata:hr>94</gpxdata:hr>
     <gpxdata:distance>1000.00</gpxdata:distance>
     <gpxdata:speed>6.086</gpxdata:speed>
    </extensions>
   </trkpt>
   <trkpt lat="-29.1512999" lon="-67.4900698">
    <ele>1132</ele>
    <time>2026-02-23T13:56:12Z</time>
    <extensions>
     <gpxdata:hr>94</gpxdata:hr>
     <gpxdata:distance>1006.00</gpxdata:distance>
     <gpxdata:speed>6.064</gpxdata:speed>
    </extensions>
   </trkpt>
   <trkpt lat="-29.1512661" lon="-67.4900212">
    <ele>1132</ele>
    <time>2026-02-23T13:56:13Z</time>
    <extensions>
     <gpxdata:hr>94</gpxdata:hr>
     <gpxdata:distance>1012.00</gpxdata:distance>
     <gpxdata:speed>6.031</gpxdata:speed>
    </extensions>
   </trkpt>
   <trkpt lat="-29.1512324" lon="-67.4899728">
    <ele>1132</ele>
    <time>2026-02-23T13:56:14Z</time>
    <extensions>
     <gpxdata:hr>94</gpxdata:hr>
     <gpxdata:distance>1018.00</gpxdata:distance>
     <gpxdata:speed>6.092</gpxdata:speed>
    </extensions>
   </trkpt>
   <trkpt lat="-29.1511981" lon="-67.4899238">
    <ele>1132</ele>
    <time>2026-02-23T13:56:15Z</time>
    <extensions>
     <gpxdata:hr>94</gpxdata:hr>
     <gpxdata:distance>1024.00</gpxdata:distance>
     <gpxdata:speed>6.156</gpxdata:speed>
    </extensions>
   </trkpt>
   <trkpt lat="-29.1511634" lon="-67.4898742">
    <ele>1132</ele>
    <time>2026-02-23T13:56:16Z</time>
    <extensions>
     <gpxdata:hr>94</gpxdata:hr>
     <gpxdata:distance>1030.00</gpxdata:distance>
     <gpxdata:speed>6.153</gpxdata:speed>
    </extensions>
   </trkpt>
   <trkpt lat="-29.1511284" lon="-67.4898251">
    <ele>1132</ele>
    <time>2026-02-23T13:56:17Z</time>
    <extensions>
     <gpxdata:hr>94</gpxdata:hr>
     <gpxdata:distance>1036.00</gpxdata:distance>
     <gpxdata:speed>6.008</gpxdata:speed>
    </extensions>
   </trkpt>
   <trkpt lat="-29.1510949" lon="-67.4897771">
    <ele>1132</ele>
    <time>2026-02-23T13:56:18Z</time>
    <extensions>
     <gpxdata:hr>94</gpxdata:hr>
     <gpxdata:distance>1042.00</gpxdata:distance>
     <gpxdata:speed>5.925</gpxdata:speed>
    </extensions>
   </trkpt>
   <trkpt lat="-29.1510625" lon="-67.4897293">
    <ele>1131</ele>
    <time>2026-02-23T13:56:19Z</time>
    <extensions>
     <gpxdata:hr>94</gpxdata:hr>
     <gpxdata:distance>1047.50</gpxdata:distance>
     <gpxdata:speed>5.883</gpxdata:speed>
    </extensions>
   </trkpt>
   <trkpt lat="-29.1510395" lon="-67.4896946">
    <ele>1131</ele>
    <time>2026-02-23T13:56:20Z</time>
    <extensions>
     <gpxdata:hr>94</gpxdata:hr>
     <gpxdata:distance>1053.00</gpxdata:distance>
     <gpxdata:speed>5.867</gpxdata:speed>
    </extensions>
   </trkpt>
   <trkpt lat="-29.1510098" lon="-67.4896508">
    <ele>1131</ele>
    <time>2026-02-23T13:56:21Z</time>
    <extensions>
     <gpxdata:hr>92</gpxdata:hr>
     <gpxdata:distance>1059.00</gpxdata:distance>
     <gpxdata:speed>5.781</gpxdata:speed>
    </extensions>
   </trkpt>
   <trkpt lat="-29.1509789" lon="-67.4896047">
    <ele>1131</ele>
    <time>2026-02-23T13:56:22Z</time>
    <extensions>
     <gpxdata:hr>92</gpxdata:hr>
     <gpxdata:distance>1065.00</gpxdata:distance>
     <gpxdata:speed>5.706</gpxdata:speed>
    </extensions>
   </trkpt>
   <trkpt lat="-29.1509483" lon="-67.4895581">
    <ele>1131</ele>
    <time>2026-02-23T13:56:23Z</time>
    <extensions>
     <gpxdata:hr>93</gpxdata:hr>
     <gpxdata:distance>1070.50</gpxdata:distance>
     <gpxdata:speed>5.675</gpxdata:speed>
    </extensions>
   </trkpt>
   <trkpt lat="-29.1509194" lon="-67.4895102">
    <ele>1131</ele>
    <time>2026-02-23T13:56:24Z</time>
    <extensions>
     <gpxdata:hr>93</gpxdata:hr>
     <gpxdata:distance>1076.00</gpxdata:distance>
     <gpxdata:speed>5.636</gpxdata:speed>
    </extensions>
   </trkpt>
   <trkpt lat="-29.1508942" lon="-67.4894600">
    <ele>1131</ele>
    <time>2026-02-23T13:56:25Z</time>
    <extensions>
     <gpxdata:hr>94</gpxdata:hr>
     <gpxdata:distance>1081.50</gpxdata:distance>
     <gpxdata:speed>5.569</gpxdata:speed>
    </extensions>
   </trkpt>
   <trkpt lat="-29.1508744" lon="-67.4894074">
    <ele>1131</ele>
    <time>2026-02-23T13:56:26Z</time>
    <extensions>
     <gpxdata:hr>95</gpxdata:hr>
     <gpxdata:distance>1087.00</gpxdata:distance>
     <gpxdata:speed>5.433</gpxdata:speed>
    </extensions>
   </trkpt>
   <trkpt lat="-29.1508621" lon="-67.4893533">
    <ele>1131</ele>
    <time>2026-02-23T13:56:27Z</time>
    <extensions>
     <gpxdata:hr>96</gpxdata:hr>
     <gpxdata:distance>1092.50</gpxdata:distance>
     <gpxdata:speed>5.464</gpxdata:speed>
    </extensions>
   </trkpt>
   <trkpt lat="-29.1508569" lon="-67.4892973">
    <ele>1130</ele>
    <time>2026-02-23T13:56:28Z</time>
    <extensions>
     <gpxdata:hr>97</gpxdata:hr>
     <gpxdata:distance>1098.00</gpxdata:distance>
     <gpxdata:speed>5.556</gpxdata:speed>
    </extensions>
   </trkpt>
   <trkpt lat="-29.1508572" lon="-67.4892399">
    <ele>1130</ele>
    <time>2026-02-23T13:56:29Z</time>
    <extensions>
     <gpxdata:hr>97</gpxdata:hr>
     <gpxdata:distance>1104.00</gpxdata:distance>
     <gpxdata:speed>5.650</gpxdata:speed>
    </extensions>
   </trkpt>
   <trkpt lat="-29.1508620" lon="-67.4891818">
    <ele>1130</ele>
    <time>2026-02-23T13:56:30Z</time>
    <extensions>
     <gpxdata:hr>98</gpxdata:hr>
     <gpxdata:distance>1110.00</gpxdata:distance>
     <gpxdata:speed>5.778</gpxdata:speed>
    </extensions>
   </trkpt>
   <trkpt lat="-29.1508698" lon="-67.4891228">
    <ele>1130</ele>
    <time>2026-02-23T13:56:31Z</time>
    <extensions>
     <gpxdata:hr>98</gpxdata:hr>
     <gpxdata:distance>1116.00</gpxdata:distance>
     <gpxdata:speed>5.911</gpxdata:speed>
    </extensions>
   </trkpt>
   <trkpt lat="-29.1508786" lon="-67.4890626">
    <ele>1130</ele>
    <time>2026-02-23T13:56:32Z</time>
    <extensions>
     <gpxdata:hr>98</gpxdata:hr>
     <gpxdata:distance>1122.00</gpxdata:distance>
     <gpxdata:speed>6.000</gpxdata:speed>
    </extensions>
   </trkpt>
   <trkpt lat="-29.1508875" lon="-67.4890016">
    <ele>1130</ele>
    <time>2026-02-23T13:56:33Z</time>
    <extensions>
     <gpxdata:hr>98</gpxdata:hr>
     <gpxdata:distance>1128.00</gpxdata:distance>
     <gpxdata:speed>6.053</gpxdata:speed>
    </extensions>
   </trkpt>
   <trkpt lat="-29.1508941" lon="-67.4889188">
    <ele>1130</ele>
    <time>2026-02-23T13:56:34Z</time>
    <extensions>
     <gpxdata:hr>98</gpxdata:hr>
     <gpxdata:distance>1134.00</gpxdata:distance>
     <gpxdata:speed>6.100</gpxdata:speed>
    </extensions>
   </trkpt>
   <trkpt lat="-29.1508911" lon="-67.4888531">
    <ele>1130</ele>
    <time>2026-02-23T13:56:35Z</time>
    <extensions>
     <gpxdata:hr>98</gpxdata:hr>
     <gpxdata:distance>1140.50</gpxdata:distance>
     <gpxdata:speed>6.167</gpxdata:speed>
    </extensions>
   </trkpt>
   <trkpt lat="-29.1508785" lon="-67.4887902">
    <ele>1130</ele>
    <time>2026-02-23T13:56:36Z</time>
    <extensions>
     <gpxdata:hr>98</gpxdata:hr>
     <gpxdata:distance>1147.00</gpxdata:distance>
     <gpxdata:speed>6.283</gpxdata:speed>
    </extensions>
   </trkpt>
   <trkpt lat="-29.1508556" lon="-67.4887296">
    <ele>1129</ele>
    <time>2026-02-23T13:56:37Z</time>
    <extensions>
     <gpxdata:hr>98</gpxdata:hr>
     <gpxdata:distance>1154.00</gpxdata:distance>
     <gpxdata:speed>6.461</gpxdata:speed>
    </extensions>
   </trkpt>
   <trkpt lat="-29.1508224" lon="-67.4886728">
    <ele>1129</ele>
    <time>2026-02-23T13:56:38Z</time>
    <extensions>
     <gpxdata:hr>98</gpxdata:hr>
     <gpxdata:distance>1161.00</gpxdata:distance>
     <gpxdata:speed>6.458</gpxdata:speed>
    </extensions>
   </trkpt>
   <trkpt lat="-29.1507804" lon="-67.4886247">
    <ele>1129</ele>
    <time>2026-02-23T13:56:39Z</time>
    <extensions>
     <gpxdata:hr>98</gpxdata:hr>
     <gpxdata:distance>1167.00</gpxdata:distance>
     <gpxdata:speed>6.064</gpxdata:speed>
    </extensions>
   </trkpt>
   <trkpt lat="-29.1507348" lon="-67.4885900">
    <ele>1129</ele>
    <time>2026-02-23T13:56:40Z</time>
    <extensions>
     <gpxdata:hr>98</gpxdata:hr>
     <gpxdata:distance>1173.00</gpxdata:distance>
     <gpxdata:speed>6.158</gpxdata:speed>
    </extensions>
   </trkpt>
   <trkpt lat="-29.1506822" lon="-67.4885659">
    <ele>1129</ele>
    <time>2026-02-23T13:56:41Z</time>
    <extensions>
     <gpxdata:hr>98</gpxdata:hr>
     <gpxdata:distance>1179.50</gpxdata:distance>
     <gpxdata:speed>6.317</gpxdata:speed>
    </extensions>
   </trkpt>
   <trkpt lat="-29.1506245" lon="-67.4885540">
    <ele>1129</ele>
    <time>2026-02-23T13:56:42Z</time>
    <extensions>
     <gpxdata:hr>98</gpxdata:hr>
     <gpxdata:distance>1186.00</gpxdata:distance>
     <gpxdata:speed>6.356</gpxdata:speed>
    </extensions>
   </trkpt>
   <trkpt lat="-29.1505659" lon="-67.4885521">
    <ele>1129</ele>
    <time>2026-02-23T13:56:43Z</time>
    <extensions>
     <gpxdata:hr>99</gpxdata:hr>
     <gpxdata:distance>1193.00</gpxdata:distance>
     <gpxdata:speed>6.828</gpxdata:speed>
    </extensions>
   </trkpt>
   <trkpt lat="-29.1505024" lon="-67.4885568">
    <ele>1129</ele>
    <time>2026-02-23T13:56:44Z</time>
    <extensions>
     <gpxdata:hr>101</gpxdata:hr>
     <gpxdata:distance>1200.00</gpxdata:distance>
     <gpxdata:speed>6.708</gpxdata:speed>
    </extensions>
   </trkpt>
   <trkpt lat="-29.1504417" lon="-67.4885610">
    <ele>1129</ele>
    <time>2026-02-23T13:56:45Z</time>
    <extensions>
     <gpxdata:hr>102</gpxdata:hr>
     <gpxdata:distance>1205.00</gpxdata:distance>
     <gpxdata:speed>6.208</gpxdata:speed>
    </extensions>
   </trkpt>
   <trkpt lat="-29.1503871" lon="-67.4885597">
    <ele>1129</ele>
    <time>2026-02-23T13:56:46Z</time>
    <extensions>
     <gpxdata:hr>102</gpxdata:hr>
     <gpxdata:distance>1210.00</gpxdata:distance>
     <gpxdata:speed>5.722</gpxdata:speed>
    </extensions>
   </trkpt>
   <trkpt lat="-29.1503383" lon="-67.4885486">
    <ele>1129</ele>
    <time>2026-02-23T13:56:47Z</time>
    <extensions>
     <gpxdata:hr>102</gpxdata:hr>
     <gpxdata:distance>1215.00</gpxdata:distance>
     <gpxdata:speed>5.400</gpxdata:speed>
    </extensions>
   </trkpt>
   <trkpt lat="-29.1503063" lon="-67.4885345">
    <ele>1129</ele>
    <time>2026-02-23T13:56:48Z</time>
    <extensions>
     <gpxdata:hr>101</gpxdata:hr>
     <gpxdata:distance>1220.00</gpxdata:distance>
     <gpxdata:speed>5.061</gpxdata:speed>
    </extensions>
   </trkpt>
   <trkpt lat="-29.1502698" lon="-67.4885123">
    <ele>1129</ele>
    <time>2026-02-23T13:56:49Z</time>
    <extensions>
     <gpxdata:hr>102</gpxdata:hr>
     <gpxdata:distance>1225.00</gpxdata:distance>
     <gpxdata:speed>4.514</gpxdata:speed>
    </extensions>
   </trkpt>
   <trkpt lat="-29.1502370" lon="-67.4884878">
    <ele>1129</ele>
    <time>2026-02-23T13:56:50Z</time>
    <extensions>
     <gpxdata:hr>102</gpxdata:hr>
     <gpxdata:distance>1230.00</gpxdata:distance>
     <gpxdata:speed>4.789</gpxdata:speed>
    </extensions>
   </trkpt>
   <trkpt lat="-29.1502021" lon="-67.4884594">
    <ele>1129</ele>
    <time>2026-02-23T13:56:51Z</time>
    <extensions>
     <gpxdata:hr>102</gpxdata:hr>
     <gpxdata:distance>1234.50</gpxdata:distance>
     <gpxdata:speed>4.819</gpxdata:speed>
    </extensions>
   </trkpt>
   <trkpt lat="-29.1501669" lon="-67.4884307">
    <ele>1129</ele>
    <time>2026-02-23T13:56:52Z</time>
    <extensions>
     <gpxdata:hr>102</gpxdata:hr>
     <gpxdata:distance>1239.00</gpxdata:distance>
     <gpxdata:speed>4.761</gpxdata:speed>
    </extensions>
   </trkpt>
   <trkpt lat="-29.1501323" lon="-67.4884020">
    <ele>1130</ele>
    <time>2026-02-23T13:56:53Z</time>
    <extensions>
     <gpxdata:hr>102</gpxdata:hr>
     <gpxdata:distance>1243.50</gpxdata:distance>
     <gpxdata:speed>4.242</gpxdata:speed>
    </extensions>
   </trkpt>
   <trkpt lat="-29.1501021" lon="-67.4883760">
    <ele>1130</ele>
    <time>2026-02-23T13:56:54Z</time>
    <extensions>
     <gpxdata:hr>102</gpxdata:hr>
     <gpxdata:distance>1248.00</gpxdata:distance>
     <gpxdata:speed>4.439</gpxdata:speed>
    </extensions>
   </trkpt>
   <trkpt lat="-29.1500712" lon="-67.4883472">
    <ele>1130</ele>
    <time>2026-02-23T13:56:55Z</time>
    <extensions>
     <gpxdata:hr>102</gpxdata:hr>
     <gpxdata:distance>1252.50</gpxdata:distance>
     <gpxdata:speed>4.525</gpxdata:speed>
    </extensions>
   </trkpt>
   <trkpt lat="-29.1500404" lon="-67.4883167">
    <ele>1130</ele>
    <time>2026-02-23T13:56:56Z</time>
    <extensions>
     <gpxdata:hr>102</gpxdata:hr>
     <gpxdata:distance>1257.00</gpxdata:distance>
     <gpxdata:speed>4.603</gpxdata:speed>
    </extensions>
   </trkpt>
   <trkpt lat="-29.1500094" lon="-67.4882852">
    <ele>1130</ele>
    <time>2026-02-23T13:56:57Z</time>
    <extensions>
     <gpxdata:hr>102</gpxdata:hr>
     <gpxdata:distance>1261.50</gpxdata:distance>
     <gpxdata:speed>4.561</gpxdata:speed>
    </extensions>
   </trkpt>
   <trkpt lat="-29.1499787" lon="-67.4882541">
    <ele>1130</ele>
    <time>2026-02-23T13:56:58Z</time>
    <extensions>
     <gpxdata:hr>102</gpxdata:hr>
     <gpxdata:distance>1266.00</gpxdata:distance>
     <gpxdata:speed>4.553</gpxdata:speed>
    </extensions>
   </trkpt>
   <trkpt lat="-29.1499477" lon="-67.4882235">
    <ele>1130</ele>
    <time>2026-02-23T13:56:59Z</time>
    <extensions>
     <gpxdata:hr>102</gpxdata:hr>
     <gpxdata:distance>1270.50</gpxdata:distance>
     <gpxdata:speed>4.486</gpxdata:speed>
    </extensions>
   </trkpt>
   <trkpt lat="-29.1499164" lon="-67.4881945">
    <ele>1130</ele>
    <time>2026-02-23T13:57:00Z</time>
    <extensions>
     <gpxdata:hr>102</gpxdata:hr>
     <gpxdata:distance>1275.00</gpxdata:distance>
     <gpxdata:speed>4.467</gpxdata:speed>
    </extensions>
   </trkpt>
   <trkpt lat="-29.1498849" lon="-67.4881661">
    <ele>1130</ele>
    <time>2026-02-23T13:57:01Z</time>
    <extensions>
     <gpxdata:hr>102</gpxdata:hr>
     <gpxdata:distance>1279.00</gpxdata:distance>
     <gpxdata:speed>4.478</gpxdata:speed>
    </extensions>
   </trkpt>
   <trkpt lat="-29.1498526" lon="-67.4881386">
    <ele>1130</ele>
    <time>2026-02-23T13:57:02Z</time>
    <extensions>
     <gpxdata:hr>102</gpxdata:hr>
     <gpxdata:distance>1283.00</gpxdata:distance>
     <gpxdata:speed>4.222</gpxdata:speed>
    </extensions>
   </trkpt>
   <trkpt lat="-29.1498223" lon="-67.4881128">
    <ele>1130</ele>
    <time>2026-02-23T13:57:03Z</time>
    <extensions>
     <gpxdata:hr>101</gpxdata:hr>
     <gpxdata:distance>1288.00</gpxdata:distance>
     <gpxdata:speed>4.544</gpxdata:speed>
    </extensions>
   </trkpt>
   <trkpt lat="-29.1497888" lon="-67.4880858">
    <ele>1130</ele>
    <time>2026-02-23T13:57:04Z</time>
    <extensions>
     <gpxdata:hr>101</gpxdata:hr>
     <gpxdata:distance>1293.00</gpxdata:distance>
     <gpxdata:speed>4.631</gpxdata:speed>
    </extensions>
   </trkpt>
   <trkpt lat="-29.1497552" lon="-67.4880575">
    <ele>1130</ele>
    <time>2026-02-23T13:57:05Z</time>
    <extensions>
     <gpxdata:hr>101</gpxdata:hr>
     <gpxdata:distance>1297.50</gpxdata:distance>
     <gpxdata:speed>4.753</gpxdata:speed>
    </extensions>
   </trkpt>
   <trkpt lat="-29.1497205" lon="-67.4880288">
    <ele>1130</ele>
    <time>2026-02-23T13:57:06Z</time>
    <extensions>
     <gpxdata:hr>101</gpxdata:hr>
     <gpxdata:distance>1302.00</gpxdata:distance>
     <gpxdata:speed>4.789</gpxdata:speed>
    </extensions>
   </trkpt>
   <trkpt lat="-29.1496853" lon="-67.4880002">
    <ele>1130</ele>
    <time>2026-02-23T13:57:07Z</time>
    <extensions>
     <gpxdata:hr>103</gpxdata:hr>
     <gpxdata:distance>1307.00</gpxdata:distance>
     <gpxdata:speed>4.758</gpxdata:speed>
    </extensions>
   </trkpt>
   <trkpt lat="-29.1496501" lon="-67.4879723">
    <ele>1130</ele>
    <time>2026-02-23T13:57:08Z</time>
    <extensions>
     <gpxdata:hr>103</gpxdata:hr>
     <gpxdata:distance>1312.00</gpxdata:distance>
     <gpxdata:speed>4.781</gpxdata:speed>
    </extensions>
   </trkpt>
   <trkpt lat="-29.1496144" lon="-67.4879450">
    <ele>1130</ele>
    <time>2026-02-23T13:57:09Z</time>
    <extensions>
     <gpxdata:hr>103</gpxdata:hr>
     <gpxdata:distance>1317.00</gpxdata:distance>
     <gpxdata:speed>4.889</gpxdata:speed>
    </extensions>
   </trkpt>
   <trkpt lat="-29.1495775" lon="-67.4879175">
    <ele>1130</ele>
    <time>2026-02-23T13:57:10Z</time>
    <extensions>
     <gpxdata:hr>104</gpxdata:hr>
     <gpxdata:distance>1322.00</gpxdata:distance>
     <gpxdata:speed>4.897</gpxdata:speed>
    </extensions>
   </trkpt>
   <trkpt lat="-29.1495404" lon="-67.4878903">
    <ele>1130</ele>
    <time>2026-02-23T13:57:11Z</time>
    <extensions>
     <gpxdata:hr>105</gpxdata:hr>
     <gpxdata:distance>1326.50</gpxdata:distance>
     <gpxdata:speed>4.508</gpxdata:speed>
    </extensions>
   </trkpt>
   <trkpt lat="-29.1495066" lon="-67.4878652">
    <ele>1130</ele>
    <time>2026-02-23T13:57:12Z</time>
    <extensions>
     <gpxdata:hr>105</gpxdata:hr>
     <gpxdata:distance>1331.00</gpxdata:distance>
     <gpxdata:speed>4.839</gpxdata:speed>
    </extensions>
   </trkpt>
   <trkpt lat="-29.1494700" lon="-67.4878382">
    <ele>1130</ele>
    <time>2026-02-23T13:57:13Z</time>
    <extensions>
     <gpxdata:hr>105</gpxdata:hr>
     <gpxdata:distance>1336.00</gpxdata:distance>
     <gpxdata:speed>4.917</gpxdata:speed>
    </extensions>
   </trkpt>
   <trkpt lat="-29.1494321" lon="-67.4878121">
    <ele>1130</ele>
    <time>2026-02-23T13:57:14Z</time>
    <extensions>
     <gpxdata:hr>105</gpxdata:hr>
     <gpxdata:distance>1341.00</gpxdata:distance>
     <gpxdata:speed>4.961</gpxdata:speed>
    </extensions>
   </trkpt>
   <trkpt lat="-29.1493936" lon="-67.4877860">
    <ele>1130</ele>
    <time>2026-02-23T13:57:15Z</time>
    <extensions>
     <gpxdata:hr>105</gpxdata:hr>
     <gpxdata:distance>1346.00</gpxdata:distance>
     <gpxdata:speed>4.897</gpxdata:speed>
    </extensions>
   </trkpt>
   <trkpt lat="-29.1493552" lon="-67.4877615">
    <ele>1130</ele>
    <time>2026-02-23T13:57:16Z</time>
    <extensions>
     <gpxdata:hr>105</gpxdata:hr>
     <gpxdata:distance>1351.00</gpxdata:distance>
     <gpxdata:speed>4.889</gpxdata:speed>
    </extensions>
   </trkpt>
   <trkpt lat="-29.1493161" lon="-67.4877386">
    <ele>1130</ele>
    <time>2026-02-23T13:57:17Z</time>
    <extensions>
     <gpxdata:hr>106</gpxdata:hr>
     <gpxdata:distance>1356.00</gpxdata:distance>
     <gpxdata:speed>4.961</gpxdata:speed>
    </extensions>
   </trkpt>
   <trkpt lat="-29.1492759" lon="-67.4877164">
    <ele>1130</ele>
    <time>2026-02-23T13:57:18Z</time>
    <extensions>
     <gpxdata:hr>106</gpxdata:hr>
     <gpxdata:distance>1361.00</gpxdata:distance>
     <gpxdata:speed>5.050</gpxdata:speed>
    </extensions>
   </trkpt>
   <trkpt lat="-29.1492348" lon="-67.4876941">
    <ele>1130</ele>
    <time>2026-02-23T13:57:19Z</time>
    <extensions>
     <gpxdata:hr>106</gpxdata:hr>
     <gpxdata:distance>1366.00</gpxdata:distance>
     <gpxdata:speed>5.231</gpxdata:speed>
    </extensions>
   </trkpt>
   <trkpt lat="-29.1491921" lon="-67.4876713">
    <ele>1130</ele>
    <time>2026-02-23T13:57:20Z</time>
    <extensions>
     <gpxdata:hr>106</gpxdata:hr>
     <gpxdata:distance>1371.00</gpxdata:distance>
     <gpxdata:speed>4.917</gpxdata:speed>
    </extensions>
   </trkpt>
   <trkpt lat="-29.1491518" lon="-67.4876507">
    <ele>1130</ele>
    <time>2026-02-23T13:57:21Z</time>
    <extensions>
     <gpxdata:hr>104</gpxdata:hr>
     <gpxdata:distance>1376.50</gpxdata:distance>
     <gpxdata:speed>5.203</gpxdata:speed>
    </extensions>
   </trkpt>
   <trkpt lat="-29.1491085" lon="-67.4876302">
    <ele>1130</ele>
    <time>2026-02-23T13:57:22Z</time>
    <extensions>
     <gpxdata:hr>103</gpxdata:hr>
     <gpxdata:distance>1382.00</gpxdata:distance>
     <gpxdata:speed>5.108</gpxdata:speed>
    </extensions>
   </trkpt>
   <trkpt lat="-29.1490657" lon="-67.4876112">
    <ele>1129</ele>
    <time>2026-02-23T13:57:23Z</time>
    <extensions>
     <gpxdata:hr>103</gpxdata:hr>
     <gpxdata:distance>1387.00</gpxdata:distance>
     <gpxdata:speed>5.158</gpxdata:speed>
    </extensions>
   </trkpt>
   <trkpt lat="-29.1490222" lon="-67.4875928">
    <ele>1129</ele>
    <time>2026-02-23T13:57:24Z</time>
    <extensions>
     <gpxdata:hr>103</gpxdata:hr>
     <gpxdata:distance>1392.00</gpxdata:distance>
     <gpxdata:speed>5.306</gpxdata:speed>
    </extensions>
   </trkpt>
   <trkpt lat="-29.1489774" lon="-67.4875740">
    <ele>1129</ele>
    <time>2026-02-23T13:57:25Z</time>
    <extensions>
     <gpxdata:hr>103</gpxdata:hr>
     <gpxdata:distance>1398.00</gpxdata:distance>
     <gpxdata:speed>5.531</gpxdata:speed>
    </extensions>
   </trkpt>
   <trkpt lat="-29.1489308" lon="-67.4875534">
    <ele>1129</ele>
    <time>2026-02-23T13:57:26Z</time>
    <extensions>
     <gpxdata:hr>105</gpxdata:hr>
     <gpxdata:distance>1404.00</gpxdata:distance>
     <gpxdata:speed>5.714</gpxdata:speed>
    </extensions>
   </trkpt>
   <trkpt lat="-29.1488833" lon="-67.4875307">
    <ele>1129</ele>
    <time>2026-02-23T13:57:27Z</time>
    <extensions>
     <gpxdata:hr>106</gpxdata:hr>
     <gpxdata:distance>1410.50</gpxdata:distance>
     <gpxdata:speed>5.911</gpxdata:speed>
    </extensions>
   </trkpt>
   <trkpt lat="-29.1488345" lon="-67.4875060">
    <ele>1129</ele>
    <time>2026-02-23T13:57:28Z</time>
    <extensions>
     <gpxdata:hr>106</gpxdata:hr>
     <gpxdata:distance>1417.00</gpxdata:distance>
     <gpxdata:speed>6.078</gpxdata:speed>
    </extensions>
   </trkpt>
   <trkpt lat="-29.1487843" lon="-67.4874807">
    <ele>1129</ele>
    <time>2026-02-23T13:57:29Z</time>
    <extensions>
     <gpxdata:hr>106</gpxdata:hr>
     <gpxdata:distance>1422.50</gpxdata:distance>
     <gpxdata:speed>5.722</gpxdata:speed>
    </extensions>
   </trkpt>
   <trkpt lat="-29.1487213" lon="-67.4874502">
    <ele>1129</ele>
    <time>2026-02-23T13:57:30Z</time>
    <extensions>
     <gpxdata:hr>106</gpxdata:hr>
     <gpxdata:distance>1428.00</gpxdata:distance>
     <gpxdata:speed>5.881</gpxdata:speed>
    </extensions>
   </trkpt>
   <trkpt lat="-29.1486840" lon="-67.4874327">
    <ele>1129</ele>
    <time>2026-02-23T13:57:31Z</time>
    <extensions>
     <gpxdata:hr>108</gpxdata:hr>
     <gpxdata:distance>1435.50</gpxdata:distance>
     <gpxdata:speed>6.717</gpxdata:speed>
    </extensions>
   </trkpt>
   <trkpt lat="-29.1486308" lon="-67.4874086">
    <ele>1129</ele>
    <time>2026-02-23T13:57:32Z</time>
    <extensions>
     <gpxdata:hr>108</gpxdata:hr>
     <gpxdata:distance>1443.00</gpxdata:distance>
     <gpxdata:speed>6.922</gpxdata:speed>
    </extensions>
   </trkpt>
   <trkpt lat="-29.1485536" lon="-67.4873751">
    <ele>1129</ele>
    <time>2026-02-23T13:57:33Z</time>
    <extensions>
     <gpxdata:hr>108</gpxdata:hr>
     <gpxdata:distance>1450.00</gpxdata:distance>
     <gpxdata:speed>6.956</gpxdata:speed>
    </extensions>
   </trkpt>
   <trkpt lat="-29.1484922" lon="-67.4873496">
    <ele>1129</ele>
    <time>2026-02-23T13:57:34Z</time>
    <extensions>
     <gpxdata:hr>108</gpxdata:hr>
     <gpxdata:distance>1457.00</gpxdata:distance>
     <gpxdata:speed>6.908</gpxdata:speed>
    </extensions>
   </trkpt>
   <trkpt lat="-29.1484329" lon="-67.4873258">
    <ele>1129</ele>
    <time>2026-02-23T13:57:35Z</time>
    <extensions>
     <gpxdata:hr>108</gpxdata:hr>
     <gpxdata:distance>1463.00</gpxdata:distance>
     <gpxdata:speed>6.425</gpxdata:speed>
    </extensions>
   </trkpt>
   <trkpt lat="-29.1483792" lon="-67.4873045">
    <ele>1129</ele>
    <time>2026-02-23T13:57:36Z</time>
    <extensions>
     <gpxdata:hr>108</gpxdata:hr>
     <gpxdata:distance>1469.00</gpxdata:distance>
     <gpxdata:speed>6.461</gpxdata:speed>
    </extensions>
   </trkpt>
   <trkpt lat="-29.1483255" lon="-67.4872832">
    <ele>1129</ele>
    <time>2026-02-23T13:57:37Z</time>
    <extensions>
     <gpxdata:hr>109</gpxdata:hr>
     <gpxdata:distance>1476.50</gpxdata:distance>
     <gpxdata:speed>6.978</gpxdata:speed>
    </extensions>
   </trkpt>
   <trkpt lat="-29.1482641" lon="-67.4872584">
    <ele>1128</ele>
    <time>2026-02-23T13:57:38Z</time>
    <extensions>
     <gpxdata:hr>109</gpxdata:hr>
     <gpxdata:distance>1484.00</gpxdata:distance>
     <gpxdata:speed>7.158</gpxdata:speed>
    </extensions>
   </trkpt>
   <trkpt lat="-29.1482064" lon="-67.4872337">
    <ele>1128</ele>
    <time>2026-02-23T13:57:39Z</time>
    <extensions>
     <gpxdata:hr>109</gpxdata:hr>
     <gpxdata:distance>1490.00</gpxdata:distance>
     <gpxdata:speed>6.656</gpxdata:speed>
    </extensions>
   </trkpt>
   <trkpt lat="-29.1481488" lon="-67.4872091">
    <ele>1128</ele>
    <time>2026-02-23T13:57:40Z</time>
    <extensions>
     <gpxdata:hr>109</gpxdata:hr>
     <gpxdata:distance>1496.00</gpxdata:distance>
     <gpxdata:speed>6.564</gpxdata:speed>
    </extensions>
   </trkpt>
   <trkpt lat="-29.1480945" lon="-67.4871849">
    <ele>1128</ele>
    <time>2026-02-23T13:57:41Z</time>
    <extensions>
     <gpxdata:hr>109</gpxdata:hr>
     <gpxdata:distance>1503.50</gpxdata:distance>
     <gpxdata:speed>6.675</gpxdata:speed>
    </extensions>
   </trkpt>
   <trkpt lat="-29.1480385" lon="-67.4871603">
    <ele>1128</ele>
    <time>2026-02-23T13:57:42Z</time>
    <extensions>
     <gpxdata:hr>109</gpxdata:hr>
     <gpxdata:distance>1511.00</gpxdata:distance>
     <gpxdata:speed>7.036</gpxdata:speed>
    </extensions>
   </trkpt>
   <trkpt lat="-29.1479788" lon="-67.4871331">
    <ele>1128</ele>
    <time>2026-02-23T13:57:43Z</time>
    <extensions>
     <gpxdata:hr>109</gpxdata:hr>
     <gpxdata:distance>1517.50</gpxdata:distance>
     <gpxdata:speed>6.883</gpxdata:speed>
    </extensions>
   </trkpt>
   <trkpt lat="-29.1479213" lon="-67.4871072">
    <ele>1128</ele>
    <time>2026-02-23T13:57:44Z</time>
    <extensions>
     <gpxdata:hr>109</gpxdata:hr>
     <gpxdata:distance>1524.00</gpxdata:distance>
     <gpxdata:speed>6.664</gpxdata:speed>
    </extensions>
   </trkpt>
   <trkpt lat="-29.1478661" lon="-67.4870826">
    <ele>1128</ele>
    <time>2026-02-23T13:57:45Z</time>
    <extensions>
     <gpxdata:hr>109</gpxdata:hr>
     <gpxdata:distance>1530.00</gpxdata:distance>
     <gpxdata:speed>6.600</gpxdata:speed>
    </extensions>
   </trkpt>
   <trkpt lat="-29.1478114" lon="-67.4870574">
    <ele>1128</ele>
    <time>2026-02-23T13:57:46Z</time>
    <extensions>
     <gpxdata:hr>109</gpxdata:hr>
     <gpxdata:distance>1536.00</gpxdata:distance>
     <gpxdata:speed>6.436</gpxdata:speed>
    </extensions>
   </trkpt>
   <trkpt lat="-29.1477584" lon="-67.4870329">
    <ele>1128</ele>
    <time>2026-02-23T13:57:47Z</time>
    <extensions>
     <gpxdata:hr>110</gpxdata:hr>
     <gpxdata:distance>1542.50</gpxdata:distance>
     <gpxdata:speed>5.961</gpxdata:speed>
    </extensions>
   </trkpt>
   <trkpt lat="-29.1477102" lon="-67.4870107">
    <ele>1128</ele>
    <time>2026-02-23T13:57:48Z</time>
    <extensions>
     <gpxdata:hr>110</gpxdata:hr>
     <gpxdata:distance>1549.00</gpxdata:distance>
     <gpxdata:speed>6.408</gpxdata:speed>
    </extensions>
   </trkpt>
   <trkpt lat="-29.1476710" lon="-67.4869929">
    <ele>1127</ele>
    <time>2026-02-23T13:57:49Z</time>
    <extensions>
     <gpxdata:hr>109</gpxdata:hr>
     <gpxdata:distance>1555.50</gpxdata:distance>
     <gpxdata:speed>6.519</gpxdata:speed>
    </extensions>
   </trkpt>
   <trkpt lat="-29.1476031" lon="-67.4869618">
    <ele>1127</ele>
    <time>2026-02-23T13:57:50Z</time>
    <extensions>
     <gpxdata:hr>109</gpxdata:hr>
     <gpxdata:distance>1562.00</gpxdata:distance>
     <gpxdata:speed>6.536</gpxdata:speed>
    </extensions>
   </trkpt>
   <trkpt lat="-29.1475470" lon="-67.4869349">
    <ele>1127</ele>
    <time>2026-02-23T13:57:51Z</time>
    <extensions>
     <gpxdata:hr>109</gpxdata:hr>
     <gpxdata:distance>1568.50</gpxdata:distance>
     <gpxdata:speed>6.561</gpxdata:speed>
    </extensions>
   </trkpt>
   <trkpt lat="-29.1474929" lon="-67.4869068">
    <ele>1127</ele>
    <time>2026-02-23T13:57:52Z</time>
    <extensions>
     <gpxdata:hr>110</gpxdata:hr>
     <gpxdata:distance>1575.00</gpxdata:distance>
     <gpxdata:speed>6.469</gpxdata:speed>
    </extensions>
   </trkpt>
   <trkpt lat="-29.1474410" lon="-67.4868773">
    <ele>1127</ele>
    <time>2026-02-23T13:57:53Z</time>
    <extensions>
     <gpxdata:hr>110</gpxdata:hr>
     <gpxdata:distance>1581.50</gpxdata:distance>
     <gpxdata:speed>6.442</gpxdata:speed>
    </extensions>
   </trkpt>
   <trkpt lat="-29.1473895" lon="-67.4868473">
    <ele>1127</ele>
    <time>2026-02-23T13:57:54Z</time>
    <extensions>
     <gpxdata:hr>110</gpxdata:hr>
     <gpxdata:distance>1588.00</gpxdata:distance>
     <gpxdata:speed>6.544</gpxdata:speed>
    </extensions>
   </trkpt>
   <trkpt lat="-29.1473374" lon="-67.4868156">
    <ele>1127</ele>
    <time>2026-02-23T13:57:55Z</time>
    <extensions>
     <gpxdata:hr>110</gpxdata:hr>
     <gpxdata:distance>1594.50</gpxdata:distance>
     <gpxdata:speed>6.506</gpxdata:speed>
    </extensions>
   </trkpt>
   <trkpt lat="-29.1472861" lon="-67.4867835">
    <ele>1127</ele>
    <time>2026-02-23T13:57:56Z</time>
    <extensions>
     <gpxdata:hr>110</gpxdata:hr>
     <gpxdata:distance>1601.00</gpxdata:distance>
     <gpxdata:speed>6.531</gpxdata:speed>
    </extensions>
   </trkpt>
   <trkpt lat="-29.1472348" lon="-67.4867507">
    <ele>1127</ele>
    <time>2026-02-23T13:57:57Z</time>
    <extensions>
     <gpxdata:hr>108</gpxdata:hr>
     <gpxdata:distance>1607.50</gpxdata:distance>
     <gpxdata:speed>6.561</gpxdata:speed>
    </extensions>
   </trkpt>
   <trkpt lat="-29.1471842" lon="-67.4867159">
    <ele>1126</ele>
    <time>2026-02-23T13:57:58Z</time>
    <extensions>
     <gpxdata:hr>108</gpxdata:hr>
     <gpxdata:distance>1614.00</gpxdata:distance>
     <gpxdata:speed>6.556</gpxdata:speed>
    </extensions>
   </trkpt>
   <trkpt lat="-29.1471339" lon="-67.4866806">
    <ele>1126</ele>
    <time>2026-02-23T13:57:59Z</time>
    <extensions>
     <gpxdata:hr>108</gpxdata:hr>
     <gpxdata:distance>1620.50</gpxdata:distance>
     <gpxdata:speed>6.572</gpxdata:speed>
    </extensions>
   </trkpt>
   <trkpt lat="-29.1470839" lon="-67.4866445">
    <ele>1126</ele>
    <time>2026-02-23T13:58:00Z</time>
    <extensions>
     <gpxdata:hr>108</gpxdata:hr>
     <gpxdata:distance>1627.00</gpxdata:distance>
     <gpxdata:speed>6.589</gpxdata:speed>
    </extensions>
   </trkpt>
   <trkpt lat="-29.1470340" lon="-67.4866079">
    <ele>1126</ele>
    <time>2026-02-23T13:58:01Z</time>
    <extensions>
     <gpxdata:hr>108</gpxdata:hr>
     <gpxdata:distance>1634.00</gpxdata:distance>
     <gpxdata:speed>6.714</gpxdata:speed>
    </extensions>
   </trkpt>
   <trkpt lat="-29.1469833" lon="-67.4865696">
    <ele>1126</ele>
    <time>2026-02-23T13:58:02Z</time>
    <extensions>
     <gpxdata:hr>107</gpxdata:hr>
     <gpxdata:distance>1641.00</gpxdata:distance>
     <gpxdata:speed>6.772</gpxdata:speed>
    </extensions>
   </trkpt>
   <trkpt lat="-29.1469328" lon="-67.4865301">
    <ele>1126</ele>
    <time>2026-02-23T13:58:03Z</time>
    <extensions>
     <gpxdata:hr>106</gpxdata:hr>
     <gpxdata:distance>1647.50</gpxdata:distance>
     <gpxdata:speed>6.339</gpxdata:speed>
    </extensions>
   </trkpt>
   <trkpt lat="-29.1468872" lon="-67.4864932">
    <ele>1126</ele>
    <time>2026-02-23T13:58:04Z</time>
    <extensions>
     <gpxdata:hr>106</gpxdata:hr>
     <gpxdata:distance>1654.00</gpxdata:distance>
     <gpxdata:speed>6.489</gpxdata:speed>
    </extensions>
   </trkpt>
   <trkpt lat="-29.1468406" lon="-67.4864531">
    <ele>1126</ele>
    <time>2026-02-23T13:58:05Z</time>
    <extensions>
     <gpxdata:hr>105</gpxdata:hr>
     <gpxdata:distance>1661.00</gpxdata:distance>
     <gpxdata:speed>6.653</gpxdata:speed>
    </extensions>
   </trkpt>
   <trkpt lat="-29.1467930" lon="-67.4864107">
    <ele>1126</ele>
    <time>2026-02-23T13:58:06Z</time>
    <extensions>
     <gpxdata:hr>104</gpxdata:hr>
     <gpxdata:distance>1668.00</gpxdata:distance>
     <gpxdata:speed>6.808</gpxdata:speed>
    </extensions>
   </trkpt>
   <trkpt lat="-29.1467441" lon="-67.4863674">
    <ele>1126</ele>
    <time>2026-02-23T13:58:07Z</time>
    <extensions>
     <gpxdata:hr>104</gpxdata:hr>
     <gpxdata:distance>1675.00</gpxdata:distance>
     <gpxdata:speed>6.925</gpxdata:speed>
    </extensions>
   </trkpt>
   <trkpt lat="-29.1466952" lon="-67.4863223">
    <ele>1125</ele>
    <time>2026-02-23T13:58:08Z</time>
    <extensions>
     <gpxdata:hr>104</gpxdata:hr>
     <gpxdata:distance>1682.00</gpxdata:distance>
     <gpxdata:speed>6.992</gpxdata:speed>
    </extensions>
   </trkpt>
   <trkpt lat="-29.1466466" lon="-67.4862761">
    <ele>1125</ele>
    <time>2026-02-23T13:58:09Z</time>
    <extensions>
     <gpxdata:hr>104</gpxdata:hr>
     <gpxdata:distance>1689.50</gpxdata:distance>
     <gpxdata:speed>7.014</gpxdata:speed>
    </extensions>
   </trkpt>
   <trkpt lat="-29.1465989" lon="-67.4862285">
    <ele>1125</ele>
    <time>2026-02-23T13:58:10Z</time>
    <extensions>
     <gpxdata:hr>102</gpxdata:hr>
     <gpxdata:distance>1697.00</gpxdata:distance>
     <gpxdata:speed>7.486</gpxdata:speed>
    </extensions>
   </trkpt>
   <trkpt lat="-29.1465480" lon="-67.4861756">
    <ele>1125</ele>
    <time>2026-02-23T13:58:11Z</time>
    <extensions>
     <gpxdata:hr>101</gpxdata:hr>
     <gpxdata:distance>1704.00</gpxdata:distance>
     <gpxdata:speed>7.514</gpxdata:speed>
    </extensions>
   </trkpt>
   <trkpt lat="-29.1464984" lon="-67.4861221">
    <ele>1125</ele>
    <time>2026-02-23T13:58:12Z</time>
    <extensions>
     <gpxdata:hr>100</gpxdata:hr>
     <gpxdata:distance>1711.00</gpxdata:distance>
     <gpxdata:speed>7.411</gpxdata:speed>
    </extensions>
   </trkpt>
   <trkpt lat="-29.1464511" lon="-67.4860685">
    <ele>1124</ele>
    <time>2026-02-23T13:58:13Z</time>
    <extensions>
     <gpxdata:hr>100</gpxdata:hr>
     <gpxdata:distance>1718.50</gpxdata:distance>
     <gpxdata:speed>7.397</gpxdata:speed>
    </extensions>
   </trkpt>
   <trkpt lat="-29.1464047" lon="-67.4860141">
    <ele>1124</ele>
    <time>2026-02-23T13:58:14Z</time>
    <extensions>
     <gpxdata:hr>100</gpxdata:hr>
     <gpxdata:distance>1726.00</gpxdata:distance>
     <gpxdata:speed>7.464</gpxdata:speed>
    </extensions>
   </trkpt>
   <trkpt lat="-29.1463576" lon="-67.4859592">
    <ele>1124</ele>
    <time>2026-02-23T13:58:15Z</time>
    <extensions>
     <gpxdata:hr>100</gpxdata:hr>
     <gpxdata:distance>1733.00</gpxdata:distance>
     <gpxdata:speed>6.875</gpxdata:speed>
    </extensions>
   </trkpt>
   <trkpt lat="-29.1463152" lon="-67.4859103">
    <ele>1123</ele>
    <time>2026-02-23T13:58:16Z</time>
    <extensions>
     <gpxdata:hr>100</gpxdata:hr>
     <gpxdata:distance>1740.00</gpxdata:distance>
     <gpxdata:speed>7.014</gpxdata:speed>
    </extensions>
   </trkpt>
   <trkpt lat="-29.1462718" lon="-67.4858583">
    <ele>1123</ele>
    <time>2026-02-23T13:58:17Z</time>
    <extensions>
     <gpxdata:hr>100</gpxdata:hr>
     <gpxdata:distance>1748.50</gpxdata:distance>
     <gpxdata:speed>7.331</gpxdata:speed>
    </extensions>
   </trkpt>
   <trkpt lat="-29.1462261" lon="-67.4858028">
    <ele>1123</ele>
    <time>2026-02-23T13:58:18Z</time>
    <extensions>
     <gpxdata:hr>100</gpxdata:hr>
     <gpxdata:distance>1757.00</gpxdata:distance>
     <gpxdata:speed>8.183</gpxdata:speed>
    </extensions>
   </trkpt>
   <trkpt lat="-29.1461739" lon="-67.4857390">
    <ele>1123</ele>
    <time>2026-02-23T13:58:19Z</time>
    <extensions>
     <gpxdata:hr>100</gpxdata:hr>
     <gpxdata:distance>1765.00</gpxdata:distance>
     <gpxdata:speed>8.308</gpxdata:speed>
    </extensions>
   </trkpt>
   <trkpt lat="-29.1461222" lon="-67.4856752">
    <ele>1122</ele>
    <time>2026-02-23T13:58:20Z</time>
    <extensions>
     <gpxdata:hr>100</gpxdata:hr>
     <gpxdata:distance>1773.00</gpxdata:distance>
     <gpxdata:speed>8.294</gpxdata:speed>
    </extensions>
   </trkpt>
   <trkpt lat="-29.1460713" lon="-67.4856122">
    <ele>1122</ele>
    <time>2026-02-23T13:58:21Z</time>
    <extensions>
     <gpxdata:hr>100</gpxdata:hr>
     <gpxdata:distance>1781.00</gpxdata:distance>
     <gpxdata:speed>7.775</gpxdata:speed>
    </extensions>
   </trkpt>
   <trkpt lat="-29.1460247" lon="-67.4855545">
    <ele>1122</ele>
    <time>2026-02-23T13:58:22Z</time>
    <extensions>
     <gpxdata:hr>100</gpxdata:hr>
     <gpxdata:distance>1789.00</gpxdata:distance>
     <gpxdata:speed>7.917</gpxdata:speed>
    </extensions>
   </trkpt>
   <trkpt lat="-29.1459767" lon="-67.4854946">
    <ele>1122</ele>
    <time>2026-02-23T13:58:23Z</time>
    <extensions>
     <gpxdata:hr>100</gpxdata:hr>
     <gpxdata:distance>1798.50</gpxdata:distance>
     <gpxdata:speed>8.864</gpxdata:speed>
    </extensions>
   </trkpt>
   <trkpt lat="-29.1459206" lon="-67.4854256">
    <ele>1121</ele>
    <time>2026-02-23T13:58:24Z</time>
    <extensions>
     <gpxdata:hr>100</gpxdata:hr>
     <gpxdata:distance>1808.00</gpxdata:distance>
     <gpxdata:speed>9.117</gpxdata:speed>
    </extensions>
   </trkpt>
   <trkpt lat="-29.1458640" lon="-67.4853551">
    <ele>1121</ele>
    <time>2026-02-23T13:58:25Z</time>
    <extensions>
     <gpxdata:hr>100</gpxdata:hr>
     <gpxdata:distance>1817.00</gpxdata:distance>
     <gpxdata:speed>9.064</gpxdata:speed>
    </extensions>
   </trkpt>
   <trkpt lat="-29.1458087" lon="-67.4852858">
    <ele>1121</ele>
    <time>2026-02-23T13:58:26Z</time>
    <extensions>
     <gpxdata:hr>99</gpxdata:hr>
     <gpxdata:distance>1826.00</gpxdata:distance>
     <gpxdata:speed>9.128</gpxdata:speed>
    </extensions>
   </trkpt>
   <trkpt lat="-29.1457530" lon="-67.4852164">
    <ele>1120</ele>
    <time>2026-02-23T13:58:27Z</time>
    <extensions>
     <gpxdata:hr>99</gpxdata:hr>
     <gpxdata:distance>1835.50</gpxdata:distance>
     <gpxdata:speed>9.150</gpxdata:speed>
    </extensions>
   </trkpt>
   <trkpt lat="-29.1456967" lon="-67.4851474">
    <ele>1120</ele>
    <time>2026-02-23T13:58:28Z</time>
    <extensions>
     <gpxdata:hr>96</gpxdata:hr>
     <gpxdata:distance>1845.00</gpxdata:distance>
     <gpxdata:speed>9.161</gpxdata:speed>
    </extensions>
   </trkpt>
   <trkpt lat="-29.1456401" lon="-67.4850788">
    <ele>1120</ele>
    <time>2026-02-23T13:58:29Z</time>
    <extensions>
     <gpxdata:hr>94</gpxdata:hr>
     <gpxdata:distance>1854.00</gpxdata:distance>
     <gpxdata:speed>9.206</gpxdata:speed>
    </extensions>
   </trkpt>
   <trkpt lat="-29.1455834" lon="-67.4850096">
    <ele>1119</ele>
    <time>2026-02-23T13:58:30Z</time>
    <extensions>
     <gpxdata:hr>93</gpxdata:hr>
     <gpxdata:distance>1863.00</gpxdata:distance>
     <gpxdata:speed>9.286</gpxdata:speed>
    </extensions>
   </trkpt>
   <trkpt lat="-29.1455259" lon="-67.4849400">
    <ele>1119</ele>
    <time>2026-02-23T13:58:31Z</time>
    <extensions>
     <gpxdata:hr>92</gpxdata:hr>
     <gpxdata:distance>1871.50</gpxdata:distance>
     <gpxdata:speed>9.347</gpxdata:speed>
    </extensions>
   </trkpt>
   <trkpt lat="-29.1454686" lon="-67.4848692">
    <ele>1118</ele>
    <time>2026-02-23T13:58:32Z</time>
    <extensions>
     <gpxdata:hr>92</gpxdata:hr>
     <gpxdata:distance>1880.00</gpxdata:distance>
     <gpxdata:speed>8.733</gpxdata:speed>
    </extensions>
   </trkpt>
   <trkpt lat="-29.1454170" lon="-67.4848040">
    <ele>1118</ele>
    <time>2026-02-23T13:58:33Z</time>
    <extensions>
     <gpxdata:hr>91</gpxdata:hr>
     <gpxdata:distance>1890.50</gpxdata:distance>
     <gpxdata:speed>9.419</gpxdata:speed>
    </extensions>
   </trkpt>
   <trkpt lat="-29.1453589" lon="-67.4847315">
    <ele>1118</ele>
    <time>2026-02-23T13:58:34Z</time>
    <extensions>
     <gpxdata:hr>91</gpxdata:hr>
     <gpxdata:distance>1901.00</gpxdata:distance>
     <gpxdata:speed>9.583</gpxdata:speed>
    </extensions>
   </trkpt>
   <trkpt lat="-29.1452994" lon="-67.4846587">
    <ele>1118</ele>
    <time>2026-02-23T13:58:35Z</time>
    <extensions>
     <gpxdata:hr>91</gpxdata:hr>
     <gpxdata:distance>1910.50</gpxdata:distance>
     <gpxdata:speed>9.603</gpxdata:speed>
    </extensions>
   </trkpt>
   <trkpt lat="-29.1452401" lon="-67.4845863">
    <ele>1117</ele>
    <time>2026-02-23T13:58:36Z</time>
    <extensions>
     <gpxdata:hr>91</gpxdata:hr>
     <gpxdata:distance>1920.00</gpxdata:distance>
     <gpxdata:speed>9.581</gpxdata:speed>
    </extensions>
   </trkpt>
   <trkpt lat="-29.1451812" lon="-67.4845143">
    <ele>1117</ele>
    <time>2026-02-23T13:58:37Z</time>
    <extensions>
     <gpxdata:hr>92</gpxdata:hr>
     <gpxdata:distance>1929.50</gpxdata:distance>
     <gpxdata:speed>9.636</gpxdata:speed>
    </extensions>
   </trkpt>
   <trkpt lat="-29.1451226" lon="-67.4844410">
    <ele>1116</ele>
    <time>2026-02-23T13:58:38Z</time>
    <extensions>
     <gpxdata:hr>92</gpxdata:hr>
     <gpxdata:distance>1939.00</gpxdata:distance>
     <gpxdata:speed>9.614</gpxdata:speed>
    </extensions>
   </trkpt>
   <trkpt lat="-29.1450635" lon="-67.4843689">
    <ele>1116</ele>
    <time>2026-02-23T13:58:39Z</time>
    <extensions>
     <gpxdata:hr>92</gpxdata:hr>
     <gpxdata:distance>1949.00</gpxdata:distance>
     <gpxdata:speed>9.622</gpxdata:speed>
    </extensions>
   </trkpt>
   <trkpt lat="-29.1450038" lon="-67.4842972">
    <ele>1115</ele>
    <time>2026-02-23T13:58:40Z</time>
    <extensions>
     <gpxdata:hr>90</gpxdata:hr>
     <gpxdata:distance>1959.00</gpxdata:distance>
     <gpxdata:speed>9.719</gpxdata:speed>
    </extensions>
   </trkpt>
   <trkpt lat="-29.1449431" lon="-67.4842249">
    <ele>1115</ele>
    <time>2026-02-23T13:58:41Z</time>
    <extensions>
     <gpxdata:hr>89</gpxdata:hr>
     <gpxdata:distance>1968.50</gpxdata:distance>
     <gpxdata:speed>9.767</gpxdata:speed>
    </extensions>
   </trkpt>
   <trkpt lat="-29.1448816" lon="-67.4841527">
    <ele>1114</ele>
    <time>2026-02-23T13:58:42Z</time>
    <extensions>
     <gpxdata:hr>87</gpxdata:hr>
     <gpxdata:distance>1978.00</gpxdata:distance>
     <gpxdata:speed>9.836</gpxdata:speed>
    </extensions>
   </trkpt>
   <trkpt lat="-29.1448184" lon="-67.4840816">
    <ele>1114</ele>
    <time>2026-02-23T13:58:43Z</time>
    <extensions>
     <gpxdata:hr>87</gpxdata:hr>
     <gpxdata:distance>1988.00</gpxdata:distance>
     <gpxdata:speed>9.925</gpxdata:speed>
    </extensions>
   </trkpt>
   <trkpt lat="-29.1447539" lon="-67.4840105">
    <ele>1113</ele>
    <time>2026-02-23T13:58:44Z</time>
    <extensions>
     <gpxdata:hr>88</gpxdata:hr>
     <gpxdata:distance>1998.00</gpxdata:distance>
     <gpxdata:speed>9.989</gpxdata:speed>
    </extensions>
   </trkpt>
   <trkpt lat="-29.1446889" lon="-67.4839391">
    <ele>1113</ele>
    <time>2026-02-23T13:58:45Z</time>
    <extensions>
     <gpxdata:hr>87</gpxdata:hr>
     <gpxdata:distance>2008.50</gpxdata:distance>
     <gpxdata:speed>10.169</gpxdata:speed>
    </extensions>
   </trkpt>
   <trkpt lat="-29.1446214" lon="-67.4838675">
    <ele>1112</ele>
    <time>2026-02-23T13:58:46Z</time>
    <extensions>
     <gpxdata:hr>86</gpxdata:hr>
     <gpxdata:distance>2019.00</gpxdata:distance>
     <gpxdata:speed>10.175</gpxdata:speed>
    </extensions>
   </trkpt>
   <trkpt lat="-29.1445538" lon="-67.4837967">
    <ele>1112</ele>
    <time>2026-02-23T13:58:47Z</time>
    <extensions>
     <gpxdata:hr>86</gpxdata:hr>
     <gpxdata:distance>2029.50</gpxdata:distance>
     <gpxdata:speed>10.286</gpxdata:speed>
    </extensions>
   </trkpt>
   <trkpt lat="-29.1444841" lon="-67.4837263">
    <ele>1112</ele>
    <time>2026-02-23T13:58:48Z</time>
    <extensions>
     <gpxdata:hr>85</gpxdata:hr>
     <gpxdata:distance>2040.00</gpxdata:distance>
     <gpxdata:speed>10.444</gpxdata:speed>
    </extensions>
   </trkpt>
   <trkpt lat="-29.1444116" lon="-67.4836571">
    <ele>1111</ele>
    <time>2026-02-23T13:58:49Z</time>
    <extensions>
     <gpxdata:hr>84</gpxdata:hr>
     <gpxdata:distance>2050.50</gpxdata:distance>
     <gpxdata:speed>10.428</gpxdata:speed>
    </extensions>
   </trkpt>
   <trkpt lat="-29.1443387" lon="-67.4835892">
    <ele>1110</ele>
    <time>2026-02-23T13:58:50Z</time>
    <extensions>
     <gpxdata:hr>84</gpxdata:hr>
     <gpxdata:distance>2061.00</gpxdata:distance>
     <gpxdata:speed>10.472</gpxdata:speed>
    </extensions>
   </trkpt>
   <trkpt lat="-29.1442647" lon="-67.4835223">
    <ele>1110</ele>
    <time>2026-02-23T13:58:51Z</time>
    <extensions>
     <gpxdata:hr>82</gpxdata:hr>
     <gpxdata:distance>2072.00</gpxdata:distance>
     <gpxdata:speed>10.619</gpxdata:speed>
    </extensions>
   </trkpt>
   <trkpt lat="-29.1441885" lon="-67.4834557">
    <ele>1109</ele>
    <time>2026-02-23T13:58:52Z</time>
    <extensions>
     <gpxdata:hr>81</gpxdata:hr>
     <gpxdata:distance>2083.00</gpxdata:distance>
     <gpxdata:speed>10.708</gpxdata:speed>
    </extensions>
   </trkpt>
   <trkpt lat="-29.1441107" lon="-67.4833900">
    <ele>1109</ele>
    <time>2026-02-23T13:58:53Z</time>
    <extensions>
     <gpxdata:hr>81</gpxdata:hr>
     <gpxdata:distance>2093.50</gpxdata:distance>
     <gpxdata:speed>10.686</gpxdata:speed>
    </extensions>
   </trkpt>
   <trkpt lat="-29.1440323" lon="-67.4833263">
    <ele>1108</ele>
    <time>2026-02-23T13:58:54Z</time>
    <extensions>
     <gpxdata:hr>81</gpxdata:hr>
     <gpxdata:distance>2104.00</gpxdata:distance>
     <gpxdata:speed>10.764</gpxdata:speed>
    </extensions>
   </trkpt>
   <trkpt lat="-29.1439529" lon="-67.4832625">
    <ele>1108</ele>
    <time>2026-02-23T13:58:55Z</time>
    <extensions>
     <gpxdata:hr>81</gpxdata:hr>
     <gpxdata:distance>2114.00</gpxdata:distance>
     <gpxdata:speed>10.878</gpxdata:speed>
    </extensions>
   </trkpt>
   <trkpt lat="-29.1438715" lon="-67.4831997">
    <ele>1107</ele>
    <time>2026-02-23T13:58:56Z</time>
    <extensions>
     <gpxdata:hr>81</gpxdata:hr>
     <gpxdata:distance>2124.00</gpxdata:distance>
     <gpxdata:speed>10.222</gpxdata:speed>
    </extensions>
   </trkpt>
   <trkpt lat="-29.1437957" lon="-67.4831439">
    <ele>1107</ele>
    <time>2026-02-23T13:58:57Z</time>
    <extensions>
     <gpxdata:hr>81</gpxdata:hr>
     <gpxdata:distance>2136.50</gpxdata:distance>
     <gpxdata:speed>10.431</gpxdata:speed>
    </extensions>
   </trkpt>
   <trkpt lat="-29.1437160" lon="-67.4830876">
    <ele>1106</ele>
    <time>2026-02-23T13:58:58Z</time>
    <extensions>
     <gpxdata:hr>81</gpxdata:hr>
     <gpxdata:distance>2149.00</gpxdata:distance>
     <gpxdata:speed>11.461</gpxdata:speed>
    </extensions>
   </trkpt>
   <trkpt lat="-29.1436253" lon="-67.4830250">
    <ele>1106</ele>
    <time>2026-02-23T13:58:59Z</time>
    <extensions>
     <gpxdata:hr>81</gpxdata:hr>
     <gpxdata:distance>2159.00</gpxdata:distance>
     <gpxdata:speed>10.850</gpxdata:speed>
    </extensions>
   </trkpt>
   <trkpt lat="-29.1435411" lon="-67.4829701">
    <ele>1105</ele>
    <time>2026-02-23T13:59:00Z</time>
    <extensions>
     <gpxdata:hr>81</gpxdata:hr>
     <gpxdata:distance>2169.00</gpxdata:distance>
     <gpxdata:speed>10.736</gpxdata:speed>
    </extensions>
   </trkpt>
   <trkpt lat="-29.1434569" lon="-67.4829175">
    <ele>1105</ele>
    <time>2026-02-23T13:59:01Z</time>
    <extensions>
     <gpxdata:hr>81</gpxdata:hr>
     <gpxdata:distance>2180.00</gpxdata:distance>
     <gpxdata:speed>10.814</gpxdata:speed>
    </extensions>
   </trkpt>
   <trkpt lat="-29.1433708" lon="-67.4828658">
    <ele>1105</ele>
    <time>2026-02-23T13:59:02Z</time>
    <extensions>
     <gpxdata:hr>80</gpxdata:hr>
     <gpxdata:distance>2191.00</gpxdata:distance>
     <gpxdata:speed>10.883</gpxdata:speed>
    </extensions>
   </trkpt>
   <trkpt lat="-29.1432840" lon="-67.4828138">
    <ele>1104</ele>
    <time>2026-02-23T13:59:03Z</time>
    <extensions>
     <gpxdata:hr>80</gpxdata:hr>
     <gpxdata:distance>2201.50</gpxdata:distance>
     <gpxdata:speed>10.872</gpxdata:speed>
    </extensions>
   </trkpt>
   <trkpt lat="-29.1431971" lon="-67.4827626">
    <ele>1104</ele>
    <time>2026-02-23T13:59:04Z</time>
    <extensions>
     <gpxdata:hr>80</gpxdata:hr>
     <gpxdata:distance>2212.00</gpxdata:distance>
     <gpxdata:speed>10.869</gpxdata:speed>
    </extensions>
   </trkpt>
   <trkpt lat="-29.1431103" lon="-67.4827114">
    <ele>1104</ele>
    <time>2026-02-23T13:59:05Z</time>
    <extensions>
     <gpxdata:hr>79</gpxdata:hr>
     <gpxdata:distance>2223.00</gpxdata:distance>
     <gpxdata:speed>11.525</gpxdata:speed>
    </extensions>
   </trkpt>
   <trkpt lat="-29.1430166" lon="-67.4826562">
    <ele>1104</ele>
    <time>2026-02-23T13:59:06Z</time>
    <extensions>
     <gpxdata:hr>79</gpxdata:hr>
     <gpxdata:distance>2234.00</gpxdata:distance>
     <gpxdata:speed>10.664</gpxdata:speed>
    </extensions>
   </trkpt>
   <trkpt lat="-29.1429332" lon="-67.4826064">
    <ele>1103</ele>
    <time>2026-02-23T13:59:07Z</time>
    <extensions>
     <gpxdata:hr>79</gpxdata:hr>
     <gpxdata:distance>2245.50</gpxdata:distance>
     <gpxdata:speed>10.411</gpxdata:speed>
    </extensions>
   </trkpt>
   <trkpt lat="-29.1428511" lon="-67.4825583">
    <ele>1103</ele>
    <time>2026-02-23T13:59:08Z</time>
    <extensions>
     <gpxdata:hr>79</gpxdata:hr>
     <gpxdata:distance>2257.00</gpxdata:distance>
     <gpxdata:speed>11.203</gpxdata:speed>
    </extensions>
   </trkpt>
   <trkpt lat="-29.1427595" lon="-67.4825060">
    <ele>1102</ele>
    <time>2026-02-23T13:59:09Z</time>
    <extensions>
     <gpxdata:hr>79</gpxdata:hr>
     <gpxdata:distance>2267.50</gpxdata:distance>
     <gpxdata:speed>11.175</gpxdata:speed>
    </extensions>
   </trkpt>
   <trkpt lat="-29.1426691" lon="-67.4824546">
    <ele>1102</ele>
    <time>2026-02-23T13:59:10Z</time>
    <extensions>
     <gpxdata:hr>79</gpxdata:hr>
     <gpxdata:distance>2278.00</gpxdata:distance>
     <gpxdata:speed>10.867</gpxdata:speed>
    </extensions>
   </trkpt>
   <trkpt lat="-29.1425820" lon="-67.4824056">
    <ele>1101</ele>
    <time>2026-02-23T13:59:11Z</time>
    <extensions>
     <gpxdata:hr>79</gpxdata:hr>
     <gpxdata:distance>2288.50</gpxdata:distance>
     <gpxdata:speed>10.567</gpxdata:speed>
    </extensions>
   </trkpt>
   <trkpt lat="-29.1424982" lon="-67.4823574">
    <ele>1101</ele>
    <time>2026-02-23T13:59:12Z</time>
    <extensions>
     <gpxdata:hr>79</gpxdata:hr>
     <gpxdata:distance>2299.00</gpxdata:distance>
     <gpxdata:speed>10.492</gpxdata:speed>
    </extensions>
   </trkpt>
   <trkpt lat="-29.1424145" lon="-67.4823094">
    <ele>1100</ele>
    <time>2026-02-23T13:59:13Z</time>
    <extensions>
     <gpxdata:hr>79</gpxdata:hr>
     <gpxdata:distance>2308.00</gpxdata:distance>
     <gpxdata:speed>10.439</gpxdata:speed>
    </extensions>
   </trkpt>
   <trkpt lat="-29.1423311" lon="-67.4822613">
    <ele>1100</ele>
    <time>2026-02-23T13:59:14Z</time>
    <extensions>
     <gpxdata:hr>79</gpxdata:hr>
     <gpxdata:distance>2317.00</gpxdata:distance>
     <gpxdata:speed>9.614</gpxdata:speed>
    </extensions>
   </trkpt>
   <trkpt lat="-29.1422563" lon="-67.4822177">
    <ele>1100</ele>
    <time>2026-02-23T13:59:15Z</time>
    <extensions>
     <gpxdata:hr>79</gpxdata:hr>
     <gpxdata:distance>2328.50</gpxdata:distance>
     <gpxdata:speed>9.658</gpxdata:speed>
    </extensions>
   </trkpt>
   <trkpt lat="-29.1421795" lon="-67.4821737">
    <ele>1099</ele>
    <time>2026-02-23T13:59:16Z</time>
    <extensions>
     <gpxdata:hr>79</gpxdata:hr>
     <gpxdata:distance>2340.00</gpxdata:distance>
     <gpxdata:speed>10.617</gpxdata:speed>
    </extensions>
   </trkpt>
   <trkpt lat="-29.1420916" lon="-67.4821245">
    <ele>1099</ele>
    <time>2026-02-23T13:59:17Z</time>
    <extensions>
     <gpxdata:hr>79</gpxdata:hr>
     <gpxdata:distance>2349.00</gpxdata:distance>
     <gpxdata:speed>10.017</gpxdata:speed>
    </extensions>
   </trkpt>
   <trkpt lat="-29.1420113" lon="-67.4820801">
    <ele>1098</ele>
    <time>2026-02-23T13:59:18Z</time>
    <extensions>
     <gpxdata:hr>79</gpxdata:hr>
     <gpxdata:distance>2358.00</gpxdata:distance>
     <gpxdata:speed>9.919</gpxdata:speed>
    </extensions>
   </trkpt>
   <trkpt lat="-29.1419317" lon="-67.4820356">
    <ele>1098</ele>
    <time>2026-02-23T13:59:19Z</time>
    <extensions>
     <gpxdata:hr>79</gpxdata:hr>
     <gpxdata:distance>2368.50</gpxdata:distance>
     <gpxdata:speed>9.975</gpxdata:speed>
    </extensions>
   </trkpt>
   <trkpt lat="-29.1418514" lon="-67.4819901">
    <ele>1098</ele>
    <time>2026-02-23T13:59:20Z</time>
    <extensions>
     <gpxdata:hr>78</gpxdata:hr>
     <gpxdata:distance>2379.00</gpxdata:distance>
     <gpxdata:speed>10.031</gpxdata:speed>
    </extensions>
   </trkpt>
   <trkpt lat="-29.1417704" lon="-67.4819447">
    <ele>1098</ele>
    <time>2026-02-23T13:59:21Z</time>
    <extensions>
     <gpxdata:hr>78</gpxdata:hr>
     <gpxdata:distance>2389.50</gpxdata:distance>
     <gpxdata:speed>10.686</gpxdata:speed>
    </extensions>
   </trkpt>
   <trkpt lat="-29.1416827" lon="-67.4818948">
    <ele>1097</ele>
    <time>2026-02-23T13:59:22Z</time>
    <extensions>
     <gpxdata:hr>78</gpxdata:hr>
     <gpxdata:distance>2400.00</gpxdata:distance>
     <gpxdata:speed>10.639</gpxdata:speed>
    </extensions>
   </trkpt>
   <trkpt lat="-29.1415964" lon="-67.4818463">
    <ele>1097</ele>
    <time>2026-02-23T13:59:23Z</time>
    <extensions>
     <gpxdata:hr>79</gpxdata:hr>
     <gpxdata:distance>2409.00</gpxdata:distance>
     <gpxdata:speed>9.600</gpxdata:speed>
    </extensions>
   </trkpt>
   <trkpt lat="-29.1415217" lon="-67.4818034">
    <ele>1096</ele>
    <time>2026-02-23T13:59:24Z</time>
    <extensions>
     <gpxdata:hr>80</gpxdata:hr>
     <gpxdata:distance>2418.00</gpxdata:distance>
     <gpxdata:speed>9.456</gpxdata:speed>
    </extensions>
   </trkpt>
   <trkpt lat="-29.1414470" lon="-67.4817608">
    <ele>1096</ele>
    <time>2026-02-23T13:59:25Z</time>
    <extensions>
     <gpxdata:hr>81</gpxdata:hr>
     <gpxdata:distance>2429.00</gpxdata:distance>
     <gpxdata:speed>10.208</gpxdata:speed>
    </extensions>
   </trkpt>
   <trkpt lat="-29.1413638" lon="-67.4817125">
    <ele>1096</ele>
    <time>2026-02-23T13:59:26Z</time>
    <extensions>
     <gpxdata:hr>80</gpxdata:hr>
     <gpxdata:distance>2440.00</gpxdata:distance>
     <gpxdata:speed>10.242</gpxdata:speed>
    </extensions>
   </trkpt>
   <trkpt lat="-29.1412803" lon="-67.4816661">
    <ele>1095</ele>
    <time>2026-02-23T13:59:27Z</time>
    <extensions>
     <gpxdata:hr>79</gpxdata:hr>
     <gpxdata:distance>2449.50</gpxdata:distance>
     <gpxdata:speed>10.078</gpxdata:speed>
    </extensions>
   </trkpt>
   <trkpt lat="-29.1411991" lon="-67.4816208">
    <ele>1095</ele>
    <time>2026-02-23T13:59:28Z</time>
    <extensions>
     <gpxdata:hr>78</gpxdata:hr>
     <gpxdata:distance>2459.00</gpxdata:distance>
     <gpxdata:speed>9.839</gpxdata:speed>
    </extensions>
   </trkpt>
   <trkpt lat="-29.1411204" lon="-67.4815765">
    <ele>1094</ele>
    <time>2026-02-23T13:59:29Z</time>
    <extensions>
     <gpxdata:hr>77</gpxdata:hr>
     <gpxdata:distance>2468.50</gpxdata:distance>
     <gpxdata:speed>9.664</gpxdata:speed>
    </extensions>
   </trkpt>
   <trkpt lat="-29.1410433" lon="-67.4815330">
    <ele>1094</ele>
    <time>2026-02-23T13:59:30Z</time>
    <extensions>
     <gpxdata:hr>76</gpxdata:hr>
     <gpxdata:distance>2478.00</gpxdata:distance>
     <gpxdata:speed>9.656</gpxdata:speed>
    </extensions>
   </trkpt>
   <trkpt lat="-29.1409659" lon="-67.4814890">
    <ele>1094</ele>
    <time>2026-02-23T13:59:31Z</time>
    <extensions>
     <gpxdata:hr>75</gpxdata:hr>
     <gpxdata:distance>2487.50</gpxdata:distance>
     <gpxdata:speed>9.628</gpxdata:speed>
    </extensions>
   </trkpt>
   <trkpt lat="-29.1408889" lon="-67.4814444">
    <ele>1093</ele>
    <time>2026-02-23T13:59:32Z</time>
    <extensions>
     <gpxdata:hr>75</gpxdata:hr>
     <gpxdata:distance>2497.00</gpxdata:distance>
     <gpxdata:speed>9.608</gpxdata:speed>
    </extensions>
   </trkpt>
   <trkpt lat="-29.1408121" lon="-67.4813995">
    <ele>1093</ele>
    <time>2026-02-23T13:59:33Z</time>
    <extensions>
     <gpxdata:hr>75</gpxdata:hr>
     <gpxdata:distance>2506.50</gpxdata:distance>
     <gpxdata:speed>9.539</gpxdata:speed>
    </extensions>
   </trkpt>
   <trkpt lat="-29.1407362" lon="-67.4813545">
    <ele>1093</ele>
    <time>2026-02-23T13:59:34Z</time>
    <extensions>
     <gpxdata:hr>75</gpxdata:hr>
     <gpxdata:distance>2516.00</gpxdata:distance>
     <gpxdata:speed>9.514</gpxdata:speed>
    </extensions>
   </trkpt>
   <trkpt lat="-29.1406602" lon="-67.4813102">
    <ele>1092</ele>
    <time>2026-02-23T13:59:35Z</time>
    <extensions>
     <gpxdata:hr>76</gpxdata:hr>
     <gpxdata:distance>2525.50</gpxdata:distance>
     <gpxdata:speed>9.508</gpxdata:speed>
    </extensions>
   </trkpt>
   <trkpt lat="-29.1405839" lon="-67.4812665">
    <ele>1092</ele>
    <time>2026-02-23T13:59:36Z</time>
    <extensions>
     <gpxdata:hr>77</gpxdata:hr>
     <gpxdata:distance>2535.00</gpxdata:distance>
     <gpxdata:speed>9.369</gpxdata:speed>
    </extensions>
   </trkpt>
   <trkpt lat="-29.1405089" lon="-67.4812239">
    <ele>1092</ele>
    <time>2026-02-23T13:59:37Z</time>
    <extensions>
     <gpxdata:hr>78</gpxdata:hr>
     <gpxdata:distance>2544.50</gpxdata:distance>
     <gpxdata:speed>9.328</gpxdata:speed>
    </extensions>
   </trkpt>
   <trkpt lat="-29.1404341" lon="-67.4811812">
    <ele>1091</ele>
    <time>2026-02-23T13:59:38Z</time>
    <extensions>
     <gpxdata:hr>79</gpxdata:hr>
     <gpxdata:distance>2554.00</gpxdata:distance>
     <gpxdata:speed>9.356</gpxdata:speed>
    </extensions>
   </trkpt>
   <trkpt lat="-29.1403586" lon="-67.4811390">
    <ele>1091</ele>
    <time>2026-02-23T13:59:39Z</time>
    <extensions>
     <gpxdata:hr>80</gpxdata:hr>
     <gpxdata:distance>2563.00</gpxdata:distance>
     <gpxdata:speed>8.681</gpxdata:speed>
    </extensions>
   </trkpt>
   <trkpt lat="-29.1402902" lon="-67.4811010">
    <ele>1091</ele>
    <time>2026-02-23T13:59:40Z</time>
    <extensions>
     <gpxdata:hr>80</gpxdata:hr>
     <gpxdata:distance>2572.00</gpxdata:distance>
     <gpxdata:speed>9.464</gpxdata:speed>
    </extensions>
   </trkpt>
   <trkpt lat="-29.1402124" lon="-67.4810576">
    <ele>1090</ele>
    <time>2026-02-23T13:59:41Z</time>
    <extensions>
     <gpxdata:hr>79</gpxdata:hr>
     <gpxdata:distance>2580.50</gpxdata:distance>
     <gpxdata:speed>9.617</gpxdata:speed>
    </extensions>
   </trkpt>
   <trkpt lat="-29.1401341" lon="-67.4810131">
    <ele>1090</ele>
    <time>2026-02-23T13:59:42Z</time>
    <extensions>
     <gpxdata:hr>80</gpxdata:hr>
     <gpxdata:distance>2589.00</gpxdata:distance>
     <gpxdata:speed>8.908</gpxdata:speed>
    </extensions>
   </trkpt>
   <trkpt lat="-29.1400640" lon="-67.4809728">
    <ele>1090</ele>
    <time>2026-02-23T13:59:43Z</time>
    <extensions>
     <gpxdata:hr>80</gpxdata:hr>
     <gpxdata:distance>2598.50</gpxdata:distance>
     <gpxdata:speed>9.542</gpxdata:speed>
    </extensions>
   </trkpt>
   <trkpt lat="-29.1399864" lon="-67.4809280">
    <ele>1089</ele>
    <time>2026-02-23T13:59:44Z</time>
    <extensions>
     <gpxdata:hr>80</gpxdata:hr>
     <gpxdata:distance>2608.00</gpxdata:distance>
     <gpxdata:speed>9.003</gpxdata:speed>
    </extensions>
   </trkpt>
   <trkpt lat="-29.1399155" lon="-67.4808862">
    <ele>1089</ele>
    <time>2026-02-23T13:59:45Z</time>
    <extensions>
     <gpxdata:hr>80</gpxdata:hr>
     <gpxdata:distance>2617.50</gpxdata:distance>
     <gpxdata:speed>9.672</gpxdata:speed>
    </extensions>
   </trkpt>
   <trkpt lat="-29.1398370" lon="-67.4808395">
    <ele>1089</ele>
    <time>2026-02-23T13:59:46Z</time>
    <extensions>
     <gpxdata:hr>79</gpxdata:hr>
     <gpxdata:distance>2627.00</gpxdata:distance>
     <gpxdata:speed>9.044</gpxdata:speed>
    </extensions>
   </trkpt>
   <trkpt lat="-29.1397657" lon="-67.4807981">
    <ele>1088</ele>
    <time>2026-02-23T13:59:47Z</time>
    <extensions>
     <gpxdata:hr>79</gpxdata:hr>
     <gpxdata:distance>2637.00</gpxdata:distance>
     <gpxdata:speed>8.936</gpxdata:speed>
    </extensions>
   </trkpt>
   <trkpt lat="-29.1396948" lon="-67.4807568">
    <ele>1088</ele>
    <time>2026-02-23T13:59:48Z</time>
    <extensions>
     <gpxdata:hr>79</gpxdata:hr>
     <gpxdata:distance>2647.00</gpxdata:distance>
     <gpxdata:speed>9.711</gpxdata:speed>
    </extensions>
   </trkpt>
   <trkpt lat="-29.1396152" lon="-67.4807107">
    <ele>1088</ele>
    <time>2026-02-23T13:59:49Z</time>
    <extensions>
     <gpxdata:hr>81</gpxdata:hr>
     <gpxdata:distance>2656.50</gpxdata:distance>
     <gpxdata:speed>9.719</gpxdata:speed>
    </extensions>
   </trkpt>
   <trkpt lat="-29.1395367" lon="-67.4806650">
    <ele>1088</ele>
    <time>2026-02-23T13:59:50Z</time>
    <extensions>
     <gpxdata:hr>83</gpxdata:hr>
     <gpxdata:distance>2666.00</gpxdata:distance>
     <gpxdata:speed>9.622</gpxdata:speed>
    </extensions>
   </trkpt>
   <trkpt lat="-29.1394592" lon="-67.4806211">
    <ele>1087</ele>
    <time>2026-02-23T13:59:51Z</time>
    <extensions>
     <gpxdata:hr>83</gpxdata:hr>
     <gpxdata:distance>2675.00</gpxdata:distance>
     <gpxdata:speed>8.767</gpxdata:speed>
    </extensions>
   </trkpt>
   <trkpt lat="-29.1393907" lon="-67.4805826">
    <ele>1087</ele>
    <time>2026-02-23T13:59:52Z</time>
    <extensions>
     <gpxdata:hr>83</gpxdata:hr>
     <gpxdata:distance>2684.00</gpxdata:distance>
     <gpxdata:speed>9.414</gpxdata:speed>
    </extensions>
   </trkpt>
   <trkpt lat="-29.1393142" lon="-67.4805390">
    <ele>1087</ele>
    <time>2026-02-23T13:59:53Z</time>
    <extensions>
     <gpxdata:hr>83</gpxdata:hr>
     <gpxdata:distance>2693.50</gpxdata:distance>
     <gpxdata:speed>9.583</gpxdata:speed>
    </extensions>
   </trkpt>
   <trkpt lat="-29.1392360" lon="-67.4804954">
    <ele>1087</ele>
    <time>2026-02-23T13:59:54Z</time>
    <extensions>
     <gpxdata:hr>83</gpxdata:hr>
     <gpxdata:distance>2703.00</gpxdata:distance>
     <gpxdata:speed>9.428</gpxdata:speed>
    </extensions>
   </trkpt>
   <trkpt lat="-29.1391605" lon="-67.4804518">
    <ele>1086</ele>
    <time>2026-02-23T13:59:55Z</time>
    <extensions>
     <gpxdata:hr>82</gpxdata:hr>
     <gpxdata:distance>2712.00</gpxdata:distance>
     <gpxdata:speed>9.336</gpxdata:speed>
    </extensions>
   </trkpt>
   <trkpt lat="-29.1390857" lon="-67.4804092">
    <ele>1086</ele>
    <time>2026-02-23T13:59:56Z</time>
    <extensions>
     <gpxdata:hr>84</gpxdata:hr>
     <gpxdata:distance>2721.00</gpxdata:distance>
     <gpxdata:speed>9.258</gpxdata:speed>
    </extensions>
   </trkpt>
   <trkpt lat="-29.1390117" lon="-67.4803664">
    <ele>1086</ele>
    <time>2026-02-23T13:59:57Z</time>
    <extensions>
     <gpxdata:hr>84</gpxdata:hr>
     <gpxdata:distance>2730.50</gpxdata:distance>
     <gpxdata:speed>9.247</gpxdata:speed>
    </extensions>
   </trkpt>
   <trkpt lat="-29.1389375" lon="-67.4803241">
    <ele>1086</ele>
    <time>2026-02-23T13:59:58Z</time>
    <extensions>
     <gpxdata:hr>85</gpxdata:hr>
     <gpxdata:distance>2740.00</gpxdata:distance>
     <gpxdata:speed>9.281</gpxdata:speed>
    </extensions>
   </trkpt>
   <trkpt lat="-29.1388629" lon="-67.4802814">
    <ele>1085</ele>
    <time>2026-02-23T13:59:59Z</time>
    <extensions>
     <gpxdata:hr>85</gpxdata:hr>
     <gpxdata:distance>2749.00</gpxdata:distance>
     <gpxdata:speed>9.311</gpxdata:speed>
    </extensions>
   </trkpt>
   <trkpt lat="-29.1387880" lon="-67.4802384">
    <ele>1085</ele>
    <time>2026-02-23T14:00:00Z</time>
    <extensions>
     <gpxdata:hr>85</gpxdata:hr>
     <gpxdata:distance>2758.00</gpxdata:distance>
     <gpxdata:speed>9.278</gpxdata:speed>
    </extensions>
   </trkpt>
   <trkpt lat="-29.1387138" lon="-67.4801951">
    <ele>1084</ele>
    <time>2026-02-23T14:00:01Z</time>
    <extensions>
     <gpxdata:hr>85</gpxdata:hr>
     <gpxdata:distance>2767.50</gpxdata:distance>
     <gpxdata:speed>9.294</gpxdata:speed>
    </extensions>
   </trkpt>
   <trkpt lat="-29.1386393" lon="-67.4801518">
    <ele>1084</ele>
    <time>2026-02-23T14:00:02Z</time>
    <extensions>
     <gpxdata:hr>85</gpxdata:hr>
     <gpxdata:distance>2777.00</gpxdata:distance>
     <gpxdata:speed>9.258</gpxdata:speed>
    </extensions>
   </trkpt>
   <trkpt lat="-29.1385653" lon="-67.4801084">
    <ele>1084</ele>
    <time>2026-02-23T14:00:03Z</time>
    <extensions>
     <gpxdata:hr>86</gpxdata:hr>
     <gpxdata:distance>2786.00</gpxdata:distance>
     <gpxdata:speed>9.225</gpxdata:speed>
    </extensions>
   </trkpt>
   <trkpt lat="-29.1384918" lon="-67.4800650">
    <ele>1083</ele>
    <time>2026-02-23T14:00:04Z</time>
    <extensions>
     <gpxdata:hr>86</gpxdata:hr>
     <gpxdata:distance>2795.00</gpxdata:distance>
     <gpxdata:speed>9.203</gpxdata:speed>
    </extensions>
   </trkpt>
   <trkpt lat="-29.1384184" lon="-67.4800217">
    <ele>1083</ele>
    <time>2026-02-23T14:00:05Z</time>
    <extensions>
     <gpxdata:hr>86</gpxdata:hr>
     <gpxdata:distance>2804.50</gpxdata:distance>
     <gpxdata:speed>9.250</gpxdata:speed>
    </extensions>
   </trkpt>
   <trkpt lat="-29.1383443" lon="-67.4799784">
    <ele>1083</ele>
    <time>2026-02-23T14:00:06Z</time>
    <extensions>
     <gpxdata:hr>86</gpxdata:hr>
     <gpxdata:distance>2814.00</gpxdata:distance>
     <gpxdata:speed>9.178</gpxdata:speed>
    </extensions>
   </trkpt>
   <trkpt lat="-29.1382713" lon="-67.4799350">
    <ele>1082</ele>
    <time>2026-02-23T14:00:07Z</time>
    <extensions>
     <gpxdata:hr>86</gpxdata:hr>
     <gpxdata:distance>2823.00</gpxdata:distance>
     <gpxdata:speed>9.222</gpxdata:speed>
    </extensions>
   </trkpt>
   <trkpt lat="-29.1381975" lon="-67.4798917">
    <ele>1082</ele>
    <time>2026-02-23T14:00:08Z</time>
    <extensions>
     <gpxdata:hr>86</gpxdata:hr>
     <gpxdata:distance>2832.00</gpxdata:distance>
     <gpxdata:speed>9.169</gpxdata:speed>
    </extensions>
   </trkpt>
   <trkpt lat="-29.1381238" lon="-67.4798499">
    <ele>1082</ele>
    <time>2026-02-23T14:00:09Z</time>
    <extensions>
     <gpxdata:hr>86</gpxdata:hr>
     <gpxdata:distance>2841.50</gpxdata:distance>
     <gpxdata:speed>9.219</gpxdata:speed>
    </extensions>
   </trkpt>
   <trkpt lat="-29.1380495" lon="-67.4798077">
    <ele>1082</ele>
    <time>2026-02-23T14:00:10Z</time>
    <extensions>
     <gpxdata:hr>86</gpxdata:hr>
     <gpxdata:distance>2851.00</gpxdata:distance>
     <gpxdata:speed>9.219</gpxdata:speed>
    </extensions>
   </trkpt>
   <trkpt lat="-29.1379755" lon="-67.4797649">
    <ele>1081</ele>
    <time>2026-02-23T14:00:11Z</time>
    <extensions>
     <gpxdata:hr>86</gpxdata:hr>
     <gpxdata:distance>2860.00</gpxdata:distance>
     <gpxdata:speed>9.267</gpxdata:speed>
    </extensions>
   </trkpt>
   <trkpt lat="-29.1379011" lon="-67.4797218">
    <ele>1081</ele>
    <time>2026-02-23T14:00:12Z</time>
    <extensions>
     <gpxdata:hr>86</gpxdata:hr>
     <gpxdata:distance>2869.00</gpxdata:distance>
     <gpxdata:speed>9.247</gpxdata:speed>
    </extensions>
   </trkpt>
   <trkpt lat="-29.1378271" lon="-67.4796785">
    <ele>1080</ele>
    <time>2026-02-23T14:00:13Z</time>
    <extensions>
     <gpxdata:hr>86</gpxdata:hr>
     <gpxdata:distance>2878.50</gpxdata:distance>
     <gpxdata:speed>9.197</gpxdata:speed>
    </extensions>
   </trkpt>
   <trkpt lat="-29.1377535" lon="-67.4796359">
    <ele>1080</ele>
    <time>2026-02-23T14:00:14Z</time>
    <extensions>
     <gpxdata:hr>86</gpxdata:hr>
     <gpxdata:distance>2888.00</gpxdata:distance>
     <gpxdata:speed>9.269</gpxdata:speed>
    </extensions>
   </trkpt>
   <trkpt lat="-29.1376786" lon="-67.4795938">
    <ele>1080</ele>
    <time>2026-02-23T14:00:15Z</time>
    <extensions>
     <gpxdata:hr>85</gpxdata:hr>
     <gpxdata:distance>2897.00</gpxdata:distance>
     <gpxdata:speed>9.292</gpxdata:speed>
    </extensions>
   </trkpt>
   <trkpt lat="-29.1376033" lon="-67.4795521">
    <ele>1079</ele>
    <time>2026-02-23T14:00:16Z</time>
    <extensions>
     <gpxdata:hr>87</gpxdata:hr>
     <gpxdata:distance>2906.00</gpxdata:distance>
     <gpxdata:speed>9.292</gpxdata:speed>
    </extensions>
   </trkpt>
   <trkpt lat="-29.1375281" lon="-67.4795105">
    <ele>1079</ele>
    <time>2026-02-23T14:00:17Z</time>
    <extensions>
     <gpxdata:hr>87</gpxdata:hr>
     <gpxdata:distance>2915.50</gpxdata:distance>
     <gpxdata:speed>9.339</gpxdata:speed>
    </extensions>
   </trkpt>
   <trkpt lat="-29.1374530" lon="-67.4794674">
    <ele>1078</ele>
    <time>2026-02-23T14:00:18Z</time>
    <extensions>
     <gpxdata:hr>87</gpxdata:hr>
     <gpxdata:distance>2925.00</gpxdata:distance>
     <gpxdata:speed>9.414</gpxdata:speed>
    </extensions>
   </trkpt>
   <trkpt lat="-29.1373772" lon="-67.4794238">
    <ele>1078</ele>
    <time>2026-02-23T14:00:19Z</time>
    <extensions>
     <gpxdata:hr>88</gpxdata:hr>
     <gpxdata:distance>2934.50</gpxdata:distance>
     <gpxdata:speed>9.469</gpxdata:speed>
    </extensions>
   </trkpt>
   <trkpt lat="-29.1373008" lon="-67.4793802">
    <ele>1078</ele>
    <time>2026-02-23T14:00:20Z</time>
    <extensions>
     <gpxdata:hr>88</gpxdata:hr>
     <gpxdata:distance>2944.00</gpxdata:distance>
     <gpxdata:speed>9.558</gpxdata:speed>
    </extensions>
   </trkpt>
   <trkpt lat="-29.1372234" lon="-67.4793368">
    <ele>1077</ele>
    <time>2026-02-23T14:00:21Z</time>
    <extensions>
     <gpxdata:hr>87</gpxdata:hr>
     <gpxdata:distance>2954.00</gpxdata:distance>
     <gpxdata:speed>9.592</gpxdata:speed>
    </extensions>
   </trkpt>
   <trkpt lat="-29.1371461" lon="-67.4792926">
    <ele>1077</ele>
    <time>2026-02-23T14:00:22Z</time>
    <extensions>
     <gpxdata:hr>89</gpxdata:hr>
     <gpxdata:distance>2964.00</gpxdata:distance>
     <gpxdata:speed>9.667</gpxdata:speed>
    </extensions>
   </trkpt>
   <trkpt lat="-29.1370675" lon="-67.4792494">
    <ele>1076</ele>
    <time>2026-02-23T14:00:23Z</time>
    <extensions>
     <gpxdata:hr>90</gpxdata:hr>
     <gpxdata:distance>2973.50</gpxdata:distance>
     <gpxdata:speed>9.725</gpxdata:speed>
    </extensions>
   </trkpt>
   <trkpt lat="-29.1369880" lon="-67.4792072">
    <ele>1076</ele>
    <time>2026-02-23T14:00:24Z</time>
    <extensions>
     <gpxdata:hr>91</gpxdata:hr>
     <gpxdata:distance>2983.00</gpxdata:distance>
     <gpxdata:speed>9.664</gpxdata:speed>
    </extensions>
   </trkpt>
   <trkpt lat="-29.1369096" lon="-67.4791646">
    <ele>1076</ele>
    <time>2026-02-23T14:00:25Z</time>
    <extensions>
     <gpxdata:hr>92</gpxdata:hr>
     <gpxdata:distance>2992.50</gpxdata:distance>
     <gpxdata:speed>9.658</gpxdata:speed>
    </extensions>
   </trkpt>
   <trkpt lat="-29.1368314" lon="-67.4791216">
    <ele>1075</ele>
    <time>2026-02-23T14:00:26Z</time>
    <extensions>
     <gpxdata:hr>94</gpxdata:hr>
     <gpxdata:distance>3002.00</gpxdata:distance>
     <gpxdata:speed>9.664</gpxdata:speed>
    </extensions>
   </trkpt>
   <trkpt lat="-29.1367532" lon="-67.4790784">
    <ele>1075</ele>
    <time>2026-02-23T14:00:27Z</time>
    <extensions>
     <gpxdata:hr>94</gpxdata:hr>
     <gpxdata:distance>3011.50</gpxdata:distance>
     <gpxdata:speed>9.614</gpxdata:speed>
    </extensions>
   </trkpt>
   <trkpt lat="-29.1366757" lon="-67.4790351">
    <ele>1075</ele>
    <time>2026-02-23T14:00:28Z</time>
    <extensions>
     <gpxdata:hr>94</gpxdata:hr>
     <gpxdata:distance>3021.00</gpxdata:distance>
     <gpxdata:speed>9.539</gpxdata:speed>
    </extensions>
   </trkpt>
   <trkpt lat="-29.1365988" lon="-67.4789925">
    <ele>1074</ele>
    <time>2026-02-23T14:00:29Z</time>
    <extensions>
     <gpxdata:hr>94</gpxdata:hr>
     <gpxdata:distance>3030.50</gpxdata:distance>
     <gpxdata:speed>9.481</gpxdata:speed>
    </extensions>
   </trkpt>
   <trkpt lat="-29.1365229" lon="-67.4789490">
    <ele>1074</ele>
    <time>2026-02-23T14:00:30Z</time>
    <extensions>
     <gpxdata:hr>94</gpxdata:hr>
     <gpxdata:distance>3040.00</gpxdata:distance>
     <gpxdata:speed>9.419</gpxdata:speed>
    </extensions>
   </trkpt>
   <trkpt lat="-29.1364476" lon="-67.4789053">
    <ele>1074</ele>
    <time>2026-02-23T14:00:31Z</time>
    <extensions>
     <gpxdata:hr>94</gpxdata:hr>
     <gpxdata:distance>3049.50</gpxdata:distance>
     <gpxdata:speed>9.297</gpxdata:speed>
    </extensions>
   </trkpt>
   <trkpt lat="-29.1363734" lon="-67.4788626">
    <ele>1074</ele>
    <time>2026-02-23T14:00:32Z</time>
    <extensions>
     <gpxdata:hr>94</gpxdata:hr>
     <gpxdata:distance>3059.00</gpxdata:distance>
     <gpxdata:speed>9.286</gpxdata:speed>
    </extensions>
   </trkpt>
   <trkpt lat="-29.1362991" lon="-67.4788197">
    <ele>1073</ele>
    <time>2026-02-23T14:00:33Z</time>
    <extensions>
     <gpxdata:hr>94</gpxdata:hr>
     <gpxdata:distance>3068.00</gpxdata:distance>
     <gpxdata:speed>9.281</gpxdata:speed>
    </extensions>
   </trkpt>
   <trkpt lat="-29.1362244" lon="-67.4787774">
    <ele>1073</ele>
    <time>2026-02-23T14:00:34Z</time>
    <extensions>
     <gpxdata:hr>94</gpxdata:hr>
     <gpxdata:distance>3077.00</gpxdata:distance>
     <gpxdata:speed>9.228</gpxdata:speed>
    </extensions>
   </trkpt>
   <trkpt lat="-29.1361496" lon="-67.4787371">
    <ele>1072</ele>
    <time>2026-02-23T14:00:35Z</time>
    <extensions>
     <gpxdata:hr>94</gpxdata:hr>
     <gpxdata:distance>3086.50</gpxdata:distance>
     <gpxdata:speed>9.217</gpxdata:speed>
    </extensions>
   </trkpt>
   <trkpt lat="-29.1360739" lon="-67.4786989">
    <ele>1072</ele>
    <time>2026-02-23T14:00:36Z</time>
    <extensions>
     <gpxdata:hr>94</gpxdata:hr>
     <gpxdata:distance>3096.00</gpxdata:distance>
     <gpxdata:speed>9.267</gpxdata:speed>
    </extensions>
   </trkpt>
   <trkpt lat="-29.1359967" lon="-67.4786626">
    <ele>1072</ele>
    <time>2026-02-23T14:00:37Z</time>
    <extensions>
     <gpxdata:hr>95</gpxdata:hr>
     <gpxdata:distance>3105.50</gpxdata:distance>
     <gpxdata:speed>9.333</gpxdata:speed>
    </extensions>
   </trkpt>
   <trkpt lat="-29.1359187" lon="-67.4786267">
    <ele>1072</ele>
    <time>2026-02-23T14:00:38Z</time>
    <extensions>
     <gpxdata:hr>95</gpxdata:hr>
     <gpxdata:distance>3115.00</gpxdata:distance>
     <gpxdata:speed>9.419</gpxdata:speed>
    </extensions>
   </trkpt>
   <trkpt lat="-29.1358396" lon="-67.4785913">
    <ele>1071</ele>
    <time>2026-02-23T14:00:39Z</time>
    <extensions>
     <gpxdata:hr>95</gpxdata:hr>
     <gpxdata:distance>3124.50</gpxdata:distance>
     <gpxdata:speed>9.481</gpxdata:speed>
    </extensions>
   </trkpt>
   <trkpt lat="-29.1357598" lon="-67.4785562">
    <ele>1071</ele>
    <time>2026-02-23T14:00:40Z</time>
    <extensions>
     <gpxdata:hr>95</gpxdata:hr>
     <gpxdata:distance>3134.00</gpxdata:distance>
     <gpxdata:speed>9.514</gpxdata:speed>
    </extensions>
   </trkpt>
   <trkpt lat="-29.1356797" lon="-67.4785213">
    <ele>1070</ele>
    <time>2026-02-23T14:00:41Z</time>
    <extensions>
     <gpxdata:hr>95</gpxdata:hr>
     <gpxdata:distance>3143.50</gpxdata:distance>
     <gpxdata:speed>9.592</gpxdata:speed>
    </extensions>
   </trkpt>
   <trkpt lat="-29.1355988" lon="-67.4784864">
    <ele>1070</ele>
    <time>2026-02-23T14:00:42Z</time>
    <extensions>
     <gpxdata:hr>95</gpxdata:hr>
     <gpxdata:distance>3153.00</gpxdata:distance>
     <gpxdata:speed>9.569</gpxdata:speed>
    </extensions>
   </trkpt>
   <trkpt lat="-29.1355181" lon="-67.4784523">
    <ele>1070</ele>
    <time>2026-02-23T14:00:43Z</time>
    <extensions>
     <gpxdata:hr>95</gpxdata:hr>
     <gpxdata:distance>3162.50</gpxdata:distance>
     <gpxdata:speed>8.817</gpxdata:speed>
    </extensions>
   </trkpt>
   <trkpt lat="-29.1354455" lon="-67.4784225">
    <ele>1070</ele>
    <time>2026-02-23T14:00:44Z</time>
    <extensions>
     <gpxdata:hr>95</gpxdata:hr>
     <gpxdata:distance>3172.00</gpxdata:distance>
     <gpxdata:speed>9.556</gpxdata:speed>
    </extensions>
   </trkpt>
   <trkpt lat="-29.1353634" lon="-67.4783890">
    <ele>1069</ele>
    <time>2026-02-23T14:00:45Z</time>
    <extensions>
     <gpxdata:hr>95</gpxdata:hr>
     <gpxdata:distance>3180.50</gpxdata:distance>
     <gpxdata:speed>9.611</gpxdata:speed>
    </extensions>
   </trkpt>
   <trkpt lat="-29.1352812" lon="-67.4783564">
    <ele>1069</ele>
    <time>2026-02-23T14:00:46Z</time>
    <extensions>
     <gpxdata:hr>95</gpxdata:hr>
     <gpxdata:distance>3189.00</gpxdata:distance>
     <gpxdata:speed>8.944</gpxdata:speed>
    </extensions>
   </trkpt>
   <trkpt lat="-29.1352069" lon="-67.4783267">
    <ele>1069</ele>
    <time>2026-02-23T14:00:47Z</time>
    <extensions>
     <gpxdata:hr>95</gpxdata:hr>
     <gpxdata:distance>3198.50</gpxdata:distance>
     <gpxdata:speed>9.625</gpxdata:speed>
    </extensions>
   </trkpt>
   <trkpt lat="-29.1351238" lon="-67.4782943">
    <ele>1068</ele>
    <time>2026-02-23T14:00:48Z</time>
    <extensions>
     <gpxdata:hr>95</gpxdata:hr>
     <gpxdata:distance>3208.00</gpxdata:distance>
     <gpxdata:speed>9.072</gpxdata:speed>
    </extensions>
   </trkpt>
   <trkpt lat="-29.1350473" lon="-67.4782657">
    <ele>1068</ele>
    <time>2026-02-23T14:00:49Z</time>
    <extensions>
     <gpxdata:hr>95</gpxdata:hr>
     <gpxdata:distance>3217.50</gpxdata:distance>
     <gpxdata:speed>9.731</gpxdata:speed>
    </extensions>
   </trkpt>
   <trkpt lat="-29.1349628" lon="-67.4782341">
    <ele>1068</ele>
    <time>2026-02-23T14:00:50Z</time>
    <extensions>
     <gpxdata:hr>95</gpxdata:hr>
     <gpxdata:distance>3227.00</gpxdata:distance>
     <gpxdata:speed>9.200</gpxdata:speed>
    </extensions>
   </trkpt>
   <trkpt lat="-29.1348850" lon="-67.4782058">
    <ele>1067</ele>
    <time>2026-02-23T14:00:51Z</time>
    <extensions>
     <gpxdata:hr>95</gpxdata:hr>
     <gpxdata:distance>3236.50</gpxdata:distance>
     <gpxdata:speed>9.144</gpxdata:speed>
    </extensions>
   </trkpt>
   <trkpt lat="-29.1348074" lon="-67.4781765">
    <ele>1067</ele>
    <time>2026-02-23T14:00:52Z</time>
    <extensions>
     <gpxdata:hr>96</gpxdata:hr>
     <gpxdata:distance>3246.00</gpxdata:distance>
     <gpxdata:speed>9.414</gpxdata:speed>
    </extensions>
   </trkpt>
   <trkpt lat="-29.1347265" lon="-67.4781461">
    <ele>1067</ele>
    <time>2026-02-23T14:00:53Z</time>
    <extensions>
     <gpxdata:hr>97</gpxdata:hr>
     <gpxdata:distance>3255.50</gpxdata:distance>
     <gpxdata:speed>10.161</gpxdata:speed>
    </extensions>
   </trkpt>
   <trkpt lat="-29.1346376" lon="-67.4781124">
    <ele>1067</ele>
    <time>2026-02-23T14:00:54Z</time>
    <extensions>
     <gpxdata:hr>97</gpxdata:hr>
     <gpxdata:distance>3265.00</gpxdata:distance>
     <gpxdata:speed>9.514</gpxdata:speed>
    </extensions>
   </trkpt>
   <trkpt lat="-29.1345573" lon="-67.4780821">
    <ele>1066</ele>
    <time>2026-02-23T14:00:55Z</time>
    <extensions>
     <gpxdata:hr>97</gpxdata:hr>
     <gpxdata:distance>3275.50</gpxdata:distance>
     <gpxdata:speed>10.136</gpxdata:speed>
    </extensions>
   </trkpt>
   <trkpt lat="-29.1344696" lon="-67.4780488">
    <ele>1066</ele>
    <time>2026-02-23T14:00:56Z</time>
    <extensions>
     <gpxdata:hr>97</gpxdata:hr>
     <gpxdata:distance>3286.00</gpxdata:distance>
     <gpxdata:speed>10.067</gpxdata:speed>
    </extensions>
   </trkpt>
   <trkpt lat="-29.1343831" lon="-67.4780171">
    <ele>1066</ele>
    <time>2026-02-23T14:00:57Z</time>
    <extensions>
     <gpxdata:hr>97</gpxdata:hr>
     <gpxdata:distance>3296.00</gpxdata:distance>
     <gpxdata:speed>9.236</gpxdata:speed>
    </extensions>
   </trkpt>
   <trkpt lat="-29.1343060" lon="-67.4779896">
    <ele>1066</ele>
    <time>2026-02-23T14:00:58Z</time>
    <extensions>
     <gpxdata:hr>97</gpxdata:hr>
     <gpxdata:distance>3306.00</gpxdata:distance>
     <gpxdata:speed>9.939</gpxdata:speed>
    </extensions>
   </trkpt>
   <trkpt lat="-29.1342194" lon="-67.4779595">
    <ele>1065</ele>
    <time>2026-02-23T14:00:59Z</time>
    <extensions>
     <gpxdata:hr>97</gpxdata:hr>
     <gpxdata:distance>3315.50</gpxdata:distance>
     <gpxdata:speed>9.975</gpxdata:speed>
    </extensions>
   </trkpt>
   <trkpt lat="-29.1341333" lon="-67.4779290">
    <ele>1065</ele>
    <time>2026-02-23T14:01:00Z</time>
    <extensions>
     <gpxdata:hr>97</gpxdata:hr>
     <gpxdata:distance>3325.00</gpxdata:distance>
     <gpxdata:speed>9.833</gpxdata:speed>
    </extensions>
   </trkpt>
   <trkpt lat="-29.1340492" lon="-67.4778986">
    <ele>1065</ele>
    <time>2026-02-23T14:01:01Z</time>
    <extensions>
     <gpxdata:hr>97</gpxdata:hr>
     <gpxdata:distance>3335.00</gpxdata:distance>
     <gpxdata:speed>9.758</gpxdata:speed>
    </extensions>
   </trkpt>
   <trkpt lat="-29.1339659" lon="-67.4778685">
    <ele>1064</ele>
    <time>2026-02-23T14:01:02Z</time>
    <extensions>
     <gpxdata:hr>97</gpxdata:hr>
     <gpxdata:distance>3345.00</gpxdata:distance>
     <gpxdata:speed>9.725</gpxdata:speed>
    </extensions>
   </trkpt>
   <trkpt lat="-29.1338828" lon="-67.4778384">
    <ele>1064</ele>
    <time>2026-02-23T14:01:03Z</time>
    <extensions>
     <gpxdata:hr>97</gpxdata:hr>
     <gpxdata:distance>3354.50</gpxdata:distance>
     <gpxdata:speed>9.797</gpxdata:speed>
    </extensions>
   </trkpt>
   <trkpt lat="-29.1337988" lon="-67.4778076">
    <ele>1064</ele>
    <time>2026-02-23T14:01:04Z</time>
    <extensions>
     <gpxdata:hr>97</gpxdata:hr>
     <gpxdata:distance>3364.00</gpxdata:distance>
     <gpxdata:speed>9.808</gpxdata:speed>
    </extensions>
   </trkpt>
   <trkpt lat="-29.1337150" lon="-67.4777763">
    <ele>1064</ele>
    <time>2026-02-23T14:01:05Z</time>
    <extensions>
     <gpxdata:hr>97</gpxdata:hr>
     <gpxdata:distance>3374.00</gpxdata:distance>
     <gpxdata:speed>9.842</gpxdata:speed>
    </extensions>
   </trkpt>
   <trkpt lat="-29.1336306" lon="-67.4777455">
    <ele>1063</ele>
    <time>2026-02-23T14:01:06Z</time>
    <extensions>
     <gpxdata:hr>97</gpxdata:hr>
     <gpxdata:distance>3384.00</gpxdata:distance>
     <gpxdata:speed>9.872</gpxdata:speed>
    </extensions>
   </trkpt>
   <trkpt lat="-29.1335459" lon="-67.4777151">
    <ele>1063</ele>
    <time>2026-02-23T14:01:07Z</time>
    <extensions>
     <gpxdata:hr>96</gpxdata:hr>
     <gpxdata:distance>3394.00</gpxdata:distance>
     <gpxdata:speed>9.906</gpxdata:speed>
    </extensions>
   </trkpt>
   <trkpt lat="-29.1334609" lon="-67.4776842">
    <ele>1063</ele>
    <time>2026-02-23T14:01:08Z</time>
    <extensions>
     <gpxdata:hr>95</gpxdata:hr>
     <gpxdata:distance>3404.00</gpxdata:distance>
     <gpxdata:speed>9.931</gpxdata:speed>
    </extensions>
   </trkpt>
   <trkpt lat="-29.1333758" lon="-67.4776529">
    <ele>1062</ele>
    <time>2026-02-23T14:01:09Z</time>
    <extensions>
     <gpxdata:hr>93</gpxdata:hr>
     <gpxdata:distance>3414.00</gpxdata:distance>
     <gpxdata:speed>10.003</gpxdata:speed>
    </extensions>
   </trkpt>
   <trkpt lat="-29.1332901" lon="-67.4776213">
    <ele>1062</ele>
    <time>2026-02-23T14:01:10Z</time>
    <extensions>
     <gpxdata:hr>92</gpxdata:hr>
     <gpxdata:distance>3424.00</gpxdata:distance>
     <gpxdata:speed>10.047</gpxdata:speed>
    </extensions>
   </trkpt>
   <trkpt lat="-29.1332037" lon="-67.4775904">
    <ele>1062</ele>
    <time>2026-02-23T14:01:11Z</time>
    <extensions>
     <gpxdata:hr>91</gpxdata:hr>
     <gpxdata:distance>3434.00</gpxdata:distance>
     <gpxdata:speed>9.961</gpxdata:speed>
    </extensions>
   </trkpt>
   <trkpt lat="-29.1331186" lon="-67.4775592">
    <ele>1062</ele>
    <time>2026-02-23T14:01:12Z</time>
    <extensions>
     <gpxdata:hr>90</gpxdata:hr>
     <gpxdata:distance>3444.00</gpxdata:distance>
     <gpxdata:speed>9.917</gpxdata:speed>
    </extensions>
   </trkpt>
   <trkpt lat="-29.1330338" lon="-67.4775286">
    <ele>1061</ele>
    <time>2026-02-23T14:01:13Z</time>
    <extensions>
     <gpxdata:hr>89</gpxdata:hr>
     <gpxdata:distance>3453.50</gpxdata:distance>
     <gpxdata:speed>9.842</gpxdata:speed>
    </extensions>
   </trkpt>
   <trkpt lat="-29.1329497" lon="-67.4774983">
    <ele>1061</ele>
    <time>2026-02-23T14:01:14Z</time>
    <extensions>
     <gpxdata:hr>89</gpxdata:hr>
     <gpxdata:distance>3463.00</gpxdata:distance>
     <gpxdata:speed>9.778</gpxdata:speed>
    </extensions>
   </trkpt>
   <trkpt lat="-29.1328662" lon="-67.4774683">
    <ele>1060</ele>
    <time>2026-02-23T14:01:15Z</time>
    <extensions>
     <gpxdata:hr>89</gpxdata:hr>
     <gpxdata:distance>3472.00</gpxdata:distance>
     <gpxdata:speed>9.742</gpxdata:speed>
    </extensions>
   </trkpt>
   <trkpt lat="-29.1327829" lon="-67.4774383">
    <ele>1060</ele>
    <time>2026-02-23T14:01:16Z</time>
    <extensions>
     <gpxdata:hr>90</gpxdata:hr>
     <gpxdata:distance>3481.00</gpxdata:distance>
     <gpxdata:speed>8.989</gpxdata:speed>
    </extensions>
   </trkpt>
   <trkpt lat="-29.1327081" lon="-67.4774107">
    <ele>1060</ele>
    <time>2026-02-23T14:01:17Z</time>
    <extensions>
     <gpxdata:hr>92</gpxdata:hr>
     <gpxdata:distance>3491.50</gpxdata:distance>
     <gpxdata:speed>9.611</gpxdata:speed>
    </extensions>
   </trkpt>
   <trkpt lat="-29.1326250" lon="-67.4773801">
    <ele>1060</ele>
    <time>2026-02-23T14:01:18Z</time>
    <extensions>
     <gpxdata:hr>92</gpxdata:hr>
     <gpxdata:distance>3502.00</gpxdata:distance>
     <gpxdata:speed>9.744</gpxdata:speed>
    </extensions>
   </trkpt>
   <trkpt lat="-29.1325410" lon="-67.4773493">
    <ele>1060</ele>
    <time>2026-02-23T14:01:19Z</time>
    <extensions>
     <gpxdata:hr>91</gpxdata:hr>
     <gpxdata:distance>3511.00</gpxdata:distance>
     <gpxdata:speed>9.628</gpxdata:speed>
    </extensions>
   </trkpt>
   <trkpt lat="-29.1324585" lon="-67.4773195">
    <ele>1060</ele>
    <time>2026-02-23T14:01:20Z</time>
    <extensions>
     <gpxdata:hr>90</gpxdata:hr>
     <gpxdata:distance>3520.00</gpxdata:distance>
     <gpxdata:speed>9.492</gpxdata:speed>
    </extensions>
   </trkpt>
   <trkpt lat="-29.1323775" lon="-67.4772906">
    <ele>1059</ele>
    <time>2026-02-23T14:01:21Z</time>
    <extensions>
     <gpxdata:hr>89</gpxdata:hr>
     <gpxdata:distance>3529.00</gpxdata:distance>
     <gpxdata:speed>9.397</gpxdata:speed>
    </extensions>
   </trkpt>
   <trkpt lat="-29.1322973" lon="-67.4772621">
    <ele>1059</ele>
    <time>2026-02-23T14:01:22Z</time>
    <extensions>
     <gpxdata:hr>88</gpxdata:hr>
     <gpxdata:distance>3538.00</gpxdata:distance>
     <gpxdata:speed>9.236</gpxdata:speed>
    </extensions>
   </trkpt>
   <trkpt lat="-29.1322189" lon="-67.4772331">
    <ele>1059</ele>
    <time>2026-02-23T14:01:23Z</time>
    <extensions>
     <gpxdata:hr>88</gpxdata:hr>
     <gpxdata:distance>3547.50</gpxdata:distance>
     <gpxdata:speed>9.167</gpxdata:speed>
    </extensions>
   </trkpt>
   <trkpt lat="-29.1321409" lon="-67.4772043">
    <ele>1059</ele>
    <time>2026-02-23T14:01:24Z</time>
    <extensions>
     <gpxdata:hr>89</gpxdata:hr>
     <gpxdata:distance>3557.00</gpxdata:distance>
     <gpxdata:speed>9.156</gpxdata:speed>
    </extensions>
   </trkpt>
   <trkpt lat="-29.1320630" lon="-67.4771750">
    <ele>1058</ele>
    <time>2026-02-23T14:01:25Z</time>
    <extensions>
     <gpxdata:hr>92</gpxdata:hr>
     <gpxdata:distance>3566.00</gpxdata:distance>
     <gpxdata:speed>9.167</gpxdata:speed>
    </extensions>
   </trkpt>
   <trkpt lat="-29.1319849" lon="-67.4771452">
    <ele>1058</ele>
    <time>2026-02-23T14:01:26Z</time>
    <extensions>
     <gpxdata:hr>95</gpxdata:hr>
     <gpxdata:distance>3575.00</gpxdata:distance>
     <gpxdata:speed>9.164</gpxdata:speed>
    </extensions>
   </trkpt>
   <trkpt lat="-29.1319066" lon="-67.4771160">
    <ele>1058</ele>
    <time>2026-02-23T14:01:27Z</time>
    <extensions>
     <gpxdata:hr>98</gpxdata:hr>
     <gpxdata:distance>3584.50</gpxdata:distance>
     <gpxdata:speed>9.156</gpxdata:speed>
    </extensions>
   </trkpt>
   <trkpt lat="-29.1318283" lon="-67.4770873">
    <ele>1058</ele>
    <time>2026-02-23T14:01:28Z</time>
    <extensions>
     <gpxdata:hr>99</gpxdata:hr>
     <gpxdata:distance>3594.00</gpxdata:distance>
     <gpxdata:speed>9.228</gpxdata:speed>
    </extensions>
   </trkpt>
   <trkpt lat="-29.1317492" lon="-67.4770582">
    <ele>1057</ele>
    <time>2026-02-23T14:01:29Z</time>
    <extensions>
     <gpxdata:hr>101</gpxdata:hr>
     <gpxdata:distance>3603.00</gpxdata:distance>
     <gpxdata:speed>9.197</gpxdata:speed>
    </extensions>
   </trkpt>
   <trkpt lat="-29.1316703" lon="-67.4770300">
    <ele>1057</ele>
    <time>2026-02-23T14:01:30Z</time>
    <extensions>
     <gpxdata:hr>101</gpxdata:hr>
     <gpxdata:distance>3612.00</gpxdata:distance>
     <gpxdata:speed>9.128</gpxdata:speed>
    </extensions>
   </trkpt>
   <trkpt lat="-29.1315925" lon="-67.4770013">
    <ele>1057</ele>
    <time>2026-02-23T14:01:31Z</time>
    <extensions>
     <gpxdata:hr>101</gpxdata:hr>
     <gpxdata:distance>3621.00</gpxdata:distance>
     <gpxdata:speed>9.133</gpxdata:speed>
    </extensions>
   </trkpt>
   <trkpt lat="-29.1315146" lon="-67.4769718">
    <ele>1056</ele>
    <time>2026-02-23T14:01:32Z</time>
    <extensions>
     <gpxdata:hr>101</gpxdata:hr>
     <gpxdata:distance>3630.00</gpxdata:distance>
     <gpxdata:speed>9.139</gpxdata:speed>
    </extensions>
   </trkpt>
   <trkpt lat="-29.1314365" lon="-67.4769427">
    <ele>1056</ele>
    <time>2026-02-23T14:01:33Z</time>
    <extensions>
     <gpxdata:hr>101</gpxdata:hr>
     <gpxdata:distance>3639.00</gpxdata:distance>
     <gpxdata:speed>9.142</gpxdata:speed>
    </extensions>
   </trkpt>
   <trkpt lat="-29.1313583" lon="-67.4769141">
    <ele>1056</ele>
    <time>2026-02-23T14:01:34Z</time>
    <extensions>
     <gpxdata:hr>101</gpxdata:hr>
     <gpxdata:distance>3648.00</gpxdata:distance>
     <gpxdata:speed>9.142</gpxdata:speed>
    </extensions>
   </trkpt>
   <trkpt lat="-29.1312800" lon="-67.4768856">
    <ele>1055</ele>
    <time>2026-02-23T14:01:35Z</time>
    <extensions>
     <gpxdata:hr>101</gpxdata:hr>
     <gpxdata:distance>3657.50</gpxdata:distance>
     <gpxdata:speed>9.161</gpxdata:speed>
    </extensions>
   </trkpt>
   <trkpt lat="-29.1312017" lon="-67.4768565">
    <ele>1055</ele>
    <time>2026-02-23T14:01:36Z</time>
    <extensions>
     <gpxdata:hr>103</gpxdata:hr>
     <gpxdata:distance>3667.00</gpxdata:distance>
     <gpxdata:speed>9.114</gpxdata:speed>
    </extensions>
   </trkpt>
   <trkpt lat="-29.1311241" lon="-67.4768269">
    <ele>1054</ele>
    <time>2026-02-23T14:01:37Z</time>
    <extensions>
     <gpxdata:hr>104</gpxdata:hr>
     <gpxdata:distance>3676.00</gpxdata:distance>
     <gpxdata:speed>9.192</gpxdata:speed>
    </extensions>
   </trkpt>
   <trkpt lat="-29.1310456" lon="-67.4767969">
    <ele>1054</ele>
    <time>2026-02-23T14:01:38Z</time>
    <extensions>
     <gpxdata:hr>105</gpxdata:hr>
     <gpxdata:distance>3685.00</gpxdata:distance>
     <gpxdata:speed>9.214</gpxdata:speed>
    </extensions>
   </trkpt>
   <trkpt lat="-29.1309669" lon="-67.4767669">
    <ele>1054</ele>
    <time>2026-02-23T14:01:39Z</time>
    <extensions>
     <gpxdata:hr>105</gpxdata:hr>
     <gpxdata:distance>3694.50</gpxdata:distance>
     <gpxdata:speed>9.275</gpxdata:speed>
    </extensions>
   </trkpt>
   <trkpt lat="-29.1308876" lon="-67.4767368">
    <ele>1054</ele>
    <time>2026-02-23T14:01:40Z</time>
    <extensions>
     <gpxdata:hr>105</gpxdata:hr>
     <gpxdata:distance>3704.00</gpxdata:distance>
     <gpxdata:speed>9.261</gpxdata:speed>
    </extensions>
   </trkpt>
   <trkpt lat="-29.1308086" lon="-67.4767068">
    <ele>1053</ele>
    <time>2026-02-23T14:01:41Z</time>
    <extensions>
     <gpxdata:hr>105</gpxdata:hr>
     <gpxdata:distance>3713.00</gpxdata:distance>
     <gpxdata:speed>9.231</gpxdata:speed>
    </extensions>
   </trkpt>
   <trkpt lat="-29.1307300" lon="-67.4766768">
    <ele>1053</ele>
    <time>2026-02-23T14:01:42Z</time>
    <extensions>
     <gpxdata:hr>104</gpxdata:hr>
     <gpxdata:distance>3722.00</gpxdata:distance>
     <gpxdata:speed>9.133</gpxdata:speed>
    </extensions>
   </trkpt>
   <trkpt lat="-29.1306523" lon="-67.4766475">
    <ele>1053</ele>
    <time>2026-02-23T14:01:43Z</time>
    <extensions>
     <gpxdata:hr>102</gpxdata:hr>
     <gpxdata:distance>3731.00</gpxdata:distance>
     <gpxdata:speed>9.050</gpxdata:speed>
    </extensions>
   </trkpt>
   <trkpt lat="-29.1305753" lon="-67.4766189">
    <ele>1053</ele>
    <time>2026-02-23T14:01:44Z</time>
    <extensions>
     <gpxdata:hr>102</gpxdata:hr>
     <gpxdata:distance>3740.00</gpxdata:distance>
     <gpxdata:speed>8.997</gpxdata:speed>
    </extensions>
   </trkpt>
   <trkpt lat="-29.1304987" lon="-67.4765905">
    <ele>1052</ele>
    <time>2026-02-23T14:01:45Z</time>
    <extensions>
     <gpxdata:hr>102</gpxdata:hr>
     <gpxdata:distance>3749.00</gpxdata:distance>
     <gpxdata:speed>8.994</gpxdata:speed>
    </extensions>
   </trkpt>
   <trkpt lat="-29.1304221" lon="-67.4765615">
    <ele>1052</ele>
    <time>2026-02-23T14:01:46Z</time>
    <extensions>
     <gpxdata:hr>102</gpxdata:hr>
     <gpxdata:distance>3758.00</gpxdata:distance>
     <gpxdata:speed>8.983</gpxdata:speed>
    </extensions>
   </trkpt>
   <trkpt lat="-29.1303455" lon="-67.4765326">
    <ele>1052</ele>
    <time>2026-02-23T14:01:47Z</time>
    <extensions>
     <gpxdata:hr>102</gpxdata:hr>
     <gpxdata:distance>3767.00</gpxdata:distance>
     <gpxdata:speed>8.300</gpxdata:speed>
    </extensions>
   </trkpt>
   <trkpt lat="-29.1302766" lon="-67.4765064">
    <ele>1052</ele>
    <time>2026-02-23T14:01:48Z</time>
    <extensions>
     <gpxdata:hr>103</gpxdata:hr>
     <gpxdata:distance>3776.00</gpxdata:distance>
     <gpxdata:speed>9.039</gpxdata:speed>
    </extensions>
   </trkpt>
   <trkpt lat="-29.1301980" lon="-67.4764774">
    <ele>1051</ele>
    <time>2026-02-23T14:01:49Z</time>
    <extensions>
     <gpxdata:hr>103</gpxdata:hr>
     <gpxdata:distance>3785.00</gpxdata:distance>
     <gpxdata:speed>9.136</gpxdata:speed>
    </extensions>
   </trkpt>
   <trkpt lat="-29.1301192" lon="-67.4764482">
    <ele>1051</ele>
    <time>2026-02-23T14:01:50Z</time>
    <extensions>
     <gpxdata:hr>103</gpxdata:hr>
     <gpxdata:distance>3794.00</gpxdata:distance>
     <gpxdata:speed>9.083</gpxdata:speed>
    </extensions>
   </trkpt>
   <trkpt lat="-29.1300412" lon="-67.4764201">
    <ele>1051</ele>
    <time>2026-02-23T14:01:51Z</time>
    <extensions>
     <gpxdata:hr>103</gpxdata:hr>
     <gpxdata:distance>3802.50</gpxdata:distance>
     <gpxdata:speed>8.950</gpxdata:speed>
    </extensions>
   </trkpt>
   <trkpt lat="-29.1299647" lon="-67.4763929">
    <ele>1051</ele>
    <time>2026-02-23T14:01:52Z</time>
    <extensions>
     <gpxdata:hr>103</gpxdata:hr>
     <gpxdata:distance>3811.00</gpxdata:distance>
     <gpxdata:speed>8.919</gpxdata:speed>
    </extensions>
   </trkpt>
   <trkpt lat="-29.1298885" lon="-67.4763653">
    <ele>1051</ele>
    <time>2026-02-23T14:01:53Z</time>
    <extensions>
     <gpxdata:hr>103</gpxdata:hr>
     <gpxdata:distance>3819.50</gpxdata:distance>
     <gpxdata:speed>8.725</gpxdata:speed>
    </extensions>
   </trkpt>
   <trkpt lat="-29.1298144" lon="-67.4763382">
    <ele>1050</ele>
    <time>2026-02-23T14:01:54Z</time>
    <extensions>
     <gpxdata:hr>103</gpxdata:hr>
     <gpxdata:distance>3828.00</gpxdata:distance>
     <gpxdata:speed>8.619</gpxdata:speed>
    </extensions>
   </trkpt>
   <trkpt lat="-29.1297412" lon="-67.4763113">
    <ele>1050</ele>
    <time>2026-02-23T14:01:55Z</time>
    <extensions>
     <gpxdata:hr>103</gpxdata:hr>
     <gpxdata:distance>3837.00</gpxdata:distance>
     <gpxdata:speed>8.636</gpxdata:speed>
    </extensions>
   </trkpt>
   <trkpt lat="-29.1296674" lon="-67.4762846">
    <ele>1050</ele>
    <time>2026-02-23T14:01:56Z</time>
    <extensions>
     <gpxdata:hr>103</gpxdata:hr>
     <gpxdata:distance>3846.00</gpxdata:distance>
     <gpxdata:speed>8.661</gpxdata:speed>
    </extensions>
   </trkpt>
   <trkpt lat="-29.1295929" lon="-67.4762587">
    <ele>1049</ele>
    <time>2026-02-23T14:01:57Z</time>
    <extensions>
     <gpxdata:hr>104</gpxdata:hr>
     <gpxdata:distance>3854.50</gpxdata:distance>
     <gpxdata:speed>8.694</gpxdata:speed>
    </extensions>
   </trkpt>
   <trkpt lat="-29.1295181" lon="-67.4762327">
    <ele>1049</ele>
    <time>2026-02-23T14:01:58Z</time>
    <extensions>
     <gpxdata:hr>106</gpxdata:hr>
     <gpxdata:distance>3863.00</gpxdata:distance>
     <gpxdata:speed>8.694</gpxdata:speed>
    </extensions>
   </trkpt>
   <trkpt lat="-29.1294438" lon="-67.4762048">
    <ele>1049</ele>
    <time>2026-02-23T14:01:59Z</time>
    <extensions>
     <gpxdata:hr>109</gpxdata:hr>
     <gpxdata:distance>3871.50</gpxdata:distance>
     <gpxdata:speed>8.667</gpxdata:speed>
    </extensions>
   </trkpt>
   <trkpt lat="-29.1293701" lon="-67.4761763">
    <ele>1048</ele>
    <time>2026-02-23T14:02:00Z</time>
    <extensions>
     <gpxdata:hr>109</gpxdata:hr>
     <gpxdata:distance>3880.00</gpxdata:distance>
     <gpxdata:speed>8.639</gpxdata:speed>
    </extensions>
   </trkpt>
   <trkpt lat="-29.1292967" lon="-67.4761477">
    <ele>1048</ele>
    <time>2026-02-23T14:02:01Z</time>
    <extensions>
     <gpxdata:hr>110</gpxdata:hr>
     <gpxdata:distance>3889.00</gpxdata:distance>
     <gpxdata:speed>8.625</gpxdata:speed>
    </extensions>
   </trkpt>
   <trkpt lat="-29.1292234" lon="-67.4761192">
    <ele>1048</ele>
    <time>2026-02-23T14:02:02Z</time>
    <extensions>
     <gpxdata:hr>110</gpxdata:hr>
     <gpxdata:distance>3898.00</gpxdata:distance>
     <gpxdata:speed>8.681</gpxdata:speed>
    </extensions>
   </trkpt>
   <trkpt lat="-29.1291493" lon="-67.4760908">
    <ele>1048</ele>
    <time>2026-02-23T14:02:03Z</time>
    <extensions>
     <gpxdata:hr>111</gpxdata:hr>
     <gpxdata:distance>3906.50</gpxdata:distance>
     <gpxdata:speed>8.606</gpxdata:speed>
    </extensions>
   </trkpt>
   <trkpt lat="-29.1290763" lon="-67.4760624">
    <ele>1048</ele>
    <time>2026-02-23T14:02:04Z</time>
    <extensions>
     <gpxdata:hr>110</gpxdata:hr>
     <gpxdata:distance>3915.00</gpxdata:distance>
     <gpxdata:speed>8.575</gpxdata:speed>
    </extensions>
   </trkpt>
   <trkpt lat="-29.1290032" lon="-67.4760348">
    <ele>1047</ele>
    <time>2026-02-23T14:02:05Z</time>
    <extensions>
     <gpxdata:hr>109</gpxdata:hr>
     <gpxdata:distance>3923.50</gpxdata:distance>
     <gpxdata:speed>8.544</gpxdata:speed>
    </extensions>
   </trkpt>
   <trkpt lat="-29.1289301" lon="-67.4760086">
    <ele>1047</ele>
    <time>2026-02-23T14:02:06Z</time>
    <extensions>
     <gpxdata:hr>108</gpxdata:hr>
     <gpxdata:distance>3932.00</gpxdata:distance>
     <gpxdata:speed>8.483</gpxdata:speed>
    </extensions>
   </trkpt>
   <trkpt lat="-29.1288576" lon="-67.4759825">
    <ele>1047</ele>
    <time>2026-02-23T14:02:07Z</time>
    <extensions>
     <gpxdata:hr>108</gpxdata:hr>
     <gpxdata:distance>3939.50</gpxdata:distance>
     <gpxdata:speed>8.494</gpxdata:speed>
    </extensions>
   </trkpt>
   <trkpt lat="-29.1287849" lon="-67.4759562">
    <ele>1047</ele>
    <time>2026-02-23T14:02:08Z</time>
    <extensions>
     <gpxdata:hr>108</gpxdata:hr>
     <gpxdata:distance>3947.00</gpxdata:distance>
     <gpxdata:speed>7.847</gpxdata:speed>
    </extensions>
   </trkpt>
   <trkpt lat="-29.1287196" lon="-67.4759320">
    <ele>1047</ele>
    <time>2026-02-23T14:02:09Z</time>
    <extensions>
     <gpxdata:hr>109</gpxdata:hr>
     <gpxdata:distance>3956.00</gpxdata:distance>
     <gpxdata:speed>8.428</gpxdata:speed>
    </extensions>
   </trkpt>
   <trkpt lat="-29.1286467" lon="-67.4759048">
    <ele>1046</ele>
    <time>2026-02-23T14:02:10Z</time>
    <extensions>
     <gpxdata:hr>110</gpxdata:hr>
     <gpxdata:distance>3965.00</gpxdata:distance>
     <gpxdata:speed>8.556</gpxdata:speed>
    </extensions>
   </trkpt>
   <trkpt lat="-29.1285729" lon="-67.4758773">
    <ele>1046</ele>
    <time>2026-02-23T14:02:11Z</time>
    <extensions>
     <gpxdata:hr>110</gpxdata:hr>
     <gpxdata:distance>3973.50</gpxdata:distance>
     <gpxdata:speed>8.511</gpxdata:speed>
    </extensions>
   </trkpt>
   <trkpt lat="-29.1284999" lon="-67.4758508">
    <ele>1046</ele>
    <time>2026-02-23T14:02:12Z</time>
    <extensions>
     <gpxdata:hr>110</gpxdata:hr>
     <gpxdata:distance>3982.00</gpxdata:distance>
     <gpxdata:speed>8.519</gpxdata:speed>
    </extensions>
   </trkpt>
   <trkpt lat="-29.1284268" lon="-67.4758244">
    <ele>1045</ele>
    <time>2026-02-23T14:02:13Z</time>
    <extensions>
     <gpxdata:hr>109</gpxdata:hr>
     <gpxdata:distance>3990.50</gpxdata:distance>
     <gpxdata:speed>8.492</gpxdata:speed>
    </extensions>
   </trkpt>
   <trkpt lat="-29.1283544" lon="-67.4757972">
    <ele>1045</ele>
    <time>2026-02-23T14:02:14Z</time>
    <extensions>
     <gpxdata:hr>109</gpxdata:hr>
     <gpxdata:distance>3999.00</gpxdata:distance>
     <gpxdata:speed>8.492</gpxdata:speed>
    </extensions>
   </trkpt>
   <trkpt lat="-29.1282817" lon="-67.4757708">
    <ele>1045</ele>
    <time>2026-02-23T14:02:15Z</time>
    <extensions>
     <gpxdata:hr>109</gpxdata:hr>
     <gpxdata:distance>4007.50</gpxdata:distance>
     <gpxdata:speed>8.519</gpxdata:speed>
    </extensions>
   </trkpt>
   <trkpt lat="-29.1282086" lon="-67.4757444">
    <ele>1045</ele>
    <time>2026-02-23T14:02:16Z</time>
    <extensions>
     <gpxdata:hr>110</gpxdata:hr>
     <gpxdata:distance>4016.00</gpxdata:distance>
     <gpxdata:speed>8.542</gpxdata:speed>
    </extensions>
   </trkpt>
   <trkpt lat="-29.1281353" lon="-67.4757180">
    <ele>1044</ele>
    <time>2026-02-23T14:02:17Z</time>
    <extensions>
     <gpxdata:hr>109</gpxdata:hr>
     <gpxdata:distance>4025.00</gpxdata:distance>
     <gpxdata:speed>8.617</gpxdata:speed>
    </extensions>
   </trkpt>
   <trkpt lat="-29.1280612" lon="-67.4756914">
    <ele>1044</ele>
    <time>2026-02-23T14:02:18Z</time>
    <extensions>
     <gpxdata:hr>109</gpxdata:hr>
     <gpxdata:distance>4034.00</gpxdata:distance>
     <gpxdata:speed>8.681</gpxdata:speed>
    </extensions>
   </trkpt>
   <trkpt lat="-29.1279865" lon="-67.4756647">
    <ele>1044</ele>
    <time>2026-02-23T14:02:19Z</time>
    <extensions>
     <gpxdata:hr>105</gpxdata:hr>
     <gpxdata:distance>4042.50</gpxdata:distance>
     <gpxdata:speed>8.717</gpxdata:speed>
    </extensions>
   </trkpt>
   <trkpt lat="-29.1279115" lon="-67.4756381">
    <ele>1044</ele>
    <time>2026-02-23T14:02:20Z</time>
    <extensions>
     <gpxdata:hr>105</gpxdata:hr>
     <gpxdata:distance>4051.00</gpxdata:distance>
     <gpxdata:speed>8.733</gpxdata:speed>
    </extensions>
   </trkpt>
   <trkpt lat="-29.1278364" lon="-67.4756114">
    <ele>1044</ele>
    <time>2026-02-23T14:02:21Z</time>
    <extensions>
     <gpxdata:hr>105</gpxdata:hr>
     <gpxdata:distance>4060.00</gpxdata:distance>
     <gpxdata:speed>8.789</gpxdata:speed>
    </extensions>
   </trkpt>
   <trkpt lat="-29.1277606" lon="-67.4755855">
    <ele>1043</ele>
    <time>2026-02-23T14:02:22Z</time>
    <extensions>
     <gpxdata:hr>106</gpxdata:hr>
     <gpxdata:distance>4069.00</gpxdata:distance>
     <gpxdata:speed>8.803</gpxdata:speed>
    </extensions>
   </trkpt>
   <trkpt lat="-29.1276849" lon="-67.4755586">
    <ele>1043</ele>
    <time>2026-02-23T14:02:23Z</time>
    <extensions>
     <gpxdata:hr>108</gpxdata:hr>
     <gpxdata:distance>4077.50</gpxdata:distance>
     <gpxdata:speed>8.783</gpxdata:speed>
    </extensions>
   </trkpt>
   <trkpt lat="-29.1276096" lon="-67.4755317">
    <ele>1043</ele>
    <time>2026-02-23T14:02:24Z</time>
    <extensions>
     <gpxdata:hr>108</gpxdata:hr>
     <gpxdata:distance>4086.00</gpxdata:distance>
     <gpxdata:speed>8.781</gpxdata:speed>
    </extensions>
   </trkpt>
   <trkpt lat="-29.1275345" lon="-67.4755041">
    <ele>1043</ele>
    <time>2026-02-23T14:02:25Z</time>
    <extensions>
     <gpxdata:hr>108</gpxdata:hr>
     <gpxdata:distance>4095.00</gpxdata:distance>
     <gpxdata:speed>8.767</gpxdata:speed>
    </extensions>
   </trkpt>
   <trkpt lat="-29.1274595" lon="-67.4754767">
    <ele>1042</ele>
    <time>2026-02-23T14:02:26Z</time>
    <extensions>
     <gpxdata:hr>109</gpxdata:hr>
     <gpxdata:distance>4104.00</gpxdata:distance>
     <gpxdata:speed>8.708</gpxdata:speed>
    </extensions>
   </trkpt>
   <trkpt lat="-29.1273853" lon="-67.4754490">
    <ele>1042</ele>
    <time>2026-02-23T14:02:27Z</time>
    <extensions>
     <gpxdata:hr>109</gpxdata:hr>
     <gpxdata:distance>4112.50</gpxdata:distance>
     <gpxdata:speed>8.722</gpxdata:speed>
    </extensions>
   </trkpt>
   <trkpt lat="-29.1273109" lon="-67.4754208">
    <ele>1042</ele>
    <time>2026-02-23T14:02:28Z</time>
    <extensions>
     <gpxdata:hr>111</gpxdata:hr>
     <gpxdata:distance>4121.00</gpxdata:distance>
     <gpxdata:speed>8.733</gpxdata:speed>
    </extensions>
   </trkpt>
   <trkpt lat="-29.1272362" lon="-67.4753933">
    <ele>1042</ele>
    <time>2026-02-23T14:02:29Z</time>
    <extensions>
     <gpxdata:hr>112</gpxdata:hr>
     <gpxdata:distance>4130.00</gpxdata:distance>
     <gpxdata:speed>8.739</gpxdata:speed>
    </extensions>
   </trkpt>
   <trkpt lat="-29.1271613" lon="-67.4753663">
    <ele>1042</ele>
    <time>2026-02-23T14:02:30Z</time>
    <extensions>
     <gpxdata:hr>113</gpxdata:hr>
     <gpxdata:distance>4139.00</gpxdata:distance>
     <gpxdata:speed>8.758</gpxdata:speed>
    </extensions>
   </trkpt>
   <trkpt lat="-29.1270863" lon="-67.4753388">
    <ele>1042</ele>
    <time>2026-02-23T14:02:31Z</time>
    <extensions>
     <gpxdata:hr>113</gpxdata:hr>
     <gpxdata:distance>4147.50</gpxdata:distance>
     <gpxdata:speed>8.775</gpxdata:speed>
    </extensions>
   </trkpt>
   <trkpt lat="-29.1270113" lon="-67.4753108">
    <ele>1041</ele>
    <time>2026-02-23T14:02:32Z</time>
    <extensions>
     <gpxdata:hr>113</gpxdata:hr>
     <gpxdata:distance>4156.00</gpxdata:distance>
     <gpxdata:speed>8.783</gpxdata:speed>
    </extensions>
   </trkpt>
   <trkpt lat="-29.1269363" lon="-67.4752825">
    <ele>1041</ele>
    <time>2026-02-23T14:02:33Z</time>
    <extensions>
     <gpxdata:hr>112</gpxdata:hr>
     <gpxdata:distance>4165.00</gpxdata:distance>
     <gpxdata:speed>8.853</gpxdata:speed>
    </extensions>
   </trkpt>
   <trkpt lat="-29.1268605" lon="-67.4752542">
    <ele>1041</ele>
    <time>2026-02-23T14:02:34Z</time>
    <extensions>
     <gpxdata:hr>112</gpxdata:hr>
     <gpxdata:distance>4174.00</gpxdata:distance>
     <gpxdata:speed>8.831</gpxdata:speed>
    </extensions>
   </trkpt>
   <trkpt lat="-29.1267849" lon="-67.4752266">
    <ele>1041</ele>
    <time>2026-02-23T14:02:35Z</time>
    <extensions>
     <gpxdata:hr>113</gpxdata:hr>
     <gpxdata:distance>4183.00</gpxdata:distance>
     <gpxdata:speed>8.869</gpxdata:speed>
    </extensions>
   </trkpt>
   <trkpt lat="-29.1267088" lon="-67.4751988">
    <ele>1040</ele>
    <time>2026-02-23T14:02:36Z</time>
    <extensions>
     <gpxdata:hr>113</gpxdata:hr>
     <gpxdata:distance>4192.00</gpxdata:distance>
     <gpxdata:speed>8.917</gpxdata:speed>
    </extensions>
   </trkpt>
   <trkpt lat="-29.1266324" lon="-67.4751707">
    <ele>1040</ele>
    <time>2026-02-23T14:02:37Z</time>
    <extensions>
     <gpxdata:hr>111</gpxdata:hr>
     <gpxdata:distance>4201.00</gpxdata:distance>
     <gpxdata:speed>8.864</gpxdata:speed>
    </extensions>
   </trkpt>
   <trkpt lat="-29.1265565" lon="-67.4751433">
    <ele>1040</ele>
    <time>2026-02-23T14:02:38Z</time>
    <extensions>
     <gpxdata:hr>108</gpxdata:hr>
     <gpxdata:distance>4210.00</gpxdata:distance>
     <gpxdata:speed>8.933</gpxdata:speed>
    </extensions>
   </trkpt>
   <trkpt lat="-29.1264796" lon="-67.4751163">
    <ele>1039</ele>
    <time>2026-02-23T14:02:39Z</time>
    <extensions>
     <gpxdata:hr>106</gpxdata:hr>
     <gpxdata:distance>4219.00</gpxdata:distance>
     <gpxdata:speed>8.897</gpxdata:speed>
    </extensions>
   </trkpt>
   <trkpt lat="-29.1264034" lon="-67.4750888">
    <ele>1039</ele>
    <time>2026-02-23T14:02:40Z</time>
    <extensions>
     <gpxdata:hr>105</gpxdata:hr>
     <gpxdata:distance>4228.00</gpxdata:distance>
     <gpxdata:speed>8.997</gpxdata:speed>
    </extensions>
   </trkpt>
   <trkpt lat="-29.1263263" lon="-67.4750600">
    <ele>1039</ele>
    <time>2026-02-23T14:02:41Z</time>
    <extensions>
     <gpxdata:hr>105</gpxdata:hr>
     <gpxdata:distance>4237.00</gpxdata:distance>
     <gpxdata:speed>9.008</gpxdata:speed>
    </extensions>
   </trkpt>
   <trkpt lat="-29.1262493" lon="-67.4750312">
    <ele>1039</ele>
    <time>2026-02-23T14:02:42Z</time>
    <extensions>
     <gpxdata:hr>105</gpxdata:hr>
     <gpxdata:distance>4246.00</gpxdata:distance>
     <gpxdata:speed>9.017</gpxdata:speed>
    </extensions>
   </trkpt>
   <trkpt lat="-29.1261724" lon="-67.4750018">
    <ele>1038</ele>
    <time>2026-02-23T14:02:43Z</time>
    <extensions>
     <gpxdata:hr>105</gpxdata:hr>
     <gpxdata:distance>4255.00</gpxdata:distance>
     <gpxdata:speed>9.061</gpxdata:speed>
    </extensions>
   </trkpt>
   <trkpt lat="-29.1260948" lon="-67.4749727">
    <ele>1038</ele>
    <time>2026-02-23T14:02:44Z</time>
    <extensions>
     <gpxdata:hr>105</gpxdata:hr>
     <gpxdata:distance>4264.00</gpxdata:distance>
     <gpxdata:speed>9.039</gpxdata:speed>
    </extensions>
   </trkpt>
   <trkpt lat="-29.1260176" lon="-67.4749441">
    <ele>1038</ele>
    <time>2026-02-23T14:02:45Z</time>
    <extensions>
     <gpxdata:hr>104</gpxdata:hr>
     <gpxdata:distance>4273.00</gpxdata:distance>
     <gpxdata:speed>9.053</gpxdata:speed>
    </extensions>
   </trkpt>
   <trkpt lat="-29.1259399" lon="-67.4749164">
    <ele>1038</ele>
    <time>2026-02-23T14:02:46Z</time>
    <extensions>
     <gpxdata:hr>104</gpxdata:hr>
     <gpxdata:distance>4282.00</gpxdata:distance>
     <gpxdata:speed>9.108</gpxdata:speed>
    </extensions>
   </trkpt>
   <trkpt lat="-29.1258617" lon="-67.4748879">
    <ele>1038</ele>
    <time>2026-02-23T14:02:47Z</time>
    <extensions>
     <gpxdata:hr>104</gpxdata:hr>
     <gpxdata:distance>4291.50</gpxdata:distance>
     <gpxdata:speed>9.150</gpxdata:speed>
    </extensions>
   </trkpt>
   <trkpt lat="-29.1257834" lon="-67.4748585">
    <ele>1037</ele>
    <time>2026-02-23T14:02:48Z</time>
    <extensions>
     <gpxdata:hr>106</gpxdata:hr>
     <gpxdata:distance>4301.00</gpxdata:distance>
     <gpxdata:speed>9.175</gpxdata:speed>
    </extensions>
   </trkpt>
   <trkpt lat="-29.1257051" lon="-67.4748287">
    <ele>1037</ele>
    <time>2026-02-23T14:02:49Z</time>
    <extensions>
     <gpxdata:hr>106</gpxdata:hr>
     <gpxdata:distance>4310.00</gpxdata:distance>
     <gpxdata:speed>9.172</gpxdata:speed>
    </extensions>
   </trkpt>
   <trkpt lat="-29.1256267" lon="-67.4747994">
    <ele>1037</ele>
    <time>2026-02-23T14:02:50Z</time>
    <extensions>
     <gpxdata:hr>103</gpxdata:hr>
     <gpxdata:distance>4319.00</gpxdata:distance>
     <gpxdata:speed>9.242</gpxdata:speed>
    </extensions>
   </trkpt>
   <trkpt lat="-29.1255475" lon="-67.4747699">
    <ele>1037</ele>
    <time>2026-02-23T14:02:51Z</time>
    <extensions>
     <gpxdata:hr>102</gpxdata:hr>
     <gpxdata:distance>4328.00</gpxdata:distance>
     <gpxdata:speed>9.222</gpxdata:speed>
    </extensions>
   </trkpt>
   <trkpt lat="-29.1254686" lon="-67.4747409">
    <ele>1036</ele>
    <time>2026-02-23T14:02:52Z</time>
    <extensions>
     <gpxdata:hr>101</gpxdata:hr>
     <gpxdata:distance>4337.00</gpxdata:distance>
     <gpxdata:speed>9.208</gpxdata:speed>
    </extensions>
   </trkpt>
   <trkpt lat="-29.1253900" lon="-67.4747115">
    <ele>1036</ele>
    <time>2026-02-23T14:02:53Z</time>
    <extensions>
     <gpxdata:hr>100</gpxdata:hr>
     <gpxdata:distance>4346.50</gpxdata:distance>
     <gpxdata:speed>9.183</gpxdata:speed>
    </extensions>
   </trkpt>
   <trkpt lat="-29.1253116" lon="-67.4746826">
    <ele>1036</ele>
    <time>2026-02-23T14:02:54Z</time>
    <extensions>
     <gpxdata:hr>99</gpxdata:hr>
     <gpxdata:distance>4356.00</gpxdata:distance>
     <gpxdata:speed>9.178</gpxdata:speed>
    </extensions>
   </trkpt>
   <trkpt lat="-29.1252332" lon="-67.4746532">
    <ele>1036</ele>
    <time>2026-02-23T14:02:55Z</time>
    <extensions>
     <gpxdata:hr>99</gpxdata:hr>
     <gpxdata:distance>4365.00</gpxdata:distance>
     <gpxdata:speed>9.164</gpxdata:speed>
    </extensions>
   </trkpt>
   <trkpt lat="-29.1251549" lon="-67.4746243">
    <ele>1036</ele>
    <time>2026-02-23T14:02:56Z</time>
    <extensions>
     <gpxdata:hr>98</gpxdata:hr>
     <gpxdata:distance>4374.00</gpxdata:distance>
     <gpxdata:speed>9.233</gpxdata:speed>
    </extensions>
   </trkpt>
   <trkpt lat="-29.1250759" lon="-67.4745949">
    <ele>1035</ele>
    <time>2026-02-23T14:02:57Z</time>
    <extensions>
     <gpxdata:hr>97</gpxdata:hr>
     <gpxdata:distance>4383.50</gpxdata:distance>
     <gpxdata:speed>9.158</gpxdata:speed>
    </extensions>
   </trkpt>
   <trkpt lat="-29.1249977" lon="-67.4745659">
    <ele>1035</ele>
    <time>2026-02-23T14:02:58Z</time>
    <extensions>
     <gpxdata:hr>96</gpxdata:hr>
     <gpxdata:distance>4393.00</gpxdata:distance>
     <gpxdata:speed>9.214</gpxdata:speed>
    </extensions>
   </trkpt>
   <trkpt lat="-29.1249189" lon="-67.4745366">
    <ele>1035</ele>
    <time>2026-02-23T14:02:59Z</time>
    <extensions>
     <gpxdata:hr>94</gpxdata:hr>
     <gpxdata:distance>4402.00</gpxdata:distance>
     <gpxdata:speed>9.203</gpxdata:speed>
    </extensions>
   </trkpt>
   <trkpt lat="-29.1248402" lon="-67.4745076">
    <ele>1035</ele>
    <time>2026-02-23T14:03:00Z</time>
    <extensions>
     <gpxdata:hr>93</gpxdata:hr>
     <gpxdata:distance>4411.00</gpxdata:distance>
     <gpxdata:speed>9.222</gpxdata:speed>
    </extensions>
   </trkpt>
   <trkpt lat="-29.1247609" lon="-67.4744798">
    <ele>1034</ele>
    <time>2026-02-23T14:03:01Z</time>
    <extensions>
     <gpxdata:hr>91</gpxdata:hr>
     <gpxdata:distance>4420.00</gpxdata:distance>
     <gpxdata:speed>9.203</gpxdata:speed>
    </extensions>
   </trkpt>
   <trkpt lat="-29.1246819" lon="-67.4744520">
    <ele>1034</ele>
    <time>2026-02-23T14:03:02Z</time>
    <extensions>
     <gpxdata:hr>90</gpxdata:hr>
     <gpxdata:distance>4429.00</gpxdata:distance>
     <gpxdata:speed>9.239</gpxdata:speed>
    </extensions>
   </trkpt>
   <trkpt lat="-29.1246025" lon="-67.4744240">
    <ele>1034</ele>
    <time>2026-02-23T14:03:03Z</time>
    <extensions>
     <gpxdata:hr>89</gpxdata:hr>
     <gpxdata:distance>4438.50</gpxdata:distance>
     <gpxdata:speed>9.231</gpxdata:speed>
    </extensions>
   </trkpt>
   <trkpt lat="-29.1245235" lon="-67.4743950">
    <ele>1034</ele>
    <time>2026-02-23T14:03:04Z</time>
    <extensions>
     <gpxdata:hr>88</gpxdata:hr>
     <gpxdata:distance>4448.00</gpxdata:distance>
     <gpxdata:speed>9.342</gpxdata:speed>
    </extensions>
   </trkpt>
   <trkpt lat="-29.1244434" lon="-67.4743654">
    <ele>1034</ele>
    <time>2026-02-23T14:03:05Z</time>
    <extensions>
     <gpxdata:hr>88</gpxdata:hr>
     <gpxdata:distance>4457.00</gpxdata:distance>
     <gpxdata:speed>9.253</gpxdata:speed>
    </extensions>
   </trkpt>
   <trkpt lat="-29.1243646" lon="-67.4743354">
    <ele>1033</ele>
    <time>2026-02-23T14:03:06Z</time>
    <extensions>
     <gpxdata:hr>87</gpxdata:hr>
     <gpxdata:distance>4466.00</gpxdata:distance>
     <gpxdata:speed>9.194</gpxdata:speed>
    </extensions>
   </trkpt>
   <trkpt lat="-29.1242863" lon="-67.4743061">
    <ele>1033</ele>
    <time>2026-02-23T14:03:07Z</time>
    <extensions>
     <gpxdata:hr>87</gpxdata:hr>
     <gpxdata:distance>4475.50</gpxdata:distance>
     <gpxdata:speed>9.097</gpxdata:speed>
    </extensions>
   </trkpt>
   <trkpt lat="-29.1242089" lon="-67.4742773">
    <ele>1033</ele>
    <time>2026-02-23T14:03:08Z</time>
    <extensions>
     <gpxdata:hr>87</gpxdata:hr>
     <gpxdata:distance>4485.00</gpxdata:distance>
     <gpxdata:speed>9.233</gpxdata:speed>
    </extensions>
   </trkpt>
   <trkpt lat="-29.1241297" lon="-67.4742481">
    <ele>1033</ele>
    <time>2026-02-23T14:03:09Z</time>
    <extensions>
     <gpxdata:hr>87</gpxdata:hr>
     <gpxdata:distance>4494.00</gpxdata:distance>
     <gpxdata:speed>9.297</gpxdata:speed>
    </extensions>
   </trkpt>
   <trkpt lat="-29.1240498" lon="-67.4742193">
    <ele>1032</ele>
    <time>2026-02-23T14:03:10Z</time>
    <extensions>
     <gpxdata:hr>86</gpxdata:hr>
     <gpxdata:distance>4503.00</gpxdata:distance>
     <gpxdata:speed>9.214</gpxdata:speed>
    </extensions>
   </trkpt>
   <trkpt lat="-29.1239712" lon="-67.4741899">
    <ele>1032</ele>
    <time>2026-02-23T14:03:11Z</time>
    <extensions>
     <gpxdata:hr>86</gpxdata:hr>
     <gpxdata:distance>4512.00</gpxdata:distance>
     <gpxdata:speed>9.122</gpxdata:speed>
    </extensions>
   </trkpt>
   <trkpt lat="-29.1238938" lon="-67.4741602">
    <ele>1032</ele>
    <time>2026-02-23T14:03:12Z</time>
    <extensions>
     <gpxdata:hr>85</gpxdata:hr>
     <gpxdata:distance>4521.00</gpxdata:distance>
     <gpxdata:speed>9.128</gpxdata:speed>
    </extensions>
   </trkpt>
   <trkpt lat="-29.1238161" lon="-67.4741303">
    <ele>1032</ele>
    <time>2026-02-23T14:03:13Z</time>
    <extensions>
     <gpxdata:hr>84</gpxdata:hr>
     <gpxdata:distance>4530.50</gpxdata:distance>
     <gpxdata:speed>9.069</gpxdata:speed>
    </extensions>
   </trkpt>
   <trkpt lat="-29.1237390" lon="-67.4741010">
    <ele>1031</ele>
    <time>2026-02-23T14:03:14Z</time>
    <extensions>
     <gpxdata:hr>84</gpxdata:hr>
     <gpxdata:distance>4540.00</gpxdata:distance>
     <gpxdata:speed>9.083</gpxdata:speed>
    </extensions>
   </trkpt>
   <trkpt lat="-29.1236614" lon="-67.4740723">
    <ele>1031</ele>
    <time>2026-02-23T14:03:15Z</time>
    <extensions>
     <gpxdata:hr>83</gpxdata:hr>
     <gpxdata:distance>4549.00</gpxdata:distance>
     <gpxdata:speed>9.044</gpxdata:speed>
    </extensions>
   </trkpt>
   <trkpt lat="-29.1235841" lon="-67.4740439">
    <ele>1031</ele>
    <time>2026-02-23T14:03:16Z</time>
    <extensions>
     <gpxdata:hr>82</gpxdata:hr>
     <gpxdata:distance>4558.00</gpxdata:distance>
     <gpxdata:speed>9.131</gpxdata:speed>
    </extensions>
   </trkpt>
   <trkpt lat="-29.1235057" lon="-67.4740156">
    <ele>1031</ele>
    <time>2026-02-23T14:03:17Z</time>
    <extensions>
     <gpxdata:hr>82</gpxdata:hr>
     <gpxdata:distance>4567.00</gpxdata:distance>
     <gpxdata:speed>9.097</gpxdata:speed>
    </extensions>
   </trkpt>
   <trkpt lat="-29.1234278" lon="-67.4739873">
    <ele>1030</ele>
    <time>2026-02-23T14:03:18Z</time>
    <extensions>
     <gpxdata:hr>82</gpxdata:hr>
     <gpxdata:distance>4576.00</gpxdata:distance>
     <gpxdata:speed>9.061</gpxdata:speed>
    </extensions>
   </trkpt>
   <trkpt lat="-29.1233506" lon="-67.4739583">
    <ele>1030</ele>
    <time>2026-02-23T14:03:19Z</time>
    <extensions>
     <gpxdata:hr>81</gpxdata:hr>
     <gpxdata:distance>4585.00</gpxdata:distance>
     <gpxdata:speed>9.097</gpxdata:speed>
    </extensions>
   </trkpt>
   <trkpt lat="-29.1232730" lon="-67.4739286">
    <ele>1030</ele>
    <time>2026-02-23T14:03:20Z</time>
    <extensions>
     <gpxdata:hr>80</gpxdata:hr>
     <gpxdata:distance>4594.00</gpxdata:distance>
     <gpxdata:speed>9.139</gpxdata:speed>
    </extensions>
   </trkpt>
   <trkpt lat="-29.1231950" lon="-67.4738986">
    <ele>1030</ele>
    <time>2026-02-23T14:03:21Z</time>
    <extensions>
     <gpxdata:hr>79</gpxdata:hr>
     <gpxdata:distance>4603.50</gpxdata:distance>
     <gpxdata:speed>9.153</gpxdata:speed>
    </extensions>
   </trkpt>
   <trkpt lat="-29.1231167" lon="-67.4738694">
    <ele>1029</ele>
    <time>2026-02-23T14:03:22Z</time>
    <extensions>
     <gpxdata:hr>80</gpxdata:hr>
     <gpxdata:distance>4613.00</gpxdata:distance>
     <gpxdata:speed>9.233</gpxdata:speed>
    </extensions>
   </trkpt>
   <trkpt lat="-29.1230376" lon="-67.4738399">
    <ele>1029</ele>
    <time>2026-02-23T14:03:23Z</time>
    <extensions>
     <gpxdata:hr>82</gpxdata:hr>
     <gpxdata:distance>4622.00</gpxdata:distance>
     <gpxdata:speed>9.175</gpxdata:speed>
    </extensions>
   </trkpt>
   <trkpt lat="-29.1229595" lon="-67.4738101">
    <ele>1029</ele>
    <time>2026-02-23T14:03:24Z</time>
    <extensions>
     <gpxdata:hr>83</gpxdata:hr>
     <gpxdata:distance>4631.00</gpxdata:distance>
     <gpxdata:speed>9.211</gpxdata:speed>
    </extensions>
   </trkpt>
   <trkpt lat="-29.1228806" lon="-67.4737810">
    <ele>1029</ele>
    <time>2026-02-23T14:03:25Z</time>
    <extensions>
     <gpxdata:hr>83</gpxdata:hr>
     <gpxdata:distance>4640.50</gpxdata:distance>
     <gpxdata:speed>9.278</gpxdata:speed>
    </extensions>
   </trkpt>
   <trkpt lat="-29.1228011" lon="-67.4737515">
    <ele>1028</ele>
    <time>2026-02-23T14:03:26Z</time>
    <extensions>
     <gpxdata:hr>83</gpxdata:hr>
     <gpxdata:distance>4650.00</gpxdata:distance>
     <gpxdata:speed>9.267</gpxdata:speed>
    </extensions>
   </trkpt>
   <trkpt lat="-29.1227220" lon="-67.4737218">
    <ele>1028</ele>
    <time>2026-02-23T14:03:27Z</time>
    <extensions>
     <gpxdata:hr>83</gpxdata:hr>
     <gpxdata:distance>4659.00</gpxdata:distance>
     <gpxdata:speed>9.300</gpxdata:speed>
    </extensions>
   </trkpt>
   <trkpt lat="-29.1226425" lon="-67.4736918">
    <ele>1028</ele>
    <time>2026-02-23T14:03:28Z</time>
    <extensions>
     <gpxdata:hr>83</gpxdata:hr>
     <gpxdata:distance>4668.00</gpxdata:distance>
     <gpxdata:speed>9.314</gpxdata:speed>
    </extensions>
   </trkpt>
   <trkpt lat="-29.1225627" lon="-67.4736626">
    <ele>1028</ele>
    <time>2026-02-23T14:03:29Z</time>
    <extensions>
     <gpxdata:hr>83</gpxdata:hr>
     <gpxdata:distance>4677.50</gpxdata:distance>
     <gpxdata:speed>9.356</gpxdata:speed>
    </extensions>
   </trkpt>
   <trkpt lat="-29.1224828" lon="-67.4736324">
    <ele>1027</ele>
    <time>2026-02-23T14:03:30Z</time>
    <extensions>
     <gpxdata:hr>82</gpxdata:hr>
     <gpxdata:distance>4687.00</gpxdata:distance>
     <gpxdata:speed>9.431</gpxdata:speed>
    </extensions>
   </trkpt>
   <trkpt lat="-29.1224020" lon="-67.4736021">
    <ele>1027</ele>
    <time>2026-02-23T14:03:31Z</time>
    <extensions>
     <gpxdata:hr>80</gpxdata:hr>
     <gpxdata:distance>4696.50</gpxdata:distance>
     <gpxdata:speed>9.411</gpxdata:speed>
    </extensions>
   </trkpt>
   <trkpt lat="-29.1223214" lon="-67.4735726">
    <ele>1027</ele>
    <time>2026-02-23T14:03:32Z</time>
    <extensions>
     <gpxdata:hr>78</gpxdata:hr>
     <gpxdata:distance>4706.00</gpxdata:distance>
     <gpxdata:speed>9.456</gpxdata:speed>
    </extensions>
   </trkpt>
   <trkpt lat="-29.1222403" lon="-67.4735431">
    <ele>1027</ele>
    <time>2026-02-23T14:03:33Z</time>
    <extensions>
     <gpxdata:hr>78</gpxdata:hr>
     <gpxdata:distance>4715.50</gpxdata:distance>
     <gpxdata:speed>9.311</gpxdata:speed>
    </extensions>
   </trkpt>
   <trkpt lat="-29.1221611" lon="-67.4735134">
    <ele>1027</ele>
    <time>2026-02-23T14:03:34Z</time>
    <extensions>
     <gpxdata:hr>78</gpxdata:hr>
     <gpxdata:distance>4725.00</gpxdata:distance>
     <gpxdata:speed>9.281</gpxdata:speed>
    </extensions>
   </trkpt>
   <trkpt lat="-29.1220820" lon="-67.4734843">
    <ele>1027</ele>
    <time>2026-02-23T14:03:35Z</time>
    <extensions>
     <gpxdata:hr>78</gpxdata:hr>
     <gpxdata:distance>4734.00</gpxdata:distance>
     <gpxdata:speed>9.222</gpxdata:speed>
    </extensions>
   </trkpt>
   <trkpt lat="-29.1220033" lon="-67.4734556">
    <ele>1026</ele>
    <time>2026-02-23T14:03:36Z</time>
    <extensions>
     <gpxdata:hr>79</gpxdata:hr>
     <gpxdata:distance>4743.00</gpxdata:distance>
     <gpxdata:speed>9.261</gpxdata:speed>
    </extensions>
   </trkpt>
   <trkpt lat="-29.1219240" lon="-67.4734264">
    <ele>1026</ele>
    <time>2026-02-23T14:03:37Z</time>
    <extensions>
     <gpxdata:hr>81</gpxdata:hr>
     <gpxdata:distance>4752.00</gpxdata:distance>
     <gpxdata:speed>9.228</gpxdata:speed>
    </extensions>
   </trkpt>
   <trkpt lat="-29.1218452" lon="-67.4733976">
    <ele>1026</ele>
    <time>2026-02-23T14:03:38Z</time>
    <extensions>
     <gpxdata:hr>81</gpxdata:hr>
     <gpxdata:distance>4761.00</gpxdata:distance>
     <gpxdata:speed>9.111</gpxdata:speed>
    </extensions>
   </trkpt>
   <trkpt lat="-29.1217674" lon="-67.4733698">
    <ele>1026</ele>
    <time>2026-02-23T14:03:39Z</time>
    <extensions>
     <gpxdata:hr>82</gpxdata:hr>
     <gpxdata:distance>4770.00</gpxdata:distance>
     <gpxdata:speed>9.033</gpxdata:speed>
    </extensions>
   </trkpt>
   <trkpt lat="-29.1216903" lon="-67.4733420">
    <ele>1026</ele>
    <time>2026-02-23T14:03:40Z</time>
    <extensions>
     <gpxdata:hr>82</gpxdata:hr>
     <gpxdata:distance>4779.00</gpxdata:distance>
     <gpxdata:speed>8.986</gpxdata:speed>
    </extensions>
   </trkpt>
   <trkpt lat="-29.1216137" lon="-67.4733140">
    <ele>1026</ele>
    <time>2026-02-23T14:03:41Z</time>
    <extensions>
     <gpxdata:hr>81</gpxdata:hr>
     <gpxdata:distance>4788.00</gpxdata:distance>
     <gpxdata:speed>8.889</gpxdata:speed>
    </extensions>
   </trkpt>
   <trkpt lat="-29.1215379" lon="-67.4732865">
    <ele>1025</ele>
    <time>2026-02-23T14:03:42Z</time>
    <extensions>
     <gpxdata:hr>81</gpxdata:hr>
     <gpxdata:distance>4797.00</gpxdata:distance>
     <gpxdata:speed>8.831</gpxdata:speed>
    </extensions>
   </trkpt>
   <trkpt lat="-29.1214627" lon="-67.4732588">
    <ele>1025</ele>
    <time>2026-02-23T14:03:43Z</time>
    <extensions>
     <gpxdata:hr>81</gpxdata:hr>
     <gpxdata:distance>4805.50</gpxdata:distance>
     <gpxdata:speed>8.803</gpxdata:speed>
    </extensions>
   </trkpt>
   <trkpt lat="-29.1213877" lon="-67.4732307">
    <ele>1025</ele>
    <time>2026-02-23T14:03:44Z</time>
    <extensions>
     <gpxdata:hr>82</gpxdata:hr>
     <gpxdata:distance>4814.00</gpxdata:distance>
     <gpxdata:speed>8.714</gpxdata:speed>
    </extensions>
   </trkpt>
   <trkpt lat="-29.1213135" lon="-67.4732033">
    <ele>1024</ele>
    <time>2026-02-23T14:03:45Z</time>
    <extensions>
     <gpxdata:hr>83</gpxdata:hr>
     <gpxdata:distance>4822.50</gpxdata:distance>
     <gpxdata:speed>8.719</gpxdata:speed>
    </extensions>
   </trkpt>
   <trkpt lat="-29.1212392" lon="-67.4731755">
    <ele>1024</ele>
    <time>2026-02-23T14:03:46Z</time>
    <extensions>
     <gpxdata:hr>83</gpxdata:hr>
     <gpxdata:distance>4831.00</gpxdata:distance>
     <gpxdata:speed>8.728</gpxdata:speed>
    </extensions>
   </trkpt>
   <trkpt lat="-29.1211645" lon="-67.4731482">
    <ele>1024</ele>
    <time>2026-02-23T14:03:47Z</time>
    <extensions>
     <gpxdata:hr>83</gpxdata:hr>
     <gpxdata:distance>4839.50</gpxdata:distance>
     <gpxdata:speed>8.625</gpxdata:speed>
    </extensions>
   </trkpt>
   <trkpt lat="-29.1210912" lon="-67.4731205">
    <ele>1024</ele>
    <time>2026-02-23T14:03:48Z</time>
    <extensions>
     <gpxdata:hr>83</gpxdata:hr>
     <gpxdata:distance>4848.00</gpxdata:distance>
     <gpxdata:speed>8.581</gpxdata:speed>
    </extensions>
   </trkpt>
   <trkpt lat="-29.1210181" lon="-67.4730932">
    <ele>1023</ele>
    <time>2026-02-23T14:03:49Z</time>
    <extensions>
     <gpxdata:hr>83</gpxdata:hr>
     <gpxdata:distance>4857.00</gpxdata:distance>
     <gpxdata:speed>8.561</gpxdata:speed>
    </extensions>
   </trkpt>
   <trkpt lat="-29.1209450" lon="-67.4730663">
    <ele>1023</ele>
    <time>2026-02-23T14:03:50Z</time>
    <extensions>
     <gpxdata:hr>83</gpxdata:hr>
     <gpxdata:distance>4866.00</gpxdata:distance>
     <gpxdata:speed>8.622</gpxdata:speed>
    </extensions>
   </trkpt>
   <trkpt lat="-29.1208710" lon="-67.4730396">
    <ele>1023</ele>
    <time>2026-02-23T14:03:51Z</time>
    <extensions>
     <gpxdata:hr>84</gpxdata:hr>
     <gpxdata:distance>4874.50</gpxdata:distance>
     <gpxdata:speed>8.614</gpxdata:speed>
    </extensions>
   </trkpt>
   <trkpt lat="-29.1207972" lon="-67.4730130">
    <ele>1022</ele>
    <time>2026-02-23T14:03:52Z</time>
    <extensions>
     <gpxdata:hr>84</gpxdata:hr>
     <gpxdata:distance>4883.00</gpxdata:distance>
     <gpxdata:speed>8.597</gpxdata:speed>
    </extensions>
   </trkpt>
   <trkpt lat="-29.1207236" lon="-67.4729863">
    <ele>1022</ele>
    <time>2026-02-23T14:03:53Z</time>
    <extensions>
     <gpxdata:hr>84</gpxdata:hr>
     <gpxdata:distance>4891.50</gpxdata:distance>
     <gpxdata:speed>8.581</gpxdata:speed>
    </extensions>
   </trkpt>
   <trkpt lat="-29.1206502" lon="-67.4729597">
    <ele>1022</ele>
    <time>2026-02-23T14:03:54Z</time>
    <extensions>
     <gpxdata:hr>84</gpxdata:hr>
     <gpxdata:distance>4900.00</gpxdata:distance>
     <gpxdata:speed>8.508</gpxdata:speed>
    </extensions>
   </trkpt>
   <trkpt lat="-29.1205776" lon="-67.4729330">
    <ele>1022</ele>
    <time>2026-02-23T14:03:55Z</time>
    <extensions>
     <gpxdata:hr>84</gpxdata:hr>
     <gpxdata:distance>4908.50</gpxdata:distance>
     <gpxdata:speed>8.508</gpxdata:speed>
    </extensions>
   </trkpt>
   <trkpt lat="-29.1205049" lon="-67.4729064">
    <ele>1022</ele>
    <time>2026-02-23T14:03:56Z</time>
    <extensions>
     <gpxdata:hr>83</gpxdata:hr>
     <gpxdata:distance>4917.00</gpxdata:distance>
     <gpxdata:speed>8.511</gpxdata:speed>
    </extensions>
   </trkpt>
   <trkpt lat="-29.1204318" lon="-67.4728805">
    <ele>1022</ele>
    <time>2026-02-23T14:03:57Z</time>
    <extensions>
     <gpxdata:hr>83</gpxdata:hr>
     <gpxdata:distance>4925.50</gpxdata:distance>
     <gpxdata:speed>8.592</gpxdata:speed>
    </extensions>
   </trkpt>
   <trkpt lat="-29.1203579" lon="-67.4728544">
    <ele>1021</ele>
    <time>2026-02-23T14:03:58Z</time>
    <extensions>
     <gpxdata:hr>82</gpxdata:hr>
     <gpxdata:distance>4934.00</gpxdata:distance>
     <gpxdata:speed>8.606</gpxdata:speed>
    </extensions>
   </trkpt>
   <trkpt lat="-29.1202839" lon="-67.4728280">
    <ele>1021</ele>
    <time>2026-02-23T14:03:59Z</time>
    <extensions>
     <gpxdata:hr>82</gpxdata:hr>
     <gpxdata:distance>4942.50</gpxdata:distance>
     <gpxdata:speed>8.592</gpxdata:speed>
    </extensions>
   </trkpt>
   <trkpt lat="-29.1202103" lon="-67.4728014">
    <ele>1021</ele>
    <time>2026-02-23T14:04:00Z</time>
    <extensions>
     <gpxdata:hr>82</gpxdata:hr>
     <gpxdata:distance>4951.00</gpxdata:distance>
     <gpxdata:speed>8.578</gpxdata:speed>
    </extensions>
   </trkpt>
   <trkpt lat="-29.1201369" lon="-67.4727748">
    <ele>1021</ele>
    <time>2026-02-23T14:04:01Z</time>
    <extensions>
     <gpxdata:hr>82</gpxdata:hr>
     <gpxdata:distance>4959.00</gpxdata:distance>
     <gpxdata:speed>8.386</gpxdata:speed>
    </extensions>
   </trkpt>
   <trkpt lat="-29.1200658" lon="-67.4727481">
    <ele>1021</ele>
    <time>2026-02-23T14:04:02Z</time>
    <extensions>
     <gpxdata:hr>82</gpxdata:hr>
     <gpxdata:distance>4967.00</gpxdata:distance>
     <gpxdata:speed>8.194</gpxdata:speed>
    </extensions>
   </trkpt>
   <trkpt lat="-29.1199966" lon="-67.4727222">
    <ele>1021</ele>
    <time>2026-02-23T14:04:03Z</time>
    <extensions>
     <gpxdata:hr>81</gpxdata:hr>
     <gpxdata:distance>4975.00</gpxdata:distance>
     <gpxdata:speed>8.011</gpxdata:speed>
    </extensions>
   </trkpt>
   <trkpt lat="-29.1199289" lon="-67.4726969">
    <ele>1021</ele>
    <time>2026-02-23T14:04:04Z</time>
    <extensions>
     <gpxdata:hr>81</gpxdata:hr>
     <gpxdata:distance>4983.00</gpxdata:distance>
     <gpxdata:speed>7.875</gpxdata:speed>
    </extensions>
   </trkpt>
   <trkpt lat="-29.1198621" lon="-67.4726726">
    <ele>1021</ele>
    <time>2026-02-23T14:04:05Z</time>
    <extensions>
     <gpxdata:hr>81</gpxdata:hr>
     <gpxdata:distance>4991.00</gpxdata:distance>
     <gpxdata:speed>7.836</gpxdata:speed>
    </extensions>
   </trkpt>
   <trkpt lat="-29.1197956" lon="-67.4726475">
    <ele>1021</ele>
    <time>2026-02-23T14:04:06Z</time>
    <extensions>
     <gpxdata:hr>81</gpxdata:hr>
     <gpxdata:distance>4999.00</gpxdata:distance>
     <gpxdata:speed>7.817</gpxdata:speed>
    </extensions>
   </trkpt>
   <trkpt lat="-29.1197292" lon="-67.4726222">
    <ele>1020</ele>
    <time>2026-02-23T14:04:07Z</time>
    <extensions>
     <gpxdata:hr>81</gpxdata:hr>
     <gpxdata:distance>5006.50</gpxdata:distance>
     <gpxdata:speed>7.789</gpxdata:speed>
    </extensions>
   </trkpt>
   <trkpt lat="-29.1196626" lon="-67.4725978">
    <ele>1020</ele>
    <time>2026-02-23T14:04:08Z</time>
    <extensions>
     <gpxdata:hr>81</gpxdata:hr>
     <gpxdata:distance>5014.00</gpxdata:distance>
     <gpxdata:speed>7.792</gpxdata:speed>
    </extensions>
   </trkpt>
   <trkpt lat="-29.1195961" lon="-67.4725733">
    <ele>1020</ele>
    <time>2026-02-23T14:04:09Z</time>
    <extensions>
     <gpxdata:hr>80</gpxdata:hr>
     <gpxdata:distance>5021.50</gpxdata:distance>
     <gpxdata:speed>7.717</gpxdata:speed>
    </extensions>
   </trkpt>
   <trkpt lat="-29.1195302" lon="-67.4725494">
    <ele>1019</ele>
    <time>2026-02-23T14:04:10Z</time>
    <extensions>
     <gpxdata:hr>81</gpxdata:hr>
     <gpxdata:distance>5029.00</gpxdata:distance>
     <gpxdata:speed>7.697</gpxdata:speed>
    </extensions>
   </trkpt>
   <trkpt lat="-29.1194641" lon="-67.4725266">
    <ele>1019</ele>
    <time>2026-02-23T14:04:11Z</time>
    <extensions>
     <gpxdata:hr>81</gpxdata:hr>
     <gpxdata:distance>5037.00</gpxdata:distance>
     <gpxdata:speed>7.653</gpxdata:speed>
    </extensions>
   </trkpt>
   <trkpt lat="-29.1193985" lon="-67.4725038">
    <ele>1019</ele>
    <time>2026-02-23T14:04:12Z</time>
    <extensions>
     <gpxdata:hr>81</gpxdata:hr>
     <gpxdata:distance>5045.00</gpxdata:distance>
     <gpxdata:speed>7.650</gpxdata:speed>
    </extensions>
   </trkpt>
   <trkpt lat="-29.1193333" lon="-67.4724793">
    <ele>1019</ele>
    <time>2026-02-23T14:04:13Z</time>
    <extensions>
     <gpxdata:hr>82</gpxdata:hr>
     <gpxdata:distance>5052.50</gpxdata:distance>
     <gpxdata:speed>7.686</gpxdata:speed>
    </extensions>
   </trkpt>
   <trkpt lat="-29.1192675" lon="-67.4724549">
    <ele>1018</ele>
    <time>2026-02-23T14:04:14Z</time>
    <extensions>
     <gpxdata:hr>84</gpxdata:hr>
     <gpxdata:distance>5060.00</gpxdata:distance>
     <gpxdata:speed>7.675</gpxdata:speed>
    </extensions>
   </trkpt>
   <trkpt lat="-29.1192020" lon="-67.4724303">
    <ele>1018</ele>
    <time>2026-02-23T14:04:15Z</time>
    <extensions>
     <gpxdata:hr>84</gpxdata:hr>
     <gpxdata:distance>5067.50</gpxdata:distance>
     <gpxdata:speed>7.703</gpxdata:speed>
    </extensions>
   </trkpt>
   <trkpt lat="-29.1191360" lon="-67.4724062">
    <ele>1018</ele>
    <time>2026-02-23T14:04:16Z</time>
    <extensions>
     <gpxdata:hr>84</gpxdata:hr>
     <gpxdata:distance>5075.00</gpxdata:distance>
     <gpxdata:speed>7.650</gpxdata:speed>
    </extensions>
   </trkpt>
   <trkpt lat="-29.1190703" lon="-67.4723834">
    <ele>1018</ele>
    <time>2026-02-23T14:04:17Z</time>
    <extensions>
     <gpxdata:hr>84</gpxdata:hr>
     <gpxdata:distance>5082.50</gpxdata:distance>
     <gpxdata:speed>7.631</gpxdata:speed>
    </extensions>
   </trkpt>
   <trkpt lat="-29.1190050" lon="-67.4723598">
    <ele>1018</ele>
    <time>2026-02-23T14:04:18Z</time>
    <extensions>
     <gpxdata:hr>85</gpxdata:hr>
     <gpxdata:distance>5090.00</gpxdata:distance>
     <gpxdata:speed>7.544</gpxdata:speed>
    </extensions>
   </trkpt>
   <trkpt lat="-29.1189408" lon="-67.4723362">
    <ele>1018</ele>
    <time>2026-02-23T14:04:19Z</time>
    <extensions>
     <gpxdata:hr>85</gpxdata:hr>
     <gpxdata:distance>5098.00</gpxdata:distance>
     <gpxdata:speed>7.536</gpxdata:speed>
    </extensions>
   </trkpt>
   <trkpt lat="-29.1188764" lon="-67.4723127">
    <ele>1017</ele>
    <time>2026-02-23T14:04:20Z</time>
    <extensions>
     <gpxdata:hr>86</gpxdata:hr>
     <gpxdata:distance>5106.00</gpxdata:distance>
     <gpxdata:speed>7.569</gpxdata:speed>
    </extensions>
   </trkpt>
   <trkpt lat="-29.1188117" lon="-67.4722885">
    <ele>1017</ele>
    <time>2026-02-23T14:04:21Z</time>
    <extensions>
     <gpxdata:hr>86</gpxdata:hr>
     <gpxdata:distance>5113.50</gpxdata:distance>
     <gpxdata:speed>7.581</gpxdata:speed>
    </extensions>
   </trkpt>
   <trkpt lat="-29.1187468" lon="-67.4722646">
    <ele>1017</ele>
    <time>2026-02-23T14:04:22Z</time>
    <extensions>
     <gpxdata:hr>86</gpxdata:hr>
     <gpxdata:distance>5121.00</gpxdata:distance>
     <gpxdata:speed>7.619</gpxdata:speed>
    </extensions>
   </trkpt>
   <trkpt lat="-29.1186818" lon="-67.4722394">
    <ele>1017</ele>
    <time>2026-02-23T14:04:23Z</time>
    <extensions>
     <gpxdata:hr>87</gpxdata:hr>
     <gpxdata:distance>5128.50</gpxdata:distance>
     <gpxdata:speed>7.556</gpxdata:speed>
    </extensions>
   </trkpt>
   <trkpt lat="-29.1186176" lon="-67.4722149">
    <ele>1017</ele>
    <time>2026-02-23T14:04:24Z</time>
    <extensions>
     <gpxdata:hr>87</gpxdata:hr>
     <gpxdata:distance>5136.00</gpxdata:distance>
     <gpxdata:speed>7.503</gpxdata:speed>
    </extensions>
   </trkpt>
   <trkpt lat="-29.1185539" lon="-67.4721902">
    <ele>1017</ele>
    <time>2026-02-23T14:04:25Z</time>
    <extensions>
     <gpxdata:hr>87</gpxdata:hr>
     <gpxdata:distance>5143.50</gpxdata:distance>
     <gpxdata:speed>7.517</gpxdata:speed>
    </extensions>
   </trkpt>
   <trkpt lat="-29.1184897" lon="-67.4721661">
    <ele>1017</ele>
    <time>2026-02-23T14:04:26Z</time>
    <extensions>
     <gpxdata:hr>88</gpxdata:hr>
     <gpxdata:distance>5151.00</gpxdata:distance>
     <gpxdata:speed>7.608</gpxdata:speed>
    </extensions>
   </trkpt>
   <trkpt lat="-29.1184243" lon="-67.4721425">
    <ele>1017</ele>
    <time>2026-02-23T14:04:27Z</time>
    <extensions>
     <gpxdata:hr>90</gpxdata:hr>
     <gpxdata:distance>5158.50</gpxdata:distance>
     <gpxdata:speed>7.558</gpxdata:speed>
    </extensions>
   </trkpt>
   <trkpt lat="-29.1183596" lon="-67.4721192">
    <ele>1017</ele>
    <time>2026-02-23T14:04:28Z</time>
    <extensions>
     <gpxdata:hr>91</gpxdata:hr>
     <gpxdata:distance>5166.00</gpxdata:distance>
     <gpxdata:speed>7.553</gpxdata:speed>
    </extensions>
   </trkpt>
   <trkpt lat="-29.1182949" lon="-67.4720959">
    <ele>1017</ele>
    <time>2026-02-23T14:04:29Z</time>
    <extensions>
     <gpxdata:hr>92</gpxdata:hr>
     <gpxdata:distance>5173.50</gpxdata:distance>
     <gpxdata:speed>7.517</gpxdata:speed>
    </extensions>
   </trkpt>
   <trkpt lat="-29.1182308" lon="-67.4720718">
    <ele>1017</ele>
    <time>2026-02-23T14:04:30Z</time>
    <extensions>
     <gpxdata:hr>93</gpxdata:hr>
     <gpxdata:distance>5181.00</gpxdata:distance>
     <gpxdata:speed>7.472</gpxdata:speed>
    </extensions>
   </trkpt>
   <trkpt lat="-29.1181672" lon="-67.4720479">
    <ele>1017</ele>
    <time>2026-02-23T14:04:31Z</time>
    <extensions>
     <gpxdata:hr>96</gpxdata:hr>
     <gpxdata:distance>5188.50</gpxdata:distance>
     <gpxdata:speed>7.417</gpxdata:speed>
    </extensions>
   </trkpt>
   <trkpt lat="-29.1181039" lon="-67.4720251">
    <ele>1016</ele>
    <time>2026-02-23T14:04:32Z</time>
    <extensions>
     <gpxdata:hr>98</gpxdata:hr>
     <gpxdata:distance>5196.00</gpxdata:distance>
     <gpxdata:speed>7.339</gpxdata:speed>
    </extensions>
   </trkpt>
   <trkpt lat="-29.1180413" lon="-67.4720023">
    <ele>1016</ele>
    <time>2026-02-23T14:04:33Z</time>
    <extensions>
     <gpxdata:hr>99</gpxdata:hr>
     <gpxdata:distance>5203.00</gpxdata:distance>
     <gpxdata:speed>7.325</gpxdata:speed>
    </extensions>
   </trkpt>
   <trkpt lat="-29.1179786" lon="-67.4719800">
    <ele>1016</ele>
    <time>2026-02-23T14:04:34Z</time>
    <extensions>
     <gpxdata:hr>99</gpxdata:hr>
     <gpxdata:distance>5210.00</gpxdata:distance>
     <gpxdata:speed>7.253</gpxdata:speed>
    </extensions>
   </trkpt>
   <trkpt lat="-29.1179164" lon="-67.4719589">
    <ele>1016</ele>
    <time>2026-02-23T14:04:35Z</time>
    <extensions>
     <gpxdata:hr>99</gpxdata:hr>
     <gpxdata:distance>5217.00</gpxdata:distance>
     <gpxdata:speed>7.147</gpxdata:speed>
    </extensions>
   </trkpt>
   <trkpt lat="-29.1178553" lon="-67.4719378">
    <ele>1016</ele>
    <time>2026-02-23T14:04:36Z</time>
    <extensions>
     <gpxdata:hr>98</gpxdata:hr>
     <gpxdata:distance>5224.00</gpxdata:distance>
     <gpxdata:speed>7.161</gpxdata:speed>
    </extensions>
   </trkpt>
   <trkpt lat="-29.1177934" lon="-67.4719180">
    <ele>1016</ele>
    <time>2026-02-23T14:04:37Z</time>
    <extensions>
     <gpxdata:hr>99</gpxdata:hr>
     <gpxdata:distance>5231.00</gpxdata:distance>
     <gpxdata:speed>7.092</gpxdata:speed>
    </extensions>
   </trkpt>
   <trkpt lat="-29.1177323" lon="-67.4718985">
    <ele>1016</ele>
    <time>2026-02-23T14:04:38Z</time>
    <extensions>
     <gpxdata:hr>100</gpxdata:hr>
     <gpxdata:distance>5238.00</gpxdata:distance>
     <gpxdata:speed>7.092</gpxdata:speed>
    </extensions>
   </trkpt>
   <trkpt lat="-29.1176710" lon="-67.4718788">
    <ele>1016</ele>
    <time>2026-02-23T14:04:39Z</time>
    <extensions>
     <gpxdata:hr>101</gpxdata:hr>
     <gpxdata:distance>5245.00</gpxdata:distance>
     <gpxdata:speed>7.042</gpxdata:speed>
    </extensions>
   </trkpt>
   <trkpt lat="-29.1176104" lon="-67.4718589">
    <ele>1016</ele>
    <time>2026-02-23T14:04:40Z</time>
    <extensions>
     <gpxdata:hr>101</gpxdata:hr>
     <gpxdata:distance>5252.00</gpxdata:distance>
     <gpxdata:speed>6.919</gpxdata:speed>
    </extensions>
   </trkpt>
   <trkpt lat="-29.1175509" lon="-67.4718397">
    <ele>1016</ele>
    <time>2026-02-23T14:04:41Z</time>
    <extensions>
     <gpxdata:hr>101</gpxdata:hr>
     <gpxdata:distance>5259.00</gpxdata:distance>
     <gpxdata:speed>6.872</gpxdata:speed>
    </extensions>
   </trkpt>
   <trkpt lat="-29.1174915" lon="-67.4718219">
    <ele>1016</ele>
    <time>2026-02-23T14:04:42Z</time>
    <extensions>
     <gpxdata:hr>102</gpxdata:hr>
     <gpxdata:distance>5266.00</gpxdata:distance>
     <gpxdata:speed>6.858</gpxdata:speed>
    </extensions>
   </trkpt>
   <trkpt lat="-29.1174318" lon="-67.4718048">
    <ele>1016</ele>
    <time>2026-02-23T14:04:43Z</time>
    <extensions>
     <gpxdata:hr>102</gpxdata:hr>
     <gpxdata:distance>5272.50</gpxdata:distance>
     <gpxdata:speed>6.797</gpxdata:speed>
    </extensions>
   </trkpt>
   <trkpt lat="-29.1173728" lon="-67.4717882">
    <ele>1015</ele>
    <time>2026-02-23T14:04:44Z</time>
    <extensions>
     <gpxdata:hr>103</gpxdata:hr>
     <gpxdata:distance>5279.00</gpxdata:distance>
     <gpxdata:speed>6.781</gpxdata:speed>
    </extensions>
   </trkpt>
   <trkpt lat="-29.1173134" lon="-67.4717732">
    <ele>1015</ele>
    <time>2026-02-23T14:04:45Z</time>
    <extensions>
     <gpxdata:hr>103</gpxdata:hr>
     <gpxdata:distance>5286.00</gpxdata:distance>
     <gpxdata:speed>6.850</gpxdata:speed>
    </extensions>
   </trkpt>
   <trkpt lat="-29.1172529" lon="-67.4717593">
    <ele>1015</ele>
    <time>2026-02-23T14:04:46Z</time>
    <extensions>
     <gpxdata:hr>103</gpxdata:hr>
     <gpxdata:distance>5293.00</gpxdata:distance>
     <gpxdata:speed>6.928</gpxdata:speed>
    </extensions>
   </trkpt>
   <trkpt lat="-29.1171916" lon="-67.4717453">
    <ele>1015</ele>
    <time>2026-02-23T14:04:47Z</time>
    <extensions>
     <gpxdata:hr>104</gpxdata:hr>
     <gpxdata:distance>5300.00</gpxdata:distance>
     <gpxdata:speed>6.914</gpxdata:speed>
    </extensions>
   </trkpt>
   <trkpt lat="-29.1171307" lon="-67.4717307">
    <ele>1015</ele>
    <time>2026-02-23T14:04:48Z</time>
    <extensions>
     <gpxdata:hr>102</gpxdata:hr>
     <gpxdata:distance>5307.00</gpxdata:distance>
     <gpxdata:speed>6.872</gpxdata:speed>
    </extensions>
   </trkpt>
   <trkpt lat="-29.1170703" lon="-67.4717167">
    <ele>1014</ele>
    <time>2026-02-23T14:04:49Z</time>
    <extensions>
     <gpxdata:hr>103</gpxdata:hr>
     <gpxdata:distance>5314.00</gpxdata:distance>
     <gpxdata:speed>6.847</gpxdata:speed>
    </extensions>
   </trkpt>
   <trkpt lat="-29.1170102" lon="-67.4717022">
    <ele>1014</ele>
    <time>2026-02-23T14:04:50Z</time>
    <extensions>
     <gpxdata:hr>103</gpxdata:hr>
     <gpxdata:distance>5321.00</gpxdata:distance>
     <gpxdata:speed>6.825</gpxdata:speed>
    </extensions>
   </trkpt>
   <trkpt lat="-29.1169502" lon="-67.4716883">
    <ele>1014</ele>
    <time>2026-02-23T14:04:51Z</time>
    <extensions>
     <gpxdata:hr>104</gpxdata:hr>
     <gpxdata:distance>5327.50</gpxdata:distance>
     <gpxdata:speed>6.811</gpxdata:speed>
    </extensions>
   </trkpt>
   <trkpt lat="-29.1168902" lon="-67.4716747">
    <ele>1014</ele>
    <time>2026-02-23T14:04:52Z</time>
    <extensions>
     <gpxdata:hr>106</gpxdata:hr>
     <gpxdata:distance>5334.00</gpxdata:distance>
     <gpxdata:speed>6.856</gpxdata:speed>
    </extensions>
   </trkpt>
   <trkpt lat="-29.1168295" lon="-67.4716621">
    <ele>1014</ele>
    <time>2026-02-23T14:04:53Z</time>
    <extensions>
     <gpxdata:hr>106</gpxdata:hr>
     <gpxdata:distance>5341.00</gpxdata:distance>
     <gpxdata:speed>6.894</gpxdata:speed>
    </extensions>
   </trkpt>
   <trkpt lat="-29.1167682" lon="-67.4716509">
    <ele>1014</ele>
    <time>2026-02-23T14:04:54Z</time>
    <extensions>
     <gpxdata:hr>106</gpxdata:hr>
     <gpxdata:distance>5348.00</gpxdata:distance>
     <gpxdata:speed>6.928</gpxdata:speed>
    </extensions>
   </trkpt>
   <trkpt lat="-29.1167065" lon="-67.4716398">
    <ele>1014</ele>
    <time>2026-02-23T14:04:55Z</time>
    <extensions>
     <gpxdata:hr>106</gpxdata:hr>
     <gpxdata:distance>5355.00</gpxdata:distance>
     <gpxdata:speed>6.942</gpxdata:speed>
    </extensions>
   </trkpt>
   <trkpt lat="-29.1166448" lon="-67.4716286">
    <ele>1014</ele>
    <time>2026-02-23T14:04:56Z</time>
    <extensions>
     <gpxdata:hr>105</gpxdata:hr>
     <gpxdata:distance>5362.00</gpxdata:distance>
     <gpxdata:speed>7.019</gpxdata:speed>
    </extensions>
   </trkpt>
   <trkpt lat="-29.1165823" lon="-67.4716171">
    <ele>1014</ele>
    <time>2026-02-23T14:04:57Z</time>
    <extensions>
     <gpxdata:hr>106</gpxdata:hr>
     <gpxdata:distance>5369.50</gpxdata:distance>
     <gpxdata:speed>7.069</gpxdata:speed>
    </extensions>
   </trkpt>
   <trkpt lat="-29.1165193" lon="-67.4716062">
    <ele>1014</ele>
    <time>2026-02-23T14:04:58Z</time>
    <extensions>
     <gpxdata:hr>105</gpxdata:hr>
     <gpxdata:distance>5377.00</gpxdata:distance>
     <gpxdata:speed>7.164</gpxdata:speed>
    </extensions>
   </trkpt>
   <trkpt lat="-29.1164552" lon="-67.4715959">
    <ele>1014</ele>
    <time>2026-02-23T14:04:59Z</time>
    <extensions>
     <gpxdata:hr>106</gpxdata:hr>
     <gpxdata:distance>5384.00</gpxdata:distance>
     <gpxdata:speed>7.169</gpxdata:speed>
    </extensions>
   </trkpt>
   <trkpt lat="-29.1163912" lon="-67.4715859">
    <ele>1013</ele>
    <time>2026-02-23T14:05:00Z</time>
    <extensions>
     <gpxdata:hr>106</gpxdata:hr>
     <gpxdata:distance>5391.00</gpxdata:distance>
     <gpxdata:speed>7.161</gpxdata:speed>
    </extensions>
   </trkpt>
   <trkpt lat="-29.1163275" lon="-67.4715752">
    <ele>1013</ele>
    <time>2026-02-23T14:05:01Z</time>
    <extensions>
     <gpxdata:hr>106</gpxdata:hr>
     <gpxdata:distance>5398.50</gpxdata:distance>
     <gpxdata:speed>7.264</gpxdata:speed>
    </extensions>
   </trkpt>
   <trkpt lat="-29.1162625" lon="-67.4715654">
    <ele>1013</ele>
    <time>2026-02-23T14:05:02Z</time>
    <extensions>
     <gpxdata:hr>106</gpxdata:hr>
     <gpxdata:distance>5406.00</gpxdata:distance>
     <gpxdata:speed>7.367</gpxdata:speed>
    </extensions>
   </trkpt>
   <trkpt lat="-29.1161964" lon="-67.4715558">
    <ele>1013</ele>
    <time>2026-02-23T14:05:03Z</time>
    <extensions>
     <gpxdata:hr>106</gpxdata:hr>
     <gpxdata:distance>5413.50</gpxdata:distance>
     <gpxdata:speed>7.436</gpxdata:speed>
    </extensions>
   </trkpt>
   <trkpt lat="-29.1161298" lon="-67.4715460">
    <ele>1013</ele>
    <time>2026-02-23T14:05:04Z</time>
    <extensions>
     <gpxdata:hr>106</gpxdata:hr>
     <gpxdata:distance>5421.00</gpxdata:distance>
     <gpxdata:speed>7.397</gpxdata:speed>
    </extensions>
   </trkpt>
   <trkpt lat="-29.1160638" lon="-67.4715369">
    <ele>1013</ele>
    <time>2026-02-23T14:05:05Z</time>
    <extensions>
     <gpxdata:hr>106</gpxdata:hr>
     <gpxdata:distance>5428.50</gpxdata:distance>
     <gpxdata:speed>7.353</gpxdata:speed>
    </extensions>
   </trkpt>
   <trkpt lat="-29.1159984" lon="-67.4715275">
    <ele>1013</ele>
    <time>2026-02-23T14:05:06Z</time>
    <extensions>
     <gpxdata:hr>106</gpxdata:hr>
     <gpxdata:distance>5436.00</gpxdata:distance>
     <gpxdata:speed>7.386</gpxdata:speed>
    </extensions>
   </trkpt>
   <trkpt lat="-29.1159325" lon="-67.4715178">
    <ele>1013</ele>
    <time>2026-02-23T14:05:07Z</time>
    <extensions>
     <gpxdata:hr>106</gpxdata:hr>
     <gpxdata:distance>5443.00</gpxdata:distance>
     <gpxdata:speed>7.356</gpxdata:speed>
    </extensions>
   </trkpt>
   <trkpt lat="-29.1158670" lon="-67.4715086">
    <ele>1012</ele>
    <time>2026-02-23T14:05:08Z</time>
    <extensions>
     <gpxdata:hr>107</gpxdata:hr>
     <gpxdata:distance>5450.00</gpxdata:distance>
     <gpxdata:speed>7.314</gpxdata:speed>
    </extensions>
   </trkpt>
   <trkpt lat="-29.1158017" lon="-67.4715007">
    <ele>1012</ele>
    <time>2026-02-23T14:05:09Z</time>
    <extensions>
     <gpxdata:hr>107</gpxdata:hr>
     <gpxdata:distance>5457.50</gpxdata:distance>
     <gpxdata:speed>7.292</gpxdata:speed>
    </extensions>
   </trkpt>
   <trkpt lat="-29.1157367" lon="-67.4714929">
    <ele>1012</ele>
    <time>2026-02-23T14:05:10Z</time>
    <extensions>
     <gpxdata:hr>107</gpxdata:hr>
     <gpxdata:distance>5465.00</gpxdata:distance>
     <gpxdata:speed>7.283</gpxdata:speed>
    </extensions>
   </trkpt>
   <trkpt lat="-29.1156717" lon="-67.4714849">
    <ele>1012</ele>
    <time>2026-02-23T14:05:11Z</time>
    <extensions>
     <gpxdata:hr>105</gpxdata:hr>
     <gpxdata:distance>5472.00</gpxdata:distance>
     <gpxdata:speed>7.278</gpxdata:speed>
    </extensions>
   </trkpt>
   <trkpt lat="-29.1156067" lon="-67.4714767">
    <ele>1012</ele>
    <time>2026-02-23T14:05:12Z</time>
    <extensions>
     <gpxdata:hr>104</gpxdata:hr>
     <gpxdata:distance>5479.00</gpxdata:distance>
     <gpxdata:speed>7.272</gpxdata:speed>
    </extensions>
   </trkpt>
   <trkpt lat="-29.1155417" lon="-67.4714692">
    <ele>1012</ele>
    <time>2026-02-23T14:05:13Z</time>
    <extensions>
     <gpxdata:hr>103</gpxdata:hr>
     <gpxdata:distance>5486.00</gpxdata:distance>
     <gpxdata:speed>7.211</gpxdata:speed>
    </extensions>
   </trkpt>
   <trkpt lat="-29.1154775" lon="-67.4714615">
    <ele>1012</ele>
    <time>2026-02-23T14:05:14Z</time>
    <extensions>
     <gpxdata:hr>104</gpxdata:hr>
     <gpxdata:distance>5493.00</gpxdata:distance>
     <gpxdata:speed>7.147</gpxdata:speed>
    </extensions>
   </trkpt>
   <trkpt lat="-29.1154139" lon="-67.4714542">
    <ele>1012</ele>
    <time>2026-02-23T14:05:15Z</time>
    <extensions>
     <gpxdata:hr>104</gpxdata:hr>
     <gpxdata:distance>5500.00</gpxdata:distance>
     <gpxdata:speed>7.111</gpxdata:speed>
    </extensions>
   </trkpt>
   <trkpt lat="-29.1153505" lon="-67.4714465">
    <ele>1012</ele>
    <time>2026-02-23T14:05:16Z</time>
    <extensions>
     <gpxdata:hr>104</gpxdata:hr>
     <gpxdata:distance>5507.00</gpxdata:distance>
     <gpxdata:speed>7.033</gpxdata:speed>
    </extensions>
   </trkpt>
   <trkpt lat="-29.1152880" lon="-67.4714384">
    <ele>1012</ele>
    <time>2026-02-23T14:05:17Z</time>
    <extensions>
     <gpxdata:hr>104</gpxdata:hr>
     <gpxdata:distance>5514.00</gpxdata:distance>
     <gpxdata:speed>6.906</gpxdata:speed>
    </extensions>
   </trkpt>
   <trkpt lat="-29.1152269" lon="-67.4714302">
    <ele>1012</ele>
    <time>2026-02-23T14:05:18Z</time>
    <extensions>
     <gpxdata:hr>104</gpxdata:hr>
     <gpxdata:distance>5521.00</gpxdata:distance>
     <gpxdata:speed>6.811</gpxdata:speed>
    </extensions>
   </trkpt>
   <trkpt lat="-29.1151666" lon="-67.4714218">
    <ele>1012</ele>
    <time>2026-02-23T14:05:19Z</time>
    <extensions>
     <gpxdata:hr>104</gpxdata:hr>
     <gpxdata:distance>5527.50</gpxdata:distance>
     <gpxdata:speed>6.686</gpxdata:speed>
    </extensions>
   </trkpt>
   <trkpt lat="-29.1151074" lon="-67.4714142">
    <ele>1011</ele>
    <time>2026-02-23T14:05:20Z</time>
    <extensions>
     <gpxdata:hr>104</gpxdata:hr>
     <gpxdata:distance>5534.00</gpxdata:distance>
     <gpxdata:speed>6.656</gpxdata:speed>
    </extensions>
   </trkpt>
   <trkpt lat="-29.1150481" lon="-67.4714080">
    <ele>1011</ele>
    <time>2026-02-23T14:05:21Z</time>
    <extensions>
     <gpxdata:hr>104</gpxdata:hr>
     <gpxdata:distance>5541.00</gpxdata:distance>
     <gpxdata:speed>6.669</gpxdata:speed>
    </extensions>
   </trkpt>
   <trkpt lat="-29.1149885" lon="-67.4714018">
    <ele>1011</ele>
    <time>2026-02-23T14:05:22Z</time>
    <extensions>
     <gpxdata:hr>104</gpxdata:hr>
     <gpxdata:distance>5548.00</gpxdata:distance>
     <gpxdata:speed>6.692</gpxdata:speed>
    </extensions>
   </trkpt>
   <trkpt lat="-29.1149287" lon="-67.4713947">
    <ele>1011</ele>
    <time>2026-02-23T14:05:23Z</time>
    <extensions>
     <gpxdata:hr>104</gpxdata:hr>
     <gpxdata:distance>5554.50</gpxdata:distance>
     <gpxdata:speed>6.708</gpxdata:speed>
    </extensions>
   </trkpt>
   <trkpt lat="-29.1148687" lon="-67.4713869">
    <ele>1011</ele>
    <time>2026-02-23T14:05:24Z</time>
    <extensions>
     <gpxdata:hr>104</gpxdata:hr>
     <gpxdata:distance>5561.00</gpxdata:distance>
     <gpxdata:speed>6.714</gpxdata:speed>
    </extensions>
   </trkpt>
   <trkpt lat="-29.1148087" lon="-67.4713794">
    <ele>1011</ele>
    <time>2026-02-23T14:05:25Z</time>
    <extensions>
     <gpxdata:hr>104</gpxdata:hr>
     <gpxdata:distance>5567.50</gpxdata:distance>
     <gpxdata:speed>6.656</gpxdata:speed>
    </extensions>
   </trkpt>
   <trkpt lat="-29.1147495" lon="-67.4713716">
    <ele>1010</ele>
    <time>2026-02-23T14:05:26Z</time>
    <extensions>
     <gpxdata:hr>105</gpxdata:hr>
     <gpxdata:distance>5574.00</gpxdata:distance>
     <gpxdata:speed>6.667</gpxdata:speed>
    </extensions>
   </trkpt>
   <trkpt lat="-29.1146900" lon="-67.4713635">
    <ele>1010</ele>
    <time>2026-02-23T14:05:27Z</time>
    <extensions>
     <gpxdata:hr>106</gpxdata:hr>
     <gpxdata:distance>5581.00</gpxdata:distance>
     <gpxdata:speed>6.753</gpxdata:speed>
    </extensions>
   </trkpt>
   <trkpt lat="-29.1146295" lon="-67.4713552">
    <ele>1010</ele>
    <time>2026-02-23T14:05:28Z</time>
    <extensions>
     <gpxdata:hr>106</gpxdata:hr>
     <gpxdata:distance>5588.00</gpxdata:distance>
     <gpxdata:speed>6.758</gpxdata:speed>
    </extensions>
   </trkpt>
   <trkpt lat="-29.1145690" lon="-67.4713476">
    <ele>1010</ele>
    <time>2026-02-23T14:05:29Z</time>
    <extensions>
     <gpxdata:hr>106</gpxdata:hr>
     <gpxdata:distance>5594.50</gpxdata:distance>
     <gpxdata:speed>6.750</gpxdata:speed>
    </extensions>
   </trkpt>
   <trkpt lat="-29.1145088" lon="-67.4713398">
    <ele>1010</ele>
    <time>2026-02-23T14:05:30Z</time>
    <extensions>
     <gpxdata:hr>106</gpxdata:hr>
     <gpxdata:distance>5601.00</gpxdata:distance>
     <gpxdata:speed>6.733</gpxdata:speed>
    </extensions>
   </trkpt>
   <trkpt lat="-29.1144487" lon="-67.4713325">
    <ele>1010</ele>
    <time>2026-02-23T14:05:31Z</time>
    <extensions>
     <gpxdata:hr>106</gpxdata:hr>
     <gpxdata:distance>5608.00</gpxdata:distance>
     <gpxdata:speed>6.719</gpxdata:speed>
    </extensions>
   </trkpt>
   <trkpt lat="-29.1143886" lon="-67.4713256">
    <ele>1010</ele>
    <time>2026-02-23T14:05:32Z</time>
    <extensions>
     <gpxdata:hr>106</gpxdata:hr>
     <gpxdata:distance>5615.00</gpxdata:distance>
     <gpxdata:speed>6.781</gpxdata:speed>
    </extensions>
   </trkpt>
   <trkpt lat="-29.1143279" lon="-67.4713189">
    <ele>1010</ele>
    <time>2026-02-23T14:05:33Z</time>
    <extensions>
     <gpxdata:hr>106</gpxdata:hr>
     <gpxdata:distance>5622.00</gpxdata:distance>
     <gpxdata:speed>6.836</gpxdata:speed>
    </extensions>
   </trkpt>
   <trkpt lat="-29.1142665" lon="-67.4713122">
    <ele>1010</ele>
    <time>2026-02-23T14:05:34Z</time>
    <extensions>
     <gpxdata:hr>105</gpxdata:hr>
     <gpxdata:distance>5629.00</gpxdata:distance>
     <gpxdata:speed>6.811</gpxdata:speed>
    </extensions>
   </trkpt>
   <trkpt lat="-29.1142056" lon="-67.4713048">
    <ele>1010</ele>
    <time>2026-02-23T14:05:35Z</time>
    <extensions>
     <gpxdata:hr>105</gpxdata:hr>
     <gpxdata:distance>5635.50</gpxdata:distance>
     <gpxdata:speed>6.836</gpxdata:speed>
    </extensions>
   </trkpt>
   <trkpt lat="-29.1141445" lon="-67.4712969">
    <ele>1010</ele>
    <time>2026-02-23T14:05:36Z</time>
    <extensions>
     <gpxdata:hr>105</gpxdata:hr>
     <gpxdata:distance>5642.00</gpxdata:distance>
     <gpxdata:speed>6.864</gpxdata:speed>
    </extensions>
   </trkpt>
   <trkpt lat="-29.1140831" lon="-67.4712894">
    <ele>1010</ele>
    <time>2026-02-23T14:05:37Z</time>
    <extensions>
     <gpxdata:hr>104</gpxdata:hr>
     <gpxdata:distance>5649.00</gpxdata:distance>
     <gpxdata:speed>6.750</gpxdata:speed>
    </extensions>
   </trkpt>
   <trkpt lat="-29.1140230" lon="-67.4712823">
    <ele>1009</ele>
    <time>2026-02-23T14:05:38Z</time>
    <extensions>
     <gpxdata:hr>104</gpxdata:hr>
     <gpxdata:distance>5656.00</gpxdata:distance>
     <gpxdata:speed>6.775</gpxdata:speed>
    </extensions>
   </trkpt>
   <trkpt lat="-29.1139625" lon="-67.4712756">
    <ele>1009</ele>
    <time>2026-02-23T14:05:39Z</time>
    <extensions>
     <gpxdata:hr>103</gpxdata:hr>
     <gpxdata:distance>5662.50</gpxdata:distance>
     <gpxdata:speed>6.769</gpxdata:speed>
    </extensions>
   </trkpt>
   <trkpt lat="-29.1139021" lon="-67.4712674">
    <ele>1009</ele>
    <time>2026-02-23T14:05:40Z</time>
    <extensions>
     <gpxdata:hr>103</gpxdata:hr>
     <gpxdata:distance>5669.00</gpxdata:distance>
     <gpxdata:speed>6.681</gpxdata:speed>
    </extensions>
   </trkpt>
   <trkpt lat="-29.1138427" lon="-67.4712596">
    <ele>1009</ele>
    <time>2026-02-23T14:05:41Z</time>
    <extensions>
     <gpxdata:hr>103</gpxdata:hr>
     <gpxdata:distance>5675.50</gpxdata:distance>
     <gpxdata:speed>6.661</gpxdata:speed>
    </extensions>
   </trkpt>
   <trkpt lat="-29.1137833" lon="-67.4712532">
    <ele>1009</ele>
    <time>2026-02-23T14:05:42Z</time>
    <extensions>
     <gpxdata:hr>104</gpxdata:hr>
     <gpxdata:distance>5682.00</gpxdata:distance>
     <gpxdata:speed>6.681</gpxdata:speed>
    </extensions>
   </trkpt>
   <trkpt lat="-29.1137236" lon="-67.4712461">
    <ele>1009</ele>
    <time>2026-02-23T14:05:43Z</time>
    <extensions>
     <gpxdata:hr>105</gpxdata:hr>
     <gpxdata:distance>5689.00</gpxdata:distance>
     <gpxdata:speed>6.700</gpxdata:speed>
    </extensions>
   </trkpt>
   <trkpt lat="-29.1136637" lon="-67.4712384">
    <ele>1009</ele>
    <time>2026-02-23T14:05:44Z</time>
    <extensions>
     <gpxdata:hr>105</gpxdata:hr>
     <gpxdata:distance>5696.00</gpxdata:distance>
     <gpxdata:speed>6.647</gpxdata:speed>
    </extensions>
   </trkpt>
   <trkpt lat="-29.1136045" lon="-67.4712310">
    <ele>1008</ele>
    <time>2026-02-23T14:05:45Z</time>
    <extensions>
     <gpxdata:hr>106</gpxdata:hr>
     <gpxdata:distance>5702.50</gpxdata:distance>
     <gpxdata:speed>6.661</gpxdata:speed>
    </extensions>
   </trkpt>
   <trkpt lat="-29.1135450" lon="-67.4712232">
    <ele>1008</ele>
    <time>2026-02-23T14:05:46Z</time>
    <extensions>
     <gpxdata:hr>106</gpxdata:hr>
     <gpxdata:distance>5709.00</gpxdata:distance>
     <gpxdata:speed>6.694</gpxdata:speed>
    </extensions>
   </trkpt>
   <trkpt lat="-29.1134853" lon="-67.4712143">
    <ele>1008</ele>
    <time>2026-02-23T14:05:47Z</time>
    <extensions>
     <gpxdata:hr>105</gpxdata:hr>
     <gpxdata:distance>5716.00</gpxdata:distance>
     <gpxdata:speed>6.769</gpxdata:speed>
    </extensions>
   </trkpt>
   <trkpt lat="-29.1134246" lon="-67.4712063">
    <ele>1008</ele>
    <time>2026-02-23T14:05:48Z</time>
    <extensions>
     <gpxdata:hr>106</gpxdata:hr>
     <gpxdata:distance>5723.00</gpxdata:distance>
     <gpxdata:speed>6.839</gpxdata:speed>
    </extensions>
   </trkpt>
   <trkpt lat="-29.1133633" lon="-67.4711982">
    <ele>1008</ele>
    <time>2026-02-23T14:05:49Z</time>
    <extensions>
     <gpxdata:hr>106</gpxdata:hr>
     <gpxdata:distance>5729.50</gpxdata:distance>
     <gpxdata:speed>6.811</gpxdata:speed>
    </extensions>
   </trkpt>
   <trkpt lat="-29.1133024" lon="-67.4711908">
    <ele>1008</ele>
    <time>2026-02-23T14:05:50Z</time>
    <extensions>
     <gpxdata:hr>106</gpxdata:hr>
     <gpxdata:distance>5736.00</gpxdata:distance>
     <gpxdata:speed>6.767</gpxdata:speed>
    </extensions>
   </trkpt>
   <trkpt lat="-29.1132420" lon="-67.4711839">
    <ele>1008</ele>
    <time>2026-02-23T14:05:51Z</time>
    <extensions>
     <gpxdata:hr>106</gpxdata:hr>
     <gpxdata:distance>5743.00</gpxdata:distance>
     <gpxdata:speed>6.808</gpxdata:speed>
    </extensions>
   </trkpt>
   <trkpt lat="-29.1131811" lon="-67.4711764">
    <ele>1008</ele>
    <time>2026-02-23T14:05:52Z</time>
    <extensions>
     <gpxdata:hr>107</gpxdata:hr>
     <gpxdata:distance>5750.00</gpxdata:distance>
     <gpxdata:speed>6.853</gpxdata:speed>
    </extensions>
   </trkpt>
   <trkpt lat="-29.1131198" lon="-67.4711684">
    <ele>1008</ele>
    <time>2026-02-23T14:05:53Z</time>
    <extensions>
     <gpxdata:hr>109</gpxdata:hr>
     <gpxdata:distance>5757.00</gpxdata:distance>
     <gpxdata:speed>6.953</gpxdata:speed>
    </extensions>
   </trkpt>
   <trkpt lat="-29.1130574" lon="-67.4711602">
    <ele>1008</ele>
    <time>2026-02-23T14:05:54Z</time>
    <extensions>
     <gpxdata:hr>109</gpxdata:hr>
     <gpxdata:distance>5764.00</gpxdata:distance>
     <gpxdata:speed>6.953</gpxdata:speed>
    </extensions>
   </trkpt>
   <trkpt lat="-29.1129951" lon="-67.4711526">
    <ele>1007</ele>
    <time>2026-02-23T14:05:55Z</time>
    <extensions>
     <gpxdata:hr>109</gpxdata:hr>
     <gpxdata:distance>5771.00</gpxdata:distance>
     <gpxdata:speed>6.933</gpxdata:speed>
    </extensions>
   </trkpt>
   <trkpt lat="-29.1129331" lon="-67.4711456">
    <ele>1007</ele>
    <time>2026-02-23T14:05:56Z</time>
    <extensions>
     <gpxdata:hr>109</gpxdata:hr>
     <gpxdata:distance>5778.00</gpxdata:distance>
     <gpxdata:speed>6.861</gpxdata:speed>
    </extensions>
   </trkpt>
   <trkpt lat="-29.1128721" lon="-67.4711373">
    <ele>1007</ele>
    <time>2026-02-23T14:05:57Z</time>
    <extensions>
     <gpxdata:hr>109</gpxdata:hr>
     <gpxdata:distance>5784.50</gpxdata:distance>
     <gpxdata:speed>6.789</gpxdata:speed>
    </extensions>
   </trkpt>
   <trkpt lat="-29.1128118" lon="-67.4711295">
    <ele>1007</ele>
    <time>2026-02-23T14:05:58Z</time>
    <extensions>
     <gpxdata:hr>109</gpxdata:hr>
     <gpxdata:distance>5791.00</gpxdata:distance>
     <gpxdata:speed>6.750</gpxdata:speed>
    </extensions>
   </trkpt>
   <trkpt lat="-29.1127517" lon="-67.4711216">
    <ele>1007</ele>
    <time>2026-02-23T14:05:59Z</time>
    <extensions>
     <gpxdata:hr>108</gpxdata:hr>
     <gpxdata:distance>5798.00</gpxdata:distance>
     <gpxdata:speed>6.739</gpxdata:speed>
    </extensions>
   </trkpt>
   <trkpt lat="-29.1126918" lon="-67.4711127">
    <ele>1007</ele>
    <time>2026-02-23T14:06:00Z</time>
    <extensions>
     <gpxdata:hr>108</gpxdata:hr>
     <gpxdata:distance>5805.00</gpxdata:distance>
     <gpxdata:speed>6.731</gpxdata:speed>
    </extensions>
   </trkpt>
   <trkpt lat="-29.1126319" lon="-67.4711038">
    <ele>1007</ele>
    <time>2026-02-23T14:06:01Z</time>
    <extensions>
     <gpxdata:hr>107</gpxdata:hr>
     <gpxdata:distance>5811.50</gpxdata:distance>
     <gpxdata:speed>6.650</gpxdata:speed>
    </extensions>
   </trkpt>
   <trkpt lat="-29.1125727" lon="-67.4710967">
    <ele>1007</ele>
    <time>2026-02-23T14:06:02Z</time>
    <extensions>
     <gpxdata:hr>106</gpxdata:hr>
     <gpxdata:distance>5818.00</gpxdata:distance>
     <gpxdata:speed>6.656</gpxdata:speed>
    </extensions>
   </trkpt>
   <trkpt lat="-29.1125133" lon="-67.4710894">
    <ele>1007</ele>
    <time>2026-02-23T14:06:03Z</time>
    <extensions>
     <gpxdata:hr>105</gpxdata:hr>
     <gpxdata:distance>5824.50</gpxdata:distance>
     <gpxdata:speed>6.683</gpxdata:speed>
    </extensions>
   </trkpt>
   <trkpt lat="-29.1124536" lon="-67.4710816">
    <ele>1007</ele>
    <time>2026-02-23T14:06:04Z</time>
    <extensions>
     <gpxdata:hr>105</gpxdata:hr>
     <gpxdata:distance>5831.00</gpxdata:distance>
     <gpxdata:speed>6.697</gpxdata:speed>
    </extensions>
   </trkpt>
   <trkpt lat="-29.1123937" lon="-67.4710742">
    <ele>1006</ele>
    <time>2026-02-23T14:06:05Z</time>
    <extensions>
     <gpxdata:hr>104</gpxdata:hr>
     <gpxdata:distance>5838.00</gpxdata:distance>
     <gpxdata:speed>6.706</gpxdata:speed>
    </extensions>
   </trkpt>
   <trkpt lat="-29.1123338" lon="-67.4710673">
    <ele>1006</ele>
    <time>2026-02-23T14:06:06Z</time>
    <extensions>
     <gpxdata:hr>104</gpxdata:hr>
     <gpxdata:distance>5845.00</gpxdata:distance>
     <gpxdata:speed>6.647</gpxdata:speed>
    </extensions>
   </trkpt>
   <trkpt lat="-29.1122745" lon="-67.4710606">
    <ele>1006</ele>
    <time>2026-02-23T14:06:07Z</time>
    <extensions>
     <gpxdata:hr>104</gpxdata:hr>
     <gpxdata:distance>5852.00</gpxdata:distance>
     <gpxdata:speed>6.722</gpxdata:speed>
    </extensions>
   </trkpt>
   <trkpt lat="-29.1122143" lon="-67.4710531">
    <ele>1006</ele>
    <time>2026-02-23T14:06:08Z</time>
    <extensions>
     <gpxdata:hr>104</gpxdata:hr>
     <gpxdata:distance>5859.00</gpxdata:distance>
     <gpxdata:speed>6.803</gpxdata:speed>
    </extensions>
   </trkpt>
   <trkpt lat="-29.1121532" lon="-67.4710459">
    <ele>1006</ele>
    <time>2026-02-23T14:06:09Z</time>
    <extensions>
     <gpxdata:hr>104</gpxdata:hr>
     <gpxdata:distance>5865.50</gpxdata:distance>
     <gpxdata:speed>6.794</gpxdata:speed>
    </extensions>
   </trkpt>
   <trkpt lat="-29.1120924" lon="-67.4710382">
    <ele>1006</ele>
    <time>2026-02-23T14:06:10Z</time>
    <extensions>
     <gpxdata:hr>104</gpxdata:hr>
     <gpxdata:distance>5872.00</gpxdata:distance>
     <gpxdata:speed>6.764</gpxdata:speed>
    </extensions>
   </trkpt>
   <trkpt lat="-29.1120320" lon="-67.4710309">
    <ele>1006</ele>
    <time>2026-02-23T14:06:11Z</time>
    <extensions>
     <gpxdata:hr>105</gpxdata:hr>
     <gpxdata:distance>5879.00</gpxdata:distance>
     <gpxdata:speed>6.808</gpxdata:speed>
    </extensions>
   </trkpt>
   <trkpt lat="-29.1119711" lon="-67.4710232">
    <ele>1006</ele>
    <time>2026-02-23T14:06:12Z</time>
    <extensions>
     <gpxdata:hr>105</gpxdata:hr>
     <gpxdata:distance>5886.00</gpxdata:distance>
     <gpxdata:speed>6.778</gpxdata:speed>
    </extensions>
   </trkpt>
   <trkpt lat="-29.1119105" lon="-67.4710166">
    <ele>1005</ele>
    <time>2026-02-23T14:06:13Z</time>
    <extensions>
     <gpxdata:hr>105</gpxdata:hr>
     <gpxdata:distance>5892.50</gpxdata:distance>
     <gpxdata:speed>6.753</gpxdata:speed>
    </extensions>
   </trkpt>
   <trkpt lat="-29.1118503" lon="-67.4710095">
    <ele>1005</ele>
    <time>2026-02-23T14:06:14Z</time>
    <extensions>
     <gpxdata:hr>105</gpxdata:hr>
     <gpxdata:distance>5899.00</gpxdata:distance>
     <gpxdata:speed>6.664</gpxdata:speed>
    </extensions>
   </trkpt>
   <trkpt lat="-29.1117910" lon="-67.4710025">
    <ele>1005</ele>
    <time>2026-02-23T14:06:15Z</time>
    <extensions>
     <gpxdata:hr>105</gpxdata:hr>
     <gpxdata:distance>5905.50</gpxdata:distance>
     <gpxdata:speed>6.531</gpxdata:speed>
    </extensions>
   </trkpt>
   <trkpt lat="-29.1117331" lon="-67.4709957">
    <ele>1005</ele>
    <time>2026-02-23T14:06:16Z</time>
    <extensions>
     <gpxdata:hr>105</gpxdata:hr>
     <gpxdata:distance>5912.00</gpxdata:distance>
     <gpxdata:speed>6.564</gpxdata:speed>
    </extensions>
   </trkpt>
   <trkpt lat="-29.1116746" lon="-67.4709882">
    <ele>1005</ele>
    <time>2026-02-23T14:06:17Z</time>
    <extensions>
     <gpxdata:hr>105</gpxdata:hr>
     <gpxdata:distance>5918.50</gpxdata:distance>
     <gpxdata:speed>6.558</gpxdata:speed>
    </extensions>
   </trkpt>
   <trkpt lat="-29.1116160" lon="-67.4709810">
    <ele>1005</ele>
    <time>2026-02-23T14:06:18Z</time>
    <extensions>
     <gpxdata:hr>105</gpxdata:hr>
     <gpxdata:distance>5925.00</gpxdata:distance>
     <gpxdata:speed>6.550</gpxdata:speed>
    </extensions>
   </trkpt>
   <trkpt lat="-29.1115576" lon="-67.4709732">
    <ele>1005</ele>
    <time>2026-02-23T14:06:19Z</time>
    <extensions>
     <gpxdata:hr>105</gpxdata:hr>
     <gpxdata:distance>5931.50</gpxdata:distance>
     <gpxdata:speed>6.542</gpxdata:speed>
    </extensions>
   </trkpt>
   <trkpt lat="-29.1114992" lon="-67.4709659">
    <ele>1005</ele>
    <time>2026-02-23T14:06:20Z</time>
    <extensions>
     <gpxdata:hr>103</gpxdata:hr>
     <gpxdata:distance>5938.00</gpxdata:distance>
     <gpxdata:speed>6.467</gpxdata:speed>
    </extensions>
   </trkpt>
   <trkpt lat="-29.1114417" lon="-67.4709590">
    <ele>1005</ele>
    <time>2026-02-23T14:06:21Z</time>
    <extensions>
     <gpxdata:hr>102</gpxdata:hr>
     <gpxdata:distance>5944.50</gpxdata:distance>
     <gpxdata:speed>6.469</gpxdata:speed>
    </extensions>
   </trkpt>
   <trkpt lat="-29.1113839" lon="-67.4709522">
    <ele>1005</ele>
    <time>2026-02-23T14:06:22Z</time>
    <extensions>
     <gpxdata:hr>100</gpxdata:hr>
     <gpxdata:distance>5951.00</gpxdata:distance>
     <gpxdata:speed>6.494</gpxdata:speed>
    </extensions>
   </trkpt>
   <trkpt lat="-29.1113259" lon="-67.4709448">
    <ele>1005</ele>
    <time>2026-02-23T14:06:23Z</time>
    <extensions>
     <gpxdata:hr>100</gpxdata:hr>
     <gpxdata:distance>5957.50</gpxdata:distance>
     <gpxdata:speed>6.578</gpxdata:speed>
    </extensions>
   </trkpt>
   <trkpt lat="-29.1112669" lon="-67.4709376">
    <ele>1005</ele>
    <time>2026-02-23T14:06:24Z</time>
    <extensions>
     <gpxdata:hr>99</gpxdata:hr>
     <gpxdata:distance>5964.00</gpxdata:distance>
     <gpxdata:speed>6.522</gpxdata:speed>
    </extensions>
   </trkpt>
   <trkpt lat="-29.1112088" lon="-67.4709299">
    <ele>1005</ele>
    <time>2026-02-23T14:06:25Z</time>
    <extensions>
     <gpxdata:hr>98</gpxdata:hr>
     <gpxdata:distance>5970.50</gpxdata:distance>
     <gpxdata:speed>6.514</gpxdata:speed>
    </extensions>
   </trkpt>
   <trkpt lat="-29.1111507" lon="-67.4709218">
    <ele>1005</ele>
    <time>2026-02-23T14:06:26Z</time>
    <extensions>
     <gpxdata:hr>98</gpxdata:hr>
     <gpxdata:distance>5977.00</gpxdata:distance>
     <gpxdata:speed>6.453</gpxdata:speed>
    </extensions>
   </trkpt>
   <trkpt lat="-29.1110933" lon="-67.4709143">
    <ele>1005</ele>
    <time>2026-02-23T14:06:27Z</time>
    <extensions>
     <gpxdata:hr>98</gpxdata:hr>
     <gpxdata:distance>5983.50</gpxdata:distance>
     <gpxdata:speed>6.467</gpxdata:speed>
    </extensions>
   </trkpt>
   <trkpt lat="-29.1110356" lon="-67.4709065">
    <ele>1005</ele>
    <time>2026-02-23T14:06:28Z</time>
    <extensions>
     <gpxdata:hr>98</gpxdata:hr>
     <gpxdata:distance>5990.00</gpxdata:distance>
     <gpxdata:speed>6.483</gpxdata:speed>
    </extensions>
   </trkpt>
   <trkpt lat="-29.1109776" lon="-67.4709000">
    <ele>1004</ele>
    <time>2026-02-23T14:06:29Z</time>
    <extensions>
     <gpxdata:hr>97</gpxdata:hr>
     <gpxdata:distance>5996.50</gpxdata:distance>
     <gpxdata:speed>6.444</gpxdata:speed>
    </extensions>
   </trkpt>
   <trkpt lat="-29.1109202" lon="-67.4708928">
    <ele>1004</ele>
    <time>2026-02-23T14:06:30Z</time>
    <extensions>
     <gpxdata:hr>96</gpxdata:hr>
     <gpxdata:distance>6003.00</gpxdata:distance>
     <gpxdata:speed>6.533</gpxdata:speed>
    </extensions>
   </trkpt>
   <trkpt lat="-29.1108616" lon="-67.4708851">
    <ele>1004</ele>
    <time>2026-02-23T14:06:31Z</time>
    <extensions>
     <gpxdata:hr>95</gpxdata:hr>
     <gpxdata:distance>6009.50</gpxdata:distance>
     <gpxdata:speed>6.558</gpxdata:speed>
    </extensions>
   </trkpt>
   <trkpt lat="-29.1108030" lon="-67.4708769">
    <ele>1004</ele>
    <time>2026-02-23T14:06:32Z</time>
    <extensions>
     <gpxdata:hr>95</gpxdata:hr>
     <gpxdata:distance>6016.00</gpxdata:distance>
     <gpxdata:speed>6.625</gpxdata:speed>
    </extensions>
   </trkpt>
   <trkpt lat="-29.1107437" lon="-67.4708685">
    <ele>1004</ele>
    <time>2026-02-23T14:06:33Z</time>
    <extensions>
     <gpxdata:hr>94</gpxdata:hr>
     <gpxdata:distance>6023.00</gpxdata:distance>
     <gpxdata:speed>6.664</gpxdata:speed>
    </extensions>
   </trkpt>
   <trkpt lat="-29.1106839" lon="-67.4708617">
    <ele>1004</ele>
    <time>2026-02-23T14:06:34Z</time>
    <extensions>
     <gpxdata:hr>92</gpxdata:hr>
     <gpxdata:distance>6030.00</gpxdata:distance>
     <gpxdata:speed>6.689</gpxdata:speed>
    </extensions>
   </trkpt>
   <trkpt lat="-29.1106239" lon="-67.4708552">
    <ele>1004</ele>
    <time>2026-02-23T14:06:35Z</time>
    <extensions>
     <gpxdata:hr>92</gpxdata:hr>
     <gpxdata:distance>6036.50</gpxdata:distance>
     <gpxdata:speed>6.703</gpxdata:speed>
    </extensions>
   </trkpt>
   <trkpt lat="-29.1105638" lon="-67.4708488">
    <ele>1004</ele>
    <time>2026-02-23T14:06:36Z</time>
    <extensions>
     <gpxdata:hr>92</gpxdata:hr>
     <gpxdata:distance>6043.00</gpxdata:distance>
     <gpxdata:speed>6.714</gpxdata:speed>
    </extensions>
   </trkpt>
   <trkpt lat="-29.1105038" lon="-67.4708415">
    <ele>1004</ele>
    <time>2026-02-23T14:06:37Z</time>
    <extensions>
     <gpxdata:hr>91</gpxdata:hr>
     <gpxdata:distance>6050.00</gpxdata:distance>
     <gpxdata:speed>6.722</gpxdata:speed>
    </extensions>
   </trkpt>
   <trkpt lat="-29.1104437" lon="-67.4708335">
    <ele>1004</ele>
    <time>2026-02-23T14:06:38Z</time>
    <extensions>
     <gpxdata:hr>90</gpxdata:hr>
     <gpxdata:distance>6057.00</gpxdata:distance>
     <gpxdata:speed>6.719</gpxdata:speed>
    </extensions>
   </trkpt>
   <trkpt lat="-29.1103837" lon="-67.4708260">
    <ele>1004</ele>
    <time>2026-02-23T14:06:39Z</time>
    <extensions>
     <gpxdata:hr>90</gpxdata:hr>
     <gpxdata:distance>6063.50</gpxdata:distance>
     <gpxdata:speed>6.786</gpxdata:speed>
    </extensions>
   </trkpt>
   <trkpt lat="-29.1103229" lon="-67.4708182">
    <ele>1004</ele>
    <time>2026-02-23T14:06:40Z</time>
    <extensions>
     <gpxdata:hr>90</gpxdata:hr>
     <gpxdata:distance>6070.00</gpxdata:distance>
     <gpxdata:speed>6.850</gpxdata:speed>
    </extensions>
   </trkpt>
   <trkpt lat="-29.1102615" lon="-67.4708101">
    <ele>1003</ele>
    <time>2026-02-23T14:06:41Z</time>
    <extensions>
     <gpxdata:hr>90</gpxdata:hr>
     <gpxdata:distance>6077.00</gpxdata:distance>
     <gpxdata:speed>6.822</gpxdata:speed>
    </extensions>
   </trkpt>
   <trkpt lat="-29.1102006" lon="-67.4708018">
    <ele>1003</ele>
    <time>2026-02-23T14:06:42Z</time>
    <extensions>
     <gpxdata:hr>90</gpxdata:hr>
     <gpxdata:distance>6084.00</gpxdata:distance>
     <gpxdata:speed>6.775</gpxdata:speed>
    </extensions>
   </trkpt>
   <trkpt lat="-29.1101403" lon="-67.4707942">
    <ele>1003</ele>
    <time>2026-02-23T14:06:43Z</time>
    <extensions>
     <gpxdata:hr>90</gpxdata:hr>
     <gpxdata:distance>6091.00</gpxdata:distance>
     <gpxdata:speed>6.808</gpxdata:speed>
    </extensions>
   </trkpt>
   <trkpt lat="-29.1100794" lon="-67.4707865">
    <ele>1003</ele>
    <time>2026-02-23T14:06:44Z</time>
    <extensions>
     <gpxdata:hr>89</gpxdata:hr>
     <gpxdata:distance>6098.00</gpxdata:distance>
     <gpxdata:speed>6.856</gpxdata:speed>
    </extensions>
   </trkpt>
   <trkpt lat="-29.1100181" lon="-67.4707784">
    <ele>1003</ele>
    <time>2026-02-23T14:06:45Z</time>
    <extensions>
     <gpxdata:hr>88</gpxdata:hr>
     <gpxdata:distance>6105.00</gpxdata:distance>
     <gpxdata:speed>6.881</gpxdata:speed>
    </extensions>
   </trkpt>
   <trkpt lat="-29.1099565" lon="-67.4707709">
    <ele>1003</ele>
    <time>2026-02-23T14:06:46Z</time>
    <extensions>
     <gpxdata:hr>89</gpxdata:hr>
     <gpxdata:distance>6112.00</gpxdata:distance>
     <gpxdata:speed>6.961</gpxdata:speed>
    </extensions>
   </trkpt>
   <trkpt lat="-29.1098940" lon="-67.4707631">
    <ele>1003</ele>
    <time>2026-02-23T14:06:47Z</time>
    <extensions>
     <gpxdata:hr>89</gpxdata:hr>
     <gpxdata:distance>6119.00</gpxdata:distance>
     <gpxdata:speed>7.028</gpxdata:speed>
    </extensions>
   </trkpt>
   <trkpt lat="-29.1098310" lon="-67.4707551">
    <ele>1003</ele>
    <time>2026-02-23T14:06:48Z</time>
    <extensions>
     <gpxdata:hr>89</gpxdata:hr>
     <gpxdata:distance>6126.00</gpxdata:distance>
     <gpxdata:speed>6.997</gpxdata:speed>
    </extensions>
   </trkpt>
   <trkpt lat="-29.1097684" lon="-67.4707476">
    <ele>1003</ele>
    <time>2026-02-23T14:06:49Z</time>
    <extensions>
     <gpxdata:hr>89</gpxdata:hr>
     <gpxdata:distance>6133.00</gpxdata:distance>
     <gpxdata:speed>7.022</gpxdata:speed>
    </extensions>
   </trkpt>
   <trkpt lat="-29.1097056" lon="-67.4707398">
    <ele>1003</ele>
    <time>2026-02-23T14:06:50Z</time>
    <extensions>
     <gpxdata:hr>89</gpxdata:hr>
     <gpxdata:distance>6140.00</gpxdata:distance>
     <gpxdata:speed>7.053</gpxdata:speed>
    </extensions>
   </trkpt>
   <trkpt lat="-29.1096424" lon="-67.4707325">
    <ele>1003</ele>
    <time>2026-02-23T14:06:51Z</time>
    <extensions>
     <gpxdata:hr>89</gpxdata:hr>
     <gpxdata:distance>6146.50</gpxdata:distance>
     <gpxdata:speed>7.006</gpxdata:speed>
    </extensions>
   </trkpt>
   <trkpt lat="-29.1095799" lon="-67.4707248">
    <ele>1003</ele>
    <time>2026-02-23T14:06:52Z</time>
    <extensions>
     <gpxdata:hr>89</gpxdata:hr>
     <gpxdata:distance>6153.00</gpxdata:distance>
     <gpxdata:speed>6.903</gpxdata:speed>
    </extensions>
   </trkpt>
   <trkpt lat="-29.1095187" lon="-67.4707160">
    <ele>1003</ele>
    <time>2026-02-23T14:06:53Z</time>
    <extensions>
     <gpxdata:hr>89</gpxdata:hr>
     <gpxdata:distance>6160.00</gpxdata:distance>
     <gpxdata:speed>6.881</gpxdata:speed>
    </extensions>
   </trkpt>
   <trkpt lat="-29.1094576" lon="-67.4707072">
    <ele>1003</ele>
    <time>2026-02-23T14:06:54Z</time>
    <extensions>
     <gpxdata:hr>89</gpxdata:hr>
     <gpxdata:distance>6167.00</gpxdata:distance>
     <gpxdata:speed>6.936</gpxdata:speed>
    </extensions>
   </trkpt>
   <trkpt lat="-29.1093954" lon="-67.4707001">
    <ele>1003</ele>
    <time>2026-02-23T14:06:55Z</time>
    <extensions>
     <gpxdata:hr>89</gpxdata:hr>
     <gpxdata:distance>6174.00</gpxdata:distance>
     <gpxdata:speed>6.878</gpxdata:speed>
    </extensions>
   </trkpt>
   <trkpt lat="-29.1093341" lon="-67.4706928">
    <ele>1003</ele>
    <time>2026-02-23T14:06:56Z</time>
    <extensions>
     <gpxdata:hr>89</gpxdata:hr>
     <gpxdata:distance>6181.00</gpxdata:distance>
     <gpxdata:speed>6.803</gpxdata:speed>
    </extensions>
   </trkpt>
   <trkpt lat="-29.1092736" lon="-67.4706857">
    <ele>1003</ele>
    <time>2026-02-23T14:06:57Z</time>
    <extensions>
     <gpxdata:hr>89</gpxdata:hr>
     <gpxdata:distance>6187.50</gpxdata:distance>
     <gpxdata:speed>6.758</gpxdata:speed>
    </extensions>
   </trkpt>
   <trkpt lat="-29.1092134" lon="-67.4706781">
    <ele>1002</ele>
    <time>2026-02-23T14:06:58Z</time>
    <extensions>
     <gpxdata:hr>91</gpxdata:hr>
     <gpxdata:distance>6194.00</gpxdata:distance>
     <gpxdata:speed>6.728</gpxdata:speed>
    </extensions>
   </trkpt>
   <trkpt lat="-29.1091535" lon="-67.4706709">
    <ele>1002</ele>
    <time>2026-02-23T14:06:59Z</time>
    <extensions>
     <gpxdata:hr>91</gpxdata:hr>
     <gpxdata:distance>6200.50</gpxdata:distance>
     <gpxdata:speed>6.658</gpxdata:speed>
    </extensions>
   </trkpt>
   <trkpt lat="-29.1090943" lon="-67.4706632">
    <ele>1002</ele>
    <time>2026-02-23T14:07:00Z</time>
    <extensions>
     <gpxdata:hr>91</gpxdata:hr>
     <gpxdata:distance>6207.00</gpxdata:distance>
     <gpxdata:speed>6.600</gpxdata:speed>
    </extensions>
   </trkpt>
   <trkpt lat="-29.1090357" lon="-67.4706551">
    <ele>1002</ele>
    <time>2026-02-23T14:07:01Z</time>
    <extensions>
     <gpxdata:hr>90</gpxdata:hr>
     <gpxdata:distance>6213.50</gpxdata:distance>
     <gpxdata:speed>6.564</gpxdata:speed>
    </extensions>
   </trkpt>
   <trkpt lat="-29.1089774" lon="-67.4706469">
    <ele>1002</ele>
    <time>2026-02-23T14:07:02Z</time>
    <extensions>
     <gpxdata:hr>90</gpxdata:hr>
     <gpxdata:distance>6220.00</gpxdata:distance>
     <gpxdata:speed>6.542</gpxdata:speed>
    </extensions>
   </trkpt>
   <trkpt lat="-29.1089191" lon="-67.4706393">
    <ele>1002</ele>
    <time>2026-02-23T14:07:03Z</time>
    <extensions>
     <gpxdata:hr>91</gpxdata:hr>
     <gpxdata:distance>6227.00</gpxdata:distance>
     <gpxdata:speed>6.525</gpxdata:speed>
    </extensions>
   </trkpt>
   <trkpt lat="-29.1088609" lon="-67.4706330">
    <ele>1002</ele>
    <time>2026-02-23T14:07:04Z</time>
    <extensions>
     <gpxdata:hr>92</gpxdata:hr>
     <gpxdata:distance>6234.00</gpxdata:distance>
     <gpxdata:speed>6.586</gpxdata:speed>
    </extensions>
   </trkpt>
   <trkpt lat="-29.1088018" lon="-67.4706268">
    <ele>1002</ele>
    <time>2026-02-23T14:07:05Z</time>
    <extensions>
     <gpxdata:hr>91</gpxdata:hr>
     <gpxdata:distance>6240.50</gpxdata:distance>
     <gpxdata:speed>6.583</gpxdata:speed>
    </extensions>
   </trkpt>
   <trkpt lat="-29.1087429" lon="-67.4706197">
    <ele>1002</ele>
    <time>2026-02-23T14:07:06Z</time>
    <extensions>
     <gpxdata:hr>91</gpxdata:hr>
     <gpxdata:distance>6247.00</gpxdata:distance>
     <gpxdata:speed>6.564</gpxdata:speed>
    </extensions>
   </trkpt>
   <trkpt lat="-29.1086843" lon="-67.4706126">
    <ele>1002</ele>
    <time>2026-02-23T14:07:07Z</time>
    <extensions>
     <gpxdata:hr>91</gpxdata:hr>
     <gpxdata:distance>6253.00</gpxdata:distance>
     <gpxdata:speed>6.422</gpxdata:speed>
    </extensions>
   </trkpt>
   <trkpt lat="-29.1086274" lon="-67.4706050">
    <ele>1002</ele>
    <time>2026-02-23T14:07:08Z</time>
    <extensions>
     <gpxdata:hr>91</gpxdata:hr>
     <gpxdata:distance>6259.00</gpxdata:distance>
     <gpxdata:speed>6.356</gpxdata:speed>
    </extensions>
   </trkpt>
   <trkpt lat="-29.1085710" lon="-67.4705976">
    <ele>1002</ele>
    <time>2026-02-23T14:07:09Z</time>
    <extensions>
     <gpxdata:hr>91</gpxdata:hr>
     <gpxdata:distance>6265.50</gpxdata:distance>
     <gpxdata:speed>6.333</gpxdata:speed>
    </extensions>
   </trkpt>
   <trkpt lat="-29.1085146" lon="-67.4705907">
    <ele>1001</ele>
    <time>2026-02-23T14:07:10Z</time>
    <extensions>
     <gpxdata:hr>89</gpxdata:hr>
     <gpxdata:distance>6272.00</gpxdata:distance>
     <gpxdata:speed>6.267</gpxdata:speed>
    </extensions>
   </trkpt>
   <trkpt lat="-29.1084589" lon="-67.4705839">
    <ele>1001</ele>
    <time>2026-02-23T14:07:11Z</time>
    <extensions>
     <gpxdata:hr>88</gpxdata:hr>
     <gpxdata:distance>6278.00</gpxdata:distance>
     <gpxdata:speed>6.283</gpxdata:speed>
    </extensions>
   </trkpt>
   <trkpt lat="-29.1084029" lon="-67.4705765">
    <ele>1001</ele>
    <time>2026-02-23T14:07:12Z</time>
    <extensions>
     <gpxdata:hr>88</gpxdata:hr>
     <gpxdata:distance>6284.00</gpxdata:distance>
     <gpxdata:speed>6.311</gpxdata:speed>
    </extensions>
   </trkpt>
   <trkpt lat="-29.1083466" lon="-67.4705685">
    <ele>1001</ele>
    <time>2026-02-23T14:07:13Z</time>
    <extensions>
     <gpxdata:hr>87</gpxdata:hr>
     <gpxdata:distance>6291.00</gpxdata:distance>
     <gpxdata:speed>6.458</gpxdata:speed>
    </extensions>
   </trkpt>
   <trkpt lat="-29.1082885" lon="-67.4705610">
    <ele>1001</ele>
    <time>2026-02-23T14:07:14Z</time>
    <extensions>
     <gpxdata:hr>87</gpxdata:hr>
     <gpxdata:distance>6298.00</gpxdata:distance>
     <gpxdata:speed>6.456</gpxdata:speed>
    </extensions>
   </trkpt>
   <trkpt lat="-29.1082306" lon="-67.4705540">
    <ele>1001</ele>
    <time>2026-02-23T14:07:15Z</time>
    <extensions>
     <gpxdata:hr>87</gpxdata:hr>
     <gpxdata:distance>6304.00</gpxdata:distance>
     <gpxdata:speed>6.414</gpxdata:speed>
    </extensions>
   </trkpt>
   <trkpt lat="-29.1081734" lon="-67.4705472">
    <ele>1001</ele>
    <time>2026-02-23T14:07:16Z</time>
    <extensions>
     <gpxdata:hr>87</gpxdata:hr>
     <gpxdata:distance>6310.00</gpxdata:distance>
     <gpxdata:speed>6.442</gpxdata:speed>
    </extensions>
   </trkpt>
   <trkpt lat="-29.1081157" lon="-67.4705406">
    <ele>1001</ele>
    <time>2026-02-23T14:07:17Z</time>
    <extensions>
     <gpxdata:hr>87</gpxdata:hr>
     <gpxdata:distance>6316.50</gpxdata:distance>
     <gpxdata:speed>6.419</gpxdata:speed>
    </extensions>
   </trkpt>
   <trkpt lat="-29.1080584" lon="-67.4705332">
    <ele>1001</ele>
    <time>2026-02-23T14:07:18Z</time>
    <extensions>
     <gpxdata:hr>86</gpxdata:hr>
     <gpxdata:distance>6323.00</gpxdata:distance>
     <gpxdata:speed>6.392</gpxdata:speed>
    </extensions>
   </trkpt>
   <trkpt lat="-29.1080015" lon="-67.4705252">
    <ele>1001</ele>
    <time>2026-02-23T14:07:19Z</time>
    <extensions>
     <gpxdata:hr>85</gpxdata:hr>
     <gpxdata:distance>6329.50</gpxdata:distance>
     <gpxdata:speed>6.300</gpxdata:speed>
    </extensions>
   </trkpt>
   <trkpt lat="-29.1079456" lon="-67.4705177">
    <ele>1000</ele>
    <time>2026-02-23T14:07:20Z</time>
    <extensions>
     <gpxdata:hr>84</gpxdata:hr>
     <gpxdata:distance>6336.00</gpxdata:distance>
     <gpxdata:speed>6.292</gpxdata:speed>
    </extensions>
   </trkpt>
   <trkpt lat="-29.1078895" lon="-67.4705107">
    <ele>1000</ele>
    <time>2026-02-23T14:07:21Z</time>
    <extensions>
     <gpxdata:hr>83</gpxdata:hr>
     <gpxdata:distance>6342.00</gpxdata:distance>
     <gpxdata:speed>6.308</gpxdata:speed>
    </extensions>
   </trkpt>
   <trkpt lat="-29.1078332" lon="-67.4705039">
    <ele>1000</ele>
    <time>2026-02-23T14:07:22Z</time>
    <extensions>
     <gpxdata:hr>82</gpxdata:hr>
     <gpxdata:distance>6348.00</gpxdata:distance>
     <gpxdata:speed>6.192</gpxdata:speed>
    </extensions>
   </trkpt>
   <trkpt lat="-29.1077782" lon="-67.4704972">
    <ele>1000</ele>
    <time>2026-02-23T14:07:23Z</time>
    <extensions>
     <gpxdata:hr>81</gpxdata:hr>
     <gpxdata:distance>6354.00</gpxdata:distance>
     <gpxdata:speed>6.144</gpxdata:speed>
    </extensions>
   </trkpt>
   <trkpt lat="-29.1077234" lon="-67.4704914">
    <ele>1000</ele>
    <time>2026-02-23T14:07:24Z</time>
    <extensions>
     <gpxdata:hr>80</gpxdata:hr>
     <gpxdata:distance>6360.00</gpxdata:distance>
     <gpxdata:speed>6.069</gpxdata:speed>
    </extensions>
   </trkpt>
   <trkpt lat="-29.1076695" lon="-67.4704853">
    <ele>1000</ele>
    <time>2026-02-23T14:07:25Z</time>
    <extensions>
     <gpxdata:hr>79</gpxdata:hr>
     <gpxdata:distance>6366.00</gpxdata:distance>
     <gpxdata:speed>6.075</gpxdata:speed>
    </extensions>
   </trkpt>
   <trkpt lat="-29.1076152" lon="-67.4704798">
    <ele>1000</ele>
    <time>2026-02-23T14:07:26Z</time>
    <extensions>
     <gpxdata:hr>78</gpxdata:hr>
     <gpxdata:distance>6372.00</gpxdata:distance>
     <gpxdata:speed>5.978</gpxdata:speed>
    </extensions>
   </trkpt>
   <trkpt lat="-29.1075621" lon="-67.4704738">
    <ele>1000</ele>
    <time>2026-02-23T14:07:27Z</time>
    <extensions>
     <gpxdata:hr>78</gpxdata:hr>
     <gpxdata:distance>6378.00</gpxdata:distance>
     <gpxdata:speed>6.014</gpxdata:speed>
    </extensions>
   </trkpt>
   <trkpt lat="-29.1075232" lon="-67.4704691">
    <ele>1000</ele>
    <time>2026-02-23T14:07:28Z</time>
    <extensions>
     <gpxdata:hr>78</gpxdata:hr>
     <gpxdata:distance>6384.00</gpxdata:distance>
     <gpxdata:speed>6.003</gpxdata:speed>
    </extensions>
   </trkpt>
   <trkpt lat="-29.1074567" lon="-67.4704618">
    <ele>1000</ele>
    <time>2026-02-23T14:07:29Z</time>
    <extensions>
     <gpxdata:hr>78</gpxdata:hr>
     <gpxdata:distance>6390.00</gpxdata:distance>
     <gpxdata:speed>5.997</gpxdata:speed>
    </extensions>
   </trkpt>
   <trkpt lat="-29.1074015" lon="-67.4704547">
    <ele>1000</ele>
    <time>2026-02-23T14:07:30Z</time>
    <extensions>
     <gpxdata:hr>78</gpxdata:hr>
     <gpxdata:distance>6396.00</gpxdata:distance>
     <gpxdata:speed>5.919</gpxdata:speed>
    </extensions>
   </trkpt>
   <trkpt lat="-29.1073632" lon="-67.4704496">
    <ele>1000</ele>
    <time>2026-02-23T14:07:31Z</time>
    <extensions>
     <gpxdata:hr>78</gpxdata:hr>
     <gpxdata:distance>6402.00</gpxdata:distance>
     <gpxdata:speed>5.853</gpxdata:speed>
    </extensions>
   </trkpt>
   <trkpt lat="-29.1073152" lon="-67.4704433">
    <ele>1000</ele>
    <time>2026-02-23T14:07:32Z</time>
    <extensions>
     <gpxdata:hr>78</gpxdata:hr>
     <gpxdata:distance>6408.00</gpxdata:distance>
     <gpxdata:speed>5.878</gpxdata:speed>
    </extensions>
   </trkpt>
   <trkpt lat="-29.1072638" lon="-67.4704366">
    <ele>1000</ele>
    <time>2026-02-23T14:07:33Z</time>
    <extensions>
     <gpxdata:hr>78</gpxdata:hr>
     <gpxdata:distance>6413.50</gpxdata:distance>
     <gpxdata:speed>5.794</gpxdata:speed>
    </extensions>
   </trkpt>
   <trkpt lat="-29.1072125" lon="-67.4704293">
    <ele>1000</ele>
    <time>2026-02-23T14:07:34Z</time>
    <extensions>
     <gpxdata:hr>79</gpxdata:hr>
     <gpxdata:distance>6419.00</gpxdata:distance>
     <gpxdata:speed>5.711</gpxdata:speed>
    </extensions>
   </trkpt>
   <trkpt lat="-29.1071618" lon="-67.4704214">
    <ele>1000</ele>
    <time>2026-02-23T14:07:35Z</time>
    <extensions>
     <gpxdata:hr>79</gpxdata:hr>
     <gpxdata:distance>6424.50</gpxdata:distance>
     <gpxdata:speed>5.647</gpxdata:speed>
    </extensions>
   </trkpt>
   <trkpt lat="-29.1071115" lon="-67.4704145">
    <ele>1000</ele>
    <time>2026-02-23T14:07:36Z</time>
    <extensions>
     <gpxdata:hr>79</gpxdata:hr>
     <gpxdata:distance>6430.00</gpxdata:distance>
     <gpxdata:speed>5.675</gpxdata:speed>
    </extensions>
   </trkpt>
   <trkpt lat="-29.1070608" lon="-67.4704085">
    <ele>1000</ele>
    <time>2026-02-23T14:07:37Z</time>
    <extensions>
     <gpxdata:hr>79</gpxdata:hr>
     <gpxdata:distance>6435.50</gpxdata:distance>
     <gpxdata:speed>5.583</gpxdata:speed>
    </extensions>
   </trkpt>
   <trkpt lat="-29.1070109" lon="-67.4704032">
    <ele>1000</ele>
    <time>2026-02-23T14:07:38Z</time>
    <extensions>
     <gpxdata:hr>79</gpxdata:hr>
     <gpxdata:distance>6441.00</gpxdata:distance>
     <gpxdata:speed>5.500</gpxdata:speed>
    </extensions>
   </trkpt>
   <trkpt lat="-29.1069618" lon="-67.4703981">
    <ele>999</ele>
    <time>2026-02-23T14:07:39Z</time>
    <extensions>
     <gpxdata:hr>79</gpxdata:hr>
     <gpxdata:distance>6446.50</gpxdata:distance>
     <gpxdata:speed>5.514</gpxdata:speed>
    </extensions>
   </trkpt>
   <trkpt lat="-29.1069125" lon="-67.4703925">
    <ele>999</ele>
    <time>2026-02-23T14:07:40Z</time>
    <extensions>
     <gpxdata:hr>80</gpxdata:hr>
     <gpxdata:distance>6452.00</gpxdata:distance>
     <gpxdata:speed>5.483</gpxdata:speed>
    </extensions>
   </trkpt>
   <trkpt lat="-29.1068636" lon="-67.4703864">
    <ele>999</ele>
    <time>2026-02-23T14:07:41Z</time>
    <extensions>
     <gpxdata:hr>81</gpxdata:hr>
     <gpxdata:distance>6457.50</gpxdata:distance>
     <gpxdata:speed>5.517</gpxdata:speed>
    </extensions>
   </trkpt>
   <trkpt lat="-29.1068144" lon="-67.4703799">
    <ele>999</ele>
    <time>2026-02-23T14:07:42Z</time>
    <extensions>
     <gpxdata:hr>82</gpxdata:hr>
     <gpxdata:distance>6463.00</gpxdata:distance>
     <gpxdata:speed>5.550</gpxdata:speed>
    </extensions>
   </trkpt>
   <trkpt lat="-29.1067647" lon="-67.4703739">
    <ele>999</ele>
    <time>2026-02-23T14:07:43Z</time>
    <extensions>
     <gpxdata:hr>82</gpxdata:hr>
     <gpxdata:distance>6468.50</gpxdata:distance>
     <gpxdata:speed>5.447</gpxdata:speed>
    </extensions>
   </trkpt>
   <trkpt lat="-29.1067161" lon="-67.4703678">
    <ele>999</ele>
    <time>2026-02-23T14:07:44Z</time>
    <extensions>
     <gpxdata:hr>84</gpxdata:hr>
     <gpxdata:distance>6474.00</gpxdata:distance>
     <gpxdata:speed>5.411</gpxdata:speed>
    </extensions>
   </trkpt>
   <trkpt lat="-29.1066679" lon="-67.4703614">
    <ele>999</ele>
    <time>2026-02-23T14:07:45Z</time>
    <extensions>
     <gpxdata:hr>83</gpxdata:hr>
     <gpxdata:distance>6479.50</gpxdata:distance>
     <gpxdata:speed>5.347</gpxdata:speed>
    </extensions>
   </trkpt>
   <trkpt lat="-29.1066203" lon="-67.4703543">
    <ele>999</ele>
    <time>2026-02-23T14:07:46Z</time>
    <extensions>
     <gpxdata:hr>82</gpxdata:hr>
     <gpxdata:distance>6485.00</gpxdata:distance>
     <gpxdata:speed>5.347</gpxdata:speed>
    </extensions>
   </trkpt>
   <trkpt lat="-29.1065726" lon="-67.4703477">
    <ele>999</ele>
    <time>2026-02-23T14:07:47Z</time>
    <extensions>
     <gpxdata:hr>82</gpxdata:hr>
     <gpxdata:distance>6490.50</gpxdata:distance>
     <gpxdata:speed>5.439</gpxdata:speed>
    </extensions>
   </trkpt>
   <trkpt lat="-29.1065241" lon="-67.4703413">
    <ele>998</ele>
    <time>2026-02-23T14:07:48Z</time>
    <extensions>
     <gpxdata:hr>80</gpxdata:hr>
     <gpxdata:distance>6496.00</gpxdata:distance>
     <gpxdata:speed>5.444</gpxdata:speed>
    </extensions>
   </trkpt>
   <trkpt lat="-29.1064754" lon="-67.4703354">
    <ele>998</ele>
    <time>2026-02-23T14:07:49Z</time>
    <extensions>
     <gpxdata:hr>80</gpxdata:hr>
     <gpxdata:distance>6501.50</gpxdata:distance>
     <gpxdata:speed>5.433</gpxdata:speed>
    </extensions>
   </trkpt>
   <trkpt lat="-29.1064268" lon="-67.4703300">
    <ele>998</ele>
    <time>2026-02-23T14:07:50Z</time>
    <extensions>
     <gpxdata:hr>80</gpxdata:hr>
     <gpxdata:distance>6507.00</gpxdata:distance>
     <gpxdata:speed>5.486</gpxdata:speed>
    </extensions>
   </trkpt>
   <trkpt lat="-29.1063777" lon="-67.4703248">
    <ele>998</ele>
    <time>2026-02-23T14:07:51Z</time>
    <extensions>
     <gpxdata:hr>80</gpxdata:hr>
     <gpxdata:distance>6512.50</gpxdata:distance>
     <gpxdata:speed>5.606</gpxdata:speed>
    </extensions>
   </trkpt>
   <trkpt lat="-29.1063275" lon="-67.4703186">
    <ele>998</ele>
    <time>2026-02-23T14:07:52Z</time>
    <extensions>
     <gpxdata:hr>82</gpxdata:hr>
     <gpxdata:distance>6518.00</gpxdata:distance>
     <gpxdata:speed>5.508</gpxdata:speed>
    </extensions>
   </trkpt>
   <trkpt lat="-29.1062784" lon="-67.4703119">
    <ele>998</ele>
    <time>2026-02-23T14:07:53Z</time>
    <extensions>
     <gpxdata:hr>82</gpxdata:hr>
     <gpxdata:distance>6523.50</gpxdata:distance>
     <gpxdata:speed>5.517</gpxdata:speed>
    </extensions>
   </trkpt>
   <trkpt lat="-29.1062292" lon="-67.4703051">
    <ele>998</ele>
    <time>2026-02-23T14:07:54Z</time>
    <extensions>
     <gpxdata:hr>83</gpxdata:hr>
     <gpxdata:distance>6529.00</gpxdata:distance>
     <gpxdata:speed>5.489</gpxdata:speed>
    </extensions>
   </trkpt>
   <trkpt lat="-29.1061803" lon="-67.4702977">
    <ele>998</ele>
    <time>2026-02-23T14:07:55Z</time>
    <extensions>
     <gpxdata:hr>84</gpxdata:hr>
     <gpxdata:distance>6534.50</gpxdata:distance>
     <gpxdata:speed>5.522</gpxdata:speed>
    </extensions>
   </trkpt>
   <trkpt lat="-29.1061310" lon="-67.4702904">
    <ele>998</ele>
    <time>2026-02-23T14:07:56Z</time>
    <extensions>
     <gpxdata:hr>84</gpxdata:hr>
     <gpxdata:distance>6540.00</gpxdata:distance>
     <gpxdata:speed>5.558</gpxdata:speed>
    </extensions>
   </trkpt>
   <trkpt lat="-29.1060814" lon="-67.4702834">
    <ele>998</ele>
    <time>2026-02-23T14:07:57Z</time>
    <extensions>
     <gpxdata:hr>84</gpxdata:hr>
     <gpxdata:distance>6545.50</gpxdata:distance>
     <gpxdata:speed>5.642</gpxdata:speed>
    </extensions>
   </trkpt>
   <trkpt lat="-29.1060310" lon="-67.4702772">
    <ele>998</ele>
    <time>2026-02-23T14:07:58Z</time>
    <extensions>
     <gpxdata:hr>84</gpxdata:hr>
     <gpxdata:distance>6551.00</gpxdata:distance>
     <gpxdata:speed>5.644</gpxdata:speed>
    </extensions>
   </trkpt>
   <trkpt lat="-29.1059805" lon="-67.4702717">
    <ele>998</ele>
    <time>2026-02-23T14:07:59Z</time>
    <extensions>
     <gpxdata:hr>84</gpxdata:hr>
     <gpxdata:distance>6556.50</gpxdata:distance>
     <gpxdata:speed>5.631</gpxdata:speed>
    </extensions>
   </trkpt>
   <trkpt lat="-29.1059301" lon="-67.4702659">
    <ele>998</ele>
    <time>2026-02-23T14:08:00Z</time>
    <extensions>
     <gpxdata:hr>84</gpxdata:hr>
     <gpxdata:distance>6562.00</gpxdata:distance>
     <gpxdata:speed>5.611</gpxdata:speed>
    </extensions>
   </trkpt>
   <trkpt lat="-29.1058800" lon="-67.4702603">
    <ele>998</ele>
    <time>2026-02-23T14:08:01Z</time>
    <extensions>
     <gpxdata:hr>84</gpxdata:hr>
     <gpxdata:distance>6568.00</gpxdata:distance>
     <gpxdata:speed>5.669</gpxdata:speed>
    </extensions>
   </trkpt>
   <trkpt lat="-29.1058293" lon="-67.4702544">
    <ele>998</ele>
    <time>2026-02-23T14:08:02Z</time>
    <extensions>
     <gpxdata:hr>84</gpxdata:hr>
     <gpxdata:distance>6574.00</gpxdata:distance>
     <gpxdata:speed>5.658</gpxdata:speed>
    </extensions>
   </trkpt>
   <trkpt lat="-29.1057787" lon="-67.4702481">
    <ele>998</ele>
    <time>2026-02-23T14:08:03Z</time>
    <extensions>
     <gpxdata:hr>84</gpxdata:hr>
     <gpxdata:distance>6579.50</gpxdata:distance>
     <gpxdata:speed>5.631</gpxdata:speed>
    </extensions>
   </trkpt>
   <trkpt lat="-29.1057284" lon="-67.4702422">
    <ele>997</ele>
    <time>2026-02-23T14:08:04Z</time>
    <extensions>
     <gpxdata:hr>84</gpxdata:hr>
     <gpxdata:distance>6585.00</gpxdata:distance>
     <gpxdata:speed>5.669</gpxdata:speed>
    </extensions>
   </trkpt>
   <trkpt lat="-29.1056776" lon="-67.4702368">
    <ele>997</ele>
    <time>2026-02-23T14:08:05Z</time>
    <extensions>
     <gpxdata:hr>85</gpxdata:hr>
     <gpxdata:distance>6591.00</gpxdata:distance>
     <gpxdata:speed>5.728</gpxdata:speed>
    </extensions>
   </trkpt>
   <trkpt lat="-29.1056264" lon="-67.4702303">
    <ele>997</ele>
    <time>2026-02-23T14:08:06Z</time>
    <extensions>
     <gpxdata:hr>86</gpxdata:hr>
     <gpxdata:distance>6597.00</gpxdata:distance>
     <gpxdata:speed>5.764</gpxdata:speed>
    </extensions>
   </trkpt>
   <trkpt lat="-29.1055749" lon="-67.4702236">
    <ele>997</ele>
    <time>2026-02-23T14:08:07Z</time>
    <extensions>
     <gpxdata:hr>88</gpxdata:hr>
     <gpxdata:distance>6602.50</gpxdata:distance>
     <gpxdata:speed>5.583</gpxdata:speed>
    </extensions>
   </trkpt>
   <trkpt lat="-29.1055252" lon="-67.4702168">
    <ele>997</ele>
    <time>2026-02-23T14:08:08Z</time>
    <extensions>
     <gpxdata:hr>90</gpxdata:hr>
     <gpxdata:distance>6608.00</gpxdata:distance>
     <gpxdata:speed>5.619</gpxdata:speed>
    </extensions>
   </trkpt>
   <trkpt lat="-29.1054751" lon="-67.4702094">
    <ele>997</ele>
    <time>2026-02-23T14:08:09Z</time>
    <extensions>
     <gpxdata:hr>92</gpxdata:hr>
     <gpxdata:distance>6613.50</gpxdata:distance>
     <gpxdata:speed>5.556</gpxdata:speed>
    </extensions>
   </trkpt>
   <trkpt lat="-29.1054257" lon="-67.4702021">
    <ele>997</ele>
    <time>2026-02-23T14:08:10Z</time>
    <extensions>
     <gpxdata:hr>93</gpxdata:hr>
     <gpxdata:distance>6619.00</gpxdata:distance>
     <gpxdata:speed>5.617</gpxdata:speed>
    </extensions>
   </trkpt>
   <trkpt lat="-29.1053755" lon="-67.4701957">
    <ele>997</ele>
    <time>2026-02-23T14:08:11Z</time>
    <extensions>
     <gpxdata:hr>94</gpxdata:hr>
     <gpxdata:distance>6624.50</gpxdata:distance>
     <gpxdata:speed>5.614</gpxdata:speed>
    </extensions>
   </trkpt>
   <trkpt lat="-29.1053252" lon="-67.4701907">
    <ele>997</ele>
    <time>2026-02-23T14:08:12Z</time>
    <extensions>
     <gpxdata:hr>94</gpxdata:hr>
     <gpxdata:distance>6630.00</gpxdata:distance>
     <gpxdata:speed>5.681</gpxdata:speed>
    </extensions>
   </trkpt>
   <trkpt lat="-29.1052744" lon="-67.4701847">
    <ele>997</ele>
    <time>2026-02-23T14:08:13Z</time>
    <extensions>
     <gpxdata:hr>95</gpxdata:hr>
     <gpxdata:distance>6636.00</gpxdata:distance>
     <gpxdata:speed>5.669</gpxdata:speed>
    </extensions>
   </trkpt>
   <trkpt lat="-29.1052238" lon="-67.4701783">
    <ele>997</ele>
    <time>2026-02-23T14:08:14Z</time>
    <extensions>
     <gpxdata:hr>96</gpxdata:hr>
     <gpxdata:distance>6642.00</gpxdata:distance>
     <gpxdata:speed>5.644</gpxdata:speed>
    </extensions>
   </trkpt>
   <trkpt lat="-29.1051734" lon="-67.4701717">
    <ele>997</ele>
    <time>2026-02-23T14:08:15Z</time>
    <extensions>
     <gpxdata:hr>96</gpxdata:hr>
     <gpxdata:distance>6647.50</gpxdata:distance>
     <gpxdata:speed>5.617</gpxdata:speed>
    </extensions>
   </trkpt>
   <trkpt lat="-29.1051232" lon="-67.4701656">
    <ele>997</ele>
    <time>2026-02-23T14:08:16Z</time>
    <extensions>
     <gpxdata:hr>96</gpxdata:hr>
     <gpxdata:distance>6653.00</gpxdata:distance>
     <gpxdata:speed>5.739</gpxdata:speed>
    </extensions>
   </trkpt>
   <trkpt lat="-29.1050719" lon="-67.4701588">
    <ele>997</ele>
    <time>2026-02-23T14:08:17Z</time>
    <extensions>
     <gpxdata:hr>96</gpxdata:hr>
     <gpxdata:distance>6658.50</gpxdata:distance>
     <gpxdata:speed>5.722</gpxdata:speed>
    </extensions>
   </trkpt>
   <trkpt lat="-29.1050209" lon="-67.4701519">
    <ele>997</ele>
    <time>2026-02-23T14:08:18Z</time>
    <extensions>
     <gpxdata:hr>96</gpxdata:hr>
     <gpxdata:distance>6664.00</gpxdata:distance>
     <gpxdata:speed>5.742</gpxdata:speed>
    </extensions>
   </trkpt>
   <trkpt lat="-29.1049696" lon="-67.4701450">
    <ele>997</ele>
    <time>2026-02-23T14:08:19Z</time>
    <extensions>
     <gpxdata:hr>94</gpxdata:hr>
     <gpxdata:distance>6670.00</gpxdata:distance>
     <gpxdata:speed>5.697</gpxdata:speed>
    </extensions>
   </trkpt>
   <trkpt lat="-29.1049188" lon="-67.4701383">
    <ele>997</ele>
    <time>2026-02-23T14:08:20Z</time>
    <extensions>
     <gpxdata:hr>93</gpxdata:hr>
     <gpxdata:distance>6676.00</gpxdata:distance>
     <gpxdata:speed>5.714</gpxdata:speed>
    </extensions>
   </trkpt>
   <trkpt lat="-29.1048677" lon="-67.4701316">
    <ele>996</ele>
    <time>2026-02-23T14:08:21Z</time>
    <extensions>
     <gpxdata:hr>93</gpxdata:hr>
     <gpxdata:distance>6681.50</gpxdata:distance>
     <gpxdata:speed>5.739</gpxdata:speed>
    </extensions>
   </trkpt>
   <trkpt lat="-29.1048164" lon="-67.4701255">
    <ele>996</ele>
    <time>2026-02-23T14:08:22Z</time>
    <extensions>
     <gpxdata:hr>93</gpxdata:hr>
     <gpxdata:distance>6687.00</gpxdata:distance>
     <gpxdata:speed>5.764</gpxdata:speed>
    </extensions>
   </trkpt>
   <trkpt lat="-29.1047649" lon="-67.4701194">
    <ele>996</ele>
    <time>2026-02-23T14:08:23Z</time>
    <extensions>
     <gpxdata:hr>93</gpxdata:hr>
     <gpxdata:distance>6693.00</gpxdata:distance>
     <gpxdata:speed>5.775</gpxdata:speed>
    </extensions>
   </trkpt>
   <trkpt lat="-29.1047133" lon="-67.4701131">
    <ele>996</ele>
    <time>2026-02-23T14:08:24Z</time>
    <extensions>
     <gpxdata:hr>93</gpxdata:hr>
     <gpxdata:distance>6699.00</gpxdata:distance>
     <gpxdata:speed>5.783</gpxdata:speed>
    </extensions>
   </trkpt>
   <trkpt lat="-29.1046616" lon="-67.4701065">
    <ele>996</ele>
    <time>2026-02-23T14:08:25Z</time>
    <extensions>
     <gpxdata:hr>93</gpxdata:hr>
     <gpxdata:distance>6704.50</gpxdata:distance>
     <gpxdata:speed>5.650</gpxdata:speed>
    </extensions>
   </trkpt>
   <trkpt lat="-29.1046112" lon="-67.4701005">
    <ele>996</ele>
    <time>2026-02-23T14:08:26Z</time>
    <extensions>
     <gpxdata:hr>93</gpxdata:hr>
     <gpxdata:distance>6710.00</gpxdata:distance>
     <gpxdata:speed>5.667</gpxdata:speed>
    </extensions>
   </trkpt>
   <trkpt lat="-29.1045606" lon="-67.4700944">
    <ele>996</ele>
    <time>2026-02-23T14:08:27Z</time>
    <extensions>
     <gpxdata:hr>93</gpxdata:hr>
     <gpxdata:distance>6715.50</gpxdata:distance>
     <gpxdata:speed>5.642</gpxdata:speed>
    </extensions>
   </trkpt>
   <trkpt lat="-29.1045102" lon="-67.4700887">
    <ele>996</ele>
    <time>2026-02-23T14:08:28Z</time>
    <extensions>
     <gpxdata:hr>93</gpxdata:hr>
     <gpxdata:distance>6721.00</gpxdata:distance>
     <gpxdata:speed>5.622</gpxdata:speed>
    </extensions>
   </trkpt>
   <trkpt lat="-29.1044600" lon="-67.4700827">
    <ele>996</ele>
    <time>2026-02-23T14:08:29Z</time>
    <extensions>
     <gpxdata:hr>93</gpxdata:hr>
     <gpxdata:distance>6727.00</gpxdata:distance>
     <gpxdata:speed>5.608</gpxdata:speed>
    </extensions>
   </trkpt>
   <trkpt lat="-29.1044099" lon="-67.4700764">
    <ele>996</ele>
    <time>2026-02-23T14:08:30Z</time>
    <extensions>
     <gpxdata:hr>93</gpxdata:hr>
     <gpxdata:distance>6733.00</gpxdata:distance>
     <gpxdata:speed>5.603</gpxdata:speed>
    </extensions>
   </trkpt>
   <trkpt lat="-29.1043599" lon="-67.4700699">
    <ele>996</ele>
    <time>2026-02-23T14:08:31Z</time>
    <extensions>
     <gpxdata:hr>93</gpxdata:hr>
     <gpxdata:distance>6738.50</gpxdata:distance>
     <gpxdata:speed>5.597</gpxdata:speed>
    </extensions>
   </trkpt>
   <trkpt lat="-29.1043099" lon="-67.4700639">
    <ele>996</ele>
    <time>2026-02-23T14:08:32Z</time>
    <extensions>
     <gpxdata:hr>93</gpxdata:hr>
     <gpxdata:distance>6744.00</gpxdata:distance>
     <gpxdata:speed>5.656</gpxdata:speed>
    </extensions>
   </trkpt>
   <trkpt lat="-29.1042592" lon="-67.4700584">
    <ele>996</ele>
    <time>2026-02-23T14:08:33Z</time>
    <extensions>
     <gpxdata:hr>93</gpxdata:hr>
     <gpxdata:distance>6749.50</gpxdata:distance>
     <gpxdata:speed>5.586</gpxdata:speed>
    </extensions>
   </trkpt>
   <trkpt lat="-29.1042093" lon="-67.4700526">
    <ele>996</ele>
    <time>2026-02-23T14:08:34Z</time>
    <extensions>
     <gpxdata:hr>93</gpxdata:hr>
     <gpxdata:distance>6755.00</gpxdata:distance>
     <gpxdata:speed>5.567</gpxdata:speed>
    </extensions>
   </trkpt>
   <trkpt lat="-29.1041596" lon="-67.4700470">
    <ele>996</ele>
    <time>2026-02-23T14:08:35Z</time>
    <extensions>
     <gpxdata:hr>93</gpxdata:hr>
     <gpxdata:distance>6760.50</gpxdata:distance>
     <gpxdata:speed>5.642</gpxdata:speed>
    </extensions>
   </trkpt>
   <trkpt lat="-29.1041091" lon="-67.4700411">
    <ele>996</ele>
    <time>2026-02-23T14:08:36Z</time>
    <extensions>
     <gpxdata:hr>93</gpxdata:hr>
     <gpxdata:distance>6766.00</gpxdata:distance>
     <gpxdata:speed>5.647</gpxdata:speed>
    </extensions>
   </trkpt>
   <trkpt lat="-29.1040587" lon="-67.4700348">
    <ele>996</ele>
    <time>2026-02-23T14:08:37Z</time>
    <extensions>
     <gpxdata:hr>93</gpxdata:hr>
     <gpxdata:distance>6772.00</gpxdata:distance>
     <gpxdata:speed>5.631</gpxdata:speed>
    </extensions>
   </trkpt>
   <trkpt lat="-29.1040084" lon="-67.4700283">
    <ele>996</ele>
    <time>2026-02-23T14:08:38Z</time>
    <extensions>
     <gpxdata:hr>93</gpxdata:hr>
     <gpxdata:distance>6778.00</gpxdata:distance>
     <gpxdata:speed>5.681</gpxdata:speed>
    </extensions>
   </trkpt>
   <trkpt lat="-29.1039576" lon="-67.4700216">
    <ele>996</ele>
    <time>2026-02-23T14:08:39Z</time>
    <extensions>
     <gpxdata:hr>93</gpxdata:hr>
     <gpxdata:distance>6783.50</gpxdata:distance>
     <gpxdata:speed>5.608</gpxdata:speed>
    </extensions>
   </trkpt>
   <trkpt lat="-29.1039077" lon="-67.4700143">
    <ele>996</ele>
    <time>2026-02-23T14:08:40Z</time>
    <extensions>
     <gpxdata:hr>93</gpxdata:hr>
     <gpxdata:distance>6789.00</gpxdata:distance>
     <gpxdata:speed>5.522</gpxdata:speed>
    </extensions>
   </trkpt>
   <trkpt lat="-29.1038585" lon="-67.4700071">
    <ele>997</ele>
    <time>2026-02-23T14:08:41Z</time>
    <extensions>
     <gpxdata:hr>93</gpxdata:hr>
     <gpxdata:distance>6794.50</gpxdata:distance>
     <gpxdata:speed>5.531</gpxdata:speed>
    </extensions>
   </trkpt>
   <trkpt lat="-29.1038092" lon="-67.4700001">
    <ele>997</ele>
    <time>2026-02-23T14:08:42Z</time>
    <extensions>
     <gpxdata:hr>92</gpxdata:hr>
     <gpxdata:distance>6800.00</gpxdata:distance>
     <gpxdata:speed>5.550</gpxdata:speed>
    </extensions>
   </trkpt>
   <trkpt lat="-29.1037597" lon="-67.4699939">
    <ele>996</ele>
    <time>2026-02-23T14:08:43Z</time>
    <extensions>
     <gpxdata:hr>91</gpxdata:hr>
     <gpxdata:distance>6805.00</gpxdata:distance>
     <gpxdata:speed>5.439</gpxdata:speed>
    </extensions>
   </trkpt>
   <trkpt lat="-29.1037111" lon="-67.4699883">
    <ele>996</ele>
    <time>2026-02-23T14:08:44Z</time>
    <extensions>
     <gpxdata:hr>91</gpxdata:hr>
     <gpxdata:distance>6810.00</gpxdata:distance>
     <gpxdata:speed>5.336</gpxdata:speed>
    </extensions>
   </trkpt>
   <trkpt lat="-29.1036635" lon="-67.4699825">
    <ele>996</ele>
    <time>2026-02-23T14:08:45Z</time>
    <extensions>
     <gpxdata:hr>90</gpxdata:hr>
     <gpxdata:distance>6815.50</gpxdata:distance>
     <gpxdata:speed>5.283</gpxdata:speed>
    </extensions>
   </trkpt>
   <trkpt lat="-29.1036165" lon="-67.4699757">
    <ele>996</ele>
    <time>2026-02-23T14:08:46Z</time>
    <extensions>
     <gpxdata:hr>90</gpxdata:hr>
     <gpxdata:distance>6821.00</gpxdata:distance>
     <gpxdata:speed>5.253</gpxdata:speed>
    </extensions>
   </trkpt>
   <trkpt lat="-29.1035698" lon="-67.4699687">
    <ele>996</ele>
    <time>2026-02-23T14:08:47Z</time>
    <extensions>
     <gpxdata:hr>90</gpxdata:hr>
     <gpxdata:distance>6826.00</gpxdata:distance>
     <gpxdata:speed>5.236</gpxdata:speed>
    </extensions>
   </trkpt>
   <trkpt lat="-29.1035231" lon="-67.4699618">
    <ele>996</ele>
    <time>2026-02-23T14:08:48Z</time>
    <extensions>
     <gpxdata:hr>88</gpxdata:hr>
     <gpxdata:distance>6831.00</gpxdata:distance>
     <gpxdata:speed>5.225</gpxdata:speed>
    </extensions>
   </trkpt>
   <trkpt lat="-29.1034765" lon="-67.4699556">
    <ele>996</ele>
    <time>2026-02-23T14:08:49Z</time>
    <extensions>
     <gpxdata:hr>87</gpxdata:hr>
     <gpxdata:distance>6836.50</gpxdata:distance>
     <gpxdata:speed>5.278</gpxdata:speed>
    </extensions>
   </trkpt>
   <trkpt lat="-29.1034293" lon="-67.4699507">
    <ele>996</ele>
    <time>2026-02-23T14:08:50Z</time>
    <extensions>
     <gpxdata:hr>86</gpxdata:hr>
     <gpxdata:distance>6842.00</gpxdata:distance>
     <gpxdata:speed>5.336</gpxdata:speed>
    </extensions>
   </trkpt>
   <trkpt lat="-29.1033814" lon="-67.4699460">
    <ele>996</ele>
    <time>2026-02-23T14:08:51Z</time>
    <extensions>
     <gpxdata:hr>84</gpxdata:hr>
     <gpxdata:distance>6847.50</gpxdata:distance>
     <gpxdata:speed>5.311</gpxdata:speed>
    </extensions>
   </trkpt>
   <trkpt lat="-29.1033339" lon="-67.4699407">
    <ele>996</ele>
    <time>2026-02-23T14:08:52Z</time>
    <extensions>
     <gpxdata:hr>84</gpxdata:hr>
     <gpxdata:distance>6853.00</gpxdata:distance>
     <gpxdata:speed>5.397</gpxdata:speed>
    </extensions>
   </trkpt>
   <trkpt lat="-29.1032855" lon="-67.4699359">
    <ele>996</ele>
    <time>2026-02-23T14:08:53Z</time>
    <extensions>
     <gpxdata:hr>82</gpxdata:hr>
     <gpxdata:distance>6858.00</gpxdata:distance>
     <gpxdata:speed>5.361</gpxdata:speed>
    </extensions>
   </trkpt>
   <trkpt lat="-29.1032376" lon="-67.4699306">
    <ele>996</ele>
    <time>2026-02-23T14:08:54Z</time>
    <extensions>
     <gpxdata:hr>82</gpxdata:hr>
     <gpxdata:distance>6863.00</gpxdata:distance>
     <gpxdata:speed>5.364</gpxdata:speed>
    </extensions>
   </trkpt>
   <trkpt lat="-29.1031896" lon="-67.4699253">
    <ele>996</ele>
    <time>2026-02-23T14:08:55Z</time>
    <extensions>
     <gpxdata:hr>81</gpxdata:hr>
     <gpxdata:distance>6868.50</gpxdata:distance>
     <gpxdata:speed>5.450</gpxdata:speed>
    </extensions>
   </trkpt>
   <trkpt lat="-29.1031409" lon="-67.4699194">
    <ele>996</ele>
    <time>2026-02-23T14:08:56Z</time>
    <extensions>
     <gpxdata:hr>81</gpxdata:hr>
     <gpxdata:distance>6874.00</gpxdata:distance>
     <gpxdata:speed>5.456</gpxdata:speed>
    </extensions>
   </trkpt>
   <trkpt lat="-29.1030921" lon="-67.4699137">
    <ele>996</ele>
    <time>2026-02-23T14:08:57Z</time>
    <extensions>
     <gpxdata:hr>81</gpxdata:hr>
     <gpxdata:distance>6880.00</gpxdata:distance>
     <gpxdata:speed>5.567</gpxdata:speed>
    </extensions>
   </trkpt>
   <trkpt lat="-29.1030422" lon="-67.4699084">
    <ele>996</ele>
    <time>2026-02-23T14:08:58Z</time>
    <extensions>
     <gpxdata:hr>82</gpxdata:hr>
     <gpxdata:distance>6886.00</gpxdata:distance>
     <gpxdata:speed>5.678</gpxdata:speed>
    </extensions>
   </trkpt>
   <trkpt lat="-29.1029914" lon="-67.4699020">
    <ele>996</ele>
    <time>2026-02-23T14:08:59Z</time>
    <extensions>
     <gpxdata:hr>82</gpxdata:hr>
     <gpxdata:distance>6892.00</gpxdata:distance>
     <gpxdata:speed>5.739</gpxdata:speed>
    </extensions>
   </trkpt>
   <trkpt lat="-29.1029400" lon="-67.4698959">
    <ele>996</ele>
    <time>2026-02-23T14:09:00Z</time>
    <extensions>
     <gpxdata:hr>83</gpxdata:hr>
     <gpxdata:distance>6898.00</gpxdata:distance>
     <gpxdata:speed>5.842</gpxdata:speed>
    </extensions>
   </trkpt>
   <trkpt lat="-29.1028877" lon="-67.4698890">
    <ele>996</ele>
    <time>2026-02-23T14:09:01Z</time>
    <extensions>
     <gpxdata:hr>84</gpxdata:hr>
     <gpxdata:distance>6904.00</gpxdata:distance>
     <gpxdata:speed>5.911</gpxdata:speed>
    </extensions>
   </trkpt>
   <trkpt lat="-29.1028349" lon="-67.4698820">
    <ele>996</ele>
    <time>2026-02-23T14:09:02Z</time>
    <extensions>
     <gpxdata:hr>85</gpxdata:hr>
     <gpxdata:distance>6910.00</gpxdata:distance>
     <gpxdata:speed>5.947</gpxdata:speed>
    </extensions>
   </trkpt>
   <trkpt lat="-29.1027817" lon="-67.4698757">
    <ele>996</ele>
    <time>2026-02-23T14:09:03Z</time>
    <extensions>
     <gpxdata:hr>86</gpxdata:hr>
     <gpxdata:distance>6915.50</gpxdata:distance>
     <gpxdata:speed>5.961</gpxdata:speed>
    </extensions>
   </trkpt>
   <trkpt lat="-29.1027283" lon="-67.4698694">
    <ele>996</ele>
    <time>2026-02-23T14:09:04Z</time>
    <extensions>
     <gpxdata:hr>87</gpxdata:hr>
     <gpxdata:distance>6921.00</gpxdata:distance>
     <gpxdata:speed>5.900</gpxdata:speed>
    </extensions>
   </trkpt>
   <trkpt lat="-29.1026756" lon="-67.4698637">
    <ele>996</ele>
    <time>2026-02-23T14:09:05Z</time>
    <extensions>
     <gpxdata:hr>88</gpxdata:hr>
     <gpxdata:distance>6927.50</gpxdata:distance>
     <gpxdata:speed>5.914</gpxdata:speed>
    </extensions>
   </trkpt>
   <trkpt lat="-29.1026228" lon="-67.4698570">
    <ele>996</ele>
    <time>2026-02-23T14:09:06Z</time>
    <extensions>
     <gpxdata:hr>89</gpxdata:hr>
     <gpxdata:distance>6934.00</gpxdata:distance>
     <gpxdata:speed>6.008</gpxdata:speed>
    </extensions>
   </trkpt>
   <trkpt lat="-29.1025691" lon="-67.4698496">
    <ele>996</ele>
    <time>2026-02-23T14:09:07Z</time>
    <extensions>
     <gpxdata:hr>90</gpxdata:hr>
     <gpxdata:distance>6940.00</gpxdata:distance>
     <gpxdata:speed>6.011</gpxdata:speed>
    </extensions>
   </trkpt>
   <trkpt lat="-29.1024975" lon="-67.4698406">
    <ele>996</ele>
    <time>2026-02-23T14:09:08Z</time>
    <extensions>
     <gpxdata:hr>90</gpxdata:hr>
     <gpxdata:distance>6946.00</gpxdata:distance>
     <gpxdata:speed>6.069</gpxdata:speed>
    </extensions>
   </trkpt>
   <trkpt lat="-29.1024409" lon="-67.4698331">
    <ele>996</ele>
    <time>2026-02-23T14:09:09Z</time>
    <extensions>
     <gpxdata:hr>91</gpxdata:hr>
     <gpxdata:distance>6951.50</gpxdata:distance>
     <gpxdata:speed>6.053</gpxdata:speed>
    </extensions>
   </trkpt>
   <trkpt lat="-29.1023865" lon="-67.4698259">
    <ele>996</ele>
    <time>2026-02-23T14:09:10Z</time>
    <extensions>
     <gpxdata:hr>91</gpxdata:hr>
     <gpxdata:distance>6957.00</gpxdata:distance>
     <gpxdata:speed>5.958</gpxdata:speed>
    </extensions>
   </trkpt>
   <trkpt lat="-29.1023336" lon="-67.4698183">
    <ele>996</ele>
    <time>2026-02-23T14:09:11Z</time>
    <extensions>
     <gpxdata:hr>93</gpxdata:hr>
     <gpxdata:distance>6963.00</gpxdata:distance>
     <gpxdata:speed>5.942</gpxdata:speed>
    </extensions>
   </trkpt>
   <trkpt lat="-29.1022954" lon="-67.4698130">
    <ele>996</ele>
    <time>2026-02-23T14:09:12Z</time>
    <extensions>
     <gpxdata:hr>94</gpxdata:hr>
     <gpxdata:distance>6969.00</gpxdata:distance>
     <gpxdata:speed>5.881</gpxdata:speed>
    </extensions>
   </trkpt>
   <trkpt lat="-29.1022472" lon="-67.4698065">
    <ele>996</ele>
    <time>2026-02-23T14:09:13Z</time>
    <extensions>
     <gpxdata:hr>94</gpxdata:hr>
     <gpxdata:distance>6975.00</gpxdata:distance>
     <gpxdata:speed>5.900</gpxdata:speed>
    </extensions>
   </trkpt>
   <trkpt lat="-29.1021956" lon="-67.4697998">
    <ele>996</ele>
    <time>2026-02-23T14:09:14Z</time>
    <extensions>
     <gpxdata:hr>93</gpxdata:hr>
     <gpxdata:distance>6981.00</gpxdata:distance>
     <gpxdata:speed>5.928</gpxdata:speed>
    </extensions>
   </trkpt>
   <trkpt lat="-29.1021429" lon="-67.4697932">
    <ele>996</ele>
    <time>2026-02-23T14:09:15Z</time>
    <extensions>
     <gpxdata:hr>93</gpxdata:hr>
     <gpxdata:distance>6987.00</gpxdata:distance>
     <gpxdata:speed>5.886</gpxdata:speed>
    </extensions>
   </trkpt>
   <trkpt lat="-29.1020905" lon="-67.4697865">
    <ele>996</ele>
    <time>2026-02-23T14:09:16Z</time>
    <extensions>
     <gpxdata:hr>94</gpxdata:hr>
     <gpxdata:distance>6993.00</gpxdata:distance>
     <gpxdata:speed>5.900</gpxdata:speed>
    </extensions>
   </trkpt>
   <trkpt lat="-29.1020377" lon="-67.4697805">
    <ele>996</ele>
    <time>2026-02-23T14:09:17Z</time>
    <extensions>
     <gpxdata:hr>95</gpxdata:hr>
     <gpxdata:distance>6999.00</gpxdata:distance>
     <gpxdata:speed>5.864</gpxdata:speed>
    </extensions>
   </trkpt>
   <trkpt lat="-29.1019854" lon="-67.4697744">
    <ele>996</ele>
    <time>2026-02-23T14:09:18Z</time>
    <extensions>
     <gpxdata:hr>95</gpxdata:hr>
     <gpxdata:distance>7005.00</gpxdata:distance>
     <gpxdata:speed>5.892</gpxdata:speed>
    </extensions>
   </trkpt>
   <trkpt lat="-29.1019327" lon="-67.4697681">
    <ele>996</ele>
    <time>2026-02-23T14:09:19Z</time>
    <extensions>
     <gpxdata:hr>97</gpxdata:hr>
     <gpxdata:distance>7010.50</gpxdata:distance>
     <gpxdata:speed>5.992</gpxdata:speed>
    </extensions>
   </trkpt>
   <trkpt lat="-29.1018791" lon="-67.4697615">
    <ele>996</ele>
    <time>2026-02-23T14:09:20Z</time>
    <extensions>
     <gpxdata:hr>97</gpxdata:hr>
     <gpxdata:distance>7016.00</gpxdata:distance>
     <gpxdata:speed>5.878</gpxdata:speed>
    </extensions>
   </trkpt>
   <trkpt lat="-29.1018266" lon="-67.4697549">
    <ele>996</ele>
    <time>2026-02-23T14:09:21Z</time>
    <extensions>
     <gpxdata:hr>97</gpxdata:hr>
     <gpxdata:distance>7022.00</gpxdata:distance>
     <gpxdata:speed>5.819</gpxdata:speed>
    </extensions>
   </trkpt>
   <trkpt lat="-29.1017747" lon="-67.4697483">
    <ele>996</ele>
    <time>2026-02-23T14:09:22Z</time>
    <extensions>
     <gpxdata:hr>97</gpxdata:hr>
     <gpxdata:distance>7028.00</gpxdata:distance>
     <gpxdata:speed>5.783</gpxdata:speed>
    </extensions>
   </trkpt>
   <trkpt lat="-29.1017231" lon="-67.4697422">
    <ele>996</ele>
    <time>2026-02-23T14:09:23Z</time>
    <extensions>
     <gpxdata:hr>97</gpxdata:hr>
     <gpxdata:distance>7034.00</gpxdata:distance>
     <gpxdata:speed>5.783</gpxdata:speed>
    </extensions>
   </trkpt>
   <trkpt lat="-29.1016715" lon="-67.4697355">
    <ele>996</ele>
    <time>2026-02-23T14:09:24Z</time>
    <extensions>
     <gpxdata:hr>97</gpxdata:hr>
     <gpxdata:distance>7040.00</gpxdata:distance>
     <gpxdata:speed>5.856</gpxdata:speed>
    </extensions>
   </trkpt>
   <trkpt lat="-29.1016192" lon="-67.4697279">
    <ele>996</ele>
    <time>2026-02-23T14:09:25Z</time>
    <extensions>
     <gpxdata:hr>96</gpxdata:hr>
     <gpxdata:distance>7046.00</gpxdata:distance>
     <gpxdata:speed>5.844</gpxdata:speed>
    </extensions>
   </trkpt>
   <trkpt lat="-29.1015671" lon="-67.4697212">
    <ele>996</ele>
    <time>2026-02-23T14:09:26Z</time>
    <extensions>
     <gpxdata:hr>97</gpxdata:hr>
     <gpxdata:distance>7052.00</gpxdata:distance>
     <gpxdata:speed>5.883</gpxdata:speed>
    </extensions>
   </trkpt>
   <trkpt lat="-29.1015145" lon="-67.4697146">
    <ele>996</ele>
    <time>2026-02-23T14:09:27Z</time>
    <extensions>
     <gpxdata:hr>96</gpxdata:hr>
     <gpxdata:distance>7057.50</gpxdata:distance>
     <gpxdata:speed>5.733</gpxdata:speed>
    </extensions>
   </trkpt>
   <trkpt lat="-29.1014633" lon="-67.4697081">
    <ele>996</ele>
    <time>2026-02-23T14:09:28Z</time>
    <extensions>
     <gpxdata:hr>96</gpxdata:hr>
     <gpxdata:distance>7063.00</gpxdata:distance>
     <gpxdata:speed>5.642</gpxdata:speed>
    </extensions>
   </trkpt>
   <trkpt lat="-29.1014130" lon="-67.4697022">
    <ele>996</ele>
    <time>2026-02-23T14:09:29Z</time>
    <extensions>
     <gpxdata:hr>97</gpxdata:hr>
     <gpxdata:distance>7068.50</gpxdata:distance>
     <gpxdata:speed>5.658</gpxdata:speed>
    </extensions>
   </trkpt>
   <trkpt lat="-29.1013624" lon="-67.4696973">
    <ele>996</ele>
    <time>2026-02-23T14:09:30Z</time>
    <extensions>
     <gpxdata:hr>98</gpxdata:hr>
     <gpxdata:distance>7074.00</gpxdata:distance>
     <gpxdata:speed>5.575</gpxdata:speed>
    </extensions>
   </trkpt>
   <trkpt lat="-29.1013125" lon="-67.4696927">
    <ele>996</ele>
    <time>2026-02-23T14:09:31Z</time>
    <extensions>
     <gpxdata:hr>99</gpxdata:hr>
     <gpxdata:distance>7079.50</gpxdata:distance>
     <gpxdata:speed>5.558</gpxdata:speed>
    </extensions>
   </trkpt>
   <trkpt lat="-29.1012628" lon="-67.4696880">
    <ele>996</ele>
    <time>2026-02-23T14:09:32Z</time>
    <extensions>
     <gpxdata:hr>101</gpxdata:hr>
     <gpxdata:distance>7085.00</gpxdata:distance>
     <gpxdata:speed>5.436</gpxdata:speed>
    </extensions>
   </trkpt>
   <trkpt lat="-29.1012143" lon="-67.4696825">
    <ele>996</ele>
    <time>2026-02-23T14:09:33Z</time>
    <extensions>
     <gpxdata:hr>103</gpxdata:hr>
     <gpxdata:distance>7090.00</gpxdata:distance>
     <gpxdata:speed>5.264</gpxdata:speed>
    </extensions>
   </trkpt>
   <trkpt lat="-29.1011674" lon="-67.4696771">
    <ele>996</ele>
    <time>2026-02-23T14:09:34Z</time>
    <extensions>
     <gpxdata:hr>103</gpxdata:hr>
     <gpxdata:distance>7095.00</gpxdata:distance>
     <gpxdata:speed>5.272</gpxdata:speed>
    </extensions>
   </trkpt>
   <trkpt lat="-29.1011203" lon="-67.4696718">
    <ele>996</ele>
    <time>2026-02-23T14:09:35Z</time>
    <extensions>
     <gpxdata:hr>104</gpxdata:hr>
     <gpxdata:distance>7100.50</gpxdata:distance>
     <gpxdata:speed>5.264</gpxdata:speed>
    </extensions>
   </trkpt>
   <trkpt lat="-29.1010734" lon="-67.4696654">
    <ele>996</ele>
    <time>2026-02-23T14:09:36Z</time>
    <extensions>
     <gpxdata:hr>104</gpxdata:hr>
     <gpxdata:distance>7106.00</gpxdata:distance>
     <gpxdata:speed>5.319</gpxdata:speed>
    </extensions>
   </trkpt>
   <trkpt lat="-29.1010260" lon="-67.4696586">
    <ele>996</ele>
    <time>2026-02-23T14:09:37Z</time>
    <extensions>
     <gpxdata:hr>103</gpxdata:hr>
     <gpxdata:distance>7111.00</gpxdata:distance>
     <gpxdata:speed>5.317</gpxdata:speed>
    </extensions>
   </trkpt>
   <trkpt lat="-29.1009787" lon="-67.4696505">
    <ele>996</ele>
    <time>2026-02-23T14:09:38Z</time>
    <extensions>
     <gpxdata:hr>103</gpxdata:hr>
     <gpxdata:distance>7116.00</gpxdata:distance>
     <gpxdata:speed>5.344</gpxdata:speed>
    </extensions>
   </trkpt>
   <trkpt lat="-29.1009311" lon="-67.4696433">
    <ele>996</ele>
    <time>2026-02-23T14:09:39Z</time>
    <extensions>
     <gpxdata:hr>102</gpxdata:hr>
     <gpxdata:distance>7122.00</gpxdata:distance>
     <gpxdata:speed>5.436</gpxdata:speed>
    </extensions>
   </trkpt>
   <trkpt lat="-29.1008825" lon="-67.4696371">
    <ele>996</ele>
    <time>2026-02-23T14:09:40Z</time>
    <extensions>
     <gpxdata:hr>102</gpxdata:hr>
     <gpxdata:distance>7128.00</gpxdata:distance>
     <gpxdata:speed>5.511</gpxdata:speed>
    </extensions>
   </trkpt>
   <trkpt lat="-29.1008331" lon="-67.4696316">
    <ele>996</ele>
    <time>2026-02-23T14:09:41Z</time>
    <extensions>
     <gpxdata:hr>100</gpxdata:hr>
     <gpxdata:distance>7133.00</gpxdata:distance>
     <gpxdata:speed>5.492</gpxdata:speed>
    </extensions>
   </trkpt>
   <trkpt lat="-29.1007839" lon="-67.4696265">
    <ele>996</ele>
    <time>2026-02-23T14:09:42Z</time>
    <extensions>
     <gpxdata:hr>99</gpxdata:hr>
     <gpxdata:distance>7138.00</gpxdata:distance>
     <gpxdata:speed>5.519</gpxdata:speed>
    </extensions>
   </trkpt>
   <trkpt lat="-29.1007345" lon="-67.4696215">
    <ele>996</ele>
    <time>2026-02-23T14:09:43Z</time>
    <extensions>
     <gpxdata:hr>100</gpxdata:hr>
     <gpxdata:distance>7144.00</gpxdata:distance>
     <gpxdata:speed>5.561</gpxdata:speed>
    </extensions>
   </trkpt>
   <trkpt lat="-29.1006848" lon="-67.4696152">
    <ele>996</ele>
    <time>2026-02-23T14:09:44Z</time>
    <extensions>
     <gpxdata:hr>100</gpxdata:hr>
     <gpxdata:distance>7150.00</gpxdata:distance>
     <gpxdata:speed>5.581</gpxdata:speed>
    </extensions>
   </trkpt>
   <trkpt lat="-29.1006349" lon="-67.4696092">
    <ele>996</ele>
    <time>2026-02-23T14:09:45Z</time>
    <extensions>
     <gpxdata:hr>101</gpxdata:hr>
     <gpxdata:distance>7155.50</gpxdata:distance>
     <gpxdata:speed>5.664</gpxdata:speed>
    </extensions>
   </trkpt>
   <trkpt lat="-29.1005843" lon="-67.4696023">
    <ele>996</ele>
    <time>2026-02-23T14:09:46Z</time>
    <extensions>
     <gpxdata:hr>102</gpxdata:hr>
     <gpxdata:distance>7161.00</gpxdata:distance>
     <gpxdata:speed>5.800</gpxdata:speed>
    </extensions>
   </trkpt>
   <trkpt lat="-29.1005325" lon="-67.4695947">
    <ele>996</ele>
    <time>2026-02-23T14:09:47Z</time>
    <extensions>
     <gpxdata:hr>103</gpxdata:hr>
     <gpxdata:distance>7167.00</gpxdata:distance>
     <gpxdata:speed>5.692</gpxdata:speed>
    </extensions>
   </trkpt>
   <trkpt lat="-29.1004817" lon="-67.4695879">
    <ele>996</ele>
    <time>2026-02-23T14:09:48Z</time>
    <extensions>
     <gpxdata:hr>103</gpxdata:hr>
     <gpxdata:distance>7173.00</gpxdata:distance>
     <gpxdata:speed>5.706</gpxdata:speed>
    </extensions>
   </trkpt>
   <trkpt lat="-29.1004308" lon="-67.4695807">
    <ele>996</ele>
    <time>2026-02-23T14:09:49Z</time>
    <extensions>
     <gpxdata:hr>103</gpxdata:hr>
     <gpxdata:distance>7178.50</gpxdata:distance>
     <gpxdata:speed>5.733</gpxdata:speed>
    </extensions>
   </trkpt>
   <trkpt lat="-29.1003796" lon="-67.4695742">
    <ele>996</ele>
    <time>2026-02-23T14:09:50Z</time>
    <extensions>
     <gpxdata:hr>103</gpxdata:hr>
     <gpxdata:distance>7184.00</gpxdata:distance>
     <gpxdata:speed>5.756</gpxdata:speed>
    </extensions>
   </trkpt>
   <trkpt lat="-29.1003282" lon="-67.4695679">
    <ele>996</ele>
    <time>2026-02-23T14:09:51Z</time>
    <extensions>
     <gpxdata:hr>103</gpxdata:hr>
     <gpxdata:distance>7190.00</gpxdata:distance>
     <gpxdata:speed>5.772</gpxdata:speed>
    </extensions>
   </trkpt>
   <trkpt lat="-29.1002766" lon="-67.4695614">
    <ele>996</ele>
    <time>2026-02-23T14:09:52Z</time>
    <extensions>
     <gpxdata:hr>103</gpxdata:hr>
     <gpxdata:distance>7196.00</gpxdata:distance>
     <gpxdata:speed>5.783</gpxdata:speed>
    </extensions>
   </trkpt>
   <trkpt lat="-29.1002249" lon="-67.4695548">
    <ele>996</ele>
    <time>2026-02-23T14:09:53Z</time>
    <extensions>
     <gpxdata:hr>103</gpxdata:hr>
     <gpxdata:distance>7201.50</gpxdata:distance>
     <gpxdata:speed>5.792</gpxdata:speed>
    </extensions>
   </trkpt>
   <trkpt lat="-29.1001733" lon="-67.4695476">
    <ele>996</ele>
    <time>2026-02-23T14:09:54Z</time>
    <extensions>
     <gpxdata:hr>103</gpxdata:hr>
     <gpxdata:distance>7207.00</gpxdata:distance>
     <gpxdata:speed>5.719</gpxdata:speed>
    </extensions>
   </trkpt>
   <trkpt lat="-29.1001222" lon="-67.4695410">
    <ele>996</ele>
    <time>2026-02-23T14:09:55Z</time>
    <extensions>
     <gpxdata:hr>103</gpxdata:hr>
     <gpxdata:distance>7213.00</gpxdata:distance>
     <gpxdata:speed>5.722</gpxdata:speed>
    </extensions>
   </trkpt>
   <trkpt lat="-29.1000711" lon="-67.4695352">
    <ele>996</ele>
    <time>2026-02-23T14:09:56Z</time>
    <extensions>
     <gpxdata:hr>103</gpxdata:hr>
     <gpxdata:distance>7219.00</gpxdata:distance>
     <gpxdata:speed>5.675</gpxdata:speed>
    </extensions>
   </trkpt>
   <trkpt lat="-29.1000204" lon="-67.4695299">
    <ele>996</ele>
    <time>2026-02-23T14:09:57Z</time>
    <extensions>
     <gpxdata:hr>103</gpxdata:hr>
     <gpxdata:distance>7224.50</gpxdata:distance>
     <gpxdata:speed>5.569</gpxdata:speed>
    </extensions>
   </trkpt>
   <trkpt lat="-29.0999706" lon="-67.4695242">
    <ele>996</ele>
    <time>2026-02-23T14:09:58Z</time>
    <extensions>
     <gpxdata:hr>103</gpxdata:hr>
     <gpxdata:distance>7230.00</gpxdata:distance>
     <gpxdata:speed>5.556</gpxdata:speed>
    </extensions>
   </trkpt>
   <trkpt lat="-29.0999211" lon="-67.4695180">
    <ele>996</ele>
    <time>2026-02-23T14:09:59Z</time>
    <extensions>
     <gpxdata:hr>103</gpxdata:hr>
     <gpxdata:distance>7235.50</gpxdata:distance>
     <gpxdata:speed>5.500</gpxdata:speed>
    </extensions>
   </trkpt>
   <trkpt lat="-29.0998720" lon="-67.4695122">
    <ele>996</ele>
    <time>2026-02-23T14:10:00Z</time>
    <extensions>
     <gpxdata:hr>103</gpxdata:hr>
     <gpxdata:distance>7241.00</gpxdata:distance>
     <gpxdata:speed>5.583</gpxdata:speed>
    </extensions>
   </trkpt>
   <trkpt lat="-29.0998220" lon="-67.4695061">
    <ele>996</ele>
    <time>2026-02-23T14:10:01Z</time>
    <extensions>
     <gpxdata:hr>103</gpxdata:hr>
     <gpxdata:distance>7246.50</gpxdata:distance>
     <gpxdata:speed>5.600</gpxdata:speed>
    </extensions>
   </trkpt>
   <trkpt lat="-29.0997719" lon="-67.4695010">
    <ele>996</ele>
    <time>2026-02-23T14:10:02Z</time>
    <extensions>
     <gpxdata:hr>103</gpxdata:hr>
     <gpxdata:distance>7252.00</gpxdata:distance>
     <gpxdata:speed>5.606</gpxdata:speed>
    </extensions>
   </trkpt>
   <trkpt lat="-29.0997218" lon="-67.4694956">
    <ele>996</ele>
    <time>2026-02-23T14:10:03Z</time>
    <extensions>
     <gpxdata:hr>104</gpxdata:hr>
     <gpxdata:distance>7257.50</gpxdata:distance>
     <gpxdata:speed>5.731</gpxdata:speed>
    </extensions>
   </trkpt>
   <trkpt lat="-29.0996704" lon="-67.4694902">
    <ele>996</ele>
    <time>2026-02-23T14:10:04Z</time>
    <extensions>
     <gpxdata:hr>104</gpxdata:hr>
     <gpxdata:distance>7263.00</gpxdata:distance>
     <gpxdata:speed>5.644</gpxdata:speed>
    </extensions>
   </trkpt>
   <trkpt lat="-29.0996199" lon="-67.4694850">
    <ele>996</ele>
    <time>2026-02-23T14:10:05Z</time>
    <extensions>
     <gpxdata:hr>104</gpxdata:hr>
     <gpxdata:distance>7269.00</gpxdata:distance>
     <gpxdata:speed>5.675</gpxdata:speed>
    </extensions>
   </trkpt>
   <trkpt lat="-29.0995691" lon="-67.4694793">
    <ele>996</ele>
    <time>2026-02-23T14:10:06Z</time>
    <extensions>
     <gpxdata:hr>104</gpxdata:hr>
     <gpxdata:distance>7275.00</gpxdata:distance>
     <gpxdata:speed>5.656</gpxdata:speed>
    </extensions>
   </trkpt>
   <trkpt lat="-29.0995186" lon="-67.4694731">
    <ele>996</ele>
    <time>2026-02-23T14:10:07Z</time>
    <extensions>
     <gpxdata:hr>105</gpxdata:hr>
     <gpxdata:distance>7280.50</gpxdata:distance>
     <gpxdata:speed>5.703</gpxdata:speed>
    </extensions>
   </trkpt>
   <trkpt lat="-29.0994677" lon="-67.4694660">
    <ele>996</ele>
    <time>2026-02-23T14:10:08Z</time>
    <extensions>
     <gpxdata:hr>105</gpxdata:hr>
     <gpxdata:distance>7286.00</gpxdata:distance>
     <gpxdata:speed>5.678</gpxdata:speed>
    </extensions>
   </trkpt>
   <trkpt lat="-29.0994171" lon="-67.4694588">
    <ele>996</ele>
    <time>2026-02-23T14:10:09Z</time>
    <extensions>
     <gpxdata:hr>104</gpxdata:hr>
     <gpxdata:distance>7291.50</gpxdata:distance>
     <gpxdata:speed>5.583</gpxdata:speed>
    </extensions>
   </trkpt>
   <trkpt lat="-29.0993673" lon="-67.4694518">
    <ele>996</ele>
    <time>2026-02-23T14:10:10Z</time>
    <extensions>
     <gpxdata:hr>104</gpxdata:hr>
     <gpxdata:distance>7297.00</gpxdata:distance>
     <gpxdata:speed>5.628</gpxdata:speed>
    </extensions>
   </trkpt>
   <trkpt lat="-29.0993171" lon="-67.4694450">
    <ele>996</ele>
    <time>2026-02-23T14:10:11Z</time>
    <extensions>
     <gpxdata:hr>104</gpxdata:hr>
     <gpxdata:distance>7302.50</gpxdata:distance>
     <gpxdata:speed>5.569</gpxdata:speed>
    </extensions>
   </trkpt>
   <trkpt lat="-29.0992675" lon="-67.4694382">
    <ele>996</ele>
    <time>2026-02-23T14:10:12Z</time>
    <extensions>
     <gpxdata:hr>104</gpxdata:hr>
     <gpxdata:distance>7308.00</gpxdata:distance>
     <gpxdata:speed>5.558</gpxdata:speed>
    </extensions>
   </trkpt>
   <trkpt lat="-29.0992178" lon="-67.4694322">
    <ele>996</ele>
    <time>2026-02-23T14:10:13Z</time>
    <extensions>
     <gpxdata:hr>104</gpxdata:hr>
     <gpxdata:distance>7313.50</gpxdata:distance>
     <gpxdata:speed>5.439</gpxdata:speed>
    </extensions>
   </trkpt>
   <trkpt lat="-29.0991693" lon="-67.4694261">
    <ele>996</ele>
    <time>2026-02-23T14:10:14Z</time>
    <extensions>
     <gpxdata:hr>104</gpxdata:hr>
     <gpxdata:distance>7319.00</gpxdata:distance>
     <gpxdata:speed>5.406</gpxdata:speed>
    </extensions>
   </trkpt>
   <trkpt lat="-29.0991211" lon="-67.4694197">
    <ele>996</ele>
    <time>2026-02-23T14:10:15Z</time>
    <extensions>
     <gpxdata:hr>104</gpxdata:hr>
     <gpxdata:distance>7324.50</gpxdata:distance>
     <gpxdata:speed>5.458</gpxdata:speed>
    </extensions>
   </trkpt>
   <trkpt lat="-29.0990724" lon="-67.4694138">
    <ele>996</ele>
    <time>2026-02-23T14:10:16Z</time>
    <extensions>
     <gpxdata:hr>104</gpxdata:hr>
     <gpxdata:distance>7330.00</gpxdata:distance>
     <gpxdata:speed>5.450</gpxdata:speed>
    </extensions>
   </trkpt>
   <trkpt lat="-29.0990236" lon="-67.4694083">
    <ele>996</ele>
    <time>2026-02-23T14:10:17Z</time>
    <extensions>
     <gpxdata:hr>104</gpxdata:hr>
     <gpxdata:distance>7335.50</gpxdata:distance>
     <gpxdata:speed>5.503</gpxdata:speed>
    </extensions>
   </trkpt>
   <trkpt lat="-29.0989744" lon="-67.4694026">
    <ele>996</ele>
    <time>2026-02-23T14:10:18Z</time>
    <extensions>
     <gpxdata:hr>105</gpxdata:hr>
     <gpxdata:distance>7341.00</gpxdata:distance>
     <gpxdata:speed>5.483</gpxdata:speed>
    </extensions>
   </trkpt>
   <trkpt lat="-29.0989254" lon="-67.4693964">
    <ele>996</ele>
    <time>2026-02-23T14:10:19Z</time>
    <extensions>
     <gpxdata:hr>105</gpxdata:hr>
     <gpxdata:distance>7346.50</gpxdata:distance>
     <gpxdata:speed>5.333</gpxdata:speed>
    </extensions>
   </trkpt>
   <trkpt lat="-29.0988780" lon="-67.4693893">
    <ele>996</ele>
    <time>2026-02-23T14:10:20Z</time>
    <extensions>
     <gpxdata:hr>105</gpxdata:hr>
     <gpxdata:distance>7352.00</gpxdata:distance>
     <gpxdata:speed>5.336</gpxdata:speed>
    </extensions>
   </trkpt>
   <trkpt lat="-29.0988306" lon="-67.4693815">
    <ele>996</ele>
    <time>2026-02-23T14:10:21Z</time>
    <extensions>
     <gpxdata:hr>105</gpxdata:hr>
     <gpxdata:distance>7357.00</gpxdata:distance>
     <gpxdata:speed>5.236</gpxdata:speed>
    </extensions>
   </trkpt>
   <trkpt lat="-29.0987841" lon="-67.4693740">
    <ele>996</ele>
    <time>2026-02-23T14:10:22Z</time>
    <extensions>
     <gpxdata:hr>105</gpxdata:hr>
     <gpxdata:distance>7362.00</gpxdata:distance>
     <gpxdata:speed>5.281</gpxdata:speed>
    </extensions>
   </trkpt>
   <trkpt lat="-29.0987371" lon="-67.4693662">
    <ele>996</ele>
    <time>2026-02-23T14:10:23Z</time>
    <extensions>
     <gpxdata:hr>105</gpxdata:hr>
     <gpxdata:distance>7367.00</gpxdata:distance>
     <gpxdata:speed>5.211</gpxdata:speed>
    </extensions>
   </trkpt>
   <trkpt lat="-29.0986908" lon="-67.4693588">
    <ele>996</ele>
    <time>2026-02-23T14:10:24Z</time>
    <extensions>
     <gpxdata:hr>106</gpxdata:hr>
     <gpxdata:distance>7372.00</gpxdata:distance>
     <gpxdata:speed>5.194</gpxdata:speed>
    </extensions>
   </trkpt>
   <trkpt lat="-29.0986445" lon="-67.4693524">
    <ele>996</ele>
    <time>2026-02-23T14:10:25Z</time>
    <extensions>
     <gpxdata:hr>107</gpxdata:hr>
     <gpxdata:distance>7377.00</gpxdata:distance>
     <gpxdata:speed>5.067</gpxdata:speed>
    </extensions>
   </trkpt>
   <trkpt lat="-29.0985993" lon="-67.4693467">
    <ele>996</ele>
    <time>2026-02-23T14:10:26Z</time>
    <extensions>
     <gpxdata:hr>108</gpxdata:hr>
     <gpxdata:distance>7382.00</gpxdata:distance>
     <gpxdata:speed>5.017</gpxdata:speed>
    </extensions>
   </trkpt>
   <trkpt lat="-29.0985545" lon="-67.4693421">
    <ele>996</ele>
    <time>2026-02-23T14:10:27Z</time>
    <extensions>
     <gpxdata:hr>108</gpxdata:hr>
     <gpxdata:distance>7387.00</gpxdata:distance>
     <gpxdata:speed>5.017</gpxdata:speed>
    </extensions>
   </trkpt>
   <trkpt lat="-29.0985097" lon="-67.4693370">
    <ele>996</ele>
    <time>2026-02-23T14:10:28Z</time>
    <extensions>
     <gpxdata:hr>108</gpxdata:hr>
     <gpxdata:distance>7392.00</gpxdata:distance>
     <gpxdata:speed>5.019</gpxdata:speed>
    </extensions>
   </trkpt>
   <trkpt lat="-29.0984648" lon="-67.4693318">
    <ele>996</ele>
    <time>2026-02-23T14:10:29Z</time>
    <extensions>
     <gpxdata:hr>110</gpxdata:hr>
     <gpxdata:distance>7397.00</gpxdata:distance>
     <gpxdata:speed>5.025</gpxdata:speed>
    </extensions>
   </trkpt>
   <trkpt lat="-29.0984199" lon="-67.4693267">
    <ele>996</ele>
    <time>2026-02-23T14:10:30Z</time>
    <extensions>
     <gpxdata:hr>110</gpxdata:hr>
     <gpxdata:distance>7402.00</gpxdata:distance>
     <gpxdata:speed>5.028</gpxdata:speed>
    </extensions>
   </trkpt>
   <trkpt lat="-29.0983749" lon="-67.4693216">
    <ele>996</ele>
    <time>2026-02-23T14:10:31Z</time>
    <extensions>
     <gpxdata:hr>110</gpxdata:hr>
     <gpxdata:distance>7407.00</gpxdata:distance>
     <gpxdata:speed>5.036</gpxdata:speed>
    </extensions>
   </trkpt>
   <trkpt lat="-29.0983299" lon="-67.4693160">
    <ele>996</ele>
    <time>2026-02-23T14:10:32Z</time>
    <extensions>
     <gpxdata:hr>110</gpxdata:hr>
     <gpxdata:distance>7412.00</gpxdata:distance>
     <gpxdata:speed>4.978</gpxdata:speed>
    </extensions>
   </trkpt>
   <trkpt lat="-29.0982855" lon="-67.4693098">
    <ele>996</ele>
    <time>2026-02-23T14:10:33Z</time>
    <extensions>
     <gpxdata:hr>109</gpxdata:hr>
     <gpxdata:distance>7417.00</gpxdata:distance>
     <gpxdata:speed>4.925</gpxdata:speed>
    </extensions>
   </trkpt>
   <trkpt lat="-29.0982417" lon="-67.4693033">
    <ele>996</ele>
    <time>2026-02-23T14:10:34Z</time>
    <extensions>
     <gpxdata:hr>109</gpxdata:hr>
     <gpxdata:distance>7422.00</gpxdata:distance>
     <gpxdata:speed>5.011</gpxdata:speed>
    </extensions>
   </trkpt>
   <trkpt lat="-29.0981969" lon="-67.4692973">
    <ele>996</ele>
    <time>2026-02-23T14:10:35Z</time>
    <extensions>
     <gpxdata:hr>109</gpxdata:hr>
     <gpxdata:distance>7427.50</gpxdata:distance>
     <gpxdata:speed>5.039</gpxdata:speed>
    </extensions>
   </trkpt>
   <trkpt lat="-29.0981519" lon="-67.4692918">
    <ele>996</ele>
    <time>2026-02-23T14:10:36Z</time>
    <extensions>
     <gpxdata:hr>109</gpxdata:hr>
     <gpxdata:distance>7433.00</gpxdata:distance>
     <gpxdata:speed>5.111</gpxdata:speed>
    </extensions>
   </trkpt>
   <trkpt lat="-29.0981061" lon="-67.4692866">
    <ele>996</ele>
    <time>2026-02-23T14:10:37Z</time>
    <extensions>
     <gpxdata:hr>108</gpxdata:hr>
     <gpxdata:distance>7438.00</gpxdata:distance>
     <gpxdata:speed>5.100</gpxdata:speed>
    </extensions>
   </trkpt>
   <trkpt lat="-29.0980605" lon="-67.4692815">
    <ele>996</ele>
    <time>2026-02-23T14:10:38Z</time>
    <extensions>
     <gpxdata:hr>108</gpxdata:hr>
     <gpxdata:distance>7443.00</gpxdata:distance>
     <gpxdata:speed>5.203</gpxdata:speed>
    </extensions>
   </trkpt>
   <trkpt lat="-29.0980139" lon="-67.4692765">
    <ele>996</ele>
    <time>2026-02-23T14:10:39Z</time>
    <extensions>
     <gpxdata:hr>108</gpxdata:hr>
     <gpxdata:distance>7448.00</gpxdata:distance>
     <gpxdata:speed>5.239</gpxdata:speed>
    </extensions>
   </trkpt>
   <trkpt lat="-29.0979670" lon="-67.4692709">
    <ele>996</ele>
    <time>2026-02-23T14:10:40Z</time>
    <extensions>
     <gpxdata:hr>108</gpxdata:hr>
     <gpxdata:distance>7453.00</gpxdata:distance>
     <gpxdata:speed>5.175</gpxdata:speed>
    </extensions>
   </trkpt>
   <trkpt lat="-29.0979207" lon="-67.4692654">
    <ele>996</ele>
    <time>2026-02-23T14:10:41Z</time>
    <extensions>
     <gpxdata:hr>108</gpxdata:hr>
     <gpxdata:distance>7458.00</gpxdata:distance>
     <gpxdata:speed>5.108</gpxdata:speed>
    </extensions>
   </trkpt>
   <trkpt lat="-29.0978751" lon="-67.4692601">
    <ele>996</ele>
    <time>2026-02-23T14:10:42Z</time>
    <extensions>
     <gpxdata:hr>108</gpxdata:hr>
     <gpxdata:distance>7463.00</gpxdata:distance>
     <gpxdata:speed>5.131</gpxdata:speed>
    </extensions>
   </trkpt>
   <trkpt lat="-29.0978292" lon="-67.4692549">
    <ele>996</ele>
    <time>2026-02-23T14:10:43Z</time>
    <extensions>
     <gpxdata:hr>108</gpxdata:hr>
     <gpxdata:distance>7468.50</gpxdata:distance>
     <gpxdata:speed>5.169</gpxdata:speed>
    </extensions>
   </trkpt>
   <trkpt lat="-29.0977830" lon="-67.4692492">
    <ele>996</ele>
    <time>2026-02-23T14:10:44Z</time>
    <extensions>
     <gpxdata:hr>108</gpxdata:hr>
     <gpxdata:distance>7474.00</gpxdata:distance>
     <gpxdata:speed>5.269</gpxdata:speed>
    </extensions>
   </trkpt>
   <trkpt lat="-29.0977359" lon="-67.4692431">
    <ele>996</ele>
    <time>2026-02-23T14:10:45Z</time>
    <extensions>
     <gpxdata:hr>109</gpxdata:hr>
     <gpxdata:distance>7479.50</gpxdata:distance>
     <gpxdata:speed>5.217</gpxdata:speed>
    </extensions>
   </trkpt>
   <trkpt lat="-29.0976894" lon="-67.4692366">
    <ele>996</ele>
    <time>2026-02-23T14:10:46Z</time>
    <extensions>
     <gpxdata:hr>110</gpxdata:hr>
     <gpxdata:distance>7485.00</gpxdata:distance>
     <gpxdata:speed>5.267</gpxdata:speed>
    </extensions>
   </trkpt>
   <trkpt lat="-29.0976423" lon="-67.4692306">
    <ele>996</ele>
    <time>2026-02-23T14:10:47Z</time>
    <extensions>
     <gpxdata:hr>111</gpxdata:hr>
     <gpxdata:distance>7490.00</gpxdata:distance>
     <gpxdata:speed>5.269</gpxdata:speed>
    </extensions>
   </trkpt>
   <trkpt lat="-29.0975953" lon="-67.4692244">
    <ele>996</ele>
    <time>2026-02-23T14:10:48Z</time>
    <extensions>
     <gpxdata:hr>112</gpxdata:hr>
     <gpxdata:distance>7495.00</gpxdata:distance>
     <gpxdata:speed>5.314</gpxdata:speed>
    </extensions>
   </trkpt>
   <trkpt lat="-29.0975477" lon="-67.4692187">
    <ele>996</ele>
    <time>2026-02-23T14:10:49Z</time>
    <extensions>
     <gpxdata:hr>112</gpxdata:hr>
     <gpxdata:distance>7500.50</gpxdata:distance>
     <gpxdata:speed>5.297</gpxdata:speed>
    </extensions>
   </trkpt>
   <trkpt lat="-29.0975004" lon="-67.4692127">
    <ele>996</ele>
    <time>2026-02-23T14:10:50Z</time>
    <extensions>
     <gpxdata:hr>113</gpxdata:hr>
     <gpxdata:distance>7506.00</gpxdata:distance>
     <gpxdata:speed>5.336</gpxdata:speed>
    </extensions>
   </trkpt>
   <trkpt lat="-29.0974528" lon="-67.4692064">
    <ele>996</ele>
    <time>2026-02-23T14:10:51Z</time>
    <extensions>
     <gpxdata:hr>113</gpxdata:hr>
     <gpxdata:distance>7511.50</gpxdata:distance>
     <gpxdata:speed>5.439</gpxdata:speed>
    </extensions>
   </trkpt>
   <trkpt lat="-29.0974042" lon="-67.4691999">
    <ele>996</ele>
    <time>2026-02-23T14:10:52Z</time>
    <extensions>
     <gpxdata:hr>114</gpxdata:hr>
     <gpxdata:distance>7517.00</gpxdata:distance>
     <gpxdata:speed>5.450</gpxdata:speed>
    </extensions>
   </trkpt>
   <trkpt lat="-29.0973554" lon="-67.4691939">
    <ele>996</ele>
    <time>2026-02-23T14:10:53Z</time>
    <extensions>
     <gpxdata:hr>115</gpxdata:hr>
     <gpxdata:distance>7522.50</gpxdata:distance>
     <gpxdata:speed>5.419</gpxdata:speed>
    </extensions>
   </trkpt>
   <trkpt lat="-29.0973067" lon="-67.4691884">
    <ele>996</ele>
    <time>2026-02-23T14:10:54Z</time>
    <extensions>
     <gpxdata:hr>115</gpxdata:hr>
     <gpxdata:distance>7528.00</gpxdata:distance>
     <gpxdata:speed>5.494</gpxdata:speed>
    </extensions>
   </trkpt>
   <trkpt lat="-29.0972574" lon="-67.4691827">
    <ele>996</ele>
    <time>2026-02-23T14:10:55Z</time>
    <extensions>
     <gpxdata:hr>114</gpxdata:hr>
     <gpxdata:distance>7533.50</gpxdata:distance>
     <gpxdata:speed>5.544</gpxdata:speed>
    </extensions>
   </trkpt>
   <trkpt lat="-29.0972081" lon="-67.4691770">
    <ele>996</ele>
    <time>2026-02-23T14:10:56Z</time>
    <extensions>
     <gpxdata:hr>114</gpxdata:hr>
     <gpxdata:distance>7539.00</gpxdata:distance>
     <gpxdata:speed>5.583</gpxdata:speed>
    </extensions>
   </trkpt>
   <trkpt lat="-29.0971583" lon="-67.4691704">
    <ele>996</ele>
    <time>2026-02-23T14:10:57Z</time>
    <extensions>
     <gpxdata:hr>113</gpxdata:hr>
     <gpxdata:distance>7544.50</gpxdata:distance>
     <gpxdata:speed>5.600</gpxdata:speed>
    </extensions>
   </trkpt>
   <trkpt lat="-29.0971083" lon="-67.4691636">
    <ele>996</ele>
    <time>2026-02-23T14:10:58Z</time>
    <extensions>
     <gpxdata:hr>114</gpxdata:hr>
     <gpxdata:distance>7550.00</gpxdata:distance>
     <gpxdata:speed>5.667</gpxdata:speed>
    </extensions>
   </trkpt>
   <trkpt lat="-29.0970576" lon="-67.4691568">
    <ele>996</ele>
    <time>2026-02-23T14:10:59Z</time>
    <extensions>
     <gpxdata:hr>114</gpxdata:hr>
     <gpxdata:distance>7555.50</gpxdata:distance>
     <gpxdata:speed>5.600</gpxdata:speed>
    </extensions>
   </trkpt>
   <trkpt lat="-29.0970077" lon="-67.4691500">
    <ele>996</ele>
    <time>2026-02-23T14:11:00Z</time>
    <extensions>
     <gpxdata:hr>115</gpxdata:hr>
     <gpxdata:distance>7561.00</gpxdata:distance>
     <gpxdata:speed>5.517</gpxdata:speed>
    </extensions>
   </trkpt>
   <trkpt lat="-29.0969585" lon="-67.4691433">
    <ele>996</ele>
    <time>2026-02-23T14:11:01Z</time>
    <extensions>
     <gpxdata:hr>116</gpxdata:hr>
     <gpxdata:distance>7566.50</gpxdata:distance>
     <gpxdata:speed>5.525</gpxdata:speed>
    </extensions>
   </trkpt>
   <trkpt lat="-29.0969093" lon="-67.4691366">
    <ele>996</ele>
    <time>2026-02-23T14:11:02Z</time>
    <extensions>
     <gpxdata:hr>116</gpxdata:hr>
     <gpxdata:distance>7572.00</gpxdata:distance>
     <gpxdata:speed>5.489</gpxdata:speed>
    </extensions>
   </trkpt>
   <trkpt lat="-29.0968603" lon="-67.4691299">
    <ele>996</ele>
    <time>2026-02-23T14:11:03Z</time>
    <extensions>
     <gpxdata:hr>115</gpxdata:hr>
     <gpxdata:distance>7577.50</gpxdata:distance>
     <gpxdata:speed>5.450</gpxdata:speed>
    </extensions>
   </trkpt>
   <trkpt lat="-29.0968117" lon="-67.4691238">
    <ele>996</ele>
    <time>2026-02-23T14:11:04Z</time>
    <extensions>
     <gpxdata:hr>115</gpxdata:hr>
     <gpxdata:distance>7583.00</gpxdata:distance>
     <gpxdata:speed>5.428</gpxdata:speed>
    </extensions>
   </trkpt>
   <trkpt lat="-29.0967632" lon="-67.4691177">
    <ele>996</ele>
    <time>2026-02-23T14:11:05Z</time>
    <extensions>
     <gpxdata:hr>115</gpxdata:hr>
     <gpxdata:distance>7588.50</gpxdata:distance>
     <gpxdata:speed>5.411</gpxdata:speed>
    </extensions>
   </trkpt>
   <trkpt lat="-29.0967149" lon="-67.4691120">
    <ele>996</ele>
    <time>2026-02-23T14:11:06Z</time>
    <extensions>
     <gpxdata:hr>115</gpxdata:hr>
     <gpxdata:distance>7594.00</gpxdata:distance>
     <gpxdata:speed>5.339</gpxdata:speed>
    </extensions>
   </trkpt>
   <trkpt lat="-29.0966672" lon="-67.4691067">
    <ele>996</ele>
    <time>2026-02-23T14:11:07Z</time>
    <extensions>
     <gpxdata:hr>115</gpxdata:hr>
     <gpxdata:distance>7599.00</gpxdata:distance>
     <gpxdata:speed>5.347</gpxdata:speed>
    </extensions>
   </trkpt>
   <trkpt lat="-29.0966194" lon="-67.4691009">
    <ele>996</ele>
    <time>2026-02-23T14:11:08Z</time>
    <extensions>
     <gpxdata:hr>115</gpxdata:hr>
     <gpxdata:distance>7604.00</gpxdata:distance>
     <gpxdata:speed>5.306</gpxdata:speed>
    </extensions>
   </trkpt>
   <trkpt lat="-29.0965720" lon="-67.4690954">
    <ele>996</ele>
    <time>2026-02-23T14:11:09Z</time>
    <extensions>
     <gpxdata:hr>115</gpxdata:hr>
     <gpxdata:distance>7609.50</gpxdata:distance>
     <gpxdata:speed>5.333</gpxdata:speed>
    </extensions>
   </trkpt>
   <trkpt lat="-29.0965244" lon="-67.4690894">
    <ele>996</ele>
    <time>2026-02-23T14:11:10Z</time>
    <extensions>
     <gpxdata:hr>115</gpxdata:hr>
     <gpxdata:distance>7615.00</gpxdata:distance>
     <gpxdata:speed>5.306</gpxdata:speed>
    </extensions>
   </trkpt>
   <trkpt lat="-29.0964770" lon="-67.4690831">
    <ele>996</ele>
    <time>2026-02-23T14:11:11Z</time>
    <extensions>
     <gpxdata:hr>115</gpxdata:hr>
     <gpxdata:distance>7620.50</gpxdata:distance>
     <gpxdata:speed>5.336</gpxdata:speed>
    </extensions>
   </trkpt>
   <trkpt lat="-29.0964294" lon="-67.4690766">
    <ele>996</ele>
    <time>2026-02-23T14:11:12Z</time>
    <extensions>
     <gpxdata:hr>115</gpxdata:hr>
     <gpxdata:distance>7626.00</gpxdata:distance>
     <gpxdata:speed>5.378</gpxdata:speed>
    </extensions>
   </trkpt>
   <trkpt lat="-29.0963814" lon="-67.4690699">
    <ele>996</ele>
    <time>2026-02-23T14:11:13Z</time>
    <extensions>
     <gpxdata:hr>115</gpxdata:hr>
     <gpxdata:distance>7631.00</gpxdata:distance>
     <gpxdata:speed>5.328</gpxdata:speed>
    </extensions>
   </trkpt>
   <trkpt lat="-29.0963339" lon="-67.4690639">
    <ele>996</ele>
    <time>2026-02-23T14:11:14Z</time>
    <extensions>
     <gpxdata:hr>115</gpxdata:hr>
     <gpxdata:distance>7636.00</gpxdata:distance>
     <gpxdata:speed>5.217</gpxdata:speed>
    </extensions>
   </trkpt>
   <trkpt lat="-29.0962874" lon="-67.4690578">
    <ele>996</ele>
    <time>2026-02-23T14:11:15Z</time>
    <extensions>
     <gpxdata:hr>115</gpxdata:hr>
     <gpxdata:distance>7641.00</gpxdata:distance>
     <gpxdata:speed>5.122</gpxdata:speed>
    </extensions>
   </trkpt>
   <trkpt lat="-29.0962417" lon="-67.4690520">
    <ele>996</ele>
    <time>2026-02-23T14:11:16Z</time>
    <extensions>
     <gpxdata:hr>115</gpxdata:hr>
     <gpxdata:distance>7646.00</gpxdata:distance>
     <gpxdata:speed>5.006</gpxdata:speed>
    </extensions>
   </trkpt>
   <trkpt lat="-29.0961971" lon="-67.4690467">
    <ele>997</ele>
    <time>2026-02-23T14:11:17Z</time>
    <extensions>
     <gpxdata:hr>116</gpxdata:hr>
     <gpxdata:distance>7651.00</gpxdata:distance>
     <gpxdata:speed>4.992</gpxdata:speed>
    </extensions>
   </trkpt>
   <trkpt lat="-29.0961526" lon="-67.4690409">
    <ele>997</ele>
    <time>2026-02-23T14:11:18Z</time>
    <extensions>
     <gpxdata:hr>115</gpxdata:hr>
     <gpxdata:distance>7656.00</gpxdata:distance>
     <gpxdata:speed>5.008</gpxdata:speed>
    </extensions>
   </trkpt>
   <trkpt lat="-29.0961079" lon="-67.4690347">
    <ele>997</ele>
    <time>2026-02-23T14:11:19Z</time>
    <extensions>
     <gpxdata:hr>114</gpxdata:hr>
     <gpxdata:distance>7661.00</gpxdata:distance>
     <gpxdata:speed>5.019</gpxdata:speed>
    </extensions>
   </trkpt>
   <trkpt lat="-29.0960631" lon="-67.4690288">
    <ele>997</ele>
    <time>2026-02-23T14:11:20Z</time>
    <extensions>
     <gpxdata:hr>116</gpxdata:hr>
     <gpxdata:distance>7666.00</gpxdata:distance>
     <gpxdata:speed>5.033</gpxdata:speed>
    </extensions>
   </trkpt>
   <trkpt lat="-29.0960182" lon="-67.4690228">
    <ele>997</ele>
    <time>2026-02-23T14:11:21Z</time>
    <extensions>
     <gpxdata:hr>117</gpxdata:hr>
     <gpxdata:distance>7671.00</gpxdata:distance>
     <gpxdata:speed>5.042</gpxdata:speed>
    </extensions>
   </trkpt>
   <trkpt lat="-29.0959732" lon="-67.4690164">
    <ele>996</ele>
    <time>2026-02-23T14:11:22Z</time>
    <extensions>
     <gpxdata:hr>117</gpxdata:hr>
     <gpxdata:distance>7676.00</gpxdata:distance>
     <gpxdata:speed>4.981</gpxdata:speed>
    </extensions>
   </trkpt>
   <trkpt lat="-29.0959289" lon="-67.4690099">
    <ele>996</ele>
    <time>2026-02-23T14:11:23Z</time>
    <extensions>
     <gpxdata:hr>117</gpxdata:hr>
     <gpxdata:distance>7681.00</gpxdata:distance>
     <gpxdata:speed>4.983</gpxdata:speed>
    </extensions>
   </trkpt>
   <trkpt lat="-29.0958844" lon="-67.4690039">
    <ele>996</ele>
    <time>2026-02-23T14:11:24Z</time>
    <extensions>
     <gpxdata:hr>117</gpxdata:hr>
     <gpxdata:distance>7686.00</gpxdata:distance>
     <gpxdata:speed>5.006</gpxdata:speed>
    </extensions>
   </trkpt>
   <trkpt lat="-29.0958397" lon="-67.4689978">
    <ele>996</ele>
    <time>2026-02-23T14:11:25Z</time>
    <extensions>
     <gpxdata:hr>117</gpxdata:hr>
     <gpxdata:distance>7691.00</gpxdata:distance>
     <gpxdata:speed>5.017</gpxdata:speed>
    </extensions>
   </trkpt>
   <trkpt lat="-29.0957949" lon="-67.4689927">
    <ele>996</ele>
    <time>2026-02-23T14:11:26Z</time>
    <extensions>
     <gpxdata:hr>116</gpxdata:hr>
     <gpxdata:distance>7696.00</gpxdata:distance>
     <gpxdata:speed>4.964</gpxdata:speed>
    </extensions>
   </trkpt>
   <trkpt lat="-29.0957506" lon="-67.4689872">
    <ele>996</ele>
    <time>2026-02-23T14:11:27Z</time>
    <extensions>
     <gpxdata:hr>117</gpxdata:hr>
     <gpxdata:distance>7701.00</gpxdata:distance>
     <gpxdata:speed>4.911</gpxdata:speed>
    </extensions>
   </trkpt>
   <trkpt lat="-29.0957067" lon="-67.4689819">
    <ele>996</ele>
    <time>2026-02-23T14:11:28Z</time>
    <extensions>
     <gpxdata:hr>117</gpxdata:hr>
     <gpxdata:distance>7706.00</gpxdata:distance>
     <gpxdata:speed>4.875</gpxdata:speed>
    </extensions>
   </trkpt>
   <trkpt lat="-29.0956632" lon="-67.4689767">
    <ele>996</ele>
    <time>2026-02-23T14:11:29Z</time>
    <extensions>
     <gpxdata:hr>116</gpxdata:hr>
     <gpxdata:distance>7711.00</gpxdata:distance>
     <gpxdata:speed>4.928</gpxdata:speed>
    </extensions>
   </trkpt>
   <trkpt lat="-29.0956192" lon="-67.4689710">
    <ele>996</ele>
    <time>2026-02-23T14:11:30Z</time>
    <extensions>
     <gpxdata:hr>117</gpxdata:hr>
     <gpxdata:distance>7716.00</gpxdata:distance>
     <gpxdata:speed>4.856</gpxdata:speed>
    </extensions>
   </trkpt>
   <trkpt lat="-29.0955760" lon="-67.4689648">
    <ele>996</ele>
    <time>2026-02-23T14:11:31Z</time>
    <extensions>
     <gpxdata:hr>116</gpxdata:hr>
     <gpxdata:distance>7720.50</gpxdata:distance>
     <gpxdata:speed>4.900</gpxdata:speed>
    </extensions>
   </trkpt>
   <trkpt lat="-29.0955322" lon="-67.4689589">
    <ele>996</ele>
    <time>2026-02-23T14:11:32Z</time>
    <extensions>
     <gpxdata:hr>117</gpxdata:hr>
     <gpxdata:distance>7725.00</gpxdata:distance>
     <gpxdata:speed>4.889</gpxdata:speed>
    </extensions>
   </trkpt>
   <trkpt lat="-29.0954885" lon="-67.4689534">
    <ele>996</ele>
    <time>2026-02-23T14:11:33Z</time>
    <extensions>
     <gpxdata:hr>118</gpxdata:hr>
     <gpxdata:distance>7730.00</gpxdata:distance>
     <gpxdata:speed>4.872</gpxdata:speed>
    </extensions>
   </trkpt>
   <trkpt lat="-29.0954450" lon="-67.4689482">
    <ele>996</ele>
    <time>2026-02-23T14:11:34Z</time>
    <extensions>
     <gpxdata:hr>118</gpxdata:hr>
     <gpxdata:distance>7735.00</gpxdata:distance>
     <gpxdata:speed>4.728</gpxdata:speed>
    </extensions>
   </trkpt>
   <trkpt lat="-29.0954029" lon="-67.4689432">
    <ele>996</ele>
    <time>2026-02-23T14:11:35Z</time>
    <extensions>
     <gpxdata:hr>118</gpxdata:hr>
     <gpxdata:distance>7739.50</gpxdata:distance>
     <gpxdata:speed>4.800</gpxdata:speed>
    </extensions>
   </trkpt>
   <trkpt lat="-29.0953600" lon="-67.4689382">
    <ele>996</ele>
    <time>2026-02-23T14:11:36Z</time>
    <extensions>
     <gpxdata:hr>118</gpxdata:hr>
     <gpxdata:distance>7744.00</gpxdata:distance>
     <gpxdata:speed>4.697</gpxdata:speed>
    </extensions>
   </trkpt>
   <trkpt lat="-29.0953180" lon="-67.4689338">
    <ele>996</ele>
    <time>2026-02-23T14:11:37Z</time>
    <extensions>
     <gpxdata:hr>116</gpxdata:hr>
     <gpxdata:distance>7749.00</gpxdata:distance>
     <gpxdata:speed>4.667</gpxdata:speed>
    </extensions>
   </trkpt>
   <trkpt lat="-29.0952763" lon="-67.4689287">
    <ele>996</ele>
    <time>2026-02-23T14:11:38Z</time>
    <extensions>
     <gpxdata:hr>115</gpxdata:hr>
     <gpxdata:distance>7754.00</gpxdata:distance>
     <gpxdata:speed>4.667</gpxdata:speed>
    </extensions>
   </trkpt>
   <trkpt lat="-29.0952347" lon="-67.4689229">
    <ele>996</ele>
    <time>2026-02-23T14:11:39Z</time>
    <extensions>
     <gpxdata:hr>114</gpxdata:hr>
     <gpxdata:distance>7758.50</gpxdata:distance>
     <gpxdata:speed>4.656</gpxdata:speed>
    </extensions>
   </trkpt>
   <trkpt lat="-29.0951932" lon="-67.4689178">
    <ele>996</ele>
    <time>2026-02-23T14:11:40Z</time>
    <extensions>
     <gpxdata:hr>114</gpxdata:hr>
     <gpxdata:distance>7763.00</gpxdata:distance>
     <gpxdata:speed>4.786</gpxdata:speed>
    </extensions>
   </trkpt>
   <trkpt lat="-29.0951503" lon="-67.4689129">
    <ele>996</ele>
    <time>2026-02-23T14:11:41Z</time>
    <extensions>
     <gpxdata:hr>114</gpxdata:hr>
     <gpxdata:distance>7767.50</gpxdata:distance>
     <gpxdata:speed>4.714</gpxdata:speed>
    </extensions>
   </trkpt>
   <trkpt lat="-29.0951082" lon="-67.4689075">
    <ele>996</ele>
    <time>2026-02-23T14:11:42Z</time>
    <extensions>
     <gpxdata:hr>114</gpxdata:hr>
     <gpxdata:distance>7772.00</gpxdata:distance>
     <gpxdata:speed>4.681</gpxdata:speed>
    </extensions>
   </trkpt>
   <trkpt lat="-29.0950664" lon="-67.4689020">
    <ele>996</ele>
    <time>2026-02-23T14:11:43Z</time>
    <extensions>
     <gpxdata:hr>114</gpxdata:hr>
     <gpxdata:distance>7777.00</gpxdata:distance>
     <gpxdata:speed>4.672</gpxdata:speed>
    </extensions>
   </trkpt>
   <trkpt lat="-29.0950248" lon="-67.4688961">
    <ele>996</ele>
    <time>2026-02-23T14:11:44Z</time>
    <extensions>
     <gpxdata:hr>114</gpxdata:hr>
     <gpxdata:distance>7782.00</gpxdata:distance>
     <gpxdata:speed>4.647</gpxdata:speed>
    </extensions>
   </trkpt>
   <trkpt lat="-29.0949831" lon="-67.4688904">
    <ele>996</ele>
    <time>2026-02-23T14:11:45Z</time>
    <extensions>
     <gpxdata:hr>114</gpxdata:hr>
     <gpxdata:distance>7786.50</gpxdata:distance>
     <gpxdata:speed>4.658</gpxdata:speed>
    </extensions>
   </trkpt>
   <trkpt lat="-29.0949421" lon="-67.4688857">
    <ele>996</ele>
    <time>2026-02-23T14:11:46Z</time>
    <extensions>
     <gpxdata:hr>114</gpxdata:hr>
     <gpxdata:distance>7791.00</gpxdata:distance>
     <gpxdata:speed>4.531</gpxdata:speed>
    </extensions>
   </trkpt>
   <trkpt lat="-29.0949012" lon="-67.4688811">
    <ele>996</ele>
    <time>2026-02-23T14:11:47Z</time>
    <extensions>
     <gpxdata:hr>117</gpxdata:hr>
     <gpxdata:distance>7795.50</gpxdata:distance>
     <gpxdata:speed>4.475</gpxdata:speed>
    </extensions>
   </trkpt>
   <trkpt lat="-29.0948612" lon="-67.4688770">
    <ele>997</ele>
    <time>2026-02-23T14:11:48Z</time>
    <extensions>
     <gpxdata:hr>119</gpxdata:hr>
     <gpxdata:distance>7800.00</gpxdata:distance>
     <gpxdata:speed>4.400</gpxdata:speed>
    </extensions>
   </trkpt>
   <trkpt lat="-29.0948220" lon="-67.4688727">
    <ele>997</ele>
    <time>2026-02-23T14:11:49Z</time>
    <extensions>
     <gpxdata:hr>119</gpxdata:hr>
     <gpxdata:distance>7804.00</gpxdata:distance>
     <gpxdata:speed>4.264</gpxdata:speed>
    </extensions>
   </trkpt>
   <trkpt lat="-29.0947839" lon="-67.4688693">
    <ele>997</ele>
    <time>2026-02-23T14:11:50Z</time>
    <extensions>
     <gpxdata:hr>119</gpxdata:hr>
     <gpxdata:distance>7808.00</gpxdata:distance>
     <gpxdata:speed>4.244</gpxdata:speed>
    </extensions>
   </trkpt>
   <trkpt lat="-29.0947460" lon="-67.4688656">
    <ele>997</ele>
    <time>2026-02-23T14:11:51Z</time>
    <extensions>
     <gpxdata:hr>118</gpxdata:hr>
     <gpxdata:distance>7812.00</gpxdata:distance>
     <gpxdata:speed>4.194</gpxdata:speed>
    </extensions>
   </trkpt>
   <trkpt lat="-29.0947086" lon="-67.4688606">
    <ele>997</ele>
    <time>2026-02-23T14:11:52Z</time>
    <extensions>
     <gpxdata:hr>118</gpxdata:hr>
     <gpxdata:distance>7816.00</gpxdata:distance>
     <gpxdata:speed>4.161</gpxdata:speed>
    </extensions>
   </trkpt>
   <trkpt lat="-29.0946716" lon="-67.4688547">
    <ele>997</ele>
    <time>2026-02-23T14:11:53Z</time>
    <extensions>
     <gpxdata:hr>118</gpxdata:hr>
     <gpxdata:distance>7820.50</gpxdata:distance>
     <gpxdata:speed>4.192</gpxdata:speed>
    </extensions>
   </trkpt>
   <trkpt lat="-29.0946342" lon="-67.4688496">
    <ele>997</ele>
    <time>2026-02-23T14:11:54Z</time>
    <extensions>
     <gpxdata:hr>119</gpxdata:hr>
     <gpxdata:distance>7825.00</gpxdata:distance>
     <gpxdata:speed>4.172</gpxdata:speed>
    </extensions>
   </trkpt>
   <trkpt lat="-29.0945970" lon="-67.4688447">
    <ele>997</ele>
    <time>2026-02-23T14:11:55Z</time>
    <extensions>
     <gpxdata:hr>119</gpxdata:hr>
     <gpxdata:distance>7828.50</gpxdata:distance>
     <gpxdata:speed>4.086</gpxdata:speed>
    </extensions>
   </trkpt>
   <trkpt lat="-29.0945607" lon="-67.4688391">
    <ele>997</ele>
    <time>2026-02-23T14:11:56Z</time>
    <extensions>
     <gpxdata:hr>120</gpxdata:hr>
     <gpxdata:distance>7832.00</gpxdata:distance>
     <gpxdata:speed>4.008</gpxdata:speed>
    </extensions>
   </trkpt>
   <trkpt lat="-29.0945250" lon="-67.4688337">
    <ele>997</ele>
    <time>2026-02-23T14:11:57Z</time>
    <extensions>
     <gpxdata:hr>120</gpxdata:hr>
     <gpxdata:distance>7836.00</gpxdata:distance>
     <gpxdata:speed>3.894</gpxdata:speed>
    </extensions>
   </trkpt>
   <trkpt lat="-29.0944905" lon="-67.4688284">
    <ele>997</ele>
    <time>2026-02-23T14:11:58Z</time>
    <extensions>
     <gpxdata:hr>120</gpxdata:hr>
     <gpxdata:distance>7840.00</gpxdata:distance>
     <gpxdata:speed>3.869</gpxdata:speed>
    </extensions>
   </trkpt>
   <trkpt lat="-29.0944560" lon="-67.4688239">
    <ele>997</ele>
    <time>2026-02-23T14:11:59Z</time>
    <extensions>
     <gpxdata:hr>120</gpxdata:hr>
     <gpxdata:distance>7844.00</gpxdata:distance>
     <gpxdata:speed>3.942</gpxdata:speed>
    </extensions>
   </trkpt>
   <trkpt lat="-29.0944207" lon="-67.4688200">
    <ele>997</ele>
    <time>2026-02-23T14:12:00Z</time>
    <extensions>
     <gpxdata:hr>119</gpxdata:hr>
     <gpxdata:distance>7848.00</gpxdata:distance>
     <gpxdata:speed>4.078</gpxdata:speed>
    </extensions>
   </trkpt>
   <trkpt lat="-29.0943841" lon="-67.4688165">
    <ele>997</ele>
    <time>2026-02-23T14:12:01Z</time>
    <extensions>
     <gpxdata:hr>118</gpxdata:hr>
     <gpxdata:distance>7852.00</gpxdata:distance>
     <gpxdata:speed>4.119</gpxdata:speed>
    </extensions>
   </trkpt>
   <trkpt lat="-29.0943471" lon="-67.4688131">
    <ele>997</ele>
    <time>2026-02-23T14:12:02Z</time>
    <extensions>
     <gpxdata:hr>117</gpxdata:hr>
     <gpxdata:distance>7856.00</gpxdata:distance>
     <gpxdata:speed>3.931</gpxdata:speed>
    </extensions>
   </trkpt>
   <trkpt lat="-29.0943121" lon="-67.4688092">
    <ele>997</ele>
    <time>2026-02-23T14:12:03Z</time>
    <extensions>
     <gpxdata:hr>116</gpxdata:hr>
     <gpxdata:distance>7860.50</gpxdata:distance>
     <gpxdata:speed>4.211</gpxdata:speed>
    </extensions>
   </trkpt>
   <trkpt lat="-29.0942743" lon="-67.4688041">
    <ele>997</ele>
    <time>2026-02-23T14:12:04Z</time>
    <extensions>
     <gpxdata:hr>115</gpxdata:hr>
     <gpxdata:distance>7865.00</gpxdata:distance>
     <gpxdata:speed>4.303</gpxdata:speed>
    </extensions>
   </trkpt>
   <trkpt lat="-29.0942358" lon="-67.4687994">
    <ele>997</ele>
    <time>2026-02-23T14:12:05Z</time>
    <extensions>
     <gpxdata:hr>114</gpxdata:hr>
     <gpxdata:distance>7869.50</gpxdata:distance>
     <gpxdata:speed>4.258</gpxdata:speed>
    </extensions>
   </trkpt>
   <trkpt lat="-29.0941977" lon="-67.4687946">
    <ele>997</ele>
    <time>2026-02-23T14:12:06Z</time>
    <extensions>
     <gpxdata:hr>114</gpxdata:hr>
     <gpxdata:distance>7874.00</gpxdata:distance>
     <gpxdata:speed>4.258</gpxdata:speed>
    </extensions>
   </trkpt>
   <trkpt lat="-29.0941596" lon="-67.4687898">
    <ele>997</ele>
    <time>2026-02-23T14:12:07Z</time>
    <extensions>
     <gpxdata:hr>113</gpxdata:hr>
     <gpxdata:distance>7878.00</gpxdata:distance>
     <gpxdata:speed>4.272</gpxdata:speed>
    </extensions>
   </trkpt>
   <trkpt lat="-29.0941215" lon="-67.4687849">
    <ele>997</ele>
    <time>2026-02-23T14:12:08Z</time>
    <extensions>
     <gpxdata:hr>112</gpxdata:hr>
     <gpxdata:distance>7882.00</gpxdata:distance>
     <gpxdata:speed>4.211</gpxdata:speed>
    </extensions>
   </trkpt>
   <trkpt lat="-29.0940838" lon="-67.4687806">
    <ele>997</ele>
    <time>2026-02-23T14:12:09Z</time>
    <extensions>
     <gpxdata:hr>113</gpxdata:hr>
     <gpxdata:distance>7885.50</gpxdata:distance>
     <gpxdata:speed>4.089</gpxdata:speed>
    </extensions>
   </trkpt>
   <trkpt lat="-29.0940474" lon="-67.4687767">
    <ele>997</ele>
    <time>2026-02-23T14:12:10Z</time>
    <extensions>
     <gpxdata:hr>112</gpxdata:hr>
     <gpxdata:distance>7889.00</gpxdata:distance>
     <gpxdata:speed>3.794</gpxdata:speed>
    </extensions>
   </trkpt>
   <trkpt lat="-29.0940136" lon="-67.4687738">
    <ele>997</ele>
    <time>2026-02-23T14:12:11Z</time>
    <extensions>
     <gpxdata:hr>110</gpxdata:hr>
     <gpxdata:distance>7893.50</gpxdata:distance>
     <gpxdata:speed>4.150</gpxdata:speed>
    </extensions>
   </trkpt>
   <trkpt lat="-29.0939762" lon="-67.4687716">
    <ele>997</ele>
    <time>2026-02-23T14:12:12Z</time>
    <extensions>
     <gpxdata:hr>109</gpxdata:hr>
     <gpxdata:distance>7898.00</gpxdata:distance>
     <gpxdata:speed>4.153</gpxdata:speed>
    </extensions>
   </trkpt>
   <trkpt lat="-29.0939389" lon="-67.4687692">
    <ele>997</ele>
    <time>2026-02-23T14:12:13Z</time>
    <extensions>
     <gpxdata:hr>108</gpxdata:hr>
     <gpxdata:distance>7902.00</gpxdata:distance>
     <gpxdata:speed>4.075</gpxdata:speed>
    </extensions>
   </trkpt>
   <trkpt lat="-29.0939025" lon="-67.4687651">
    <ele>997</ele>
    <time>2026-02-23T14:12:14Z</time>
    <extensions>
     <gpxdata:hr>110</gpxdata:hr>
     <gpxdata:distance>7906.00</gpxdata:distance>
     <gpxdata:speed>4.072</gpxdata:speed>
    </extensions>
   </trkpt>
   <trkpt lat="-29.0938662" lon="-67.4687602">
    <ele>997</ele>
    <time>2026-02-23T14:12:15Z</time>
    <extensions>
     <gpxdata:hr>111</gpxdata:hr>
     <gpxdata:distance>7910.00</gpxdata:distance>
     <gpxdata:speed>4.033</gpxdata:speed>
    </extensions>
   </trkpt>
   <trkpt lat="-29.0938303" lon="-67.4687539">
    <ele>997</ele>
    <time>2026-02-23T14:12:16Z</time>
    <extensions>
     <gpxdata:hr>111</gpxdata:hr>
     <gpxdata:distance>7914.00</gpxdata:distance>
     <gpxdata:speed>4.053</gpxdata:speed>
    </extensions>
   </trkpt>
   <trkpt lat="-29.0937943" lon="-67.4687477">
    <ele>997</ele>
    <time>2026-02-23T14:12:17Z</time>
    <extensions>
     <gpxdata:hr>110</gpxdata:hr>
     <gpxdata:distance>7918.50</gpxdata:distance>
     <gpxdata:speed>4.075</gpxdata:speed>
    </extensions>
   </trkpt>
   <trkpt lat="-29.0937581" lon="-67.4687420">
    <ele>997</ele>
    <time>2026-02-23T14:12:18Z</time>
    <extensions>
     <gpxdata:hr>110</gpxdata:hr>
     <gpxdata:distance>7923.00</gpxdata:distance>
     <gpxdata:speed>4.147</gpxdata:speed>
    </extensions>
   </trkpt>
   <trkpt lat="-29.0937209" lon="-67.4687379">
    <ele>997</ele>
    <time>2026-02-23T14:12:19Z</time>
    <extensions>
     <gpxdata:hr>110</gpxdata:hr>
     <gpxdata:distance>7927.00</gpxdata:distance>
     <gpxdata:speed>4.217</gpxdata:speed>
    </extensions>
   </trkpt>
   <trkpt lat="-29.0936831" lon="-67.4687339">
    <ele>997</ele>
    <time>2026-02-23T14:12:20Z</time>
    <extensions>
     <gpxdata:hr>109</gpxdata:hr>
     <gpxdata:distance>7931.00</gpxdata:distance>
     <gpxdata:speed>4.325</gpxdata:speed>
    </extensions>
   </trkpt>
   <trkpt lat="-29.0936444" lon="-67.4687295">
    <ele>997</ele>
    <time>2026-02-23T14:12:21Z</time>
    <extensions>
     <gpxdata:hr>110</gpxdata:hr>
     <gpxdata:distance>7935.50</gpxdata:distance>
     <gpxdata:speed>4.347</gpxdata:speed>
    </extensions>
   </trkpt>
   <trkpt lat="-29.0936055" lon="-67.4687242">
    <ele>997</ele>
    <time>2026-02-23T14:12:22Z</time>
    <extensions>
     <gpxdata:hr>111</gpxdata:hr>
     <gpxdata:distance>7940.00</gpxdata:distance>
     <gpxdata:speed>4.406</gpxdata:speed>
    </extensions>
   </trkpt>
   <trkpt lat="-29.0935662" lon="-67.4687181">
    <ele>997</ele>
    <time>2026-02-23T14:12:23Z</time>
    <extensions>
     <gpxdata:hr>111</gpxdata:hr>
     <gpxdata:distance>7945.00</gpxdata:distance>
     <gpxdata:speed>4.578</gpxdata:speed>
    </extensions>
   </trkpt>
   <trkpt lat="-29.0935253" lon="-67.4687123">
    <ele>997</ele>
    <time>2026-02-23T14:12:24Z</time>
    <extensions>
     <gpxdata:hr>111</gpxdata:hr>
     <gpxdata:distance>7950.00</gpxdata:distance>
     <gpxdata:speed>4.586</gpxdata:speed>
    </extensions>
   </trkpt>
   <trkpt lat="-29.0934843" lon="-67.4687068">
    <ele>997</ele>
    <time>2026-02-23T14:12:25Z</time>
    <extensions>
     <gpxdata:hr>111</gpxdata:hr>
     <gpxdata:distance>7954.00</gpxdata:distance>
     <gpxdata:speed>4.489</gpxdata:speed>
    </extensions>
   </trkpt>
   <trkpt lat="-29.0934443" lon="-67.4687010">
    <ele>997</ele>
    <time>2026-02-23T14:12:26Z</time>
    <extensions>
     <gpxdata:hr>111</gpxdata:hr>
     <gpxdata:distance>7958.00</gpxdata:distance>
     <gpxdata:speed>4.469</gpxdata:speed>
    </extensions>
   </trkpt>
   <trkpt lat="-29.0934045" lon="-67.4686947">
    <ele>997</ele>
    <time>2026-02-23T14:12:27Z</time>
    <extensions>
     <gpxdata:hr>111</gpxdata:hr>
     <gpxdata:distance>7962.50</gpxdata:distance>
     <gpxdata:speed>4.542</gpxdata:speed>
    </extensions>
   </trkpt>
   <trkpt lat="-29.0933641" lon="-67.4686882">
    <ele>997</ele>
    <time>2026-02-23T14:12:28Z</time>
    <extensions>
     <gpxdata:hr>111</gpxdata:hr>
     <gpxdata:distance>7967.00</gpxdata:distance>
     <gpxdata:speed>4.478</gpxdata:speed>
    </extensions>
   </trkpt>
   <trkpt lat="-29.0933243" lon="-67.4686816">
    <ele>997</ele>
    <time>2026-02-23T14:12:29Z</time>
    <extensions>
     <gpxdata:hr>111</gpxdata:hr>
     <gpxdata:distance>7972.00</gpxdata:distance>
     <gpxdata:speed>4.192</gpxdata:speed>
    </extensions>
   </trkpt>
   <trkpt lat="-29.0932871" lon="-67.4686762">
    <ele>997</ele>
    <time>2026-02-23T14:12:30Z</time>
    <extensions>
     <gpxdata:hr>109</gpxdata:hr>
     <gpxdata:distance>7977.00</gpxdata:distance>
     <gpxdata:speed>4.608</gpxdata:speed>
    </extensions>
   </trkpt>
   <trkpt lat="-29.0932457" lon="-67.4686719">
    <ele>997</ele>
    <time>2026-02-23T14:12:31Z</time>
    <extensions>
     <gpxdata:hr>108</gpxdata:hr>
     <gpxdata:distance>7981.50</gpxdata:distance>
     <gpxdata:speed>4.797</gpxdata:speed>
    </extensions>
   </trkpt>
   <trkpt lat="-29.0932026" lon="-67.4686675">
    <ele>997</ele>
    <time>2026-02-23T14:12:32Z</time>
    <extensions>
     <gpxdata:hr>108</gpxdata:hr>
     <gpxdata:distance>7986.00</gpxdata:distance>
     <gpxdata:speed>4.739</gpxdata:speed>
    </extensions>
   </trkpt>
   <trkpt lat="-29.0931602" lon="-67.4686623">
    <ele>997</ele>
    <time>2026-02-23T14:12:33Z</time>
    <extensions>
     <gpxdata:hr>108</gpxdata:hr>
     <gpxdata:distance>7991.00</gpxdata:distance>
     <gpxdata:speed>4.761</gpxdata:speed>
    </extensions>
   </trkpt>
   <trkpt lat="-29.0931176" lon="-67.4686570">
    <ele>997</ele>
    <time>2026-02-23T14:12:34Z</time>
    <extensions>
     <gpxdata:hr>109</gpxdata:hr>
     <gpxdata:distance>7996.00</gpxdata:distance>
     <gpxdata:speed>4.794</gpxdata:speed>
    </extensions>
   </trkpt>
   <trkpt lat="-29.0930747" lon="-67.4686518">
    <ele>997</ele>
    <time>2026-02-23T14:12:35Z</time>
    <extensions>
     <gpxdata:hr>108</gpxdata:hr>
     <gpxdata:distance>8001.00</gpxdata:distance>
     <gpxdata:speed>4.831</gpxdata:speed>
    </extensions>
   </trkpt>
   <trkpt lat="-29.0930316" lon="-67.4686460">
    <ele>997</ele>
    <time>2026-02-23T14:12:36Z</time>
    <extensions>
     <gpxdata:hr>110</gpxdata:hr>
     <gpxdata:distance>8006.00</gpxdata:distance>
     <gpxdata:speed>4.911</gpxdata:speed>
    </extensions>
   </trkpt>
   <trkpt lat="-29.0929876" lon="-67.4686404">
    <ele>997</ele>
    <time>2026-02-23T14:12:37Z</time>
    <extensions>
     <gpxdata:hr>110</gpxdata:hr>
     <gpxdata:distance>8010.00</gpxdata:distance>
     <gpxdata:speed>4.511</gpxdata:speed>
    </extensions>
   </trkpt>
   <trkpt lat="-29.0929475" lon="-67.4686357">
    <ele>997</ele>
    <time>2026-02-23T14:12:38Z</time>
    <extensions>
     <gpxdata:hr>112</gpxdata:hr>
     <gpxdata:distance>8014.00</gpxdata:distance>
     <gpxdata:speed>4.522</gpxdata:speed>
    </extensions>
   </trkpt>
   <trkpt lat="-29.0929071" lon="-67.4686317">
    <ele>997</ele>
    <time>2026-02-23T14:12:39Z</time>
    <extensions>
     <gpxdata:hr>112</gpxdata:hr>
     <gpxdata:distance>8019.50</gpxdata:distance>
     <gpxdata:speed>5.044</gpxdata:speed>
    </extensions>
   </trkpt>
   <trkpt lat="-29.0928618" lon="-67.4686263">
    <ele>997</ele>
    <time>2026-02-23T14:12:40Z</time>
    <extensions>
     <gpxdata:hr>112</gpxdata:hr>
     <gpxdata:distance>8025.00</gpxdata:distance>
     <gpxdata:speed>5.036</gpxdata:speed>
    </extensions>
   </trkpt>
   <trkpt lat="-29.0928167" lon="-67.4686207">
    <ele>997</ele>
    <time>2026-02-23T14:12:41Z</time>
    <extensions>
     <gpxdata:hr>112</gpxdata:hr>
     <gpxdata:distance>8030.00</gpxdata:distance>
     <gpxdata:speed>5.039</gpxdata:speed>
    </extensions>
   </trkpt>
   <trkpt lat="-29.0927716" lon="-67.4686146">
    <ele>997</ele>
    <time>2026-02-23T14:12:42Z</time>
    <extensions>
     <gpxdata:hr>112</gpxdata:hr>
     <gpxdata:distance>8035.00</gpxdata:distance>
     <gpxdata:speed>4.975</gpxdata:speed>
    </extensions>
   </trkpt>
   <trkpt lat="-29.0927272" lon="-67.4686088">
    <ele>997</ele>
    <time>2026-02-23T14:12:43Z</time>
    <extensions>
     <gpxdata:hr>112</gpxdata:hr>
     <gpxdata:distance>8039.50</gpxdata:distance>
     <gpxdata:speed>4.919</gpxdata:speed>
    </extensions>
   </trkpt>
   <trkpt lat="-29.0926834" lon="-67.4686028">
    <ele>998</ele>
    <time>2026-02-23T14:12:44Z</time>
    <extensions>
     <gpxdata:hr>112</gpxdata:hr>
     <gpxdata:distance>8044.00</gpxdata:distance>
     <gpxdata:speed>4.878</gpxdata:speed>
    </extensions>
   </trkpt>
   <trkpt lat="-29.0926399" lon="-67.4685971">
    <ele>998</ele>
    <time>2026-02-23T14:12:45Z</time>
    <extensions>
     <gpxdata:hr>112</gpxdata:hr>
     <gpxdata:distance>8048.50</gpxdata:distance>
     <gpxdata:speed>4.792</gpxdata:speed>
    </extensions>
   </trkpt>
   <trkpt lat="-29.0925971" lon="-67.4685917">
    <ele>998</ele>
    <time>2026-02-23T14:12:46Z</time>
    <extensions>
     <gpxdata:hr>113</gpxdata:hr>
     <gpxdata:distance>8053.00</gpxdata:distance>
     <gpxdata:speed>4.467</gpxdata:speed>
    </extensions>
   </trkpt>
   <trkpt lat="-29.0925575" lon="-67.4685866">
    <ele>998</ele>
    <time>2026-02-23T14:12:47Z</time>
    <extensions>
     <gpxdata:hr>115</gpxdata:hr>
     <gpxdata:distance>8058.00</gpxdata:distance>
     <gpxdata:speed>4.778</gpxdata:speed>
    </extensions>
   </trkpt>
   <trkpt lat="-29.0925147" lon="-67.4685816">
    <ele>998</ele>
    <time>2026-02-23T14:12:48Z</time>
    <extensions>
     <gpxdata:hr>116</gpxdata:hr>
     <gpxdata:distance>8063.00</gpxdata:distance>
     <gpxdata:speed>4.811</gpxdata:speed>
    </extensions>
   </trkpt>
   <trkpt lat="-29.0924716" lon="-67.4685772">
    <ele>998</ele>
    <time>2026-02-23T14:12:49Z</time>
    <extensions>
     <gpxdata:hr>117</gpxdata:hr>
     <gpxdata:distance>8068.00</gpxdata:distance>
     <gpxdata:speed>4.764</gpxdata:speed>
    </extensions>
   </trkpt>
   <trkpt lat="-29.0924289" lon="-67.4685727">
    <ele>998</ele>
    <time>2026-02-23T14:12:50Z</time>
    <extensions>
     <gpxdata:hr>117</gpxdata:hr>
     <gpxdata:distance>8073.00</gpxdata:distance>
     <gpxdata:speed>4.717</gpxdata:speed>
    </extensions>
   </trkpt>
   <trkpt lat="-29.0923868" lon="-67.4685680">
    <ele>998</ele>
    <time>2026-02-23T14:12:51Z</time>
    <extensions>
     <gpxdata:hr>117</gpxdata:hr>
     <gpxdata:distance>8077.50</gpxdata:distance>
     <gpxdata:speed>4.694</gpxdata:speed>
    </extensions>
   </trkpt>
   <trkpt lat="-29.0923449" lon="-67.4685626">
    <ele>998</ele>
    <time>2026-02-23T14:12:52Z</time>
    <extensions>
     <gpxdata:hr>117</gpxdata:hr>
     <gpxdata:distance>8082.00</gpxdata:distance>
     <gpxdata:speed>4.742</gpxdata:speed>
    </extensions>
   </trkpt>
   <trkpt lat="-29.0923025" lon="-67.4685571">
    <ele>998</ele>
    <time>2026-02-23T14:12:53Z</time>
    <extensions>
     <gpxdata:hr>117</gpxdata:hr>
     <gpxdata:distance>8087.00</gpxdata:distance>
     <gpxdata:speed>4.789</gpxdata:speed>
    </extensions>
   </trkpt>
   <trkpt lat="-29.0922597" lon="-67.4685518">
    <ele>998</ele>
    <time>2026-02-23T14:12:54Z</time>
    <extensions>
     <gpxdata:hr>117</gpxdata:hr>
     <gpxdata:distance>8092.00</gpxdata:distance>
     <gpxdata:speed>4.817</gpxdata:speed>
    </extensions>
   </trkpt>
   <trkpt lat="-29.0922166" lon="-67.4685472">
    <ele>998</ele>
    <time>2026-02-23T14:12:55Z</time>
    <extensions>
     <gpxdata:hr>117</gpxdata:hr>
     <gpxdata:distance>8097.00</gpxdata:distance>
     <gpxdata:speed>4.831</gpxdata:speed>
    </extensions>
   </trkpt>
   <trkpt lat="-29.0921733" lon="-67.4685434">
    <ele>998</ele>
    <time>2026-02-23T14:12:56Z</time>
    <extensions>
     <gpxdata:hr>119</gpxdata:hr>
     <gpxdata:distance>8102.00</gpxdata:distance>
     <gpxdata:speed>4.836</gpxdata:speed>
    </extensions>
   </trkpt>
   <trkpt lat="-29.0921300" lon="-67.4685392">
    <ele>998</ele>
    <time>2026-02-23T14:12:57Z</time>
    <extensions>
     <gpxdata:hr>121</gpxdata:hr>
     <gpxdata:distance>8106.50</gpxdata:distance>
     <gpxdata:speed>4.778</gpxdata:speed>
    </extensions>
   </trkpt>
   <trkpt lat="-29.0920872" lon="-67.4685347">
    <ele>998</ele>
    <time>2026-02-23T14:12:58Z</time>
    <extensions>
     <gpxdata:hr>121</gpxdata:hr>
     <gpxdata:distance>8111.00</gpxdata:distance>
     <gpxdata:speed>4.792</gpxdata:speed>
    </extensions>
   </trkpt>
   <trkpt lat="-29.0920444" lon="-67.4685292">
    <ele>998</ele>
    <time>2026-02-23T14:12:59Z</time>
    <extensions>
     <gpxdata:hr>121</gpxdata:hr>
     <gpxdata:distance>8116.00</gpxdata:distance>
     <gpxdata:speed>4.753</gpxdata:speed>
    </extensions>
   </trkpt>
   <trkpt lat="-29.0920020" lon="-67.4685237">
    <ele>998</ele>
    <time>2026-02-23T14:13:00Z</time>
    <extensions>
     <gpxdata:hr>121</gpxdata:hr>
     <gpxdata:distance>8121.00</gpxdata:distance>
     <gpxdata:speed>4.775</gpxdata:speed>
    </extensions>
   </trkpt>
   <trkpt lat="-29.0919594" lon="-67.4685184">
    <ele>998</ele>
    <time>2026-02-23T14:13:01Z</time>
    <extensions>
     <gpxdata:hr>121</gpxdata:hr>
     <gpxdata:distance>8125.50</gpxdata:distance>
     <gpxdata:speed>4.747</gpxdata:speed>
    </extensions>
   </trkpt>
   <trkpt lat="-29.0919170" lon="-67.4685127">
    <ele>998</ele>
    <time>2026-02-23T14:13:02Z</time>
    <extensions>
     <gpxdata:hr>120</gpxdata:hr>
     <gpxdata:distance>8130.00</gpxdata:distance>
     <gpxdata:speed>4.711</gpxdata:speed>
    </extensions>
   </trkpt>
   <trkpt lat="-29.0918750" lon="-67.4685071">
    <ele>998</ele>
    <time>2026-02-23T14:13:03Z</time>
    <extensions>
     <gpxdata:hr>120</gpxdata:hr>
     <gpxdata:distance>8134.50</gpxdata:distance>
     <gpxdata:speed>4.689</gpxdata:speed>
    </extensions>
   </trkpt>
   <trkpt lat="-29.0918332" lon="-67.4685011">
    <ele>998</ele>
    <time>2026-02-23T14:13:04Z</time>
    <extensions>
     <gpxdata:hr>120</gpxdata:hr>
     <gpxdata:distance>8139.00</gpxdata:distance>
     <gpxdata:speed>4.742</gpxdata:speed>
    </extensions>
   </trkpt>
   <trkpt lat="-29.0917909" lon="-67.4684954">
    <ele>998</ele>
    <time>2026-02-23T14:13:05Z</time>
    <extensions>
     <gpxdata:hr>120</gpxdata:hr>
     <gpxdata:distance>8144.00</gpxdata:distance>
     <gpxdata:speed>4.856</gpxdata:speed>
    </extensions>
   </trkpt>
   <trkpt lat="-29.0917474" lon="-67.4684901">
    <ele>998</ele>
    <time>2026-02-23T14:13:06Z</time>
    <extensions>
     <gpxdata:hr>120</gpxdata:hr>
     <gpxdata:distance>8149.00</gpxdata:distance>
     <gpxdata:speed>4.869</gpxdata:speed>
    </extensions>
   </trkpt>
   <trkpt lat="-29.0917037" lon="-67.4684861">
    <ele>998</ele>
    <time>2026-02-23T14:13:07Z</time>
    <extensions>
     <gpxdata:hr>120</gpxdata:hr>
     <gpxdata:distance>8154.00</gpxdata:distance>
     <gpxdata:speed>4.864</gpxdata:speed>
    </extensions>
   </trkpt>
   <trkpt lat="-29.0916602" lon="-67.4684822">
    <ele>998</ele>
    <time>2026-02-23T14:13:08Z</time>
    <extensions>
     <gpxdata:hr>120</gpxdata:hr>
     <gpxdata:distance>8159.00</gpxdata:distance>
     <gpxdata:speed>4.864</gpxdata:speed>
    </extensions>
   </trkpt>
   <trkpt lat="-29.0916167" lon="-67.4684772">
    <ele>998</ele>
    <time>2026-02-23T14:13:09Z</time>
    <extensions>
     <gpxdata:hr>121</gpxdata:hr>
     <gpxdata:distance>8163.50</gpxdata:distance>
     <gpxdata:speed>4.736</gpxdata:speed>
    </extensions>
   </trkpt>
   <trkpt lat="-29.0915745" lon="-67.4684714">
    <ele>998</ele>
    <time>2026-02-23T14:13:10Z</time>
    <extensions>
     <gpxdata:hr>121</gpxdata:hr>
     <gpxdata:distance>8168.00</gpxdata:distance>
     <gpxdata:speed>4.681</gpxdata:speed>
    </extensions>
   </trkpt>
   <trkpt lat="-29.0915329" lon="-67.4684650">
    <ele>998</ele>
    <time>2026-02-23T14:13:11Z</time>
    <extensions>
     <gpxdata:hr>121</gpxdata:hr>
     <gpxdata:distance>8172.50</gpxdata:distance>
     <gpxdata:speed>4.603</gpxdata:speed>
    </extensions>
   </trkpt>
   <trkpt lat="-29.0914920" lon="-67.4684584">
    <ele>998</ele>
    <time>2026-02-23T14:13:12Z</time>
    <extensions>
     <gpxdata:hr>121</gpxdata:hr>
     <gpxdata:distance>8177.00</gpxdata:distance>
     <gpxdata:speed>4.486</gpxdata:speed>
    </extensions>
   </trkpt>
   <trkpt lat="-29.0914522" lon="-67.4684517">
    <ele>998</ele>
    <time>2026-02-23T14:13:13Z</time>
    <extensions>
     <gpxdata:hr>121</gpxdata:hr>
     <gpxdata:distance>8181.50</gpxdata:distance>
     <gpxdata:speed>4.508</gpxdata:speed>
    </extensions>
   </trkpt>
   <trkpt lat="-29.0914120" lon="-67.4684462">
    <ele>998</ele>
    <time>2026-02-23T14:13:14Z</time>
    <extensions>
     <gpxdata:hr>121</gpxdata:hr>
     <gpxdata:distance>8186.00</gpxdata:distance>
     <gpxdata:speed>4.497</gpxdata:speed>
    </extensions>
   </trkpt>
   <trkpt lat="-29.0913718" lon="-67.4684419">
    <ele>998</ele>
    <time>2026-02-23T14:13:15Z</time>
    <extensions>
     <gpxdata:hr>121</gpxdata:hr>
     <gpxdata:distance>8190.50</gpxdata:distance>
     <gpxdata:speed>4.489</gpxdata:speed>
    </extensions>
   </trkpt>
   <trkpt lat="-29.0913317" lon="-67.4684375">
    <ele>998</ele>
    <time>2026-02-23T14:13:16Z</time>
    <extensions>
     <gpxdata:hr>121</gpxdata:hr>
     <gpxdata:distance>8195.00</gpxdata:distance>
     <gpxdata:speed>4.483</gpxdata:speed>
    </extensions>
   </trkpt>
   <trkpt lat="-29.0912916" lon="-67.4684329">
    <ele>998</ele>
    <time>2026-02-23T14:13:17Z</time>
    <extensions>
     <gpxdata:hr>121</gpxdata:hr>
     <gpxdata:distance>8199.50</gpxdata:distance>
     <gpxdata:speed>4.422</gpxdata:speed>
    </extensions>
   </trkpt>
   <trkpt lat="-29.0912522" lon="-67.4684275">
    <ele>998</ele>
    <time>2026-02-23T14:13:18Z</time>
    <extensions>
     <gpxdata:hr>122</gpxdata:hr>
     <gpxdata:distance>8204.00</gpxdata:distance>
     <gpxdata:speed>4.422</gpxdata:speed>
    </extensions>
   </trkpt>
   <trkpt lat="-29.0912127" lon="-67.4684227">
    <ele>998</ele>
    <time>2026-02-23T14:13:19Z</time>
    <extensions>
     <gpxdata:hr>123</gpxdata:hr>
     <gpxdata:distance>8208.50</gpxdata:distance>
     <gpxdata:speed>4.442</gpxdata:speed>
    </extensions>
   </trkpt>
   <trkpt lat="-29.0911730" lon="-67.4684179">
    <ele>999</ele>
    <time>2026-02-23T14:13:20Z</time>
    <extensions>
     <gpxdata:hr>123</gpxdata:hr>
     <gpxdata:distance>8213.00</gpxdata:distance>
     <gpxdata:speed>4.589</gpxdata:speed>
    </extensions>
   </trkpt>
   <trkpt lat="-29.0911319" lon="-67.4684131">
    <ele>999</ele>
    <time>2026-02-23T14:13:21Z</time>
    <extensions>
     <gpxdata:hr>122</gpxdata:hr>
     <gpxdata:distance>8217.50</gpxdata:distance>
     <gpxdata:speed>4.514</gpxdata:speed>
    </extensions>
   </trkpt>
   <trkpt lat="-29.0910915" lon="-67.4684088">
    <ele>999</ele>
    <time>2026-02-23T14:13:22Z</time>
    <extensions>
     <gpxdata:hr>122</gpxdata:hr>
     <gpxdata:distance>8222.00</gpxdata:distance>
     <gpxdata:speed>4.556</gpxdata:speed>
    </extensions>
   </trkpt>
   <trkpt lat="-29.0910508" lon="-67.4684038">
    <ele>999</ele>
    <time>2026-02-23T14:13:23Z</time>
    <extensions>
     <gpxdata:hr>121</gpxdata:hr>
     <gpxdata:distance>8226.50</gpxdata:distance>
     <gpxdata:speed>4.539</gpxdata:speed>
    </extensions>
   </trkpt>
   <trkpt lat="-29.0910103" lon="-67.4683985">
    <ele>999</ele>
    <time>2026-02-23T14:13:24Z</time>
    <extensions>
     <gpxdata:hr>121</gpxdata:hr>
     <gpxdata:distance>8231.00</gpxdata:distance>
     <gpxdata:speed>4.383</gpxdata:speed>
    </extensions>
   </trkpt>
   <trkpt lat="-29.0909713" lon="-67.4683934">
    <ele>999</ele>
    <time>2026-02-23T14:13:25Z</time>
    <extensions>
     <gpxdata:hr>121</gpxdata:hr>
     <gpxdata:distance>8235.50</gpxdata:distance>
     <gpxdata:speed>4.378</gpxdata:speed>
    </extensions>
   </trkpt>
   <trkpt lat="-29.0909322" lon="-67.4683883">
    <ele>999</ele>
    <time>2026-02-23T14:13:26Z</time>
    <extensions>
     <gpxdata:hr>120</gpxdata:hr>
     <gpxdata:distance>8240.00</gpxdata:distance>
     <gpxdata:speed>4.353</gpxdata:speed>
    </extensions>
   </trkpt>
   <trkpt lat="-29.0908935" lon="-67.4683826">
    <ele>999</ele>
    <time>2026-02-23T14:13:27Z</time>
    <extensions>
     <gpxdata:hr>121</gpxdata:hr>
     <gpxdata:distance>8244.00</gpxdata:distance>
     <gpxdata:speed>4.325</gpxdata:speed>
    </extensions>
   </trkpt>
   <trkpt lat="-29.0908549" lon="-67.4683771">
    <ele>999</ele>
    <time>2026-02-23T14:13:28Z</time>
    <extensions>
     <gpxdata:hr>121</gpxdata:hr>
     <gpxdata:distance>8248.00</gpxdata:distance>
     <gpxdata:speed>4.308</gpxdata:speed>
    </extensions>
   </trkpt>
   <trkpt lat="-29.0908165" lon="-67.4683718">
    <ele>999</ele>
    <time>2026-02-23T14:13:29Z</time>
    <extensions>
     <gpxdata:hr>121</gpxdata:hr>
     <gpxdata:distance>8252.00</gpxdata:distance>
     <gpxdata:speed>4.292</gpxdata:speed>
    </extensions>
   </trkpt>
   <trkpt lat="-29.0907782" lon="-67.4683672">
    <ele>999</ele>
    <time>2026-02-23T14:13:30Z</time>
    <extensions>
     <gpxdata:hr>120</gpxdata:hr>
     <gpxdata:distance>8256.00</gpxdata:distance>
     <gpxdata:speed>4.225</gpxdata:speed>
    </extensions>
   </trkpt>
   <trkpt lat="-29.0907405" lon="-67.4683627">
    <ele>999</ele>
    <time>2026-02-23T14:13:31Z</time>
    <extensions>
     <gpxdata:hr>120</gpxdata:hr>
     <gpxdata:distance>8260.50</gpxdata:distance>
     <gpxdata:speed>4.231</gpxdata:speed>
    </extensions>
   </trkpt>
   <trkpt lat="-29.0907027" lon="-67.4683580">
    <ele>999</ele>
    <time>2026-02-23T14:13:32Z</time>
    <extensions>
     <gpxdata:hr>120</gpxdata:hr>
     <gpxdata:distance>8265.00</gpxdata:distance>
     <gpxdata:speed>4.192</gpxdata:speed>
    </extensions>
   </trkpt>
   <trkpt lat="-29.0906653" lon="-67.4683532">
    <ele>999</ele>
    <time>2026-02-23T14:13:33Z</time>
    <extensions>
     <gpxdata:hr>120</gpxdata:hr>
     <gpxdata:distance>8269.00</gpxdata:distance>
     <gpxdata:speed>4.144</gpxdata:speed>
    </extensions>
   </trkpt>
   <trkpt lat="-29.0906283" lon="-67.4683488">
    <ele>999</ele>
    <time>2026-02-23T14:13:34Z</time>
    <extensions>
     <gpxdata:hr>119</gpxdata:hr>
     <gpxdata:distance>8273.00</gpxdata:distance>
     <gpxdata:speed>4.244</gpxdata:speed>
    </extensions>
   </trkpt>
   <trkpt lat="-29.0905903" lon="-67.4683450">
    <ele>999</ele>
    <time>2026-02-23T14:13:35Z</time>
    <extensions>
     <gpxdata:hr>118</gpxdata:hr>
     <gpxdata:distance>8277.50</gpxdata:distance>
     <gpxdata:speed>4.289</gpxdata:speed>
    </extensions>
   </trkpt>
   <trkpt lat="-29.0905519" lon="-67.4683409">
    <ele>999</ele>
    <time>2026-02-23T14:13:36Z</time>
    <extensions>
     <gpxdata:hr>118</gpxdata:hr>
     <gpxdata:distance>8282.00</gpxdata:distance>
     <gpxdata:speed>4.428</gpxdata:speed>
    </extensions>
   </trkpt>
   <trkpt lat="-29.0905122" lon="-67.4683364">
    <ele>999</ele>
    <time>2026-02-23T14:13:37Z</time>
    <extensions>
     <gpxdata:hr>119</gpxdata:hr>
     <gpxdata:distance>8287.00</gpxdata:distance>
     <gpxdata:speed>4.486</gpxdata:speed>
    </extensions>
   </trkpt>
   <trkpt lat="-29.0904720" lon="-67.4683310">
    <ele>999</ele>
    <time>2026-02-23T14:13:38Z</time>
    <extensions>
     <gpxdata:hr>119</gpxdata:hr>
     <gpxdata:distance>8292.00</gpxdata:distance>
     <gpxdata:speed>4.564</gpxdata:speed>
    </extensions>
   </trkpt>
   <trkpt lat="-29.0904312" lon="-67.4683255">
    <ele>999</ele>
    <time>2026-02-23T14:13:39Z</time>
    <extensions>
     <gpxdata:hr>119</gpxdata:hr>
     <gpxdata:distance>8296.00</gpxdata:distance>
     <gpxdata:speed>4.683</gpxdata:speed>
    </extensions>
   </trkpt>
   <trkpt lat="-29.0903893" lon="-67.4683201">
    <ele>999</ele>
    <time>2026-02-23T14:13:40Z</time>
    <extensions>
     <gpxdata:hr>119</gpxdata:hr>
     <gpxdata:distance>8300.00</gpxdata:distance>
     <gpxdata:speed>4.383</gpxdata:speed>
    </extensions>
   </trkpt>
   <trkpt lat="-29.0903503" lon="-67.4683150">
    <ele>999</ele>
    <time>2026-02-23T14:13:41Z</time>
    <extensions>
     <gpxdata:hr>120</gpxdata:hr>
     <gpxdata:distance>8305.00</gpxdata:distance>
     <gpxdata:speed>4.342</gpxdata:speed>
    </extensions>
   </trkpt>
   <trkpt lat="-29.0903116" lon="-67.4683099">
    <ele>999</ele>
    <time>2026-02-23T14:13:42Z</time>
    <extensions>
     <gpxdata:hr>120</gpxdata:hr>
     <gpxdata:distance>8310.00</gpxdata:distance>
     <gpxdata:speed>4.703</gpxdata:speed>
    </extensions>
   </trkpt>
   <trkpt lat="-29.0902694" lon="-67.4683049">
    <ele>999</ele>
    <time>2026-02-23T14:13:43Z</time>
    <extensions>
     <gpxdata:hr>120</gpxdata:hr>
     <gpxdata:distance>8314.50</gpxdata:distance>
     <gpxdata:speed>4.781</gpxdata:speed>
    </extensions>
   </trkpt>
   <trkpt lat="-29.0902266" lon="-67.4682999">
    <ele>999</ele>
    <time>2026-02-23T14:13:44Z</time>
    <extensions>
     <gpxdata:hr>121</gpxdata:hr>
     <gpxdata:distance>8319.00</gpxdata:distance>
     <gpxdata:speed>4.750</gpxdata:speed>
    </extensions>
   </trkpt>
   <trkpt lat="-29.0901840" lon="-67.4682955">
    <ele>999</ele>
    <time>2026-02-23T14:13:45Z</time>
    <extensions>
     <gpxdata:hr>121</gpxdata:hr>
     <gpxdata:distance>8324.00</gpxdata:distance>
     <gpxdata:speed>4.778</gpxdata:speed>
    </extensions>
   </trkpt>
   <trkpt lat="-29.0901412" lon="-67.4682911">
    <ele>999</ele>
    <time>2026-02-23T14:13:46Z</time>
    <extensions>
     <gpxdata:hr>122</gpxdata:hr>
     <gpxdata:distance>8329.00</gpxdata:distance>
     <gpxdata:speed>4.675</gpxdata:speed>
    </extensions>
   </trkpt>
   <trkpt lat="-29.0900994" lon="-67.4682870">
    <ele>999</ele>
    <time>2026-02-23T14:13:47Z</time>
    <extensions>
     <gpxdata:hr>121</gpxdata:hr>
     <gpxdata:distance>8333.50</gpxdata:distance>
     <gpxdata:speed>4.642</gpxdata:speed>
    </extensions>
   </trkpt>
   <trkpt lat="-29.0900579" lon="-67.4682827">
    <ele>999</ele>
    <time>2026-02-23T14:13:48Z</time>
    <extensions>
     <gpxdata:hr>122</gpxdata:hr>
     <gpxdata:distance>8338.00</gpxdata:distance>
     <gpxdata:speed>4.714</gpxdata:speed>
    </extensions>
   </trkpt>
   <trkpt lat="-29.0900157" lon="-67.4682774">
    <ele>999</ele>
    <time>2026-02-23T14:13:49Z</time>
    <extensions>
     <gpxdata:hr>121</gpxdata:hr>
     <gpxdata:distance>8342.00</gpxdata:distance>
     <gpxdata:speed>4.589</gpxdata:speed>
    </extensions>
   </trkpt>
   <trkpt lat="-29.0899749" lon="-67.4682714">
    <ele>999</ele>
    <time>2026-02-23T14:13:50Z</time>
    <extensions>
     <gpxdata:hr>120</gpxdata:hr>
     <gpxdata:distance>8346.00</gpxdata:distance>
     <gpxdata:speed>4.258</gpxdata:speed>
    </extensions>
   </trkpt>
   <trkpt lat="-29.0899372" lon="-67.4682656">
    <ele>999</ele>
    <time>2026-02-23T14:13:51Z</time>
    <extensions>
     <gpxdata:hr>120</gpxdata:hr>
     <gpxdata:distance>8351.50</gpxdata:distance>
     <gpxdata:speed>4.589</gpxdata:speed>
    </extensions>
   </trkpt>
   <trkpt lat="-29.0898962" lon="-67.4682595">
    <ele>999</ele>
    <time>2026-02-23T14:13:52Z</time>
    <extensions>
     <gpxdata:hr>120</gpxdata:hr>
     <gpxdata:distance>8357.00</gpxdata:distance>
     <gpxdata:speed>4.758</gpxdata:speed>
    </extensions>
   </trkpt>
   <trkpt lat="-29.0898536" lon="-67.4682537">
    <ele>999</ele>
    <time>2026-02-23T14:13:53Z</time>
    <extensions>
     <gpxdata:hr>121</gpxdata:hr>
     <gpxdata:distance>8361.50</gpxdata:distance>
     <gpxdata:speed>4.769</gpxdata:speed>
    </extensions>
   </trkpt>
   <trkpt lat="-29.0898110" lon="-67.4682484">
    <ele>1000</ele>
    <time>2026-02-23T14:13:54Z</time>
    <extensions>
     <gpxdata:hr>121</gpxdata:hr>
     <gpxdata:distance>8366.00</gpxdata:distance>
     <gpxdata:speed>4.731</gpxdata:speed>
    </extensions>
   </trkpt>
   <trkpt lat="-29.0897687" lon="-67.4682432">
    <ele>1000</ele>
    <time>2026-02-23T14:13:55Z</time>
    <extensions>
     <gpxdata:hr>121</gpxdata:hr>
     <gpxdata:distance>8370.00</gpxdata:distance>
     <gpxdata:speed>4.700</gpxdata:speed>
    </extensions>
   </trkpt>
   <trkpt lat="-29.0897267" lon="-67.4682382">
    <ele>1000</ele>
    <time>2026-02-23T14:13:56Z</time>
    <extensions>
     <gpxdata:hr>121</gpxdata:hr>
     <gpxdata:distance>8374.00</gpxdata:distance>
     <gpxdata:speed>4.344</gpxdata:speed>
    </extensions>
   </trkpt>
   <trkpt lat="-29.0896880" lon="-67.4682338">
    <ele>1000</ele>
    <time>2026-02-23T14:13:57Z</time>
    <extensions>
     <gpxdata:hr>121</gpxdata:hr>
     <gpxdata:distance>8379.00</gpxdata:distance>
     <gpxdata:speed>4.700</gpxdata:speed>
    </extensions>
   </trkpt>
   <trkpt lat="-29.0896459" lon="-67.4682287">
    <ele>1000</ele>
    <time>2026-02-23T14:13:58Z</time>
    <extensions>
     <gpxdata:hr>121</gpxdata:hr>
     <gpxdata:distance>8384.00</gpxdata:distance>
     <gpxdata:speed>4.447</gpxdata:speed>
    </extensions>
   </trkpt>
   <trkpt lat="-29.0896063" lon="-67.4682242">
    <ele>1000</ele>
    <time>2026-02-23T14:13:59Z</time>
    <extensions>
     <gpxdata:hr>121</gpxdata:hr>
     <gpxdata:distance>8389.00</gpxdata:distance>
     <gpxdata:speed>4.464</gpxdata:speed>
    </extensions>
   </trkpt>
   <trkpt lat="-29.0895665" lon="-67.4682189">
    <ele>1000</ele>
    <time>2026-02-23T14:14:00Z</time>
    <extensions>
     <gpxdata:hr>120</gpxdata:hr>
     <gpxdata:distance>8394.00</gpxdata:distance>
     <gpxdata:speed>4.800</gpxdata:speed>
    </extensions>
   </trkpt>
   <trkpt lat="-29.0895234" lon="-67.4682136">
    <ele>1000</ele>
    <time>2026-02-23T14:14:01Z</time>
    <extensions>
     <gpxdata:hr>120</gpxdata:hr>
     <gpxdata:distance>8398.50</gpxdata:distance>
     <gpxdata:speed>4.508</gpxdata:speed>
    </extensions>
   </trkpt>
   <trkpt lat="-29.0894832" lon="-67.4682084">
    <ele>1000</ele>
    <time>2026-02-23T14:14:02Z</time>
    <extensions>
     <gpxdata:hr>120</gpxdata:hr>
     <gpxdata:distance>8403.00</gpxdata:distance>
     <gpxdata:speed>4.756</gpxdata:speed>
    </extensions>
   </trkpt>
   <trkpt lat="-29.0894407" lon="-67.4682026">
    <ele>1000</ele>
    <time>2026-02-23T14:14:03Z</time>
    <extensions>
     <gpxdata:hr>120</gpxdata:hr>
     <gpxdata:distance>8407.50</gpxdata:distance>
     <gpxdata:speed>4.786</gpxdata:speed>
    </extensions>
   </trkpt>
   <trkpt lat="-29.0893979" lon="-67.4681971">
    <ele>1000</ele>
    <time>2026-02-23T14:14:04Z</time>
    <extensions>
     <gpxdata:hr>120</gpxdata:hr>
     <gpxdata:distance>8412.00</gpxdata:distance>
     <gpxdata:speed>4.617</gpxdata:speed>
    </extensions>
   </trkpt>
   <trkpt lat="-29.0893567" lon="-67.4681918">
    <ele>1000</ele>
    <time>2026-02-23T14:14:05Z</time>
    <extensions>
     <gpxdata:hr>117</gpxdata:hr>
     <gpxdata:distance>8416.00</gpxdata:distance>
     <gpxdata:speed>4.397</gpxdata:speed>
    </extensions>
   </trkpt>
   <trkpt lat="-29.0893176" lon="-67.4681866">
    <ele>1000</ele>
    <time>2026-02-23T14:14:06Z</time>
    <extensions>
     <gpxdata:hr>116</gpxdata:hr>
     <gpxdata:distance>8420.00</gpxdata:distance>
     <gpxdata:speed>4.178</gpxdata:speed>
    </extensions>
   </trkpt>
   <trkpt lat="-29.0892806" lon="-67.4681816">
    <ele>1000</ele>
    <time>2026-02-23T14:14:07Z</time>
    <extensions>
     <gpxdata:hr>115</gpxdata:hr>
     <gpxdata:distance>8423.50</gpxdata:distance>
     <gpxdata:speed>4.033</gpxdata:speed>
    </extensions>
   </trkpt>
   <trkpt lat="-29.0892448" lon="-67.4681766">
    <ele>1000</ele>
    <time>2026-02-23T14:14:08Z</time>
    <extensions>
     <gpxdata:hr>114</gpxdata:hr>
     <gpxdata:distance>8427.00</gpxdata:distance>
     <gpxdata:speed>3.892</gpxdata:speed>
    </extensions>
   </trkpt>
   <trkpt lat="-29.0892102" lon="-67.4681716">
    <ele>1000</ele>
    <time>2026-02-23T14:14:09Z</time>
    <extensions>
     <gpxdata:hr>114</gpxdata:hr>
     <gpxdata:distance>8431.00</gpxdata:distance>
     <gpxdata:speed>3.869</gpxdata:speed>
    </extensions>
   </trkpt>
   <trkpt lat="-29.0891758" lon="-67.4681666">
    <ele>1000</ele>
    <time>2026-02-23T14:14:10Z</time>
    <extensions>
     <gpxdata:hr>114</gpxdata:hr>
     <gpxdata:distance>8435.00</gpxdata:distance>
     <gpxdata:speed>3.822</gpxdata:speed>
    </extensions>
   </trkpt>
   <trkpt lat="-29.0891419" lon="-67.4681616">
    <ele>1000</ele>
    <time>2026-02-23T14:14:11Z</time>
    <extensions>
     <gpxdata:hr>114</gpxdata:hr>
     <gpxdata:distance>8439.00</gpxdata:distance>
     <gpxdata:speed>3.908</gpxdata:speed>
    </extensions>
   </trkpt>
   <trkpt lat="-29.0891070" lon="-67.4681566">
    <ele>1000</ele>
    <time>2026-02-23T14:14:12Z</time>
    <extensions>
     <gpxdata:hr>116</gpxdata:hr>
     <gpxdata:distance>8443.00</gpxdata:distance>
     <gpxdata:speed>4.008</gpxdata:speed>
    </extensions>
   </trkpt>
   <trkpt lat="-29.0890713" lon="-67.4681510">
    <ele>1000</ele>
    <time>2026-02-23T14:14:13Z</time>
    <extensions>
     <gpxdata:hr>116</gpxdata:hr>
     <gpxdata:distance>8447.50</gpxdata:distance>
     <gpxdata:speed>4.142</gpxdata:speed>
    </extensions>
   </trkpt>
   <trkpt lat="-29.0890343" lon="-67.4681448">
    <ele>1000</ele>
    <time>2026-02-23T14:14:14Z</time>
    <extensions>
     <gpxdata:hr>116</gpxdata:hr>
     <gpxdata:distance>8452.00</gpxdata:distance>
     <gpxdata:speed>4.236</gpxdata:speed>
    </extensions>
   </trkpt>
   <trkpt lat="-29.0889966" lon="-67.4681383">
    <ele>1000</ele>
    <time>2026-02-23T14:14:15Z</time>
    <extensions>
     <gpxdata:hr>115</gpxdata:hr>
     <gpxdata:distance>8456.00</gpxdata:distance>
     <gpxdata:speed>4.272</gpxdata:speed>
    </extensions>
   </trkpt>
   <trkpt lat="-29.0889584" lon="-67.4681329">
    <ele>1000</ele>
    <time>2026-02-23T14:14:16Z</time>
    <extensions>
     <gpxdata:hr>115</gpxdata:hr>
     <gpxdata:distance>8460.00</gpxdata:distance>
     <gpxdata:speed>4.225</gpxdata:speed>
    </extensions>
   </trkpt>
   <trkpt lat="-29.0889207" lon="-67.4681279">
    <ele>1000</ele>
    <time>2026-02-23T14:14:17Z</time>
    <extensions>
     <gpxdata:hr>115</gpxdata:hr>
     <gpxdata:distance>8464.50</gpxdata:distance>
     <gpxdata:speed>4.236</gpxdata:speed>
    </extensions>
   </trkpt>
   <trkpt lat="-29.0888828" lon="-67.4681230">
    <ele>1000</ele>
    <time>2026-02-23T14:14:18Z</time>
    <extensions>
     <gpxdata:hr>115</gpxdata:hr>
     <gpxdata:distance>8469.00</gpxdata:distance>
     <gpxdata:speed>4.325</gpxdata:speed>
    </extensions>
   </trkpt>
   <trkpt lat="-29.0888441" lon="-67.4681181">
    <ele>1000</ele>
    <time>2026-02-23T14:14:19Z</time>
    <extensions>
     <gpxdata:hr>115</gpxdata:hr>
     <gpxdata:distance>8473.50</gpxdata:distance>
     <gpxdata:speed>4.342</gpxdata:speed>
    </extensions>
   </trkpt>
   <trkpt lat="-29.0888054" lon="-67.4681126">
    <ele>1000</ele>
    <time>2026-02-23T14:14:20Z</time>
    <extensions>
     <gpxdata:hr>115</gpxdata:hr>
     <gpxdata:distance>8478.00</gpxdata:distance>
     <gpxdata:speed>4.331</gpxdata:speed>
    </extensions>
   </trkpt>
   <trkpt lat="-29.0887668" lon="-67.4681071">
    <ele>1000</ele>
    <time>2026-02-23T14:14:21Z</time>
    <extensions>
     <gpxdata:hr>115</gpxdata:hr>
     <gpxdata:distance>8482.00</gpxdata:distance>
     <gpxdata:speed>3.983</gpxdata:speed>
    </extensions>
   </trkpt>
   <trkpt lat="-29.0887314" lon="-67.4681024">
    <ele>1001</ele>
    <time>2026-02-23T14:14:22Z</time>
    <extensions>
     <gpxdata:hr>115</gpxdata:hr>
     <gpxdata:distance>8486.00</gpxdata:distance>
     <gpxdata:speed>4.072</gpxdata:speed>
    </extensions>
   </trkpt>
   <trkpt lat="-29.0886951" lon="-67.4680978">
    <ele>1001</ele>
    <time>2026-02-23T14:14:23Z</time>
    <extensions>
     <gpxdata:hr>115</gpxdata:hr>
     <gpxdata:distance>8490.50</gpxdata:distance>
     <gpxdata:speed>4.439</gpxdata:speed>
    </extensions>
   </trkpt>
   <trkpt lat="-29.0886553" lon="-67.4680924">
    <ele>1001</ele>
    <time>2026-02-23T14:14:24Z</time>
    <extensions>
     <gpxdata:hr>115</gpxdata:hr>
     <gpxdata:distance>8495.00</gpxdata:distance>
     <gpxdata:speed>4.406</gpxdata:speed>
    </extensions>
   </trkpt>
   <trkpt lat="-29.0886159" lon="-67.4680876">
    <ele>1001</ele>
    <time>2026-02-23T14:14:25Z</time>
    <extensions>
     <gpxdata:hr>115</gpxdata:hr>
     <gpxdata:distance>8499.00</gpxdata:distance>
     <gpxdata:speed>4.422</gpxdata:speed>
    </extensions>
   </trkpt>
   <trkpt lat="-29.0885763" lon="-67.4680829">
    <ele>1001</ele>
    <time>2026-02-23T14:14:26Z</time>
    <extensions>
     <gpxdata:hr>115</gpxdata:hr>
     <gpxdata:distance>8503.00</gpxdata:distance>
     <gpxdata:speed>4.050</gpxdata:speed>
    </extensions>
   </trkpt>
   <trkpt lat="-29.0885403" lon="-67.4680787">
    <ele>1001</ele>
    <time>2026-02-23T14:14:27Z</time>
    <extensions>
     <gpxdata:hr>115</gpxdata:hr>
     <gpxdata:distance>8507.50</gpxdata:distance>
     <gpxdata:speed>4.436</gpxdata:speed>
    </extensions>
   </trkpt>
   <trkpt lat="-29.0885005" lon="-67.4680744">
    <ele>1001</ele>
    <time>2026-02-23T14:14:28Z</time>
    <extensions>
     <gpxdata:hr>116</gpxdata:hr>
     <gpxdata:distance>8512.00</gpxdata:distance>
     <gpxdata:speed>4.553</gpxdata:speed>
    </extensions>
   </trkpt>
   <trkpt lat="-29.0884597" lon="-67.4680691">
    <ele>1001</ele>
    <time>2026-02-23T14:14:29Z</time>
    <extensions>
     <gpxdata:hr>116</gpxdata:hr>
     <gpxdata:distance>8516.50</gpxdata:distance>
     <gpxdata:speed>4.422</gpxdata:speed>
    </extensions>
   </trkpt>
   <trkpt lat="-29.0884202" lon="-67.4680637">
    <ele>1001</ele>
    <time>2026-02-23T14:14:30Z</time>
    <extensions>
     <gpxdata:hr>115</gpxdata:hr>
     <gpxdata:distance>8521.00</gpxdata:distance>
     <gpxdata:speed>4.411</gpxdata:speed>
    </extensions>
   </trkpt>
   <trkpt lat="-29.0883809" lon="-67.4680584">
    <ele>1001</ele>
    <time>2026-02-23T14:14:31Z</time>
    <extensions>
     <gpxdata:hr>116</gpxdata:hr>
     <gpxdata:distance>8525.50</gpxdata:distance>
     <gpxdata:speed>4.375</gpxdata:speed>
    </extensions>
   </trkpt>
   <trkpt lat="-29.0883419" lon="-67.4680527">
    <ele>1001</ele>
    <time>2026-02-23T14:14:32Z</time>
    <extensions>
     <gpxdata:hr>116</gpxdata:hr>
     <gpxdata:distance>8530.00</gpxdata:distance>
     <gpxdata:speed>4.397</gpxdata:speed>
    </extensions>
   </trkpt>
   <trkpt lat="-29.0883026" lon="-67.4680477">
    <ele>1001</ele>
    <time>2026-02-23T14:14:33Z</time>
    <extensions>
     <gpxdata:hr>116</gpxdata:hr>
     <gpxdata:distance>8534.00</gpxdata:distance>
     <gpxdata:speed>4.358</gpxdata:speed>
    </extensions>
   </trkpt>
   <trkpt lat="-29.0882637" lon="-67.4680435">
    <ele>1001</ele>
    <time>2026-02-23T14:14:34Z</time>
    <extensions>
     <gpxdata:hr>116</gpxdata:hr>
     <gpxdata:distance>8538.00</gpxdata:distance>
     <gpxdata:speed>4.325</gpxdata:speed>
    </extensions>
   </trkpt>
   <trkpt lat="-29.0882250" lon="-67.4680392">
    <ele>1001</ele>
    <time>2026-02-23T14:14:35Z</time>
    <extensions>
     <gpxdata:hr>115</gpxdata:hr>
     <gpxdata:distance>8543.00</gpxdata:distance>
     <gpxdata:speed>4.436</gpxdata:speed>
    </extensions>
   </trkpt>
   <trkpt lat="-29.0881853" lon="-67.4680347">
    <ele>1001</ele>
    <time>2026-02-23T14:14:36Z</time>
    <extensions>
     <gpxdata:hr>117</gpxdata:hr>
     <gpxdata:distance>8548.00</gpxdata:distance>
     <gpxdata:speed>4.472</gpxdata:speed>
    </extensions>
   </trkpt>
   <trkpt lat="-29.0881452" lon="-67.4680305">
    <ele>1001</ele>
    <time>2026-02-23T14:14:37Z</time>
    <extensions>
     <gpxdata:hr>118</gpxdata:hr>
     <gpxdata:distance>8552.50</gpxdata:distance>
     <gpxdata:speed>4.614</gpxdata:speed>
    </extensions>
   </trkpt>
   <trkpt lat="-29.0881039" lon="-67.4680261">
    <ele>1001</ele>
    <time>2026-02-23T14:14:38Z</time>
    <extensions>
     <gpxdata:hr>118</gpxdata:hr>
     <gpxdata:distance>8557.00</gpxdata:distance>
     <gpxdata:speed>4.667</gpxdata:speed>
    </extensions>
   </trkpt>
   <trkpt lat="-29.0880620" lon="-67.4680215">
    <ele>1001</ele>
    <time>2026-02-23T14:14:39Z</time>
    <extensions>
     <gpxdata:hr>118</gpxdata:hr>
     <gpxdata:distance>8562.00</gpxdata:distance>
     <gpxdata:speed>4.742</gpxdata:speed>
    </extensions>
   </trkpt>
   <trkpt lat="-29.0880196" lon="-67.4680166">
    <ele>1001</ele>
    <time>2026-02-23T14:14:40Z</time>
    <extensions>
     <gpxdata:hr>118</gpxdata:hr>
     <gpxdata:distance>8567.00</gpxdata:distance>
     <gpxdata:speed>4.739</gpxdata:speed>
    </extensions>
   </trkpt>
   <trkpt lat="-29.0879772" lon="-67.4680110">
    <ele>1001</ele>
    <time>2026-02-23T14:14:41Z</time>
    <extensions>
     <gpxdata:hr>118</gpxdata:hr>
     <gpxdata:distance>8571.50</gpxdata:distance>
     <gpxdata:speed>4.728</gpxdata:speed>
    </extensions>
   </trkpt>
   <trkpt lat="-29.0879351" lon="-67.4680042">
    <ele>1001</ele>
    <time>2026-02-23T14:14:42Z</time>
    <extensions>
     <gpxdata:hr>118</gpxdata:hr>
     <gpxdata:distance>8576.00</gpxdata:distance>
     <gpxdata:speed>4.706</gpxdata:speed>
    </extensions>
   </trkpt>
   <trkpt lat="-29.0878933" lon="-67.4679972">
    <ele>1001</ele>
    <time>2026-02-23T14:14:43Z</time>
    <extensions>
     <gpxdata:hr>118</gpxdata:hr>
     <gpxdata:distance>8580.50</gpxdata:distance>
     <gpxdata:speed>4.619</gpxdata:speed>
    </extensions>
   </trkpt>
   <trkpt lat="-29.0878522" lon="-67.4679908">
    <ele>1001</ele>
    <time>2026-02-23T14:14:44Z</time>
    <extensions>
     <gpxdata:hr>118</gpxdata:hr>
     <gpxdata:distance>8585.00</gpxdata:distance>
     <gpxdata:speed>4.681</gpxdata:speed>
    </extensions>
   </trkpt>
   <trkpt lat="-29.0878104" lon="-67.4679851">
    <ele>1001</ele>
    <time>2026-02-23T14:14:45Z</time>
    <extensions>
     <gpxdata:hr>118</gpxdata:hr>
     <gpxdata:distance>8590.00</gpxdata:distance>
     <gpxdata:speed>4.431</gpxdata:speed>
    </extensions>
   </trkpt>
   <trkpt lat="-29.0877710" lon="-67.4679799">
    <ele>1001</ele>
    <time>2026-02-23T14:14:46Z</time>
    <extensions>
     <gpxdata:hr>118</gpxdata:hr>
     <gpxdata:distance>8595.00</gpxdata:distance>
     <gpxdata:speed>4.842</gpxdata:speed>
    </extensions>
   </trkpt>
   <trkpt lat="-29.0877276" lon="-67.4679742">
    <ele>1001</ele>
    <time>2026-02-23T14:14:47Z</time>
    <extensions>
     <gpxdata:hr>118</gpxdata:hr>
     <gpxdata:distance>8600.00</gpxdata:distance>
     <gpxdata:speed>4.950</gpxdata:speed>
    </extensions>
   </trkpt>
   <trkpt lat="-29.0876833" lon="-67.4679686">
    <ele>1002</ele>
    <time>2026-02-23T14:14:48Z</time>
    <extensions>
     <gpxdata:hr>118</gpxdata:hr>
     <gpxdata:distance>8605.00</gpxdata:distance>
     <gpxdata:speed>4.944</gpxdata:speed>
    </extensions>
   </trkpt>
   <trkpt lat="-29.0876390" lon="-67.4679627">
    <ele>1002</ele>
    <time>2026-02-23T14:14:49Z</time>
    <extensions>
     <gpxdata:hr>118</gpxdata:hr>
     <gpxdata:distance>8609.50</gpxdata:distance>
     <gpxdata:speed>4.975</gpxdata:speed>
    </extensions>
   </trkpt>
   <trkpt lat="-29.0875946" lon="-67.4679571">
    <ele>1002</ele>
    <time>2026-02-23T14:14:50Z</time>
    <extensions>
     <gpxdata:hr>118</gpxdata:hr>
     <gpxdata:distance>8614.00</gpxdata:distance>
     <gpxdata:speed>4.872</gpxdata:speed>
    </extensions>
   </trkpt>
   <trkpt lat="-29.0875511" lon="-67.4679517">
    <ele>1002</ele>
    <time>2026-02-23T14:14:51Z</time>
    <extensions>
     <gpxdata:hr>119</gpxdata:hr>
     <gpxdata:distance>8619.00</gpxdata:distance>
     <gpxdata:speed>4.903</gpxdata:speed>
    </extensions>
   </trkpt>
   <trkpt lat="-29.0875072" lon="-67.4679466">
    <ele>1002</ele>
    <time>2026-02-23T14:14:52Z</time>
    <extensions>
     <gpxdata:hr>120</gpxdata:hr>
     <gpxdata:distance>8624.00</gpxdata:distance>
     <gpxdata:speed>4.889</gpxdata:speed>
    </extensions>
   </trkpt>
   <trkpt lat="-29.0874635" lon="-67.4679416">
    <ele>1002</ele>
    <time>2026-02-23T14:14:53Z</time>
    <extensions>
     <gpxdata:hr>119</gpxdata:hr>
     <gpxdata:distance>8628.50</gpxdata:distance>
     <gpxdata:speed>4.736</gpxdata:speed>
    </extensions>
   </trkpt>
   <trkpt lat="-29.0874212" lon="-67.4679372">
    <ele>1002</ele>
    <time>2026-02-23T14:14:54Z</time>
    <extensions>
     <gpxdata:hr>119</gpxdata:hr>
     <gpxdata:distance>8633.00</gpxdata:distance>
     <gpxdata:speed>4.606</gpxdata:speed>
    </extensions>
   </trkpt>
   <trkpt lat="-29.0873802" lon="-67.4679327">
    <ele>1002</ele>
    <time>2026-02-23T14:14:55Z</time>
    <extensions>
     <gpxdata:hr>121</gpxdata:hr>
     <gpxdata:distance>8638.00</gpxdata:distance>
     <gpxdata:speed>4.653</gpxdata:speed>
    </extensions>
   </trkpt>
   <trkpt lat="-29.0873385" lon="-67.4679287">
    <ele>1002</ele>
    <time>2026-02-23T14:14:56Z</time>
    <extensions>
     <gpxdata:hr>122</gpxdata:hr>
     <gpxdata:distance>8643.00</gpxdata:distance>
     <gpxdata:speed>4.675</gpxdata:speed>
    </extensions>
   </trkpt>
   <trkpt lat="-29.0872968" lon="-67.4679237">
    <ele>1002</ele>
    <time>2026-02-23T14:14:57Z</time>
    <extensions>
     <gpxdata:hr>123</gpxdata:hr>
     <gpxdata:distance>8647.50</gpxdata:distance>
     <gpxdata:speed>4.672</gpxdata:speed>
    </extensions>
   </trkpt>
   <trkpt lat="-29.0872550" lon="-67.4679192">
    <ele>1002</ele>
    <time>2026-02-23T14:14:58Z</time>
    <extensions>
     <gpxdata:hr>124</gpxdata:hr>
     <gpxdata:distance>8652.00</gpxdata:distance>
     <gpxdata:speed>4.603</gpxdata:speed>
    </extensions>
   </trkpt>
   <trkpt lat="-29.0872139" lon="-67.4679146">
    <ele>1002</ele>
    <time>2026-02-23T14:14:59Z</time>
    <extensions>
     <gpxdata:hr>124</gpxdata:hr>
     <gpxdata:distance>8656.50</gpxdata:distance>
     <gpxdata:speed>4.611</gpxdata:speed>
    </extensions>
   </trkpt>
   <trkpt lat="-29.0871727" lon="-67.4679091">
    <ele>1002</ele>
    <time>2026-02-23T14:15:00Z</time>
    <extensions>
     <gpxdata:hr>124</gpxdata:hr>
     <gpxdata:distance>8661.00</gpxdata:distance>
     <gpxdata:speed>4.567</gpxdata:speed>
    </extensions>
   </trkpt>
   <trkpt lat="-29.0871320" lon="-67.4679037">
    <ele>1002</ele>
    <time>2026-02-23T14:15:01Z</time>
    <extensions>
     <gpxdata:hr>124</gpxdata:hr>
     <gpxdata:distance>8665.00</gpxdata:distance>
     <gpxdata:speed>4.531</gpxdata:speed>
    </extensions>
   </trkpt>
   <trkpt lat="-29.0870917" lon="-67.4678978">
    <ele>1002</ele>
    <time>2026-02-23T14:15:02Z</time>
    <extensions>
     <gpxdata:hr>124</gpxdata:hr>
     <gpxdata:distance>8669.00</gpxdata:distance>
     <gpxdata:speed>4.167</gpxdata:speed>
    </extensions>
   </trkpt>
   <trkpt lat="-29.0870547" lon="-67.4678934">
    <ele>1002</ele>
    <time>2026-02-23T14:15:03Z</time>
    <extensions>
     <gpxdata:hr>124</gpxdata:hr>
     <gpxdata:distance>8674.00</gpxdata:distance>
     <gpxdata:speed>4.453</gpxdata:speed>
    </extensions>
   </trkpt>
   <trkpt lat="-29.0870148" lon="-67.4678884">
    <ele>1002</ele>
    <time>2026-02-23T14:15:04Z</time>
    <extensions>
     <gpxdata:hr>124</gpxdata:hr>
     <gpxdata:distance>8679.00</gpxdata:distance>
     <gpxdata:speed>4.467</gpxdata:speed>
    </extensions>
   </trkpt>
   <trkpt lat="-29.0869749" lon="-67.4678834">
    <ele>1002</ele>
    <time>2026-02-23T14:15:05Z</time>
    <extensions>
     <gpxdata:hr>124</gpxdata:hr>
     <gpxdata:distance>8683.00</gpxdata:distance>
     <gpxdata:speed>4.408</gpxdata:speed>
    </extensions>
   </trkpt>
   <trkpt lat="-29.0869356" lon="-67.4678783">
    <ele>1002</ele>
    <time>2026-02-23T14:15:06Z</time>
    <extensions>
     <gpxdata:hr>124</gpxdata:hr>
     <gpxdata:distance>8687.00</gpxdata:distance>
     <gpxdata:speed>4.356</gpxdata:speed>
    </extensions>
   </trkpt>
   <trkpt lat="-29.0868967" lon="-67.4678732">
    <ele>1002</ele>
    <time>2026-02-23T14:15:07Z</time>
    <extensions>
     <gpxdata:hr>124</gpxdata:hr>
     <gpxdata:distance>8691.00</gpxdata:distance>
     <gpxdata:speed>4.381</gpxdata:speed>
    </extensions>
   </trkpt>
   <trkpt lat="-29.0868576" lon="-67.4678688">
    <ele>1002</ele>
    <time>2026-02-23T14:15:08Z</time>
    <extensions>
     <gpxdata:hr>124</gpxdata:hr>
     <gpxdata:distance>8695.00</gpxdata:distance>
     <gpxdata:speed>4.025</gpxdata:speed>
    </extensions>
   </trkpt>
   <trkpt lat="-29.0868218" lon="-67.4678650">
    <ele>1002</ele>
    <time>2026-02-23T14:15:09Z</time>
    <extensions>
     <gpxdata:hr>123</gpxdata:hr>
     <gpxdata:distance>8700.00</gpxdata:distance>
     <gpxdata:speed>4.486</gpxdata:speed>
    </extensions>
   </trkpt>
   <trkpt lat="-29.0867814" lon="-67.4678609">
    <ele>1002</ele>
    <time>2026-02-23T14:15:10Z</time>
    <extensions>
     <gpxdata:hr>123</gpxdata:hr>
     <gpxdata:distance>8705.00</gpxdata:distance>
     <gpxdata:speed>4.531</gpxdata:speed>
    </extensions>
   </trkpt>
   <trkpt lat="-29.0867408" lon="-67.4678564">
    <ele>1002</ele>
    <time>2026-02-23T14:15:11Z</time>
    <extensions>
     <gpxdata:hr>123</gpxdata:hr>
     <gpxdata:distance>8709.00</gpxdata:distance>
     <gpxdata:speed>4.586</gpxdata:speed>
    </extensions>
   </trkpt>
   <trkpt lat="-29.0866997" lon="-67.4678522">
    <ele>1002</ele>
    <time>2026-02-23T14:15:12Z</time>
    <extensions>
     <gpxdata:hr>122</gpxdata:hr>
     <gpxdata:distance>8713.00</gpxdata:distance>
     <gpxdata:speed>4.233</gpxdata:speed>
    </extensions>
   </trkpt>
   <trkpt lat="-29.0866620" lon="-67.4678478">
    <ele>1002</ele>
    <time>2026-02-23T14:15:13Z</time>
    <extensions>
     <gpxdata:hr>122</gpxdata:hr>
     <gpxdata:distance>8718.00</gpxdata:distance>
     <gpxdata:speed>4.564</gpxdata:speed>
    </extensions>
   </trkpt>
   <trkpt lat="-29.0866211" lon="-67.4678425">
    <ele>1002</ele>
    <time>2026-02-23T14:15:14Z</time>
    <extensions>
     <gpxdata:hr>122</gpxdata:hr>
     <gpxdata:distance>8723.00</gpxdata:distance>
     <gpxdata:speed>4.617</gpxdata:speed>
    </extensions>
   </trkpt>
   <trkpt lat="-29.0865798" lon="-67.4678371">
    <ele>1002</ele>
    <time>2026-02-23T14:15:15Z</time>
    <extensions>
     <gpxdata:hr>123</gpxdata:hr>
     <gpxdata:distance>8727.50</gpxdata:distance>
     <gpxdata:speed>4.581</gpxdata:speed>
    </extensions>
   </trkpt>
   <trkpt lat="-29.0865389" lon="-67.4678318">
    <ele>1002</ele>
    <time>2026-02-23T14:15:16Z</time>
    <extensions>
     <gpxdata:hr>121</gpxdata:hr>
     <gpxdata:distance>8732.00</gpxdata:distance>
     <gpxdata:speed>4.525</gpxdata:speed>
    </extensions>
   </trkpt>
   <trkpt lat="-29.0864984" lon="-67.4678279">
    <ele>1002</ele>
    <time>2026-02-23T14:15:17Z</time>
    <extensions>
     <gpxdata:hr>120</gpxdata:hr>
     <gpxdata:distance>8736.50</gpxdata:distance>
     <gpxdata:speed>4.486</gpxdata:speed>
    </extensions>
   </trkpt>
   <trkpt lat="-29.0864582" lon="-67.4678252">
    <ele>1002</ele>
    <time>2026-02-23T14:15:18Z</time>
    <extensions>
     <gpxdata:hr>119</gpxdata:hr>
     <gpxdata:distance>8741.00</gpxdata:distance>
     <gpxdata:speed>4.406</gpxdata:speed>
    </extensions>
   </trkpt>
   <trkpt lat="-29.0864188" lon="-67.4678218">
    <ele>1002</ele>
    <time>2026-02-23T14:15:19Z</time>
    <extensions>
     <gpxdata:hr>119</gpxdata:hr>
     <gpxdata:distance>8745.50</gpxdata:distance>
     <gpxdata:speed>4.483</gpxdata:speed>
    </extensions>
   </trkpt>
   <trkpt lat="-29.0863787" lon="-67.4678172">
    <ele>1002</ele>
    <time>2026-02-23T14:15:20Z</time>
    <extensions>
     <gpxdata:hr>119</gpxdata:hr>
     <gpxdata:distance>8750.00</gpxdata:distance>
     <gpxdata:speed>4.500</gpxdata:speed>
    </extensions>
   </trkpt>
   <trkpt lat="-29.0863385" lon="-67.4678120">
    <ele>1002</ele>
    <time>2026-02-23T14:15:21Z</time>
    <extensions>
     <gpxdata:hr>121</gpxdata:hr>
     <gpxdata:distance>8754.50</gpxdata:distance>
     <gpxdata:speed>4.492</gpxdata:speed>
    </extensions>
   </trkpt>
   <trkpt lat="-29.0862983" lon="-67.4678075">
    <ele>1002</ele>
    <time>2026-02-23T14:15:22Z</time>
    <extensions>
     <gpxdata:hr>121</gpxdata:hr>
     <gpxdata:distance>8759.00</gpxdata:distance>
     <gpxdata:speed>4.608</gpxdata:speed>
    </extensions>
   </trkpt>
   <trkpt lat="-29.0862570" lon="-67.4678035">
    <ele>1002</ele>
    <time>2026-02-23T14:15:23Z</time>
    <extensions>
     <gpxdata:hr>121</gpxdata:hr>
     <gpxdata:distance>8763.50</gpxdata:distance>
     <gpxdata:speed>4.592</gpxdata:speed>
    </extensions>
   </trkpt>
   <trkpt lat="-29.0862159" lon="-67.4677993">
    <ele>1002</ele>
    <time>2026-02-23T14:15:24Z</time>
    <extensions>
     <gpxdata:hr>121</gpxdata:hr>
     <gpxdata:distance>8768.00</gpxdata:distance>
     <gpxdata:speed>4.619</gpxdata:speed>
    </extensions>
   </trkpt>
   <trkpt lat="-29.0861746" lon="-67.4677941">
    <ele>1002</ele>
    <time>2026-02-23T14:15:25Z</time>
    <extensions>
     <gpxdata:hr>121</gpxdata:hr>
     <gpxdata:distance>8773.00</gpxdata:distance>
     <gpxdata:speed>4.711</gpxdata:speed>
    </extensions>
   </trkpt>
   <trkpt lat="-29.0861325" lon="-67.4677881">
    <ele>1002</ele>
    <time>2026-02-23T14:15:26Z</time>
    <extensions>
     <gpxdata:hr>121</gpxdata:hr>
     <gpxdata:distance>8778.00</gpxdata:distance>
     <gpxdata:speed>4.775</gpxdata:speed>
    </extensions>
   </trkpt>
   <trkpt lat="-29.0860898" lon="-67.4677829">
    <ele>1002</ele>
    <time>2026-02-23T14:15:27Z</time>
    <extensions>
     <gpxdata:hr>122</gpxdata:hr>
     <gpxdata:distance>8782.50</gpxdata:distance>
     <gpxdata:speed>4.753</gpxdata:speed>
    </extensions>
   </trkpt>
   <trkpt lat="-29.0860473" lon="-67.4677780">
    <ele>1002</ele>
    <time>2026-02-23T14:15:28Z</time>
    <extensions>
     <gpxdata:hr>121</gpxdata:hr>
     <gpxdata:distance>8787.00</gpxdata:distance>
     <gpxdata:speed>4.711</gpxdata:speed>
    </extensions>
   </trkpt>
   <trkpt lat="-29.0860051" lon="-67.4677737">
    <ele>1002</ele>
    <time>2026-02-23T14:15:29Z</time>
    <extensions>
     <gpxdata:hr>121</gpxdata:hr>
     <gpxdata:distance>8792.00</gpxdata:distance>
     <gpxdata:speed>4.625</gpxdata:speed>
    </extensions>
   </trkpt>
   <trkpt lat="-29.0859639" lon="-67.4677687">
    <ele>1002</ele>
    <time>2026-02-23T14:15:30Z</time>
    <extensions>
     <gpxdata:hr>122</gpxdata:hr>
     <gpxdata:distance>8797.00</gpxdata:distance>
     <gpxdata:speed>4.681</gpxdata:speed>
    </extensions>
   </trkpt>
   <trkpt lat="-29.0859221" lon="-67.4677635">
    <ele>1002</ele>
    <time>2026-02-23T14:15:31Z</time>
    <extensions>
     <gpxdata:hr>124</gpxdata:hr>
     <gpxdata:distance>8801.50</gpxdata:distance>
     <gpxdata:speed>4.628</gpxdata:speed>
    </extensions>
   </trkpt>
   <trkpt lat="-29.0858808" lon="-67.4677577">
    <ele>1002</ele>
    <time>2026-02-23T14:15:32Z</time>
    <extensions>
     <gpxdata:hr>126</gpxdata:hr>
     <gpxdata:distance>8806.00</gpxdata:distance>
     <gpxdata:speed>4.622</gpxdata:speed>
    </extensions>
   </trkpt>
   <trkpt lat="-29.0858395" lon="-67.4677527">
    <ele>1002</ele>
    <time>2026-02-23T14:15:33Z</time>
    <extensions>
     <gpxdata:hr>127</gpxdata:hr>
     <gpxdata:distance>8810.50</gpxdata:distance>
     <gpxdata:speed>4.578</gpxdata:speed>
    </extensions>
   </trkpt>
   <trkpt lat="-29.0857987" lon="-67.4677473">
    <ele>1002</ele>
    <time>2026-02-23T14:15:34Z</time>
    <extensions>
     <gpxdata:hr>127</gpxdata:hr>
     <gpxdata:distance>8815.00</gpxdata:distance>
     <gpxdata:speed>4.600</gpxdata:speed>
    </extensions>
   </trkpt>
   <trkpt lat="-29.0857577" lon="-67.4677413">
    <ele>1002</ele>
    <time>2026-02-23T14:15:35Z</time>
    <extensions>
     <gpxdata:hr>127</gpxdata:hr>
     <gpxdata:distance>8819.50</gpxdata:distance>
     <gpxdata:speed>4.561</gpxdata:speed>
    </extensions>
   </trkpt>
   <trkpt lat="-29.0857170" lon="-67.4677355">
    <ele>1002</ele>
    <time>2026-02-23T14:15:36Z</time>
    <extensions>
     <gpxdata:hr>127</gpxdata:hr>
     <gpxdata:distance>8824.00</gpxdata:distance>
     <gpxdata:speed>4.531</gpxdata:speed>
    </extensions>
   </trkpt>
   <trkpt lat="-29.0856767" lon="-67.4677295">
    <ele>1002</ele>
    <time>2026-02-23T14:15:37Z</time>
    <extensions>
     <gpxdata:hr>126</gpxdata:hr>
     <gpxdata:distance>8828.50</gpxdata:distance>
     <gpxdata:speed>4.511</gpxdata:speed>
    </extensions>
   </trkpt>
   <trkpt lat="-29.0856366" lon="-67.4677231">
    <ele>1002</ele>
    <time>2026-02-23T14:15:38Z</time>
    <extensions>
     <gpxdata:hr>126</gpxdata:hr>
     <gpxdata:distance>8833.00</gpxdata:distance>
     <gpxdata:speed>4.431</gpxdata:speed>
    </extensions>
   </trkpt>
   <trkpt lat="-29.0855972" lon="-67.4677172">
    <ele>1002</ele>
    <time>2026-02-23T14:15:39Z</time>
    <extensions>
     <gpxdata:hr>126</gpxdata:hr>
     <gpxdata:distance>8837.50</gpxdata:distance>
     <gpxdata:speed>4.428</gpxdata:speed>
    </extensions>
   </trkpt>
   <trkpt lat="-29.0855577" lon="-67.4677118">
    <ele>1002</ele>
    <time>2026-02-23T14:15:40Z</time>
    <extensions>
     <gpxdata:hr>126</gpxdata:hr>
     <gpxdata:distance>8842.00</gpxdata:distance>
     <gpxdata:speed>4.444</gpxdata:speed>
    </extensions>
   </trkpt>
   <trkpt lat="-29.0855180" lon="-67.4677066">
    <ele>1003</ele>
    <time>2026-02-23T14:15:41Z</time>
    <extensions>
     <gpxdata:hr>126</gpxdata:hr>
     <gpxdata:distance>8846.50</gpxdata:distance>
     <gpxdata:speed>4.522</gpxdata:speed>
    </extensions>
   </trkpt>
   <trkpt lat="-29.0854776" lon="-67.4677015">
    <ele>1003</ele>
    <time>2026-02-23T14:15:42Z</time>
    <extensions>
     <gpxdata:hr>126</gpxdata:hr>
     <gpxdata:distance>8851.00</gpxdata:distance>
     <gpxdata:speed>4.592</gpxdata:speed>
    </extensions>
   </trkpt>
   <trkpt lat="-29.0854365" lon="-67.4676965">
    <ele>1003</ele>
    <time>2026-02-23T14:15:43Z</time>
    <extensions>
     <gpxdata:hr>126</gpxdata:hr>
     <gpxdata:distance>8855.50</gpxdata:distance>
     <gpxdata:speed>4.636</gpxdata:speed>
    </extensions>
   </trkpt>
   <trkpt lat="-29.0853950" lon="-67.4676916">
    <ele>1003</ele>
    <time>2026-02-23T14:15:44Z</time>
    <extensions>
     <gpxdata:hr>126</gpxdata:hr>
     <gpxdata:distance>8860.00</gpxdata:distance>
     <gpxdata:speed>4.586</gpxdata:speed>
    </extensions>
   </trkpt>
   <trkpt lat="-29.0853539" lon="-67.4676872">
    <ele>1003</ele>
    <time>2026-02-23T14:15:45Z</time>
    <extensions>
     <gpxdata:hr>126</gpxdata:hr>
     <gpxdata:distance>8864.50</gpxdata:distance>
     <gpxdata:speed>4.469</gpxdata:speed>
    </extensions>
   </trkpt>
   <trkpt lat="-29.0853140" lon="-67.4676827">
    <ele>1003</ele>
    <time>2026-02-23T14:15:46Z</time>
    <extensions>
     <gpxdata:hr>126</gpxdata:hr>
     <gpxdata:distance>8869.00</gpxdata:distance>
     <gpxdata:speed>4.514</gpxdata:speed>
    </extensions>
   </trkpt>
   <trkpt lat="-29.0852737" lon="-67.4676774">
    <ele>1003</ele>
    <time>2026-02-23T14:15:47Z</time>
    <extensions>
     <gpxdata:hr>127</gpxdata:hr>
     <gpxdata:distance>8873.50</gpxdata:distance>
     <gpxdata:speed>4.397</gpxdata:speed>
    </extensions>
   </trkpt>
   <trkpt lat="-29.0852347" lon="-67.4676708">
    <ele>1003</ele>
    <time>2026-02-23T14:15:48Z</time>
    <extensions>
     <gpxdata:hr>127</gpxdata:hr>
     <gpxdata:distance>8878.00</gpxdata:distance>
     <gpxdata:speed>4.325</gpxdata:speed>
    </extensions>
   </trkpt>
   <trkpt lat="-29.0851963" lon="-67.4676650">
    <ele>1003</ele>
    <time>2026-02-23T14:15:49Z</time>
    <extensions>
     <gpxdata:hr>127</gpxdata:hr>
     <gpxdata:distance>8882.00</gpxdata:distance>
     <gpxdata:speed>4.294</gpxdata:speed>
    </extensions>
   </trkpt>
   <trkpt lat="-29.0851580" lon="-67.4676598">
    <ele>1003</ele>
    <time>2026-02-23T14:15:50Z</time>
    <extensions>
     <gpxdata:hr>127</gpxdata:hr>
     <gpxdata:distance>8886.00</gpxdata:distance>
     <gpxdata:speed>4.353</gpxdata:speed>
    </extensions>
   </trkpt>
   <trkpt lat="-29.0851191" lon="-67.4676548">
    <ele>1003</ele>
    <time>2026-02-23T14:15:51Z</time>
    <extensions>
     <gpxdata:hr>128</gpxdata:hr>
     <gpxdata:distance>8890.50</gpxdata:distance>
     <gpxdata:speed>4.411</gpxdata:speed>
    </extensions>
   </trkpt>
   <trkpt lat="-29.0850797" lon="-67.4676498">
    <ele>1003</ele>
    <time>2026-02-23T14:15:52Z</time>
    <extensions>
     <gpxdata:hr>128</gpxdata:hr>
     <gpxdata:distance>8895.00</gpxdata:distance>
     <gpxdata:speed>4.456</gpxdata:speed>
    </extensions>
   </trkpt>
   <trkpt lat="-29.0850399" lon="-67.4676442">
    <ele>1003</ele>
    <time>2026-02-23T14:15:53Z</time>
    <extensions>
     <gpxdata:hr>130</gpxdata:hr>
     <gpxdata:distance>8899.50</gpxdata:distance>
     <gpxdata:speed>4.481</gpxdata:speed>
    </extensions>
   </trkpt>
   <trkpt lat="-29.0850000" lon="-67.4676381">
    <ele>1003</ele>
    <time>2026-02-23T14:15:54Z</time>
    <extensions>
     <gpxdata:hr>130</gpxdata:hr>
     <gpxdata:distance>8904.00</gpxdata:distance>
     <gpxdata:speed>4.553</gpxdata:speed>
    </extensions>
   </trkpt>
   <trkpt lat="-29.0849593" lon="-67.4676323">
    <ele>1003</ele>
    <time>2026-02-23T14:15:55Z</time>
    <extensions>
     <gpxdata:hr>130</gpxdata:hr>
     <gpxdata:distance>8909.00</gpxdata:distance>
     <gpxdata:speed>4.539</gpxdata:speed>
    </extensions>
   </trkpt>
   <trkpt lat="-29.0849187" lon="-67.4676274">
    <ele>1003</ele>
    <time>2026-02-23T14:15:56Z</time>
    <extensions>
     <gpxdata:hr>129</gpxdata:hr>
     <gpxdata:distance>8914.00</gpxdata:distance>
     <gpxdata:speed>4.575</gpxdata:speed>
    </extensions>
   </trkpt>
   <trkpt lat="-29.0848778" lon="-67.4676227">
    <ele>1003</ele>
    <time>2026-02-23T14:15:57Z</time>
    <extensions>
     <gpxdata:hr>130</gpxdata:hr>
     <gpxdata:distance>8918.50</gpxdata:distance>
     <gpxdata:speed>4.617</gpxdata:speed>
    </extensions>
   </trkpt>
   <trkpt lat="-29.0848365" lon="-67.4676180">
    <ele>1003</ele>
    <time>2026-02-23T14:15:58Z</time>
    <extensions>
     <gpxdata:hr>129</gpxdata:hr>
     <gpxdata:distance>8923.00</gpxdata:distance>
     <gpxdata:speed>4.583</gpxdata:speed>
    </extensions>
   </trkpt>
   <trkpt lat="-29.0847956" lon="-67.4676125">
    <ele>1003</ele>
    <time>2026-02-23T14:15:59Z</time>
    <extensions>
     <gpxdata:hr>128</gpxdata:hr>
     <gpxdata:distance>8927.50</gpxdata:distance>
     <gpxdata:speed>4.675</gpxdata:speed>
    </extensions>
   </trkpt>
   <trkpt lat="-29.0847538" lon="-67.4676064">
    <ele>1003</ele>
    <time>2026-02-23T14:16:00Z</time>
    <extensions>
     <gpxdata:hr>128</gpxdata:hr>
     <gpxdata:distance>8932.00</gpxdata:distance>
     <gpxdata:speed>4.761</gpxdata:speed>
    </extensions>
   </trkpt>
   <trkpt lat="-29.0847113" lon="-67.4676006">
    <ele>1003</ele>
    <time>2026-02-23T14:16:01Z</time>
    <extensions>
     <gpxdata:hr>128</gpxdata:hr>
     <gpxdata:distance>8937.00</gpxdata:distance>
     <gpxdata:speed>4.739</gpxdata:speed>
    </extensions>
   </trkpt>
   <trkpt lat="-29.0846689" lon="-67.4675958">
    <ele>1003</ele>
    <time>2026-02-23T14:16:02Z</time>
    <extensions>
     <gpxdata:hr>128</gpxdata:hr>
     <gpxdata:distance>8942.00</gpxdata:distance>
     <gpxdata:speed>4.775</gpxdata:speed>
    </extensions>
   </trkpt>
   <trkpt lat="-29.0846262" lon="-67.4675911">
    <ele>1003</ele>
    <time>2026-02-23T14:16:03Z</time>
    <extensions>
     <gpxdata:hr>128</gpxdata:hr>
     <gpxdata:distance>8946.50</gpxdata:distance>
     <gpxdata:speed>4.814</gpxdata:speed>
    </extensions>
   </trkpt>
   <trkpt lat="-29.0845831" lon="-67.4675857">
    <ele>1003</ele>
    <time>2026-02-23T14:16:04Z</time>
    <extensions>
     <gpxdata:hr>127</gpxdata:hr>
     <gpxdata:distance>8951.00</gpxdata:distance>
     <gpxdata:speed>4.772</gpxdata:speed>
    </extensions>
   </trkpt>
   <trkpt lat="-29.0845405" lon="-67.4675803">
    <ele>1003</ele>
    <time>2026-02-23T14:16:05Z</time>
    <extensions>
     <gpxdata:hr>125</gpxdata:hr>
     <gpxdata:distance>8955.50</gpxdata:distance>
     <gpxdata:speed>4.592</gpxdata:speed>
    </extensions>
   </trkpt>
   <trkpt lat="-29.0844996" lon="-67.4675751">
    <ele>1004</ele>
    <time>2026-02-23T14:16:06Z</time>
    <extensions>
     <gpxdata:hr>124</gpxdata:hr>
     <gpxdata:distance>8960.00</gpxdata:distance>
     <gpxdata:speed>4.506</gpxdata:speed>
    </extensions>
   </trkpt>
   <trkpt lat="-29.0844595" lon="-67.4675699">
    <ele>1004</ele>
    <time>2026-02-23T14:16:07Z</time>
    <extensions>
     <gpxdata:hr>124</gpxdata:hr>
     <gpxdata:distance>8964.50</gpxdata:distance>
     <gpxdata:speed>4.475</gpxdata:speed>
    </extensions>
   </trkpt>
   <trkpt lat="-29.0844196" lon="-67.4675649">
    <ele>1004</ele>
    <time>2026-02-23T14:16:08Z</time>
    <extensions>
     <gpxdata:hr>124</gpxdata:hr>
     <gpxdata:distance>8969.00</gpxdata:distance>
     <gpxdata:speed>4.397</gpxdata:speed>
    </extensions>
   </trkpt>
   <trkpt lat="-29.0843804" lon="-67.4675605">
    <ele>1004</ele>
    <time>2026-02-23T14:16:09Z</time>
    <extensions>
     <gpxdata:hr>124</gpxdata:hr>
     <gpxdata:distance>8972.50</gpxdata:distance>
     <gpxdata:speed>4.147</gpxdata:speed>
    </extensions>
   </trkpt>
   <trkpt lat="-29.0843435" lon="-67.4675561">
    <ele>1004</ele>
    <time>2026-02-23T14:16:10Z</time>
    <extensions>
     <gpxdata:hr>124</gpxdata:hr>
     <gpxdata:distance>8976.00</gpxdata:distance>
     <gpxdata:speed>3.936</gpxdata:speed>
    </extensions>
   </trkpt>
   <trkpt lat="-29.0843085" lon="-67.4675520">
    <ele>1004</ele>
    <time>2026-02-23T14:16:11Z</time>
    <extensions>
     <gpxdata:hr>126</gpxdata:hr>
     <gpxdata:distance>8979.50</gpxdata:distance>
     <gpxdata:speed>3.569</gpxdata:speed>
    </extensions>
   </trkpt>
   <trkpt lat="-29.0842771" lon="-67.4675464">
    <ele>1004</ele>
    <time>2026-02-23T14:16:12Z</time>
    <extensions>
     <gpxdata:hr>126</gpxdata:hr>
     <gpxdata:distance>8983.00</gpxdata:distance>
     <gpxdata:speed>3.300</gpxdata:speed>
    </extensions>
   </trkpt>
   <trkpt lat="-29.0842484" lon="-67.4675395">
    <ele>1004</ele>
    <time>2026-02-23T14:16:13Z</time>
    <extensions>
     <gpxdata:hr>126</gpxdata:hr>
     <gpxdata:distance>8985.00</gpxdata:distance>
     <gpxdata:speed>2.889</gpxdata:speed>
    </extensions>
   </trkpt>
   <trkpt lat="-29.0842237" lon="-67.4675323">
    <ele>1004</ele>
    <time>2026-02-23T14:16:14Z</time>
    <extensions>
     <gpxdata:hr>126</gpxdata:hr>
     <gpxdata:distance>8987.00</gpxdata:distance>
     <gpxdata:speed>2.558</gpxdata:speed>
    </extensions>
   </trkpt>
   <trkpt lat="-29.0842111" lon="-67.4675290">
    <ele>1004</ele>
    <time>2026-02-23T14:16:15Z</time>
    <extensions>
     <gpxdata:hr>126</gpxdata:hr>
     <gpxdata:distance>8988.50</gpxdata:distance>
     <gpxdata:speed>2.161</gpxdata:speed>
    </extensions>
   </trkpt>
   <trkpt lat="-29.0841958" lon="-67.4675256">
    <ele>1004</ele>
    <time>2026-02-23T14:16:16Z</time>
    <extensions>
     <gpxdata:hr>126</gpxdata:hr>
     <gpxdata:distance>8990.00</gpxdata:distance>
     <gpxdata:speed>1.622</gpxdata:speed>
    </extensions>
   </trkpt>
   <trkpt lat="-29.0841817" lon="-67.4675236">
    <ele>1004</ele>
    <time>2026-02-23T14:16:17Z</time>
    <extensions>
     <gpxdata:hr>126</gpxdata:hr>
     <gpxdata:distance>8990.00</gpxdata:distance>
     <gpxdata:speed>1.117</gpxdata:speed>
    </extensions>
   </trkpt>
   <trkpt lat="-29.0840886" lon="-67.4675076">
    <ele>1004</ele>
    <time>2026-02-23T14:17:01Z</time>
    <extensions>
     <gpxdata:hr>115</gpxdata:hr>
     <gpxdata:distance>9005.00</gpxdata:distance>
     <gpxdata:speed>2.550</gpxdata:speed>
    </extensions>
   </trkpt>
   <trkpt lat="-29.0840618" lon="-67.4675012">
    <ele>1004</ele>
    <time>2026-02-23T14:17:02Z</time>
    <extensions>
     <gpxdata:hr>115</gpxdata:hr>
     <gpxdata:distance>9008.00</gpxdata:distance>
     <gpxdata:speed>2.839</gpxdata:speed>
    </extensions>
   </trkpt>
   <trkpt lat="-29.0840361" lon="-67.4674966">
    <ele>1004</ele>
    <time>2026-02-23T14:17:03Z</time>
    <extensions>
     <gpxdata:hr>116</gpxdata:hr>
     <gpxdata:distance>9011.00</gpxdata:distance>
     <gpxdata:speed>2.889</gpxdata:speed>
    </extensions>
   </trkpt>
   <trkpt lat="-29.0840109" lon="-67.4674937">
    <ele>1004</ele>
    <time>2026-02-23T14:17:04Z</time>
    <extensions>
     <gpxdata:hr>115</gpxdata:hr>
     <gpxdata:distance>9014.50</gpxdata:distance>
     <gpxdata:speed>3.061</gpxdata:speed>
    </extensions>
   </trkpt>
   <trkpt lat="-29.0839845" lon="-67.4674920">
    <ele>1004</ele>
    <time>2026-02-23T14:17:05Z</time>
    <extensions>
     <gpxdata:hr>115</gpxdata:hr>
     <gpxdata:distance>9018.00</gpxdata:distance>
     <gpxdata:speed>3.144</gpxdata:speed>
    </extensions>
   </trkpt>
   <trkpt lat="-29.0839402" lon="-67.4674883">
    <ele>1004</ele>
    <time>2026-02-23T14:17:06Z</time>
    <extensions>
     <gpxdata:hr>115</gpxdata:hr>
     <gpxdata:distance>9021.50</gpxdata:distance>
     <gpxdata:speed>3.461</gpxdata:speed>
    </extensions>
   </trkpt>
   <trkpt lat="-29.0839063" lon="-67.4674824">
    <ele>1004</ele>
    <time>2026-02-23T14:17:07Z</time>
    <extensions>
     <gpxdata:hr>115</gpxdata:hr>
     <gpxdata:distance>9025.00</gpxdata:distance>
     <gpxdata:speed>3.514</gpxdata:speed>
    </extensions>
   </trkpt>
   <trkpt lat="-29.0838746" lon="-67.4674764">
    <ele>1004</ele>
    <time>2026-02-23T14:17:08Z</time>
    <extensions>
     <gpxdata:hr>115</gpxdata:hr>
     <gpxdata:distance>9028.00</gpxdata:distance>
     <gpxdata:speed>3.150</gpxdata:speed>
    </extensions>
   </trkpt>
   <trkpt lat="-29.0838469" lon="-67.4674706">
    <ele>1004</ele>
    <time>2026-02-23T14:17:09Z</time>
    <extensions>
     <gpxdata:hr>114</gpxdata:hr>
     <gpxdata:distance>9031.00</gpxdata:distance>
     <gpxdata:speed>3.078</gpxdata:speed>
    </extensions>
   </trkpt>
   <trkpt lat="-29.0838198" lon="-67.4674651">
    <ele>1004</ele>
    <time>2026-02-23T14:17:10Z</time>
    <extensions>
     <gpxdata:hr>114</gpxdata:hr>
     <gpxdata:distance>9034.00</gpxdata:distance>
     <gpxdata:speed>3.097</gpxdata:speed>
    </extensions>
   </trkpt>
   <trkpt lat="-29.0837924" lon="-67.4674599">
    <ele>1004</ele>
    <time>2026-02-23T14:17:11Z</time>
    <extensions>
     <gpxdata:hr>115</gpxdata:hr>
     <gpxdata:distance>9037.00</gpxdata:distance>
     <gpxdata:speed>3.072</gpxdata:speed>
    </extensions>
   </trkpt>
   <trkpt lat="-29.0837652" lon="-67.4674549">
    <ele>1004</ele>
    <time>2026-02-23T14:17:12Z</time>
    <extensions>
     <gpxdata:hr>118</gpxdata:hr>
     <gpxdata:distance>9038.00</gpxdata:distance>
     <gpxdata:speed>2.581</gpxdata:speed>
    </extensions>
   </trkpt>
   <trkpt lat="-29.0837427" lon="-67.4674505">
    <ele>1004</ele>
    <time>2026-02-23T14:17:13Z</time>
    <extensions>
     <gpxdata:hr>119</gpxdata:hr>
     <gpxdata:distance>9039.00</gpxdata:distance>
     <gpxdata:speed>1.742</gpxdata:speed>
    </extensions>
   </trkpt>
   <trkpt lat="-29.0837342" lon="-67.4674490">
    <ele>1004</ele>
    <time>2026-02-23T14:17:14Z</time>
    <extensions>
     <gpxdata:hr>121</gpxdata:hr>
     <gpxdata:distance>9039.50</gpxdata:distance>
     <gpxdata:speed>1.114</gpxdata:speed>
    </extensions>
   </trkpt>
   <trkpt lat="-29.0836677" lon="-67.4674420">
    <ele>1003</ele>
    <time>2026-02-23T14:19:37Z</time>
    <extensions>
     <gpxdata:hr>111</gpxdata:hr>
     <gpxdata:distance>9053.00</gpxdata:distance>
     <gpxdata:speed>2.606</gpxdata:speed>
    </extensions>
   </trkpt>
   <trkpt lat="-29.0836399" lon="-67.4674399">
    <ele>1003</ele>
    <time>2026-02-23T14:19:38Z</time>
    <extensions>
     <gpxdata:hr>110</gpxdata:hr>
     <gpxdata:distance>9058.00</gpxdata:distance>
     <gpxdata:speed>3.397</gpxdata:speed>
    </extensions>
   </trkpt>
   <trkpt lat="-29.0836099" lon="-67.4674394">
    <ele>1003</ele>
    <time>2026-02-23T14:19:39Z</time>
    <extensions>
     <gpxdata:hr>109</gpxdata:hr>
     <gpxdata:distance>9063.00</gpxdata:distance>
     <gpxdata:speed>4.231</gpxdata:speed>
    </extensions>
   </trkpt>
   <trkpt lat="-29.0835530" lon="-67.4674403">
    <ele>1003</ele>
    <time>2026-02-23T14:19:40Z</time>
    <extensions>
     <gpxdata:hr>109</gpxdata:hr>
     <gpxdata:distance>9069.50</gpxdata:distance>
     <gpxdata:speed>5.036</gpxdata:speed>
    </extensions>
   </trkpt>
   <trkpt lat="-29.0835045" lon="-67.4674404">
    <ele>1004</ele>
    <time>2026-02-23T14:19:41Z</time>
    <extensions>
     <gpxdata:hr>109</gpxdata:hr>
     <gpxdata:distance>9076.00</gpxdata:distance>
     <gpxdata:speed>6.011</gpxdata:speed>
    </extensions>
   </trkpt>
   <trkpt lat="-29.0834497" lon="-67.4674396">
    <ele>1004</ele>
    <time>2026-02-23T14:19:42Z</time>
    <extensions>
     <gpxdata:hr>109</gpxdata:hr>
     <gpxdata:distance>9084.00</gpxdata:distance>
     <gpxdata:speed>6.883</gpxdata:speed>
    </extensions>
   </trkpt>
   <trkpt lat="-29.0833667" lon="-67.4674370">
    <ele>1004</ele>
    <time>2026-02-23T14:19:43Z</time>
    <extensions>
     <gpxdata:hr>109</gpxdata:hr>
     <gpxdata:distance>9092.00</gpxdata:distance>
     <gpxdata:speed>7.558</gpxdata:speed>
    </extensions>
   </trkpt>
   <trkpt lat="-29.0832943" lon="-67.4674324">
    <ele>1004</ele>
    <time>2026-02-23T14:19:44Z</time>
    <extensions>
     <gpxdata:hr>108</gpxdata:hr>
     <gpxdata:distance>9101.00</gpxdata:distance>
     <gpxdata:speed>8.083</gpxdata:speed>
    </extensions>
   </trkpt>
   <trkpt lat="-29.0832193" lon="-67.4674256">
    <ele>1004</ele>
    <time>2026-02-23T14:19:45Z</time>
    <extensions>
     <gpxdata:hr>108</gpxdata:hr>
     <gpxdata:distance>9110.00</gpxdata:distance>
     <gpxdata:speed>8.589</gpxdata:speed>
    </extensions>
   </trkpt>
   <trkpt lat="-29.0831402" lon="-67.4674167">
    <ele>1005</ele>
    <time>2026-02-23T14:19:46Z</time>
    <extensions>
     <gpxdata:hr>108</gpxdata:hr>
     <gpxdata:distance>9120.00</gpxdata:distance>
     <gpxdata:speed>9.175</gpxdata:speed>
    </extensions>
   </trkpt>
   <trkpt lat="-29.0830557" lon="-67.4674061">
    <ele>1005</ele>
    <time>2026-02-23T14:19:47Z</time>
    <extensions>
     <gpxdata:hr>108</gpxdata:hr>
     <gpxdata:distance>9130.00</gpxdata:distance>
     <gpxdata:speed>9.908</gpxdata:speed>
    </extensions>
   </trkpt>
   <trkpt lat="-29.0829643" lon="-67.4673937">
    <ele>1005</ele>
    <time>2026-02-23T14:19:48Z</time>
    <extensions>
     <gpxdata:hr>108</gpxdata:hr>
     <gpxdata:distance>9142.50</gpxdata:distance>
     <gpxdata:speed>10.736</gpxdata:speed>
    </extensions>
   </trkpt>
   <trkpt lat="-29.0828649" lon="-67.4673813">
    <ele>1005</ele>
    <time>2026-02-23T14:19:49Z</time>
    <extensions>
     <gpxdata:hr>108</gpxdata:hr>
     <gpxdata:distance>9155.00</gpxdata:distance>
     <gpxdata:speed>11.561</gpxdata:speed>
    </extensions>
   </trkpt>
   <trkpt lat="-29.0827579" lon="-67.4673683">
    <ele>1006</ele>
    <time>2026-02-23T14:19:50Z</time>
    <extensions>
     <gpxdata:hr>108</gpxdata:hr>
     <gpxdata:distance>9168.50</gpxdata:distance>
     <gpxdata:speed>12.500</gpxdata:speed>
    </extensions>
   </trkpt>
   <trkpt lat="-29.0826423" lon="-67.4673535">
    <ele>1006</ele>
    <time>2026-02-23T14:19:51Z</time>
    <extensions>
     <gpxdata:hr>108</gpxdata:hr>
     <gpxdata:distance>9182.00</gpxdata:distance>
     <gpxdata:speed>13.325</gpxdata:speed>
    </extensions>
   </trkpt>
   <trkpt lat="-29.0825194" lon="-67.4673382">
    <ele>1006</ele>
    <time>2026-02-23T14:19:52Z</time>
    <extensions>
     <gpxdata:hr>108</gpxdata:hr>
     <gpxdata:distance>9197.00</gpxdata:distance>
     <gpxdata:speed>13.894</gpxdata:speed>
    </extensions>
   </trkpt>
   <trkpt lat="-29.0823921" lon="-67.4673228">
    <ele>1006</ele>
    <time>2026-02-23T14:19:53Z</time>
    <extensions>
     <gpxdata:hr>108</gpxdata:hr>
     <gpxdata:distance>9212.00</gpxdata:distance>
     <gpxdata:speed>14.525</gpxdata:speed>
    </extensions>
   </trkpt>
   <trkpt lat="-29.0822593" lon="-67.4673076">
    <ele>1007</ele>
    <time>2026-02-23T14:19:54Z</time>
    <extensions>
     <gpxdata:hr>108</gpxdata:hr>
     <gpxdata:distance>9227.50</gpxdata:distance>
     <gpxdata:speed>15.153</gpxdata:speed>
    </extensions>
   </trkpt>
   <trkpt lat="-29.0821210" lon="-67.4672910">
    <ele>1007</ele>
    <time>2026-02-23T14:19:55Z</time>
    <extensions>
     <gpxdata:hr>108</gpxdata:hr>
     <gpxdata:distance>9243.00</gpxdata:distance>
     <gpxdata:speed>15.422</gpxdata:speed>
    </extensions>
   </trkpt>
   <trkpt lat="-29.0819813" lon="-67.4672748">
    <ele>1007</ele>
    <time>2026-02-23T14:19:56Z</time>
    <extensions>
     <gpxdata:hr>108</gpxdata:hr>
     <gpxdata:distance>9258.50</gpxdata:distance>
     <gpxdata:speed>15.444</gpxdata:speed>
    </extensions>
   </trkpt>
   <trkpt lat="-29.0818425" lon="-67.4672584">
    <ele>1007</ele>
    <time>2026-02-23T14:19:57Z</time>
    <extensions>
     <gpxdata:hr>108</gpxdata:hr>
     <gpxdata:distance>9274.00</gpxdata:distance>
     <gpxdata:speed>15.411</gpxdata:speed>
    </extensions>
   </trkpt>
   <trkpt lat="-29.0817047" lon="-67.4672403">
    <ele>1007</ele>
    <time>2026-02-23T14:19:58Z</time>
    <extensions>
     <gpxdata:hr>108</gpxdata:hr>
     <gpxdata:distance>9290.50</gpxdata:distance>
     <gpxdata:speed>15.775</gpxdata:speed>
    </extensions>
   </trkpt>
   <trkpt lat="-29.0815630" lon="-67.4672202">
    <ele>1008</ele>
    <time>2026-02-23T14:19:59Z</time>
    <extensions>
     <gpxdata:hr>108</gpxdata:hr>
     <gpxdata:distance>9307.00</gpxdata:distance>
     <gpxdata:speed>16.278</gpxdata:speed>
    </extensions>
   </trkpt>
   <trkpt lat="-29.0814158" lon="-67.4672013">
    <ele>1008</ele>
    <time>2026-02-23T14:20:00Z</time>
    <extensions>
     <gpxdata:hr>107</gpxdata:hr>
     <gpxdata:distance>9323.00</gpxdata:distance>
     <gpxdata:speed>16.592</gpxdata:speed>
    </extensions>
   </trkpt>
   <trkpt lat="-29.0812661" lon="-67.4671820">
    <ele>1008</ele>
    <time>2026-02-23T14:20:01Z</time>
    <extensions>
     <gpxdata:hr>107</gpxdata:hr>
     <gpxdata:distance>9339.00</gpxdata:distance>
     <gpxdata:speed>16.189</gpxdata:speed>
    </extensions>
   </trkpt>
   <trkpt lat="-29.0811226" lon="-67.4671592">
    <ele>1008</ele>
    <time>2026-02-23T14:20:02Z</time>
    <extensions>
     <gpxdata:hr>107</gpxdata:hr>
     <gpxdata:distance>9354.50</gpxdata:distance>
     <gpxdata:speed>15.775</gpxdata:speed>
    </extensions>
   </trkpt>
   <trkpt lat="-29.0809842" lon="-67.4671323">
    <ele>1009</ele>
    <time>2026-02-23T14:20:03Z</time>
    <extensions>
     <gpxdata:hr>106</gpxdata:hr>
     <gpxdata:distance>9370.00</gpxdata:distance>
     <gpxdata:speed>15.650</gpxdata:speed>
    </extensions>
   </trkpt>
   <trkpt lat="-29.0808469" lon="-67.4671023">
    <ele>1009</ele>
    <time>2026-02-23T14:20:04Z</time>
    <extensions>
     <gpxdata:hr>106</gpxdata:hr>
     <gpxdata:distance>9388.50</gpxdata:distance>
     <gpxdata:speed>16.406</gpxdata:speed>
    </extensions>
   </trkpt>
   <trkpt lat="-29.0806994" lon="-67.4670762">
    <ele>1009</ele>
    <time>2026-02-23T14:20:05Z</time>
    <extensions>
     <gpxdata:hr>106</gpxdata:hr>
     <gpxdata:distance>9407.00</gpxdata:distance>
     <gpxdata:speed>17.342</gpxdata:speed>
    </extensions>
   </trkpt>
   <trkpt lat="-29.0805417" lon="-67.4670513">
    <ele>1009</ele>
    <time>2026-02-23T14:20:06Z</time>
    <extensions>
     <gpxdata:hr>107</gpxdata:hr>
     <gpxdata:distance>9426.00</gpxdata:distance>
     <gpxdata:speed>18.325</gpxdata:speed>
    </extensions>
   </trkpt>
   <trkpt lat="-29.0803745" lon="-67.4670258">
    <ele>1010</ele>
    <time>2026-02-23T14:20:07Z</time>
    <extensions>
     <gpxdata:hr>107</gpxdata:hr>
     <gpxdata:distance>9445.00</gpxdata:distance>
     <gpxdata:speed>18.722</gpxdata:speed>
    </extensions>
   </trkpt>
   <trkpt lat="-29.0802053" lon="-67.4669989">
    <ele>1010</ele>
    <time>2026-02-23T14:20:08Z</time>
    <extensions>
     <gpxdata:hr>107</gpxdata:hr>
     <gpxdata:distance>9464.00</gpxdata:distance>
     <gpxdata:speed>18.931</gpxdata:speed>
    </extensions>
   </trkpt>
   <trkpt lat="-29.0800349" lon="-67.4669742">
    <ele>1010</ele>
    <time>2026-02-23T14:20:09Z</time>
    <extensions>
     <gpxdata:hr>107</gpxdata:hr>
     <gpxdata:distance>9483.00</gpxdata:distance>
     <gpxdata:speed>18.889</gpxdata:speed>
    </extensions>
   </trkpt>
   <trkpt lat="-29.0798659" lon="-67.4669513">
    <ele>1010</ele>
    <time>2026-02-23T14:20:10Z</time>
    <extensions>
     <gpxdata:hr>107</gpxdata:hr>
     <gpxdata:distance>9492.57</gpxdata:distance>
     <gpxdata:speed>18.856</gpxdata:speed>
    </extensions>
   </trkpt>
   <trkpt lat="-29.0796973" lon="-67.4669309">
    <ele>1010</ele>
    <time>2026-02-23T14:20:11Z</time>
    <extensions>
     <gpxdata:hr>107</gpxdata:hr>
     <gpxdata:distance>9502.15</gpxdata:distance>
     <gpxdata:speed>18.856</gpxdata:speed>
    </extensions>
   </trkpt>
   <trkpt lat="-29.0794266" lon="-67.4668982">
    <ele>1010</ele>
    <time>2026-02-23T14:20:12Z</time>
    <extensions>
     <gpxdata:hr>107</gpxdata:hr>
     <gpxdata:distance>9502.15</gpxdata:distance>
     <gpxdata:speed>18.856</gpxdata:speed>
    </extensions>
   </trkpt>
  </trkseg>
 </trk>
</gpx>
