<?xml version="1.0" encoding="UTF-8"?>
<gpx xmlns="http://www.topografix.com/GPX/1/1" xmlns:gpxdata="http://www.cluetrust.com/XML/GPXDATA/1/0" xmlns:xsi="http://www.w3.org/2001/XMLSchema-instance" xsi:schemaLocation="http://www.topografix.com/GPX/1/1 https://www.topografix.com/GPX/1/1/gpx.xsd http://www.cluetrust.com/XML/GPXDATA/1/0 https://www.cluetrust.com/Schemas/gpxdata10.xsd" creator="COROS Wearables" version="1.1">
 <metadata>
  <link href="https://www.coros.com">
   <text>COROS</text>
  </link>
  <time>2026-03-15T20:37:35Z</time>
 </metadata>
 <trk>
  <name>Tarija Vélo de route</name>
  <type>cycling</type>
  <trkseg>
   <trkpt lat="-21.5428502" lon="-64.7260121">
    <ele>1873</ele>
    <time>2026-03-15T20:37:57Z</time>
    <extensions>
     <gpxdata:hr>95</gpxdata:hr>
     <gpxdata:distance>13.00</gpxdata:distance>
     <gpxdata:speed>2.197</gpxdata:speed>
    </extensions>
   </trkpt>
   <trkpt lat="-21.5428659" lon="-64.7260232">
    <ele>1873</ele>
    <time>2026-03-15T20:37:58Z</time>
    <extensions>
     <gpxdata:hr>95</gpxdata:hr>
     <gpxdata:distance>15.00</gpxdata:distance>
     <gpxdata:speed>2.142</gpxdata:speed>
    </extensions>
   </trkpt>
   <trkpt lat="-21.5428808" lon="-64.7260319">
    <ele>1873</ele>
    <time>2026-03-15T20:37:59Z</time>
    <extensions>
     <gpxdata:hr>95</gpxdata:hr>
     <gpxdata:distance>17.00</gpxdata:distance>
     <gpxdata:speed>1.892</gpxdata:speed>
    </extensions>
   </trkpt>
   <trkpt lat="-21.5428915" lon="-64.7260363">
    <ele>1873</ele>
    <time>2026-03-15T20:38:00Z</time>
    <extensions>
     <gpxdata:hr>95</gpxdata:hr>
     <gpxdata:distance>18.50</gpxdata:distance>
     <gpxdata:speed>1.742</gpxdata:speed>
    </extensions>
   </trkpt>
   <trkpt lat="-21.5429037" lon="-64.7260407">
    <ele>1873</ele>
    <time>2026-03-15T20:38:01Z</time>
    <extensions>
     <gpxdata:hr>95</gpxdata:hr>
     <gpxdata:distance>20.00</gpxdata:distance>
     <gpxdata:speed>1.647</gpxdata:speed>
    </extensions>
   </trkpt>
   <trkpt lat="-21.5429180" lon="-64.7260470">
    <ele>1873</ele>
    <time>2026-03-15T20:38:02Z</time>
    <extensions>
     <gpxdata:hr>95</gpxdata:hr>
     <gpxdata:distance>23.00</gpxdata:distance>
     <gpxdata:speed>1.947</gpxdata:speed>
    </extensions>
   </trkpt>
   <trkpt lat="-21.5429350" lon="-64.7260559">
    <ele>1873</ele>
    <time>2026-03-15T20:38:03Z</time>
    <extensions>
     <gpxdata:hr>95</gpxdata:hr>
     <gpxdata:distance>26.00</gpxdata:distance>
     <gpxdata:speed>2.400</gpxdata:speed>
    </extensions>
   </trkpt>
   <trkpt lat="-21.5429605" lon="-64.7260708">
    <ele>1873</ele>
    <time>2026-03-15T20:38:04Z</time>
    <extensions>
     <gpxdata:hr>95</gpxdata:hr>
     <gpxdata:distance>28.50</gpxdata:distance>
     <gpxdata:speed>2.681</gpxdata:speed>
    </extensions>
   </trkpt>
   <trkpt lat="-21.5429837" lon="-64.7260852">
    <ele>1873</ele>
    <time>2026-03-15T20:38:05Z</time>
    <extensions>
     <gpxdata:hr>95</gpxdata:hr>
     <gpxdata:distance>31.00</gpxdata:distance>
     <gpxdata:speed>2.869</gpxdata:speed>
    </extensions>
   </trkpt>
   <trkpt lat="-21.5430073" lon="-64.7260995">
    <ele>1873</ele>
    <time>2026-03-15T20:38:06Z</time>
    <extensions>
     <gpxdata:hr>95</gpxdata:hr>
     <gpxdata:distance>34.50</gpxdata:distance>
     <gpxdata:speed>3.086</gpxdata:speed>
    </extensions>
   </trkpt>
   <trkpt lat="-21.5430466" lon="-64.7261238">
    <ele>1873</ele>
    <time>2026-03-15T20:38:07Z</time>
    <extensions>
     <gpxdata:hr>95</gpxdata:hr>
     <gpxdata:distance>38.00</gpxdata:distance>
     <gpxdata:speed>3.206</gpxdata:speed>
    </extensions>
   </trkpt>
   <trkpt lat="-21.5430736" lon="-64.7261442">
    <ele>1873</ele>
    <time>2026-03-15T20:38:08Z</time>
    <extensions>
     <gpxdata:hr>95</gpxdata:hr>
     <gpxdata:distance>41.50</gpxdata:distance>
     <gpxdata:speed>3.336</gpxdata:speed>
    </extensions>
   </trkpt>
   <trkpt lat="-21.5430992" lon="-64.7261649">
    <ele>1873</ele>
    <time>2026-03-15T20:38:09Z</time>
    <extensions>
     <gpxdata:hr>95</gpxdata:hr>
     <gpxdata:distance>45.00</gpxdata:distance>
     <gpxdata:speed>3.508</gpxdata:speed>
    </extensions>
   </trkpt>
   <trkpt lat="-21.5431221" lon="-64.7261882">
    <ele>1873</ele>
    <time>2026-03-15T20:38:10Z</time>
    <extensions>
     <gpxdata:hr>103</gpxdata:hr>
     <gpxdata:distance>48.50</gpxdata:distance>
     <gpxdata:speed>3.492</gpxdata:speed>
    </extensions>
   </trkpt>
   <trkpt lat="-21.5431413" lon="-64.7262159">
    <ele>1873</ele>
    <time>2026-03-15T20:38:11Z</time>
    <extensions>
     <gpxdata:hr>102</gpxdata:hr>
     <gpxdata:distance>52.00</gpxdata:distance>
     <gpxdata:speed>3.572</gpxdata:speed>
    </extensions>
   </trkpt>
   <trkpt lat="-21.5431538" lon="-64.7262480">
    <ele>1873</ele>
    <time>2026-03-15T20:38:12Z</time>
    <extensions>
     <gpxdata:hr>102</gpxdata:hr>
     <gpxdata:distance>55.50</gpxdata:distance>
     <gpxdata:speed>3.586</gpxdata:speed>
    </extensions>
   </trkpt>
   <trkpt lat="-21.5431548" lon="-64.7262811">
    <ele>1873</ele>
    <time>2026-03-15T20:38:13Z</time>
    <extensions>
     <gpxdata:hr>101</gpxdata:hr>
     <gpxdata:distance>59.00</gpxdata:distance>
     <gpxdata:speed>3.400</gpxdata:speed>
    </extensions>
   </trkpt>
   <trkpt lat="-21.5431452" lon="-64.7263145">
    <ele>1873</ele>
    <time>2026-03-15T20:38:14Z</time>
    <extensions>
     <gpxdata:hr>101</gpxdata:hr>
     <gpxdata:distance>63.00</gpxdata:distance>
     <gpxdata:speed>3.564</gpxdata:speed>
    </extensions>
   </trkpt>
   <trkpt lat="-21.5431304" lon="-64.7263480">
    <ele>1873</ele>
    <time>2026-03-15T20:38:15Z</time>
    <extensions>
     <gpxdata:hr>100</gpxdata:hr>
     <gpxdata:distance>67.00</gpxdata:distance>
     <gpxdata:speed>3.789</gpxdata:speed>
    </extensions>
   </trkpt>
   <trkpt lat="-21.5431128" lon="-64.7263821">
    <ele>1873</ele>
    <time>2026-03-15T20:38:16Z</time>
    <extensions>
     <gpxdata:hr>100</gpxdata:hr>
     <gpxdata:distance>71.50</gpxdata:distance>
     <gpxdata:speed>3.989</gpxdata:speed>
    </extensions>
   </trkpt>
   <trkpt lat="-21.5430943" lon="-64.7264167">
    <ele>1873</ele>
    <time>2026-03-15T20:38:17Z</time>
    <extensions>
     <gpxdata:hr>102</gpxdata:hr>
     <gpxdata:distance>76.00</gpxdata:distance>
     <gpxdata:speed>4.100</gpxdata:speed>
    </extensions>
   </trkpt>
   <trkpt lat="-21.5430762" lon="-64.7264515">
    <ele>1873</ele>
    <time>2026-03-15T20:38:18Z</time>
    <extensions>
     <gpxdata:hr>102</gpxdata:hr>
     <gpxdata:distance>80.00</gpxdata:distance>
     <gpxdata:speed>4.117</gpxdata:speed>
    </extensions>
   </trkpt>
   <trkpt lat="-21.5430587" lon="-64.7264865">
    <ele>1873</ele>
    <time>2026-03-15T20:38:19Z</time>
    <extensions>
     <gpxdata:hr>103</gpxdata:hr>
     <gpxdata:distance>84.00</gpxdata:distance>
     <gpxdata:speed>4.103</gpxdata:speed>
    </extensions>
   </trkpt>
   <trkpt lat="-21.5430410" lon="-64.7265197">
    <ele>1873</ele>
    <time>2026-03-15T20:38:20Z</time>
    <extensions>
     <gpxdata:hr>103</gpxdata:hr>
     <gpxdata:distance>87.50</gpxdata:distance>
     <gpxdata:speed>3.961</gpxdata:speed>
    </extensions>
   </trkpt>
   <trkpt lat="-21.5430243" lon="-64.7265512">
    <ele>1873</ele>
    <time>2026-03-15T20:38:21Z</time>
    <extensions>
     <gpxdata:hr>103</gpxdata:hr>
     <gpxdata:distance>91.00</gpxdata:distance>
     <gpxdata:speed>3.772</gpxdata:speed>
    </extensions>
   </trkpt>
   <trkpt lat="-21.5430097" lon="-64.7265817">
    <ele>1873</ele>
    <time>2026-03-15T20:38:22Z</time>
    <extensions>
     <gpxdata:hr>102</gpxdata:hr>
     <gpxdata:distance>94.50</gpxdata:distance>
     <gpxdata:speed>3.575</gpxdata:speed>
    </extensions>
   </trkpt>
   <trkpt lat="-21.5429961" lon="-64.7266112">
    <ele>1873</ele>
    <time>2026-03-15T20:38:23Z</time>
    <extensions>
     <gpxdata:hr>102</gpxdata:hr>
     <gpxdata:distance>98.00</gpxdata:distance>
     <gpxdata:speed>3.425</gpxdata:speed>
    </extensions>
   </trkpt>
   <trkpt lat="-21.5429816" lon="-64.7266362">
    <ele>1873</ele>
    <time>2026-03-15T20:38:24Z</time>
    <extensions>
     <gpxdata:hr>102</gpxdata:hr>
     <gpxdata:distance>100.50</gpxdata:distance>
     <gpxdata:speed>3.081</gpxdata:speed>
    </extensions>
   </trkpt>
   <trkpt lat="-21.5429642" lon="-64.7266576">
    <ele>1873</ele>
    <time>2026-03-15T20:38:25Z</time>
    <extensions>
     <gpxdata:hr>103</gpxdata:hr>
     <gpxdata:distance>103.00</gpxdata:distance>
     <gpxdata:speed>2.964</gpxdata:speed>
    </extensions>
   </trkpt>
   <trkpt lat="-21.5429526" lon="-64.7266683">
    <ele>1873</ele>
    <time>2026-03-15T20:38:26Z</time>
    <extensions>
     <gpxdata:hr>103</gpxdata:hr>
     <gpxdata:distance>106.00</gpxdata:distance>
     <gpxdata:speed>2.983</gpxdata:speed>
    </extensions>
   </trkpt>
   <trkpt lat="-21.5429357" lon="-64.7266819">
    <ele>1873</ele>
    <time>2026-03-15T20:38:27Z</time>
    <extensions>
     <gpxdata:hr>103</gpxdata:hr>
     <gpxdata:distance>109.00</gpxdata:distance>
     <gpxdata:speed>2.953</gpxdata:speed>
    </extensions>
   </trkpt>
   <trkpt lat="-21.5429147" lon="-64.7266969">
    <ele>1873</ele>
    <time>2026-03-15T20:38:28Z</time>
    <extensions>
     <gpxdata:hr>103</gpxdata:hr>
     <gpxdata:distance>112.50</gpxdata:distance>
     <gpxdata:speed>3.119</gpxdata:speed>
    </extensions>
   </trkpt>
   <trkpt lat="-21.5428761" lon="-64.7267212">
    <ele>1873</ele>
    <time>2026-03-15T20:38:29Z</time>
    <extensions>
     <gpxdata:hr>104</gpxdata:hr>
     <gpxdata:distance>116.00</gpxdata:distance>
     <gpxdata:speed>3.208</gpxdata:speed>
    </extensions>
   </trkpt>
   <trkpt lat="-21.5428486" lon="-64.7267379">
    <ele>1873</ele>
    <time>2026-03-15T20:38:30Z</time>
    <extensions>
     <gpxdata:hr>104</gpxdata:hr>
     <gpxdata:distance>119.00</gpxdata:distance>
     <gpxdata:speed>3.169</gpxdata:speed>
    </extensions>
   </trkpt>
   <trkpt lat="-21.5428238" lon="-64.7267532">
    <ele>1873</ele>
    <time>2026-03-15T20:38:31Z</time>
    <extensions>
     <gpxdata:hr>102</gpxdata:hr>
     <gpxdata:distance>122.00</gpxdata:distance>
     <gpxdata:speed>3.108</gpxdata:speed>
    </extensions>
   </trkpt>
   <trkpt lat="-21.5428000" lon="-64.7267688">
    <ele>1873</ele>
    <time>2026-03-15T20:38:32Z</time>
    <extensions>
     <gpxdata:hr>102</gpxdata:hr>
     <gpxdata:distance>125.00</gpxdata:distance>
     <gpxdata:speed>3.094</gpxdata:speed>
    </extensions>
   </trkpt>
   <trkpt lat="-21.5427771" lon="-64.7267844">
    <ele>1873</ele>
    <time>2026-03-15T20:38:33Z</time>
    <extensions>
     <gpxdata:hr>102</gpxdata:hr>
     <gpxdata:distance>128.00</gpxdata:distance>
     <gpxdata:speed>3.011</gpxdata:speed>
    </extensions>
   </trkpt>
   <trkpt lat="-21.5427543" lon="-64.7267997">
    <ele>1873</ele>
    <time>2026-03-15T20:38:34Z</time>
    <extensions>
     <gpxdata:hr>102</gpxdata:hr>
     <gpxdata:distance>131.00</gpxdata:distance>
     <gpxdata:speed>2.994</gpxdata:speed>
    </extensions>
   </trkpt>
   <trkpt lat="-21.5427415" lon="-64.7268087">
    <ele>1873</ele>
    <time>2026-03-15T20:38:35Z</time>
    <extensions>
     <gpxdata:hr>103</gpxdata:hr>
     <gpxdata:distance>134.00</gpxdata:distance>
     <gpxdata:speed>2.981</gpxdata:speed>
    </extensions>
   </trkpt>
   <trkpt lat="-21.5427240" lon="-64.7268220">
    <ele>1873</ele>
    <time>2026-03-15T20:38:36Z</time>
    <extensions>
     <gpxdata:hr>103</gpxdata:hr>
     <gpxdata:distance>137.00</gpxdata:distance>
     <gpxdata:speed>3.006</gpxdata:speed>
    </extensions>
   </trkpt>
   <trkpt lat="-21.5426913" lon="-64.7268479">
    <ele>1873</ele>
    <time>2026-03-15T20:38:37Z</time>
    <extensions>
     <gpxdata:hr>104</gpxdata:hr>
     <gpxdata:distance>140.00</gpxdata:distance>
     <gpxdata:speed>3.031</gpxdata:speed>
    </extensions>
   </trkpt>
   <trkpt lat="-21.5426673" lon="-64.7268703">
    <ele>1873</ele>
    <time>2026-03-15T20:38:38Z</time>
    <extensions>
     <gpxdata:hr>104</gpxdata:hr>
     <gpxdata:distance>143.50</gpxdata:distance>
     <gpxdata:speed>3.206</gpxdata:speed>
    </extensions>
   </trkpt>
   <trkpt lat="-21.5426463" lon="-64.7268936">
    <ele>1873</ele>
    <time>2026-03-15T20:38:39Z</time>
    <extensions>
     <gpxdata:hr>105</gpxdata:hr>
     <gpxdata:distance>147.00</gpxdata:distance>
     <gpxdata:speed>3.275</gpxdata:speed>
    </extensions>
   </trkpt>
   <trkpt lat="-21.5426263" lon="-64.7269174">
    <ele>1873</ele>
    <time>2026-03-15T20:38:40Z</time>
    <extensions>
     <gpxdata:hr>106</gpxdata:hr>
     <gpxdata:distance>150.50</gpxdata:distance>
     <gpxdata:speed>3.300</gpxdata:speed>
    </extensions>
   </trkpt>
   <trkpt lat="-21.5426039" lon="-64.7269399">
    <ele>1873</ele>
    <time>2026-03-15T20:38:41Z</time>
    <extensions>
     <gpxdata:hr>107</gpxdata:hr>
     <gpxdata:distance>154.00</gpxdata:distance>
     <gpxdata:speed>3.397</gpxdata:speed>
    </extensions>
   </trkpt>
   <trkpt lat="-21.5425787" lon="-64.7269611">
    <ele>1873</ele>
    <time>2026-03-15T20:38:42Z</time>
    <extensions>
     <gpxdata:hr>107</gpxdata:hr>
     <gpxdata:distance>157.50</gpxdata:distance>
     <gpxdata:speed>3.547</gpxdata:speed>
    </extensions>
   </trkpt>
   <trkpt lat="-21.5425522" lon="-64.7269822">
    <ele>1873</ele>
    <time>2026-03-15T20:38:43Z</time>
    <extensions>
     <gpxdata:hr>108</gpxdata:hr>
     <gpxdata:distance>161.00</gpxdata:distance>
     <gpxdata:speed>3.650</gpxdata:speed>
    </extensions>
   </trkpt>
   <trkpt lat="-21.5425273" lon="-64.7270010">
    <ele>1873</ele>
    <time>2026-03-15T20:38:44Z</time>
    <extensions>
     <gpxdata:hr>108</gpxdata:hr>
     <gpxdata:distance>164.50</gpxdata:distance>
     <gpxdata:speed>3.400</gpxdata:speed>
    </extensions>
   </trkpt>
   <trkpt lat="-21.5425026" lon="-64.7270197">
    <ele>1873</ele>
    <time>2026-03-15T20:38:45Z</time>
    <extensions>
     <gpxdata:hr>109</gpxdata:hr>
     <gpxdata:distance>168.00</gpxdata:distance>
     <gpxdata:speed>3.361</gpxdata:speed>
    </extensions>
   </trkpt>
   <trkpt lat="-21.5424786" lon="-64.7270382">
    <ele>1873</ele>
    <time>2026-03-15T20:38:46Z</time>
    <extensions>
     <gpxdata:hr>109</gpxdata:hr>
     <gpxdata:distance>171.00</gpxdata:distance>
     <gpxdata:speed>3.300</gpxdata:speed>
    </extensions>
   </trkpt>
   <trkpt lat="-21.5424543" lon="-64.7270572">
    <ele>1873</ele>
    <time>2026-03-15T20:38:47Z</time>
    <extensions>
     <gpxdata:hr>108</gpxdata:hr>
     <gpxdata:distance>174.00</gpxdata:distance>
     <gpxdata:speed>3.344</gpxdata:speed>
    </extensions>
   </trkpt>
   <trkpt lat="-21.5424309" lon="-64.7270780">
    <ele>1873</ele>
    <time>2026-03-15T20:38:48Z</time>
    <extensions>
     <gpxdata:hr>107</gpxdata:hr>
     <gpxdata:distance>177.50</gpxdata:distance>
     <gpxdata:speed>3.369</gpxdata:speed>
    </extensions>
   </trkpt>
   <trkpt lat="-21.5424097" lon="-64.7271001">
    <ele>1873</ele>
    <time>2026-03-15T20:38:49Z</time>
    <extensions>
     <gpxdata:hr>107</gpxdata:hr>
     <gpxdata:distance>181.00</gpxdata:distance>
     <gpxdata:speed>3.294</gpxdata:speed>
    </extensions>
   </trkpt>
   <trkpt lat="-21.5423895" lon="-64.7271250">
    <ele>1873</ele>
    <time>2026-03-15T20:38:50Z</time>
    <extensions>
     <gpxdata:hr>106</gpxdata:hr>
     <gpxdata:distance>185.00</gpxdata:distance>
     <gpxdata:speed>3.411</gpxdata:speed>
    </extensions>
   </trkpt>
   <trkpt lat="-21.5423677" lon="-64.7271517">
    <ele>1873</ele>
    <time>2026-03-15T20:38:51Z</time>
    <extensions>
     <gpxdata:hr>102</gpxdata:hr>
     <gpxdata:distance>189.00</gpxdata:distance>
     <gpxdata:speed>3.664</gpxdata:speed>
    </extensions>
   </trkpt>
   <trkpt lat="-21.5423437" lon="-64.7271802">
    <ele>1873</ele>
    <time>2026-03-15T20:38:52Z</time>
    <extensions>
     <gpxdata:hr>101</gpxdata:hr>
     <gpxdata:distance>193.00</gpxdata:distance>
     <gpxdata:speed>3.950</gpxdata:speed>
    </extensions>
   </trkpt>
   <trkpt lat="-21.5423163" lon="-64.7272091">
    <ele>1873</ele>
    <time>2026-03-15T20:38:53Z</time>
    <extensions>
     <gpxdata:hr>101</gpxdata:hr>
     <gpxdata:distance>197.00</gpxdata:distance>
     <gpxdata:speed>4.233</gpxdata:speed>
    </extensions>
   </trkpt>
   <trkpt lat="-21.5422896" lon="-64.7272365">
    <ele>1873</ele>
    <time>2026-03-15T20:38:54Z</time>
    <extensions>
     <gpxdata:hr>99</gpxdata:hr>
     <gpxdata:distance>201.00</gpxdata:distance>
     <gpxdata:speed>4.106</gpxdata:speed>
    </extensions>
   </trkpt>
   <trkpt lat="-21.5422655" lon="-64.7272641">
    <ele>1873</ele>
    <time>2026-03-15T20:38:55Z</time>
    <extensions>
     <gpxdata:hr>100</gpxdata:hr>
     <gpxdata:distance>205.00</gpxdata:distance>
     <gpxdata:speed>3.917</gpxdata:speed>
    </extensions>
   </trkpt>
   <trkpt lat="-21.5422430" lon="-64.7272912">
    <ele>1873</ele>
    <time>2026-03-15T20:38:56Z</time>
    <extensions>
     <gpxdata:hr>100</gpxdata:hr>
     <gpxdata:distance>208.50</gpxdata:distance>
     <gpxdata:speed>3.778</gpxdata:speed>
    </extensions>
   </trkpt>
   <trkpt lat="-21.5422193" lon="-64.7273182">
    <ele>1873</ele>
    <time>2026-03-15T20:38:57Z</time>
    <extensions>
     <gpxdata:hr>100</gpxdata:hr>
     <gpxdata:distance>212.00</gpxdata:distance>
     <gpxdata:speed>3.839</gpxdata:speed>
    </extensions>
   </trkpt>
   <trkpt lat="-21.5421942" lon="-64.7273443">
    <ele>1873</ele>
    <time>2026-03-15T20:38:58Z</time>
    <extensions>
     <gpxdata:hr>102</gpxdata:hr>
     <gpxdata:distance>216.00</gpxdata:distance>
     <gpxdata:speed>3.886</gpxdata:speed>
    </extensions>
   </trkpt>
   <trkpt lat="-21.5421688" lon="-64.7273705">
    <ele>1873</ele>
    <time>2026-03-15T20:38:59Z</time>
    <extensions>
     <gpxdata:hr>103</gpxdata:hr>
     <gpxdata:distance>220.00</gpxdata:distance>
     <gpxdata:speed>3.911</gpxdata:speed>
    </extensions>
   </trkpt>
   <trkpt lat="-21.5421441" lon="-64.7273974">
    <ele>1873</ele>
    <time>2026-03-15T20:39:00Z</time>
    <extensions>
     <gpxdata:hr>104</gpxdata:hr>
     <gpxdata:distance>224.00</gpxdata:distance>
     <gpxdata:speed>3.914</gpxdata:speed>
    </extensions>
   </trkpt>
   <trkpt lat="-21.5421201" lon="-64.7274251">
    <ele>1873</ele>
    <time>2026-03-15T20:39:01Z</time>
    <extensions>
     <gpxdata:hr>104</gpxdata:hr>
     <gpxdata:distance>228.00</gpxdata:distance>
     <gpxdata:speed>3.914</gpxdata:speed>
    </extensions>
   </trkpt>
   <trkpt lat="-21.5420984" lon="-64.7274532">
    <ele>1873</ele>
    <time>2026-03-15T20:39:02Z</time>
    <extensions>
     <gpxdata:hr>104</gpxdata:hr>
     <gpxdata:distance>231.50</gpxdata:distance>
     <gpxdata:speed>3.789</gpxdata:speed>
    </extensions>
   </trkpt>
   <trkpt lat="-21.5420798" lon="-64.7274827">
    <ele>1873</ele>
    <time>2026-03-15T20:39:03Z</time>
    <extensions>
     <gpxdata:hr>104</gpxdata:hr>
     <gpxdata:distance>235.00</gpxdata:distance>
     <gpxdata:speed>3.703</gpxdata:speed>
    </extensions>
   </trkpt>
   <trkpt lat="-21.5420632" lon="-64.7275122">
    <ele>1873</ele>
    <time>2026-03-15T20:39:04Z</time>
    <extensions>
     <gpxdata:hr>104</gpxdata:hr>
     <gpxdata:distance>238.50</gpxdata:distance>
     <gpxdata:speed>3.572</gpxdata:speed>
    </extensions>
   </trkpt>
   <trkpt lat="-21.5420491" lon="-64.7275412">
    <ele>1873</ele>
    <time>2026-03-15T20:39:05Z</time>
    <extensions>
     <gpxdata:hr>105</gpxdata:hr>
     <gpxdata:distance>242.00</gpxdata:distance>
     <gpxdata:speed>3.406</gpxdata:speed>
    </extensions>
   </trkpt>
   <trkpt lat="-21.5420371" lon="-64.7275679">
    <ele>1874</ele>
    <time>2026-03-15T20:39:06Z</time>
    <extensions>
     <gpxdata:hr>105</gpxdata:hr>
     <gpxdata:distance>244.00</gpxdata:distance>
     <gpxdata:speed>3.100</gpxdata:speed>
    </extensions>
   </trkpt>
   <trkpt lat="-21.5420282" lon="-64.7275904">
    <ele>1874</ele>
    <time>2026-03-15T20:39:07Z</time>
    <extensions>
     <gpxdata:hr>105</gpxdata:hr>
     <gpxdata:distance>246.00</gpxdata:distance>
     <gpxdata:speed>2.569</gpxdata:speed>
    </extensions>
   </trkpt>
   <trkpt lat="-21.5420248" lon="-64.7276010">
    <ele>1874</ele>
    <time>2026-03-15T20:39:08Z</time>
    <extensions>
     <gpxdata:hr>106</gpxdata:hr>
     <gpxdata:distance>248.00</gpxdata:distance>
     <gpxdata:speed>2.092</gpxdata:speed>
    </extensions>
   </trkpt>
   <trkpt lat="-21.5420212" lon="-64.7276143">
    <ele>1874</ele>
    <time>2026-03-15T20:39:09Z</time>
    <extensions>
     <gpxdata:hr>105</gpxdata:hr>
     <gpxdata:distance>250.00</gpxdata:distance>
     <gpxdata:speed>1.797</gpxdata:speed>
    </extensions>
   </trkpt>
   <trkpt lat="-21.5420180" lon="-64.7276239">
    <ele>1874</ele>
    <time>2026-03-15T20:39:10Z</time>
    <extensions>
     <gpxdata:hr>106</gpxdata:hr>
     <gpxdata:distance>251.00</gpxdata:distance>
     <gpxdata:speed>1.578</gpxdata:speed>
    </extensions>
   </trkpt>
   <trkpt lat="-21.5420137" lon="-64.7276352">
    <ele>1874</ele>
    <time>2026-03-15T20:39:11Z</time>
    <extensions>
     <gpxdata:hr>108</gpxdata:hr>
     <gpxdata:distance>252.00</gpxdata:distance>
     <gpxdata:speed>1.517</gpxdata:speed>
    </extensions>
   </trkpt>
   <trkpt lat="-21.5420088" lon="-64.7276482">
    <ele>1874</ele>
    <time>2026-03-15T20:39:12Z</time>
    <extensions>
     <gpxdata:hr>108</gpxdata:hr>
     <gpxdata:distance>254.00</gpxdata:distance>
     <gpxdata:speed>1.606</gpxdata:speed>
    </extensions>
   </trkpt>
   <trkpt lat="-21.5420038" lon="-64.7276629">
    <ele>1874</ele>
    <time>2026-03-15T20:39:13Z</time>
    <extensions>
     <gpxdata:hr>108</gpxdata:hr>
     <gpxdata:distance>256.00</gpxdata:distance>
     <gpxdata:speed>1.756</gpxdata:speed>
    </extensions>
   </trkpt>
   <trkpt lat="-21.5419987" lon="-64.7276800">
    <ele>1874</ele>
    <time>2026-03-15T20:39:14Z</time>
    <extensions>
     <gpxdata:hr>108</gpxdata:hr>
     <gpxdata:distance>258.50</gpxdata:distance>
     <gpxdata:speed>2.044</gpxdata:speed>
    </extensions>
   </trkpt>
   <trkpt lat="-21.5419918" lon="-64.7277055">
    <ele>1874</ele>
    <time>2026-03-15T20:39:15Z</time>
    <extensions>
     <gpxdata:hr>108</gpxdata:hr>
     <gpxdata:distance>261.00</gpxdata:distance>
     <gpxdata:speed>2.211</gpxdata:speed>
    </extensions>
   </trkpt>
   <trkpt lat="-21.5419875" lon="-64.7277306">
    <ele>1874</ele>
    <time>2026-03-15T20:39:16Z</time>
    <extensions>
     <gpxdata:hr>108</gpxdata:hr>
     <gpxdata:distance>264.00</gpxdata:distance>
     <gpxdata:speed>2.550</gpxdata:speed>
    </extensions>
   </trkpt>
   <trkpt lat="-21.5419849" lon="-64.7277570">
    <ele>1874</ele>
    <time>2026-03-15T20:39:17Z</time>
    <extensions>
     <gpxdata:hr>107</gpxdata:hr>
     <gpxdata:distance>267.00</gpxdata:distance>
     <gpxdata:speed>2.831</gpxdata:speed>
    </extensions>
   </trkpt>
   <trkpt lat="-21.5419848" lon="-64.7277842">
    <ele>1874</ele>
    <time>2026-03-15T20:39:18Z</time>
    <extensions>
     <gpxdata:hr>104</gpxdata:hr>
     <gpxdata:distance>270.00</gpxdata:distance>
     <gpxdata:speed>2.939</gpxdata:speed>
    </extensions>
   </trkpt>
   <trkpt lat="-21.5419876" lon="-64.7278124">
    <ele>1874</ele>
    <time>2026-03-15T20:39:19Z</time>
    <extensions>
     <gpxdata:hr>102</gpxdata:hr>
     <gpxdata:distance>273.00</gpxdata:distance>
     <gpxdata:speed>3.061</gpxdata:speed>
    </extensions>
   </trkpt>
   <trkpt lat="-21.5419973" lon="-64.7278593">
    <ele>1874</ele>
    <time>2026-03-15T20:39:20Z</time>
    <extensions>
     <gpxdata:hr>101</gpxdata:hr>
     <gpxdata:distance>276.50</gpxdata:distance>
     <gpxdata:speed>3.192</gpxdata:speed>
    </extensions>
   </trkpt>
   <trkpt lat="-21.5420106" lon="-64.7278912">
    <ele>1874</ele>
    <time>2026-03-15T20:39:21Z</time>
    <extensions>
     <gpxdata:hr>100</gpxdata:hr>
     <gpxdata:distance>280.00</gpxdata:distance>
     <gpxdata:speed>3.306</gpxdata:speed>
    </extensions>
   </trkpt>
   <trkpt lat="-21.5420293" lon="-64.7279182">
    <ele>1874</ele>
    <time>2026-03-15T20:39:22Z</time>
    <extensions>
     <gpxdata:hr>101</gpxdata:hr>
     <gpxdata:distance>283.50</gpxdata:distance>
     <gpxdata:speed>3.436</gpxdata:speed>
    </extensions>
   </trkpt>
   <trkpt lat="-21.5420523" lon="-64.7279431">
    <ele>1874</ele>
    <time>2026-03-15T20:39:23Z</time>
    <extensions>
     <gpxdata:hr>101</gpxdata:hr>
     <gpxdata:distance>287.00</gpxdata:distance>
     <gpxdata:speed>3.611</gpxdata:speed>
    </extensions>
   </trkpt>
   <trkpt lat="-21.5420790" lon="-64.7279650">
    <ele>1874</ele>
    <time>2026-03-15T20:39:24Z</time>
    <extensions>
     <gpxdata:hr>102</gpxdata:hr>
     <gpxdata:distance>291.00</gpxdata:distance>
     <gpxdata:speed>3.722</gpxdata:speed>
    </extensions>
   </trkpt>
   <trkpt lat="-21.5421078" lon="-64.7279854">
    <ele>1874</ele>
    <time>2026-03-15T20:39:25Z</time>
    <extensions>
     <gpxdata:hr>103</gpxdata:hr>
     <gpxdata:distance>295.00</gpxdata:distance>
     <gpxdata:speed>3.831</gpxdata:speed>
    </extensions>
   </trkpt>
   <trkpt lat="-21.5421383" lon="-64.7280054">
    <ele>1874</ele>
    <time>2026-03-15T20:39:26Z</time>
    <extensions>
     <gpxdata:hr>104</gpxdata:hr>
     <gpxdata:distance>299.00</gpxdata:distance>
     <gpxdata:speed>3.953</gpxdata:speed>
    </extensions>
   </trkpt>
   <trkpt lat="-21.5421702" lon="-64.7280246">
    <ele>1874</ele>
    <time>2026-03-15T20:39:27Z</time>
    <extensions>
     <gpxdata:hr>105</gpxdata:hr>
     <gpxdata:distance>303.00</gpxdata:distance>
     <gpxdata:speed>4.056</gpxdata:speed>
    </extensions>
   </trkpt>
   <trkpt lat="-21.5422031" lon="-64.7280439">
    <ele>1874</ele>
    <time>2026-03-15T20:39:28Z</time>
    <extensions>
     <gpxdata:hr>106</gpxdata:hr>
     <gpxdata:distance>307.50</gpxdata:distance>
     <gpxdata:speed>4.153</gpxdata:speed>
    </extensions>
   </trkpt>
   <trkpt lat="-21.5422382" lon="-64.7280616">
    <ele>1874</ele>
    <time>2026-03-15T20:39:29Z</time>
    <extensions>
     <gpxdata:hr>107</gpxdata:hr>
     <gpxdata:distance>312.00</gpxdata:distance>
     <gpxdata:speed>4.300</gpxdata:speed>
    </extensions>
   </trkpt>
   <trkpt lat="-21.5422738" lon="-64.7280766">
    <ele>1874</ele>
    <time>2026-03-15T20:39:30Z</time>
    <extensions>
     <gpxdata:hr>107</gpxdata:hr>
     <gpxdata:distance>316.00</gpxdata:distance>
     <gpxdata:speed>4.256</gpxdata:speed>
    </extensions>
   </trkpt>
   <trkpt lat="-21.5423094" lon="-64.7280910">
    <ele>1874</ele>
    <time>2026-03-15T20:39:31Z</time>
    <extensions>
     <gpxdata:hr>107</gpxdata:hr>
     <gpxdata:distance>320.00</gpxdata:distance>
     <gpxdata:speed>4.225</gpxdata:speed>
    </extensions>
   </trkpt>
   <trkpt lat="-21.5423435" lon="-64.7281055">
    <ele>1874</ele>
    <time>2026-03-15T20:39:32Z</time>
    <extensions>
     <gpxdata:hr>107</gpxdata:hr>
     <gpxdata:distance>324.00</gpxdata:distance>
     <gpxdata:speed>4.086</gpxdata:speed>
    </extensions>
   </trkpt>
   <trkpt lat="-21.5423757" lon="-64.7281226">
    <ele>1874</ele>
    <time>2026-03-15T20:39:33Z</time>
    <extensions>
     <gpxdata:hr>106</gpxdata:hr>
     <gpxdata:distance>328.00</gpxdata:distance>
     <gpxdata:speed>4.008</gpxdata:speed>
    </extensions>
   </trkpt>
   <trkpt lat="-21.5424072" lon="-64.7281409">
    <ele>1874</ele>
    <time>2026-03-15T20:39:34Z</time>
    <extensions>
     <gpxdata:hr>106</gpxdata:hr>
     <gpxdata:distance>332.50</gpxdata:distance>
     <gpxdata:speed>3.989</gpxdata:speed>
    </extensions>
   </trkpt>
   <trkpt lat="-21.5424392" lon="-64.7281601">
    <ele>1874</ele>
    <time>2026-03-15T20:39:35Z</time>
    <extensions>
     <gpxdata:hr>107</gpxdata:hr>
     <gpxdata:distance>337.00</gpxdata:distance>
     <gpxdata:speed>4.078</gpxdata:speed>
    </extensions>
   </trkpt>
   <trkpt lat="-21.5424712" lon="-64.7281791">
    <ele>1874</ele>
    <time>2026-03-15T20:39:36Z</time>
    <extensions>
     <gpxdata:hr>106</gpxdata:hr>
     <gpxdata:distance>340.50</gpxdata:distance>
     <gpxdata:speed>4.072</gpxdata:speed>
    </extensions>
   </trkpt>
   <trkpt lat="-21.5425025" lon="-64.7281980">
    <ele>1874</ele>
    <time>2026-03-15T20:39:37Z</time>
    <extensions>
     <gpxdata:hr>106</gpxdata:hr>
     <gpxdata:distance>344.00</gpxdata:distance>
     <gpxdata:speed>3.989</gpxdata:speed>
    </extensions>
   </trkpt>
   <trkpt lat="-21.5425337" lon="-64.7282177">
    <ele>1874</ele>
    <time>2026-03-15T20:39:38Z</time>
    <extensions>
     <gpxdata:hr>106</gpxdata:hr>
     <gpxdata:distance>348.00</gpxdata:distance>
     <gpxdata:speed>4.033</gpxdata:speed>
    </extensions>
   </trkpt>
   <trkpt lat="-21.5425645" lon="-64.7282366">
    <ele>1874</ele>
    <time>2026-03-15T20:39:39Z</time>
    <extensions>
     <gpxdata:hr>106</gpxdata:hr>
     <gpxdata:distance>352.00</gpxdata:distance>
     <gpxdata:speed>3.947</gpxdata:speed>
    </extensions>
   </trkpt>
   <trkpt lat="-21.5425961" lon="-64.7282557">
    <ele>1874</ele>
    <time>2026-03-15T20:39:40Z</time>
    <extensions>
     <gpxdata:hr>105</gpxdata:hr>
     <gpxdata:distance>356.00</gpxdata:distance>
     <gpxdata:speed>4.031</gpxdata:speed>
    </extensions>
   </trkpt>
   <trkpt lat="-21.5426273" lon="-64.7282745">
    <ele>1874</ele>
    <time>2026-03-15T20:39:41Z</time>
    <extensions>
     <gpxdata:hr>105</gpxdata:hr>
     <gpxdata:distance>360.00</gpxdata:distance>
     <gpxdata:speed>3.983</gpxdata:speed>
    </extensions>
   </trkpt>
   <trkpt lat="-21.5426585" lon="-64.7282931">
    <ele>1874</ele>
    <time>2026-03-15T20:39:42Z</time>
    <extensions>
     <gpxdata:hr>105</gpxdata:hr>
     <gpxdata:distance>364.00</gpxdata:distance>
     <gpxdata:speed>3.981</gpxdata:speed>
    </extensions>
   </trkpt>
   <trkpt lat="-21.5426894" lon="-64.7283128">
    <ele>1874</ele>
    <time>2026-03-15T20:39:43Z</time>
    <extensions>
     <gpxdata:hr>106</gpxdata:hr>
     <gpxdata:distance>368.00</gpxdata:distance>
     <gpxdata:speed>3.989</gpxdata:speed>
    </extensions>
   </trkpt>
   <trkpt lat="-21.5427198" lon="-64.7283329">
    <ele>1874</ele>
    <time>2026-03-15T20:39:44Z</time>
    <extensions>
     <gpxdata:hr>106</gpxdata:hr>
     <gpxdata:distance>372.00</gpxdata:distance>
     <gpxdata:speed>3.969</gpxdata:speed>
    </extensions>
   </trkpt>
   <trkpt lat="-21.5427487" lon="-64.7283530">
    <ele>1874</ele>
    <time>2026-03-15T20:39:45Z</time>
    <extensions>
     <gpxdata:hr>105</gpxdata:hr>
     <gpxdata:distance>376.00</gpxdata:distance>
     <gpxdata:speed>3.842</gpxdata:speed>
    </extensions>
   </trkpt>
   <trkpt lat="-21.5427770" lon="-64.7283731">
    <ele>1874</ele>
    <time>2026-03-15T20:39:46Z</time>
    <extensions>
     <gpxdata:hr>106</gpxdata:hr>
     <gpxdata:distance>379.50</gpxdata:distance>
     <gpxdata:speed>3.783</gpxdata:speed>
    </extensions>
   </trkpt>
   <trkpt lat="-21.5428052" lon="-64.7283919">
    <ele>1874</ele>
    <time>2026-03-15T20:39:47Z</time>
    <extensions>
     <gpxdata:hr>106</gpxdata:hr>
     <gpxdata:distance>383.00</gpxdata:distance>
     <gpxdata:speed>3.700</gpxdata:speed>
    </extensions>
   </trkpt>
   <trkpt lat="-21.5428334" lon="-64.7284090">
    <ele>1874</ele>
    <time>2026-03-15T20:39:48Z</time>
    <extensions>
     <gpxdata:hr>106</gpxdata:hr>
     <gpxdata:distance>387.00</gpxdata:distance>
     <gpxdata:speed>3.614</gpxdata:speed>
    </extensions>
   </trkpt>
   <trkpt lat="-21.5428623" lon="-64.7284249">
    <ele>1874</ele>
    <time>2026-03-15T20:39:49Z</time>
    <extensions>
     <gpxdata:hr>106</gpxdata:hr>
     <gpxdata:distance>391.00</gpxdata:distance>
     <gpxdata:speed>3.614</gpxdata:speed>
    </extensions>
   </trkpt>
   <trkpt lat="-21.5428911" lon="-64.7284408">
    <ele>1874</ele>
    <time>2026-03-15T20:39:50Z</time>
    <extensions>
     <gpxdata:hr>106</gpxdata:hr>
     <gpxdata:distance>394.50</gpxdata:distance>
     <gpxdata:speed>3.608</gpxdata:speed>
    </extensions>
   </trkpt>
   <trkpt lat="-21.5429191" lon="-64.7284575">
    <ele>1874</ele>
    <time>2026-03-15T20:39:51Z</time>
    <extensions>
     <gpxdata:hr>106</gpxdata:hr>
     <gpxdata:distance>398.00</gpxdata:distance>
     <gpxdata:speed>3.572</gpxdata:speed>
    </extensions>
   </trkpt>
   <trkpt lat="-21.5429470" lon="-64.7284745">
    <ele>1874</ele>
    <time>2026-03-15T20:39:52Z</time>
    <extensions>
     <gpxdata:hr>106</gpxdata:hr>
     <gpxdata:distance>401.50</gpxdata:distance>
     <gpxdata:speed>3.572</gpxdata:speed>
    </extensions>
   </trkpt>
   <trkpt lat="-21.5429751" lon="-64.7284920">
    <ele>1874</ele>
    <time>2026-03-15T20:39:53Z</time>
    <extensions>
     <gpxdata:hr>107</gpxdata:hr>
     <gpxdata:distance>405.00</gpxdata:distance>
     <gpxdata:speed>3.608</gpxdata:speed>
    </extensions>
   </trkpt>
   <trkpt lat="-21.5430039" lon="-64.7285100">
    <ele>1874</ele>
    <time>2026-03-15T20:39:54Z</time>
    <extensions>
     <gpxdata:hr>107</gpxdata:hr>
     <gpxdata:distance>408.50</gpxdata:distance>
     <gpxdata:speed>3.697</gpxdata:speed>
    </extensions>
   </trkpt>
   <trkpt lat="-21.5430333" lon="-64.7285269">
    <ele>1874</ele>
    <time>2026-03-15T20:39:55Z</time>
    <extensions>
     <gpxdata:hr>107</gpxdata:hr>
     <gpxdata:distance>412.00</gpxdata:distance>
     <gpxdata:speed>3.711</gpxdata:speed>
    </extensions>
   </trkpt>
   <trkpt lat="-21.5430638" lon="-64.7285429">
    <ele>1874</ele>
    <time>2026-03-15T20:39:56Z</time>
    <extensions>
     <gpxdata:hr>107</gpxdata:hr>
     <gpxdata:distance>416.00</gpxdata:distance>
     <gpxdata:speed>3.764</gpxdata:speed>
    </extensions>
   </trkpt>
   <trkpt lat="-21.5430943" lon="-64.7285583">
    <ele>1874</ele>
    <time>2026-03-15T20:39:57Z</time>
    <extensions>
     <gpxdata:hr>105</gpxdata:hr>
     <gpxdata:distance>420.00</gpxdata:distance>
     <gpxdata:speed>3.747</gpxdata:speed>
    </extensions>
   </trkpt>
   <trkpt lat="-21.5431240" lon="-64.7285740">
    <ele>1874</ele>
    <time>2026-03-15T20:39:58Z</time>
    <extensions>
     <gpxdata:hr>104</gpxdata:hr>
     <gpxdata:distance>423.50</gpxdata:distance>
     <gpxdata:speed>3.689</gpxdata:speed>
    </extensions>
   </trkpt>
   <trkpt lat="-21.5431536" lon="-64.7285901">
    <ele>1874</ele>
    <time>2026-03-15T20:39:59Z</time>
    <extensions>
     <gpxdata:hr>103</gpxdata:hr>
     <gpxdata:distance>427.00</gpxdata:distance>
     <gpxdata:speed>3.697</gpxdata:speed>
    </extensions>
   </trkpt>
   <trkpt lat="-21.5431828" lon="-64.7286072">
    <ele>1874</ele>
    <time>2026-03-15T20:40:00Z</time>
    <extensions>
     <gpxdata:hr>103</gpxdata:hr>
     <gpxdata:distance>431.00</gpxdata:distance>
     <gpxdata:speed>3.694</gpxdata:speed>
    </extensions>
   </trkpt>
   <trkpt lat="-21.5432115" lon="-64.7286244">
    <ele>1874</ele>
    <time>2026-03-15T20:40:01Z</time>
    <extensions>
     <gpxdata:hr>103</gpxdata:hr>
     <gpxdata:distance>435.00</gpxdata:distance>
     <gpxdata:speed>3.658</gpxdata:speed>
    </extensions>
   </trkpt>
   <trkpt lat="-21.5432399" lon="-64.7286426">
    <ele>1874</ele>
    <time>2026-03-15T20:40:02Z</time>
    <extensions>
     <gpxdata:hr>104</gpxdata:hr>
     <gpxdata:distance>438.50</gpxdata:distance>
     <gpxdata:speed>3.686</gpxdata:speed>
    </extensions>
   </trkpt>
   <trkpt lat="-21.5432689" lon="-64.7286605">
    <ele>1874</ele>
    <time>2026-03-15T20:40:03Z</time>
    <extensions>
     <gpxdata:hr>106</gpxdata:hr>
     <gpxdata:distance>442.00</gpxdata:distance>
     <gpxdata:speed>3.714</gpxdata:speed>
    </extensions>
   </trkpt>
   <trkpt lat="-21.5432978" lon="-64.7286785">
    <ele>1875</ele>
    <time>2026-03-15T20:40:04Z</time>
    <extensions>
     <gpxdata:hr>107</gpxdata:hr>
     <gpxdata:distance>445.50</gpxdata:distance>
     <gpxdata:speed>3.714</gpxdata:speed>
    </extensions>
   </trkpt>
   <trkpt lat="-21.5433258" lon="-64.7286954">
    <ele>1875</ele>
    <time>2026-03-15T20:40:05Z</time>
    <extensions>
     <gpxdata:hr>108</gpxdata:hr>
     <gpxdata:distance>449.00</gpxdata:distance>
     <gpxdata:speed>3.581</gpxdata:speed>
    </extensions>
   </trkpt>
   <trkpt lat="-21.5433543" lon="-64.7287132">
    <ele>1875</ele>
    <time>2026-03-15T20:40:06Z</time>
    <extensions>
     <gpxdata:hr>108</gpxdata:hr>
     <gpxdata:distance>453.00</gpxdata:distance>
     <gpxdata:speed>3.669</gpxdata:speed>
    </extensions>
   </trkpt>
   <trkpt lat="-21.5433842" lon="-64.7287321">
    <ele>1875</ele>
    <time>2026-03-15T20:40:07Z</time>
    <extensions>
     <gpxdata:hr>107</gpxdata:hr>
     <gpxdata:distance>457.00</gpxdata:distance>
     <gpxdata:speed>3.839</gpxdata:speed>
    </extensions>
   </trkpt>
   <trkpt lat="-21.5434144" lon="-64.7287510">
    <ele>1875</ele>
    <time>2026-03-15T20:40:08Z</time>
    <extensions>
     <gpxdata:hr>106</gpxdata:hr>
     <gpxdata:distance>461.00</gpxdata:distance>
     <gpxdata:speed>3.881</gpxdata:speed>
    </extensions>
   </trkpt>
   <trkpt lat="-21.5434440" lon="-64.7287690">
    <ele>1875</ele>
    <time>2026-03-15T20:40:09Z</time>
    <extensions>
     <gpxdata:hr>105</gpxdata:hr>
     <gpxdata:distance>465.00</gpxdata:distance>
     <gpxdata:speed>3.789</gpxdata:speed>
    </extensions>
   </trkpt>
   <trkpt lat="-21.5434736" lon="-64.7287889">
    <ele>1875</ele>
    <time>2026-03-15T20:40:10Z</time>
    <extensions>
     <gpxdata:hr>105</gpxdata:hr>
     <gpxdata:distance>469.00</gpxdata:distance>
     <gpxdata:speed>3.878</gpxdata:speed>
    </extensions>
   </trkpt>
   <trkpt lat="-21.5435040" lon="-64.7288092">
    <ele>1875</ele>
    <time>2026-03-15T20:40:11Z</time>
    <extensions>
     <gpxdata:hr>104</gpxdata:hr>
     <gpxdata:distance>473.00</gpxdata:distance>
     <gpxdata:speed>3.975</gpxdata:speed>
    </extensions>
   </trkpt>
   <trkpt lat="-21.5435351" lon="-64.7288295">
    <ele>1875</ele>
    <time>2026-03-15T20:40:12Z</time>
    <extensions>
     <gpxdata:hr>104</gpxdata:hr>
     <gpxdata:distance>477.00</gpxdata:distance>
     <gpxdata:speed>4.039</gpxdata:speed>
    </extensions>
   </trkpt>
   <trkpt lat="-21.5435678" lon="-64.7288498">
    <ele>1875</ele>
    <time>2026-03-15T20:40:13Z</time>
    <extensions>
     <gpxdata:hr>103</gpxdata:hr>
     <gpxdata:distance>481.00</gpxdata:distance>
     <gpxdata:speed>4.186</gpxdata:speed>
    </extensions>
   </trkpt>
   <trkpt lat="-21.5436011" lon="-64.7288692">
    <ele>1875</ele>
    <time>2026-03-15T20:40:14Z</time>
    <extensions>
     <gpxdata:hr>103</gpxdata:hr>
     <gpxdata:distance>485.50</gpxdata:distance>
     <gpxdata:speed>4.211</gpxdata:speed>
    </extensions>
   </trkpt>
   <trkpt lat="-21.5436352" lon="-64.7288881">
    <ele>1875</ele>
    <time>2026-03-15T20:40:15Z</time>
    <extensions>
     <gpxdata:hr>103</gpxdata:hr>
     <gpxdata:distance>490.00</gpxdata:distance>
     <gpxdata:speed>4.264</gpxdata:speed>
    </extensions>
   </trkpt>
   <trkpt lat="-21.5436686" lon="-64.7289085">
    <ele>1875</ele>
    <time>2026-03-15T20:40:16Z</time>
    <extensions>
     <gpxdata:hr>102</gpxdata:hr>
     <gpxdata:distance>494.00</gpxdata:distance>
     <gpxdata:speed>4.272</gpxdata:speed>
    </extensions>
   </trkpt>
   <trkpt lat="-21.5437006" lon="-64.7289298">
    <ele>1875</ele>
    <time>2026-03-15T20:40:17Z</time>
    <extensions>
     <gpxdata:hr>102</gpxdata:hr>
     <gpxdata:distance>498.00</gpxdata:distance>
     <gpxdata:speed>4.186</gpxdata:speed>
    </extensions>
   </trkpt>
   <trkpt lat="-21.5437296" lon="-64.7289489">
    <ele>1875</ele>
    <time>2026-03-15T20:40:18Z</time>
    <extensions>
     <gpxdata:hr>105</gpxdata:hr>
     <gpxdata:distance>502.00</gpxdata:distance>
     <gpxdata:speed>3.811</gpxdata:speed>
    </extensions>
   </trkpt>
   <trkpt lat="-21.5437614" lon="-64.7289703">
    <ele>1875</ele>
    <time>2026-03-15T20:40:19Z</time>
    <extensions>
     <gpxdata:hr>105</gpxdata:hr>
     <gpxdata:distance>506.00</gpxdata:distance>
     <gpxdata:speed>4.164</gpxdata:speed>
    </extensions>
   </trkpt>
   <trkpt lat="-21.5437944" lon="-64.7289911">
    <ele>1875</ele>
    <time>2026-03-15T20:40:20Z</time>
    <extensions>
     <gpxdata:hr>105</gpxdata:hr>
     <gpxdata:distance>510.50</gpxdata:distance>
     <gpxdata:speed>4.247</gpxdata:speed>
    </extensions>
   </trkpt>
   <trkpt lat="-21.5438278" lon="-64.7290121">
    <ele>1875</ele>
    <time>2026-03-15T20:40:21Z</time>
    <extensions>
     <gpxdata:hr>105</gpxdata:hr>
     <gpxdata:distance>515.00</gpxdata:distance>
     <gpxdata:speed>4.300</gpxdata:speed>
    </extensions>
   </trkpt>
   <trkpt lat="-21.5438607" lon="-64.7290334">
    <ele>1875</ele>
    <time>2026-03-15T20:40:22Z</time>
    <extensions>
     <gpxdata:hr>105</gpxdata:hr>
     <gpxdata:distance>519.00</gpxdata:distance>
     <gpxdata:speed>4.269</gpxdata:speed>
    </extensions>
   </trkpt>
   <trkpt lat="-21.5438923" lon="-64.7290543">
    <ele>1875</ele>
    <time>2026-03-15T20:40:23Z</time>
    <extensions>
     <gpxdata:hr>105</gpxdata:hr>
     <gpxdata:distance>523.00</gpxdata:distance>
     <gpxdata:speed>4.139</gpxdata:speed>
    </extensions>
   </trkpt>
   <trkpt lat="-21.5439244" lon="-64.7290747">
    <ele>1875</ele>
    <time>2026-03-15T20:40:24Z</time>
    <extensions>
     <gpxdata:hr>104</gpxdata:hr>
     <gpxdata:distance>527.00</gpxdata:distance>
     <gpxdata:speed>4.147</gpxdata:speed>
    </extensions>
   </trkpt>
   <trkpt lat="-21.5439563" lon="-64.7290949">
    <ele>1875</ele>
    <time>2026-03-15T20:40:25Z</time>
    <extensions>
     <gpxdata:hr>103</gpxdata:hr>
     <gpxdata:distance>531.00</gpxdata:distance>
     <gpxdata:speed>4.125</gpxdata:speed>
    </extensions>
   </trkpt>
   <trkpt lat="-21.5439881" lon="-64.7291150">
    <ele>1875</ele>
    <time>2026-03-15T20:40:26Z</time>
    <extensions>
     <gpxdata:hr>102</gpxdata:hr>
     <gpxdata:distance>535.00</gpxdata:distance>
     <gpxdata:speed>4.108</gpxdata:speed>
    </extensions>
   </trkpt>
   <trkpt lat="-21.5440193" lon="-64.7291349">
    <ele>1875</ele>
    <time>2026-03-15T20:40:27Z</time>
    <extensions>
     <gpxdata:hr>101</gpxdata:hr>
     <gpxdata:distance>539.00</gpxdata:distance>
     <gpxdata:speed>4.039</gpxdata:speed>
    </extensions>
   </trkpt>
   <trkpt lat="-21.5440517" lon="-64.7291556">
    <ele>1875</ele>
    <time>2026-03-15T20:40:28Z</time>
    <extensions>
     <gpxdata:hr>102</gpxdata:hr>
     <gpxdata:distance>543.50</gpxdata:distance>
     <gpxdata:speed>4.183</gpxdata:speed>
    </extensions>
   </trkpt>
   <trkpt lat="-21.5440841" lon="-64.7291761">
    <ele>1875</ele>
    <time>2026-03-15T20:40:29Z</time>
    <extensions>
     <gpxdata:hr>102</gpxdata:hr>
     <gpxdata:distance>548.00</gpxdata:distance>
     <gpxdata:speed>4.186</gpxdata:speed>
    </extensions>
   </trkpt>
   <trkpt lat="-21.5441163" lon="-64.7291964">
    <ele>1875</ele>
    <time>2026-03-15T20:40:30Z</time>
    <extensions>
     <gpxdata:hr>102</gpxdata:hr>
     <gpxdata:distance>552.00</gpxdata:distance>
     <gpxdata:speed>4.150</gpxdata:speed>
    </extensions>
   </trkpt>
   <trkpt lat="-21.5441482" lon="-64.7292166">
    <ele>1875</ele>
    <time>2026-03-15T20:40:31Z</time>
    <extensions>
     <gpxdata:hr>102</gpxdata:hr>
     <gpxdata:distance>556.00</gpxdata:distance>
     <gpxdata:speed>4.119</gpxdata:speed>
    </extensions>
   </trkpt>
   <trkpt lat="-21.5441805" lon="-64.7292372">
    <ele>1875</ele>
    <time>2026-03-15T20:40:32Z</time>
    <extensions>
     <gpxdata:hr>101</gpxdata:hr>
     <gpxdata:distance>560.50</gpxdata:distance>
     <gpxdata:speed>4.186</gpxdata:speed>
    </extensions>
   </trkpt>
   <trkpt lat="-21.5442140" lon="-64.7292584">
    <ele>1875</ele>
    <time>2026-03-15T20:40:33Z</time>
    <extensions>
     <gpxdata:hr>101</gpxdata:hr>
     <gpxdata:distance>565.00</gpxdata:distance>
     <gpxdata:speed>4.311</gpxdata:speed>
    </extensions>
   </trkpt>
   <trkpt lat="-21.5442477" lon="-64.7292799">
    <ele>1875</ele>
    <time>2026-03-15T20:40:34Z</time>
    <extensions>
     <gpxdata:hr>102</gpxdata:hr>
     <gpxdata:distance>569.50</gpxdata:distance>
     <gpxdata:speed>4.353</gpxdata:speed>
    </extensions>
   </trkpt>
   <trkpt lat="-21.5442813" lon="-64.7293015">
    <ele>1875</ele>
    <time>2026-03-15T20:40:35Z</time>
    <extensions>
     <gpxdata:hr>106</gpxdata:hr>
     <gpxdata:distance>574.00</gpxdata:distance>
     <gpxdata:speed>4.356</gpxdata:speed>
    </extensions>
   </trkpt>
   <trkpt lat="-21.5443154" lon="-64.7293219">
    <ele>1875</ele>
    <time>2026-03-15T20:40:36Z</time>
    <extensions>
     <gpxdata:hr>106</gpxdata:hr>
     <gpxdata:distance>578.00</gpxdata:distance>
     <gpxdata:speed>4.344</gpxdata:speed>
    </extensions>
   </trkpt>
   <trkpt lat="-21.5443494" lon="-64.7293438">
    <ele>1875</ele>
    <time>2026-03-15T20:40:37Z</time>
    <extensions>
     <gpxdata:hr>106</gpxdata:hr>
     <gpxdata:distance>582.00</gpxdata:distance>
     <gpxdata:speed>4.397</gpxdata:speed>
    </extensions>
   </trkpt>
   <trkpt lat="-21.5443831" lon="-64.7293653">
    <ele>1875</ele>
    <time>2026-03-15T20:40:38Z</time>
    <extensions>
     <gpxdata:hr>105</gpxdata:hr>
     <gpxdata:distance>586.50</gpxdata:distance>
     <gpxdata:speed>4.361</gpxdata:speed>
    </extensions>
   </trkpt>
   <trkpt lat="-21.5444159" lon="-64.7293868">
    <ele>1875</ele>
    <time>2026-03-15T20:40:39Z</time>
    <extensions>
     <gpxdata:hr>105</gpxdata:hr>
     <gpxdata:distance>591.00</gpxdata:distance>
     <gpxdata:speed>4.283</gpxdata:speed>
    </extensions>
   </trkpt>
   <trkpt lat="-21.5444488" lon="-64.7294077">
    <ele>1875</ele>
    <time>2026-03-15T20:40:40Z</time>
    <extensions>
     <gpxdata:hr>104</gpxdata:hr>
     <gpxdata:distance>595.00</gpxdata:distance>
     <gpxdata:speed>4.253</gpxdata:speed>
    </extensions>
   </trkpt>
   <trkpt lat="-21.5444811" lon="-64.7294275">
    <ele>1875</ele>
    <time>2026-03-15T20:40:41Z</time>
    <extensions>
     <gpxdata:hr>104</gpxdata:hr>
     <gpxdata:distance>599.00</gpxdata:distance>
     <gpxdata:speed>4.156</gpxdata:speed>
    </extensions>
   </trkpt>
   <trkpt lat="-21.5445138" lon="-64.7294471">
    <ele>1875</ele>
    <time>2026-03-15T20:40:42Z</time>
    <extensions>
     <gpxdata:hr>104</gpxdata:hr>
     <gpxdata:distance>603.00</gpxdata:distance>
     <gpxdata:speed>4.167</gpxdata:speed>
    </extensions>
   </trkpt>
   <trkpt lat="-21.5445461" lon="-64.7294668">
    <ele>1875</ele>
    <time>2026-03-15T20:40:43Z</time>
    <extensions>
     <gpxdata:hr>101</gpxdata:hr>
     <gpxdata:distance>607.00</gpxdata:distance>
     <gpxdata:speed>4.139</gpxdata:speed>
    </extensions>
   </trkpt>
   <trkpt lat="-21.5445775" lon="-64.7294854">
    <ele>1875</ele>
    <time>2026-03-15T20:40:44Z</time>
    <extensions>
     <gpxdata:hr>100</gpxdata:hr>
     <gpxdata:distance>612.00</gpxdata:distance>
     <gpxdata:speed>3.994</gpxdata:speed>
    </extensions>
   </trkpt>
   <trkpt lat="-21.5446131" lon="-64.7295067">
    <ele>1875</ele>
    <time>2026-03-15T20:40:45Z</time>
    <extensions>
     <gpxdata:hr>99</gpxdata:hr>
     <gpxdata:distance>617.00</gpxdata:distance>
     <gpxdata:speed>4.514</gpxdata:speed>
    </extensions>
   </trkpt>
   <trkpt lat="-21.5446483" lon="-64.7295295">
    <ele>1875</ele>
    <time>2026-03-15T20:40:46Z</time>
    <extensions>
     <gpxdata:hr>98</gpxdata:hr>
     <gpxdata:distance>621.50</gpxdata:distance>
     <gpxdata:speed>4.550</gpxdata:speed>
    </extensions>
   </trkpt>
   <trkpt lat="-21.5446833" lon="-64.7295528">
    <ele>1875</ele>
    <time>2026-03-15T20:40:47Z</time>
    <extensions>
     <gpxdata:hr>97</gpxdata:hr>
     <gpxdata:distance>626.00</gpxdata:distance>
     <gpxdata:speed>4.572</gpxdata:speed>
    </extensions>
   </trkpt>
   <trkpt lat="-21.5447164" lon="-64.7295782">
    <ele>1875</ele>
    <time>2026-03-15T20:40:48Z</time>
    <extensions>
     <gpxdata:hr>95</gpxdata:hr>
     <gpxdata:distance>630.00</gpxdata:distance>
     <gpxdata:speed>4.519</gpxdata:speed>
    </extensions>
   </trkpt>
   <trkpt lat="-21.5447460" lon="-64.7296058">
    <ele>1875</ele>
    <time>2026-03-15T20:40:49Z</time>
    <extensions>
     <gpxdata:hr>94</gpxdata:hr>
     <gpxdata:distance>634.00</gpxdata:distance>
     <gpxdata:speed>4.364</gpxdata:speed>
    </extensions>
   </trkpt>
   <trkpt lat="-21.5447724" lon="-64.7296367">
    <ele>1875</ele>
    <time>2026-03-15T20:40:50Z</time>
    <extensions>
     <gpxdata:hr>94</gpxdata:hr>
     <gpxdata:distance>638.50</gpxdata:distance>
     <gpxdata:speed>4.347</gpxdata:speed>
    </extensions>
   </trkpt>
   <trkpt lat="-21.5447956" lon="-64.7296712">
    <ele>1875</ele>
    <time>2026-03-15T20:40:51Z</time>
    <extensions>
     <gpxdata:hr>94</gpxdata:hr>
     <gpxdata:distance>643.00</gpxdata:distance>
     <gpxdata:speed>4.400</gpxdata:speed>
    </extensions>
   </trkpt>
   <trkpt lat="-21.5448155" lon="-64.7297093">
    <ele>1875</ele>
    <time>2026-03-15T20:40:52Z</time>
    <extensions>
     <gpxdata:hr>95</gpxdata:hr>
     <gpxdata:distance>648.00</gpxdata:distance>
     <gpxdata:speed>4.508</gpxdata:speed>
    </extensions>
   </trkpt>
   <trkpt lat="-21.5448328" lon="-64.7297502">
    <ele>1875</ele>
    <time>2026-03-15T20:40:53Z</time>
    <extensions>
     <gpxdata:hr>96</gpxdata:hr>
     <gpxdata:distance>653.00</gpxdata:distance>
     <gpxdata:speed>4.633</gpxdata:speed>
    </extensions>
   </trkpt>
   <trkpt lat="-21.5448499" lon="-64.7297928">
    <ele>1875</ele>
    <time>2026-03-15T20:40:54Z</time>
    <extensions>
     <gpxdata:hr>97</gpxdata:hr>
     <gpxdata:distance>658.00</gpxdata:distance>
     <gpxdata:speed>4.778</gpxdata:speed>
    </extensions>
   </trkpt>
   <trkpt lat="-21.5448685" lon="-64.7298361">
    <ele>1874</ele>
    <time>2026-03-15T20:40:55Z</time>
    <extensions>
     <gpxdata:hr>99</gpxdata:hr>
     <gpxdata:distance>663.00</gpxdata:distance>
     <gpxdata:speed>4.917</gpxdata:speed>
    </extensions>
   </trkpt>
   <trkpt lat="-21.5448899" lon="-64.7298777">
    <ele>1874</ele>
    <time>2026-03-15T20:40:56Z</time>
    <extensions>
     <gpxdata:hr>98</gpxdata:hr>
     <gpxdata:distance>667.50</gpxdata:distance>
     <gpxdata:speed>4.911</gpxdata:speed>
    </extensions>
   </trkpt>
   <trkpt lat="-21.5449147" lon="-64.7299164">
    <ele>1874</ele>
    <time>2026-03-15T20:40:57Z</time>
    <extensions>
     <gpxdata:hr>98</gpxdata:hr>
     <gpxdata:distance>672.00</gpxdata:distance>
     <gpxdata:speed>4.858</gpxdata:speed>
    </extensions>
   </trkpt>
   <trkpt lat="-21.5449446" lon="-64.7299511">
    <ele>1874</ele>
    <time>2026-03-15T20:40:58Z</time>
    <extensions>
     <gpxdata:hr>96</gpxdata:hr>
     <gpxdata:distance>677.00</gpxdata:distance>
     <gpxdata:speed>4.897</gpxdata:speed>
    </extensions>
   </trkpt>
   <trkpt lat="-21.5449803" lon="-64.7299813">
    <ele>1874</ele>
    <time>2026-03-15T20:40:59Z</time>
    <extensions>
     <gpxdata:hr>94</gpxdata:hr>
     <gpxdata:distance>682.00</gpxdata:distance>
     <gpxdata:speed>5.025</gpxdata:speed>
    </extensions>
   </trkpt>
   <trkpt lat="-21.5450196" lon="-64.7300058">
    <ele>1874</ele>
    <time>2026-03-15T20:41:00Z</time>
    <extensions>
     <gpxdata:hr>94</gpxdata:hr>
     <gpxdata:distance>687.50</gpxdata:distance>
     <gpxdata:speed>5.042</gpxdata:speed>
    </extensions>
   </trkpt>
   <trkpt lat="-21.5450620" lon="-64.7300236">
    <ele>1874</ele>
    <time>2026-03-15T20:41:01Z</time>
    <extensions>
     <gpxdata:hr>94</gpxdata:hr>
     <gpxdata:distance>693.00</gpxdata:distance>
     <gpxdata:speed>5.042</gpxdata:speed>
    </extensions>
   </trkpt>
   <trkpt lat="-21.5451074" lon="-64.7300330">
    <ele>1874</ele>
    <time>2026-03-15T20:41:02Z</time>
    <extensions>
     <gpxdata:hr>93</gpxdata:hr>
     <gpxdata:distance>697.50</gpxdata:distance>
     <gpxdata:speed>5.114</gpxdata:speed>
    </extensions>
   </trkpt>
   <trkpt lat="-21.5451521" lon="-64.7300349">
    <ele>1874</ele>
    <time>2026-03-15T20:41:03Z</time>
    <extensions>
     <gpxdata:hr>94</gpxdata:hr>
     <gpxdata:distance>702.00</gpxdata:distance>
     <gpxdata:speed>4.967</gpxdata:speed>
    </extensions>
   </trkpt>
   <trkpt lat="-21.5451962" lon="-64.7300311">
    <ele>1874</ele>
    <time>2026-03-15T20:41:04Z</time>
    <extensions>
     <gpxdata:hr>93</gpxdata:hr>
     <gpxdata:distance>706.50</gpxdata:distance>
     <gpxdata:speed>4.908</gpxdata:speed>
    </extensions>
   </trkpt>
   <trkpt lat="-21.5452355" lon="-64.7300273">
    <ele>1873</ele>
    <time>2026-03-15T20:41:05Z</time>
    <extensions>
     <gpxdata:hr>92</gpxdata:hr>
     <gpxdata:distance>711.00</gpxdata:distance>
     <gpxdata:speed>4.414</gpxdata:speed>
    </extensions>
   </trkpt>
   <trkpt lat="-21.5452720" lon="-64.7300249">
    <ele>1873</ele>
    <time>2026-03-15T20:41:06Z</time>
    <extensions>
     <gpxdata:hr>93</gpxdata:hr>
     <gpxdata:distance>714.50</gpxdata:distance>
     <gpxdata:speed>4.106</gpxdata:speed>
    </extensions>
   </trkpt>
   <trkpt lat="-21.5453060" lon="-64.7300249">
    <ele>1873</ele>
    <time>2026-03-15T20:41:07Z</time>
    <extensions>
     <gpxdata:hr>92</gpxdata:hr>
     <gpxdata:distance>718.00</gpxdata:distance>
     <gpxdata:speed>3.817</gpxdata:speed>
    </extensions>
   </trkpt>
   <trkpt lat="-21.5453391" lon="-64.7300268">
    <ele>1873</ele>
    <time>2026-03-15T20:41:08Z</time>
    <extensions>
     <gpxdata:hr>92</gpxdata:hr>
     <gpxdata:distance>722.00</gpxdata:distance>
     <gpxdata:speed>3.717</gpxdata:speed>
    </extensions>
   </trkpt>
   <trkpt lat="-21.5453715" lon="-64.7300297">
    <ele>1873</ele>
    <time>2026-03-15T20:41:09Z</time>
    <extensions>
     <gpxdata:hr>92</gpxdata:hr>
     <gpxdata:distance>726.00</gpxdata:distance>
     <gpxdata:speed>3.628</gpxdata:speed>
    </extensions>
   </trkpt>
   <trkpt lat="-21.5454040" lon="-64.7300336">
    <ele>1873</ele>
    <time>2026-03-15T20:41:10Z</time>
    <extensions>
     <gpxdata:hr>92</gpxdata:hr>
     <gpxdata:distance>729.00</gpxdata:distance>
     <gpxdata:speed>3.650</gpxdata:speed>
    </extensions>
   </trkpt>
   <trkpt lat="-21.5454343" lon="-64.7300375">
    <ele>1873</ele>
    <time>2026-03-15T20:41:11Z</time>
    <extensions>
     <gpxdata:hr>90</gpxdata:hr>
     <gpxdata:distance>732.00</gpxdata:distance>
     <gpxdata:speed>3.419</gpxdata:speed>
    </extensions>
   </trkpt>
   <trkpt lat="-21.5454653" lon="-64.7300432">
    <ele>1873</ele>
    <time>2026-03-15T20:41:12Z</time>
    <extensions>
     <gpxdata:hr>90</gpxdata:hr>
     <gpxdata:distance>735.50</gpxdata:distance>
     <gpxdata:speed>3.497</gpxdata:speed>
    </extensions>
   </trkpt>
   <trkpt lat="-21.5454960" lon="-64.7300496">
    <ele>1873</ele>
    <time>2026-03-15T20:41:13Z</time>
    <extensions>
     <gpxdata:hr>90</gpxdata:hr>
     <gpxdata:distance>739.00</gpxdata:distance>
     <gpxdata:speed>3.486</gpxdata:speed>
    </extensions>
   </trkpt>
   <trkpt lat="-21.5455277" lon="-64.7300563">
    <ele>1873</ele>
    <time>2026-03-15T20:41:14Z</time>
    <extensions>
     <gpxdata:hr>90</gpxdata:hr>
     <gpxdata:distance>743.00</gpxdata:distance>
     <gpxdata:speed>3.583</gpxdata:speed>
    </extensions>
   </trkpt>
   <trkpt lat="-21.5455602" lon="-64.7300649">
    <ele>1873</ele>
    <time>2026-03-15T20:41:15Z</time>
    <extensions>
     <gpxdata:hr>90</gpxdata:hr>
     <gpxdata:distance>747.00</gpxdata:distance>
     <gpxdata:speed>3.711</gpxdata:speed>
    </extensions>
   </trkpt>
   <trkpt lat="-21.5455907" lon="-64.7300771">
    <ele>1873</ele>
    <time>2026-03-15T20:41:16Z</time>
    <extensions>
     <gpxdata:hr>90</gpxdata:hr>
     <gpxdata:distance>751.00</gpxdata:distance>
     <gpxdata:speed>3.619</gpxdata:speed>
    </extensions>
   </trkpt>
   <trkpt lat="-21.5456218" lon="-64.7300930">
    <ele>1873</ele>
    <time>2026-03-15T20:41:17Z</time>
    <extensions>
     <gpxdata:hr>90</gpxdata:hr>
     <gpxdata:distance>755.00</gpxdata:distance>
     <gpxdata:speed>3.817</gpxdata:speed>
    </extensions>
   </trkpt>
   <trkpt lat="-21.5456532" lon="-64.7301102">
    <ele>1872</ele>
    <time>2026-03-15T20:41:18Z</time>
    <extensions>
     <gpxdata:hr>90</gpxdata:hr>
     <gpxdata:distance>758.50</gpxdata:distance>
     <gpxdata:speed>3.908</gpxdata:speed>
    </extensions>
   </trkpt>
   <trkpt lat="-21.5456823" lon="-64.7301268">
    <ele>1872</ele>
    <time>2026-03-15T20:41:19Z</time>
    <extensions>
     <gpxdata:hr>90</gpxdata:hr>
     <gpxdata:distance>762.00</gpxdata:distance>
     <gpxdata:speed>3.678</gpxdata:speed>
    </extensions>
   </trkpt>
   <trkpt lat="-21.5457143" lon="-64.7301452">
    <ele>1872</ele>
    <time>2026-03-15T20:41:20Z</time>
    <extensions>
     <gpxdata:hr>90</gpxdata:hr>
     <gpxdata:distance>766.50</gpxdata:distance>
     <gpxdata:speed>4.022</gpxdata:speed>
    </extensions>
   </trkpt>
   <trkpt lat="-21.5457475" lon="-64.7301653">
    <ele>1872</ele>
    <time>2026-03-15T20:41:21Z</time>
    <extensions>
     <gpxdata:hr>90</gpxdata:hr>
     <gpxdata:distance>771.00</gpxdata:distance>
     <gpxdata:speed>4.219</gpxdata:speed>
    </extensions>
   </trkpt>
   <trkpt lat="-21.5457811" lon="-64.7301864">
    <ele>1872</ele>
    <time>2026-03-15T20:41:22Z</time>
    <extensions>
     <gpxdata:hr>89</gpxdata:hr>
     <gpxdata:distance>775.50</gpxdata:distance>
     <gpxdata:speed>4.306</gpxdata:speed>
    </extensions>
   </trkpt>
   <trkpt lat="-21.5458146" lon="-64.7302073">
    <ele>1872</ele>
    <time>2026-03-15T20:41:23Z</time>
    <extensions>
     <gpxdata:hr>88</gpxdata:hr>
     <gpxdata:distance>780.00</gpxdata:distance>
     <gpxdata:speed>4.306</gpxdata:speed>
    </extensions>
   </trkpt>
   <trkpt lat="-21.5458487" lon="-64.7302279">
    <ele>1872</ele>
    <time>2026-03-15T20:41:24Z</time>
    <extensions>
     <gpxdata:hr>86</gpxdata:hr>
     <gpxdata:distance>784.50</gpxdata:distance>
     <gpxdata:speed>4.342</gpxdata:speed>
    </extensions>
   </trkpt>
   <trkpt lat="-21.5458839" lon="-64.7302494">
    <ele>1872</ele>
    <time>2026-03-15T20:41:25Z</time>
    <extensions>
     <gpxdata:hr>85</gpxdata:hr>
     <gpxdata:distance>789.00</gpxdata:distance>
     <gpxdata:speed>4.494</gpxdata:speed>
    </extensions>
   </trkpt>
   <trkpt lat="-21.5459206" lon="-64.7302706">
    <ele>1872</ele>
    <time>2026-03-15T20:41:26Z</time>
    <extensions>
     <gpxdata:hr>84</gpxdata:hr>
     <gpxdata:distance>793.50</gpxdata:distance>
     <gpxdata:speed>4.617</gpxdata:speed>
    </extensions>
   </trkpt>
   <trkpt lat="-21.5459570" lon="-64.7302919">
    <ele>1872</ele>
    <time>2026-03-15T20:41:27Z</time>
    <extensions>
     <gpxdata:hr>83</gpxdata:hr>
     <gpxdata:distance>798.00</gpxdata:distance>
     <gpxdata:speed>4.603</gpxdata:speed>
    </extensions>
   </trkpt>
   <trkpt lat="-21.5459928" lon="-64.7303133">
    <ele>1872</ele>
    <time>2026-03-15T20:41:28Z</time>
    <extensions>
     <gpxdata:hr>83</gpxdata:hr>
     <gpxdata:distance>802.50</gpxdata:distance>
     <gpxdata:speed>4.561</gpxdata:speed>
    </extensions>
   </trkpt>
   <trkpt lat="-21.5460281" lon="-64.7303349">
    <ele>1872</ele>
    <time>2026-03-15T20:41:29Z</time>
    <extensions>
     <gpxdata:hr>82</gpxdata:hr>
     <gpxdata:distance>807.00</gpxdata:distance>
     <gpxdata:speed>4.528</gpxdata:speed>
    </extensions>
   </trkpt>
   <trkpt lat="-21.5460632" lon="-64.7303559">
    <ele>1872</ele>
    <time>2026-03-15T20:41:30Z</time>
    <extensions>
     <gpxdata:hr>82</gpxdata:hr>
     <gpxdata:distance>811.50</gpxdata:distance>
     <gpxdata:speed>4.478</gpxdata:speed>
    </extensions>
   </trkpt>
   <trkpt lat="-21.5460977" lon="-64.7303764">
    <ele>1872</ele>
    <time>2026-03-15T20:41:31Z</time>
    <extensions>
     <gpxdata:hr>83</gpxdata:hr>
     <gpxdata:distance>816.00</gpxdata:distance>
     <gpxdata:speed>4.386</gpxdata:speed>
    </extensions>
   </trkpt>
   <trkpt lat="-21.5461321" lon="-64.7303954">
    <ele>1872</ele>
    <time>2026-03-15T20:41:32Z</time>
    <extensions>
     <gpxdata:hr>84</gpxdata:hr>
     <gpxdata:distance>820.00</gpxdata:distance>
     <gpxdata:speed>4.314</gpxdata:speed>
    </extensions>
   </trkpt>
   <trkpt lat="-21.5461655" lon="-64.7304137">
    <ele>1872</ele>
    <time>2026-03-15T20:41:33Z</time>
    <extensions>
     <gpxdata:hr>86</gpxdata:hr>
     <gpxdata:distance>824.00</gpxdata:distance>
     <gpxdata:speed>4.186</gpxdata:speed>
    </extensions>
   </trkpt>
   <trkpt lat="-21.5461980" lon="-64.7304325">
    <ele>1872</ele>
    <time>2026-03-15T20:41:34Z</time>
    <extensions>
     <gpxdata:hr>87</gpxdata:hr>
     <gpxdata:distance>828.00</gpxdata:distance>
     <gpxdata:speed>4.119</gpxdata:speed>
    </extensions>
   </trkpt>
   <trkpt lat="-21.5462300" lon="-64.7304512">
    <ele>1873</ele>
    <time>2026-03-15T20:41:35Z</time>
    <extensions>
     <gpxdata:hr>87</gpxdata:hr>
     <gpxdata:distance>832.00</gpxdata:distance>
     <gpxdata:speed>4.061</gpxdata:speed>
    </extensions>
   </trkpt>
   <trkpt lat="-21.5462605" lon="-64.7304692">
    <ele>1873</ele>
    <time>2026-03-15T20:41:36Z</time>
    <extensions>
     <gpxdata:hr>87</gpxdata:hr>
     <gpxdata:distance>836.00</gpxdata:distance>
     <gpxdata:speed>3.883</gpxdata:speed>
    </extensions>
   </trkpt>
   <trkpt lat="-21.5462910" lon="-64.7304864">
    <ele>1873</ele>
    <time>2026-03-15T20:41:37Z</time>
    <extensions>
     <gpxdata:hr>87</gpxdata:hr>
     <gpxdata:distance>840.00</gpxdata:distance>
     <gpxdata:speed>3.850</gpxdata:speed>
    </extensions>
   </trkpt>
   <trkpt lat="-21.5463214" lon="-64.7305027">
    <ele>1873</ele>
    <time>2026-03-15T20:41:38Z</time>
    <extensions>
     <gpxdata:hr>87</gpxdata:hr>
     <gpxdata:distance>843.50</gpxdata:distance>
     <gpxdata:speed>3.783</gpxdata:speed>
    </extensions>
   </trkpt>
   <trkpt lat="-21.5463509" lon="-64.7305182">
    <ele>1873</ele>
    <time>2026-03-15T20:41:39Z</time>
    <extensions>
     <gpxdata:hr>87</gpxdata:hr>
     <gpxdata:distance>847.00</gpxdata:distance>
     <gpxdata:speed>3.669</gpxdata:speed>
    </extensions>
   </trkpt>
   <trkpt lat="-21.5463792" lon="-64.7305333">
    <ele>1873</ele>
    <time>2026-03-15T20:41:40Z</time>
    <extensions>
     <gpxdata:hr>87</gpxdata:hr>
     <gpxdata:distance>850.00</gpxdata:distance>
     <gpxdata:speed>3.531</gpxdata:speed>
    </extensions>
   </trkpt>
   <trkpt lat="-21.5464065" lon="-64.7305477">
    <ele>1873</ele>
    <time>2026-03-15T20:41:41Z</time>
    <extensions>
     <gpxdata:hr>87</gpxdata:hr>
     <gpxdata:distance>853.00</gpxdata:distance>
     <gpxdata:speed>3.403</gpxdata:speed>
    </extensions>
   </trkpt>
   <trkpt lat="-21.5464334" lon="-64.7305628">
    <ele>1873</ele>
    <time>2026-03-15T20:41:42Z</time>
    <extensions>
     <gpxdata:hr>87</gpxdata:hr>
     <gpxdata:distance>856.50</gpxdata:distance>
     <gpxdata:speed>3.381</gpxdata:speed>
    </extensions>
   </trkpt>
   <trkpt lat="-21.5464594" lon="-64.7305786">
    <ele>1873</ele>
    <time>2026-03-15T20:41:43Z</time>
    <extensions>
     <gpxdata:hr>86</gpxdata:hr>
     <gpxdata:distance>860.00</gpxdata:distance>
     <gpxdata:speed>3.336</gpxdata:speed>
    </extensions>
   </trkpt>
   <trkpt lat="-21.5464861" lon="-64.7305949">
    <ele>1873</ele>
    <time>2026-03-15T20:41:44Z</time>
    <extensions>
     <gpxdata:hr>85</gpxdata:hr>
     <gpxdata:distance>864.00</gpxdata:distance>
     <gpxdata:speed>3.417</gpxdata:speed>
    </extensions>
   </trkpt>
   <trkpt lat="-21.5465142" lon="-64.7306127">
    <ele>1873</ele>
    <time>2026-03-15T20:41:45Z</time>
    <extensions>
     <gpxdata:hr>85</gpxdata:hr>
     <gpxdata:distance>868.00</gpxdata:distance>
     <gpxdata:speed>3.617</gpxdata:speed>
    </extensions>
   </trkpt>
   <trkpt lat="-21.5465440" lon="-64.7306318">
    <ele>1873</ele>
    <time>2026-03-15T20:41:46Z</time>
    <extensions>
     <gpxdata:hr>84</gpxdata:hr>
     <gpxdata:distance>872.00</gpxdata:distance>
     <gpxdata:speed>3.833</gpxdata:speed>
    </extensions>
   </trkpt>
   <trkpt lat="-21.5465749" lon="-64.7306520">
    <ele>1873</ele>
    <time>2026-03-15T20:41:47Z</time>
    <extensions>
     <gpxdata:hr>83</gpxdata:hr>
     <gpxdata:distance>876.00</gpxdata:distance>
     <gpxdata:speed>4.008</gpxdata:speed>
    </extensions>
   </trkpt>
   <trkpt lat="-21.5466070" lon="-64.7306732">
    <ele>1873</ele>
    <time>2026-03-15T20:41:48Z</time>
    <extensions>
     <gpxdata:hr>82</gpxdata:hr>
     <gpxdata:distance>880.50</gpxdata:distance>
     <gpxdata:speed>4.167</gpxdata:speed>
    </extensions>
   </trkpt>
   <trkpt lat="-21.5466411" lon="-64.7306960">
    <ele>1873</ele>
    <time>2026-03-15T20:41:49Z</time>
    <extensions>
     <gpxdata:hr>82</gpxdata:hr>
     <gpxdata:distance>885.00</gpxdata:distance>
     <gpxdata:speed>4.442</gpxdata:speed>
    </extensions>
   </trkpt>
   <trkpt lat="-21.5466773" lon="-64.7307200">
    <ele>1873</ele>
    <time>2026-03-15T20:41:50Z</time>
    <extensions>
     <gpxdata:hr>82</gpxdata:hr>
     <gpxdata:distance>890.00</gpxdata:distance>
     <gpxdata:speed>4.703</gpxdata:speed>
    </extensions>
   </trkpt>
   <trkpt lat="-21.5467160" lon="-64.7307453">
    <ele>1873</ele>
    <time>2026-03-15T20:41:51Z</time>
    <extensions>
     <gpxdata:hr>82</gpxdata:hr>
     <gpxdata:distance>895.00</gpxdata:distance>
     <gpxdata:speed>5.014</gpxdata:speed>
    </extensions>
   </trkpt>
   <trkpt lat="-21.5467559" lon="-64.7307721">
    <ele>1873</ele>
    <time>2026-03-15T20:41:52Z</time>
    <extensions>
     <gpxdata:hr>82</gpxdata:hr>
     <gpxdata:distance>900.50</gpxdata:distance>
     <gpxdata:speed>5.200</gpxdata:speed>
    </extensions>
   </trkpt>
   <trkpt lat="-21.5467980" lon="-64.7307986">
    <ele>1873</ele>
    <time>2026-03-15T20:41:53Z</time>
    <extensions>
     <gpxdata:hr>82</gpxdata:hr>
     <gpxdata:distance>906.00</gpxdata:distance>
     <gpxdata:speed>5.397</gpxdata:speed>
    </extensions>
   </trkpt>
   <trkpt lat="-21.5468417" lon="-64.7308263">
    <ele>1873</ele>
    <time>2026-03-15T20:41:54Z</time>
    <extensions>
     <gpxdata:hr>82</gpxdata:hr>
     <gpxdata:distance>912.00</gpxdata:distance>
     <gpxdata:speed>5.619</gpxdata:speed>
    </extensions>
   </trkpt>
   <trkpt lat="-21.5468857" lon="-64.7308540">
    <ele>1873</ele>
    <time>2026-03-15T20:41:55Z</time>
    <extensions>
     <gpxdata:hr>82</gpxdata:hr>
     <gpxdata:distance>918.00</gpxdata:distance>
     <gpxdata:speed>5.653</gpxdata:speed>
    </extensions>
   </trkpt>
   <trkpt lat="-21.5469295" lon="-64.7308831">
    <ele>1873</ele>
    <time>2026-03-15T20:41:56Z</time>
    <extensions>
     <gpxdata:hr>82</gpxdata:hr>
     <gpxdata:distance>923.50</gpxdata:distance>
     <gpxdata:speed>5.719</gpxdata:speed>
    </extensions>
   </trkpt>
   <trkpt lat="-21.5469731" lon="-64.7309129">
    <ele>1873</ele>
    <time>2026-03-15T20:41:57Z</time>
    <extensions>
     <gpxdata:hr>82</gpxdata:hr>
     <gpxdata:distance>929.00</gpxdata:distance>
     <gpxdata:speed>5.744</gpxdata:speed>
    </extensions>
   </trkpt>
   <trkpt lat="-21.5470165" lon="-64.7309429">
    <ele>1873</ele>
    <time>2026-03-15T20:41:58Z</time>
    <extensions>
     <gpxdata:hr>82</gpxdata:hr>
     <gpxdata:distance>935.00</gpxdata:distance>
     <gpxdata:speed>5.747</gpxdata:speed>
    </extensions>
   </trkpt>
   <trkpt lat="-21.5470599" lon="-64.7309730">
    <ele>1873</ele>
    <time>2026-03-15T20:41:59Z</time>
    <extensions>
     <gpxdata:hr>82</gpxdata:hr>
     <gpxdata:distance>941.00</gpxdata:distance>
     <gpxdata:speed>5.742</gpxdata:speed>
    </extensions>
   </trkpt>
   <trkpt lat="-21.5471026" lon="-64.7310019">
    <ele>1873</ele>
    <time>2026-03-15T20:42:00Z</time>
    <extensions>
     <gpxdata:hr>82</gpxdata:hr>
     <gpxdata:distance>946.50</gpxdata:distance>
     <gpxdata:speed>5.619</gpxdata:speed>
    </extensions>
   </trkpt>
   <trkpt lat="-21.5471448" lon="-64.7310315">
    <ele>1873</ele>
    <time>2026-03-15T20:42:01Z</time>
    <extensions>
     <gpxdata:hr>82</gpxdata:hr>
     <gpxdata:distance>952.00</gpxdata:distance>
     <gpxdata:speed>5.611</gpxdata:speed>
    </extensions>
   </trkpt>
   <trkpt lat="-21.5471854" lon="-64.7310608">
    <ele>1873</ele>
    <time>2026-03-15T20:42:02Z</time>
    <extensions>
     <gpxdata:hr>82</gpxdata:hr>
     <gpxdata:distance>957.00</gpxdata:distance>
     <gpxdata:speed>5.453</gpxdata:speed>
    </extensions>
   </trkpt>
   <trkpt lat="-21.5472241" lon="-64.7310896">
    <ele>1872</ele>
    <time>2026-03-15T20:42:03Z</time>
    <extensions>
     <gpxdata:hr>82</gpxdata:hr>
     <gpxdata:distance>962.00</gpxdata:distance>
     <gpxdata:speed>5.264</gpxdata:speed>
    </extensions>
   </trkpt>
   <trkpt lat="-21.5472622" lon="-64.7311182">
    <ele>1872</ele>
    <time>2026-03-15T20:42:04Z</time>
    <extensions>
     <gpxdata:hr>82</gpxdata:hr>
     <gpxdata:distance>967.50</gpxdata:distance>
     <gpxdata:speed>5.186</gpxdata:speed>
    </extensions>
   </trkpt>
   <trkpt lat="-21.5473009" lon="-64.7311460">
    <ele>1872</ele>
    <time>2026-03-15T20:42:05Z</time>
    <extensions>
     <gpxdata:hr>82</gpxdata:hr>
     <gpxdata:distance>973.00</gpxdata:distance>
     <gpxdata:speed>5.183</gpxdata:speed>
    </extensions>
   </trkpt>
   <trkpt lat="-21.5473390" lon="-64.7311732">
    <ele>1872</ele>
    <time>2026-03-15T20:42:06Z</time>
    <extensions>
     <gpxdata:hr>82</gpxdata:hr>
     <gpxdata:distance>977.50</gpxdata:distance>
     <gpxdata:speed>5.092</gpxdata:speed>
    </extensions>
   </trkpt>
   <trkpt lat="-21.5473770" lon="-64.7311994">
    <ele>1872</ele>
    <time>2026-03-15T20:42:07Z</time>
    <extensions>
     <gpxdata:hr>86</gpxdata:hr>
     <gpxdata:distance>982.00</gpxdata:distance>
     <gpxdata:speed>5.033</gpxdata:speed>
    </extensions>
   </trkpt>
   <trkpt lat="-21.5474145" lon="-64.7312261">
    <ele>1872</ele>
    <time>2026-03-15T20:42:08Z</time>
    <extensions>
     <gpxdata:hr>87</gpxdata:hr>
     <gpxdata:distance>987.00</gpxdata:distance>
     <gpxdata:speed>5.014</gpxdata:speed>
    </extensions>
   </trkpt>
   <trkpt lat="-21.5474509" lon="-64.7312530">
    <ele>1872</ele>
    <time>2026-03-15T20:42:09Z</time>
    <extensions>
     <gpxdata:hr>88</gpxdata:hr>
     <gpxdata:distance>992.00</gpxdata:distance>
     <gpxdata:speed>4.925</gpxdata:speed>
    </extensions>
   </trkpt>
   <trkpt lat="-21.5474871" lon="-64.7312792">
    <ele>1872</ele>
    <time>2026-03-15T20:42:10Z</time>
    <extensions>
     <gpxdata:hr>89</gpxdata:hr>
     <gpxdata:distance>997.00</gpxdata:distance>
     <gpxdata:speed>4.867</gpxdata:speed>
    </extensions>
   </trkpt>
   <trkpt lat="-21.5475235" lon="-64.7313041">
    <ele>1872</ele>
    <time>2026-03-15T20:42:11Z</time>
    <extensions>
     <gpxdata:hr>90</gpxdata:hr>
     <gpxdata:distance>1002.00</gpxdata:distance>
     <gpxdata:speed>4.808</gpxdata:speed>
    </extensions>
   </trkpt>
   <trkpt lat="-21.5475594" lon="-64.7313300">
    <ele>1872</ele>
    <time>2026-03-15T20:42:12Z</time>
    <extensions>
     <gpxdata:hr>92</gpxdata:hr>
     <gpxdata:distance>1006.50</gpxdata:distance>
     <gpxdata:speed>4.814</gpxdata:speed>
    </extensions>
   </trkpt>
   <trkpt lat="-21.5475935" lon="-64.7313565">
    <ele>1872</ele>
    <time>2026-03-15T20:42:13Z</time>
    <extensions>
     <gpxdata:hr>93</gpxdata:hr>
     <gpxdata:distance>1011.00</gpxdata:distance>
     <gpxdata:speed>4.694</gpxdata:speed>
    </extensions>
   </trkpt>
   <trkpt lat="-21.5476276" lon="-64.7313819">
    <ele>1872</ele>
    <time>2026-03-15T20:42:14Z</time>
    <extensions>
     <gpxdata:hr>94</gpxdata:hr>
     <gpxdata:distance>1015.50</gpxdata:distance>
     <gpxdata:speed>4.625</gpxdata:speed>
    </extensions>
   </trkpt>
   <trkpt lat="-21.5476620" lon="-64.7314069">
    <ele>1872</ele>
    <time>2026-03-15T20:42:15Z</time>
    <extensions>
     <gpxdata:hr>95</gpxdata:hr>
     <gpxdata:distance>1020.00</gpxdata:distance>
     <gpxdata:speed>4.625</gpxdata:speed>
    </extensions>
   </trkpt>
   <trkpt lat="-21.5476967" lon="-64.7314311">
    <ele>1872</ele>
    <time>2026-03-15T20:42:16Z</time>
    <extensions>
     <gpxdata:hr>93</gpxdata:hr>
     <gpxdata:distance>1024.50</gpxdata:distance>
     <gpxdata:speed>4.608</gpxdata:speed>
    </extensions>
   </trkpt>
   <trkpt lat="-21.5477303" lon="-64.7314555">
    <ele>1872</ele>
    <time>2026-03-15T20:42:17Z</time>
    <extensions>
     <gpxdata:hr>93</gpxdata:hr>
     <gpxdata:distance>1029.00</gpxdata:distance>
     <gpxdata:speed>4.517</gpxdata:speed>
    </extensions>
   </trkpt>
   <trkpt lat="-21.5477642" lon="-64.7314801">
    <ele>1872</ele>
    <time>2026-03-15T20:42:18Z</time>
    <extensions>
     <gpxdata:hr>93</gpxdata:hr>
     <gpxdata:distance>1033.50</gpxdata:distance>
     <gpxdata:speed>4.550</gpxdata:speed>
    </extensions>
   </trkpt>
   <trkpt lat="-21.5477979" lon="-64.7315043">
    <ele>1872</ele>
    <time>2026-03-15T20:42:19Z</time>
    <extensions>
     <gpxdata:hr>93</gpxdata:hr>
     <gpxdata:distance>1038.00</gpxdata:distance>
     <gpxdata:speed>4.517</gpxdata:speed>
    </extensions>
   </trkpt>
   <trkpt lat="-21.5478315" lon="-64.7315281">
    <ele>1872</ele>
    <time>2026-03-15T20:42:20Z</time>
    <extensions>
     <gpxdata:hr>94</gpxdata:hr>
     <gpxdata:distance>1042.50</gpxdata:distance>
     <gpxdata:speed>4.478</gpxdata:speed>
    </extensions>
   </trkpt>
   <trkpt lat="-21.5478649" lon="-64.7315516">
    <ele>1872</ele>
    <time>2026-03-15T20:42:21Z</time>
    <extensions>
     <gpxdata:hr>94</gpxdata:hr>
     <gpxdata:distance>1047.00</gpxdata:distance>
     <gpxdata:speed>4.447</gpxdata:speed>
    </extensions>
   </trkpt>
   <trkpt lat="-21.5478995" lon="-64.7315744">
    <ele>1872</ele>
    <time>2026-03-15T20:42:22Z</time>
    <extensions>
     <gpxdata:hr>94</gpxdata:hr>
     <gpxdata:distance>1051.50</gpxdata:distance>
     <gpxdata:speed>4.511</gpxdata:speed>
    </extensions>
   </trkpt>
   <trkpt lat="-21.5479339" lon="-64.7315965">
    <ele>1872</ele>
    <time>2026-03-15T20:42:23Z</time>
    <extensions>
     <gpxdata:hr>94</gpxdata:hr>
     <gpxdata:distance>1056.00</gpxdata:distance>
     <gpxdata:speed>4.464</gpxdata:speed>
    </extensions>
   </trkpt>
   <trkpt lat="-21.5479685" lon="-64.7316183">
    <ele>1872</ele>
    <time>2026-03-15T20:42:24Z</time>
    <extensions>
     <gpxdata:hr>94</gpxdata:hr>
     <gpxdata:distance>1060.50</gpxdata:distance>
     <gpxdata:speed>4.464</gpxdata:speed>
    </extensions>
   </trkpt>
   <trkpt lat="-21.5480027" lon="-64.7316400">
    <ele>1872</ele>
    <time>2026-03-15T20:42:25Z</time>
    <extensions>
     <gpxdata:hr>93</gpxdata:hr>
     <gpxdata:distance>1065.00</gpxdata:distance>
     <gpxdata:speed>4.419</gpxdata:speed>
    </extensions>
   </trkpt>
   <trkpt lat="-21.5480364" lon="-64.7316616">
    <ele>1872</ele>
    <time>2026-03-15T20:42:26Z</time>
    <extensions>
     <gpxdata:hr>94</gpxdata:hr>
     <gpxdata:distance>1069.50</gpxdata:distance>
     <gpxdata:speed>4.378</gpxdata:speed>
    </extensions>
   </trkpt>
   <trkpt lat="-21.5480699" lon="-64.7316839">
    <ele>1872</ele>
    <time>2026-03-15T20:42:27Z</time>
    <extensions>
     <gpxdata:hr>94</gpxdata:hr>
     <gpxdata:distance>1074.00</gpxdata:distance>
     <gpxdata:speed>4.383</gpxdata:speed>
    </extensions>
   </trkpt>
   <trkpt lat="-21.5481033" lon="-64.7317061">
    <ele>1872</ele>
    <time>2026-03-15T20:42:28Z</time>
    <extensions>
     <gpxdata:hr>96</gpxdata:hr>
     <gpxdata:distance>1078.00</gpxdata:distance>
     <gpxdata:speed>4.369</gpxdata:speed>
    </extensions>
   </trkpt>
   <trkpt lat="-21.5481360" lon="-64.7317281">
    <ele>1872</ele>
    <time>2026-03-15T20:42:29Z</time>
    <extensions>
     <gpxdata:hr>97</gpxdata:hr>
     <gpxdata:distance>1082.00</gpxdata:distance>
     <gpxdata:speed>4.294</gpxdata:speed>
    </extensions>
   </trkpt>
   <trkpt lat="-21.5481656" lon="-64.7317480">
    <ele>1872</ele>
    <time>2026-03-15T20:42:30Z</time>
    <extensions>
     <gpxdata:hr>98</gpxdata:hr>
     <gpxdata:distance>1086.00</gpxdata:distance>
     <gpxdata:speed>3.917</gpxdata:speed>
    </extensions>
   </trkpt>
   <trkpt lat="-21.5481972" lon="-64.7317687">
    <ele>1872</ele>
    <time>2026-03-15T20:42:31Z</time>
    <extensions>
     <gpxdata:hr>99</gpxdata:hr>
     <gpxdata:distance>1090.00</gpxdata:distance>
     <gpxdata:speed>4.114</gpxdata:speed>
    </extensions>
   </trkpt>
   <trkpt lat="-21.5482286" lon="-64.7317893">
    <ele>1872</ele>
    <time>2026-03-15T20:42:32Z</time>
    <extensions>
     <gpxdata:hr>99</gpxdata:hr>
     <gpxdata:distance>1094.00</gpxdata:distance>
     <gpxdata:speed>4.097</gpxdata:speed>
    </extensions>
   </trkpt>
   <trkpt lat="-21.5482588" lon="-64.7318097">
    <ele>1872</ele>
    <time>2026-03-15T20:42:33Z</time>
    <extensions>
     <gpxdata:hr>100</gpxdata:hr>
     <gpxdata:distance>1098.00</gpxdata:distance>
     <gpxdata:speed>3.978</gpxdata:speed>
    </extensions>
   </trkpt>
   <trkpt lat="-21.5482880" lon="-64.7318292">
    <ele>1872</ele>
    <time>2026-03-15T20:42:34Z</time>
    <extensions>
     <gpxdata:hr>100</gpxdata:hr>
     <gpxdata:distance>1101.50</gpxdata:distance>
     <gpxdata:speed>3.844</gpxdata:speed>
    </extensions>
   </trkpt>
   <trkpt lat="-21.5483136" lon="-64.7318481">
    <ele>1872</ele>
    <time>2026-03-15T20:42:35Z</time>
    <extensions>
     <gpxdata:hr>101</gpxdata:hr>
     <gpxdata:distance>1105.00</gpxdata:distance>
     <gpxdata:speed>3.481</gpxdata:speed>
    </extensions>
   </trkpt>
   <trkpt lat="-21.5483386" lon="-64.7318654">
    <ele>1872</ele>
    <time>2026-03-15T20:42:36Z</time>
    <extensions>
     <gpxdata:hr>100</gpxdata:hr>
     <gpxdata:distance>1108.00</gpxdata:distance>
     <gpxdata:speed>3.336</gpxdata:speed>
    </extensions>
   </trkpt>
   <trkpt lat="-21.5483635" lon="-64.7318814">
    <ele>1872</ele>
    <time>2026-03-15T20:42:37Z</time>
    <extensions>
     <gpxdata:hr>100</gpxdata:hr>
     <gpxdata:distance>1111.00</gpxdata:distance>
     <gpxdata:speed>3.244</gpxdata:speed>
    </extensions>
   </trkpt>
   <trkpt lat="-21.5483878" lon="-64.7318968">
    <ele>1872</ele>
    <time>2026-03-15T20:42:38Z</time>
    <extensions>
     <gpxdata:hr>100</gpxdata:hr>
     <gpxdata:distance>1114.00</gpxdata:distance>
     <gpxdata:speed>3.147</gpxdata:speed>
    </extensions>
   </trkpt>
   <trkpt lat="-21.5484115" lon="-64.7319105">
    <ele>1872</ele>
    <time>2026-03-15T20:42:39Z</time>
    <extensions>
     <gpxdata:hr>100</gpxdata:hr>
     <gpxdata:distance>1117.00</gpxdata:distance>
     <gpxdata:speed>3.019</gpxdata:speed>
    </extensions>
   </trkpt>
   <trkpt lat="-21.5484344" lon="-64.7319231">
    <ele>1872</ele>
    <time>2026-03-15T20:42:40Z</time>
    <extensions>
     <gpxdata:hr>101</gpxdata:hr>
     <gpxdata:distance>1120.00</gpxdata:distance>
     <gpxdata:speed>2.875</gpxdata:speed>
    </extensions>
   </trkpt>
   <trkpt lat="-21.5484470" lon="-64.7319303">
    <ele>1873</ele>
    <time>2026-03-15T20:42:41Z</time>
    <extensions>
     <gpxdata:hr>101</gpxdata:hr>
     <gpxdata:distance>1123.00</gpxdata:distance>
     <gpxdata:speed>2.800</gpxdata:speed>
    </extensions>
   </trkpt>
   <trkpt lat="-21.5484644" lon="-64.7319401">
    <ele>1873</ele>
    <time>2026-03-15T20:42:42Z</time>
    <extensions>
     <gpxdata:hr>101</gpxdata:hr>
     <gpxdata:distance>1125.50</gpxdata:distance>
     <gpxdata:speed>2.747</gpxdata:speed>
    </extensions>
   </trkpt>
   <trkpt lat="-21.5484846" lon="-64.7319506">
    <ele>1873</ele>
    <time>2026-03-15T20:42:43Z</time>
    <extensions>
     <gpxdata:hr>101</gpxdata:hr>
     <gpxdata:distance>1128.00</gpxdata:distance>
     <gpxdata:speed>2.747</gpxdata:speed>
    </extensions>
   </trkpt>
   <trkpt lat="-21.5485063" lon="-64.7319616">
    <ele>1873</ele>
    <time>2026-03-15T20:42:44Z</time>
    <extensions>
     <gpxdata:hr>101</gpxdata:hr>
     <gpxdata:distance>1131.00</gpxdata:distance>
     <gpxdata:speed>2.792</gpxdata:speed>
    </extensions>
   </trkpt>
   <trkpt lat="-21.5485280" lon="-64.7319737">
    <ele>1873</ele>
    <time>2026-03-15T20:42:45Z</time>
    <extensions>
     <gpxdata:hr>100</gpxdata:hr>
     <gpxdata:distance>1134.00</gpxdata:distance>
     <gpxdata:speed>2.764</gpxdata:speed>
    </extensions>
   </trkpt>
   <trkpt lat="-21.5485492" lon="-64.7319856">
    <ele>1873</ele>
    <time>2026-03-15T20:42:46Z</time>
    <extensions>
     <gpxdata:hr>101</gpxdata:hr>
     <gpxdata:distance>1136.50</gpxdata:distance>
     <gpxdata:speed>2.647</gpxdata:speed>
    </extensions>
   </trkpt>
   <trkpt lat="-21.5485694" lon="-64.7319978">
    <ele>1873</ele>
    <time>2026-03-15T20:42:47Z</time>
    <extensions>
     <gpxdata:hr>101</gpxdata:hr>
     <gpxdata:distance>1139.00</gpxdata:distance>
     <gpxdata:speed>2.550</gpxdata:speed>
    </extensions>
   </trkpt>
   <trkpt lat="-21.5485893" lon="-64.7320099">
    <ele>1873</ele>
    <time>2026-03-15T20:42:48Z</time>
    <extensions>
     <gpxdata:hr>102</gpxdata:hr>
     <gpxdata:distance>1141.50</gpxdata:distance>
     <gpxdata:speed>2.519</gpxdata:speed>
    </extensions>
   </trkpt>
   <trkpt lat="-21.5486097" lon="-64.7320228">
    <ele>1873</ele>
    <time>2026-03-15T20:42:49Z</time>
    <extensions>
     <gpxdata:hr>102</gpxdata:hr>
     <gpxdata:distance>1144.00</gpxdata:distance>
     <gpxdata:speed>2.633</gpxdata:speed>
    </extensions>
   </trkpt>
   <trkpt lat="-21.5486291" lon="-64.7320360">
    <ele>1873</ele>
    <time>2026-03-15T20:42:50Z</time>
    <extensions>
     <gpxdata:hr>102</gpxdata:hr>
     <gpxdata:distance>1146.50</gpxdata:distance>
     <gpxdata:speed>2.544</gpxdata:speed>
    </extensions>
   </trkpt>
   <trkpt lat="-21.5486481" lon="-64.7320489">
    <ele>1873</ele>
    <time>2026-03-15T20:42:51Z</time>
    <extensions>
     <gpxdata:hr>102</gpxdata:hr>
     <gpxdata:distance>1149.00</gpxdata:distance>
     <gpxdata:speed>2.464</gpxdata:speed>
    </extensions>
   </trkpt>
   <trkpt lat="-21.5486667" lon="-64.7320605">
    <ele>1873</ele>
    <time>2026-03-15T20:42:52Z</time>
    <extensions>
     <gpxdata:hr>102</gpxdata:hr>
     <gpxdata:distance>1151.00</gpxdata:distance>
     <gpxdata:speed>2.344</gpxdata:speed>
    </extensions>
   </trkpt>
   <trkpt lat="-21.5486838" lon="-64.7320712">
    <ele>1873</ele>
    <time>2026-03-15T20:42:53Z</time>
    <extensions>
     <gpxdata:hr>102</gpxdata:hr>
     <gpxdata:distance>1153.00</gpxdata:distance>
     <gpxdata:speed>2.125</gpxdata:speed>
    </extensions>
   </trkpt>
   <trkpt lat="-21.5487000" lon="-64.7320816">
    <ele>1873</ele>
    <time>2026-03-15T20:42:54Z</time>
    <extensions>
     <gpxdata:hr>104</gpxdata:hr>
     <gpxdata:distance>1155.00</gpxdata:distance>
     <gpxdata:speed>2.011</gpxdata:speed>
    </extensions>
   </trkpt>
   <trkpt lat="-21.5487156" lon="-64.7320922">
    <ele>1873</ele>
    <time>2026-03-15T20:42:55Z</time>
    <extensions>
     <gpxdata:hr>106</gpxdata:hr>
     <gpxdata:distance>1157.00</gpxdata:distance>
     <gpxdata:speed>2.000</gpxdata:speed>
    </extensions>
   </trkpt>
   <trkpt lat="-21.5487304" lon="-64.7321027">
    <ele>1874</ele>
    <time>2026-03-15T20:42:56Z</time>
    <extensions>
     <gpxdata:hr>107</gpxdata:hr>
     <gpxdata:distance>1158.50</gpxdata:distance>
     <gpxdata:speed>1.933</gpxdata:speed>
    </extensions>
   </trkpt>
   <trkpt lat="-21.5487408" lon="-64.7321102">
    <ele>1874</ele>
    <time>2026-03-15T20:42:57Z</time>
    <extensions>
     <gpxdata:hr>107</gpxdata:hr>
     <gpxdata:distance>1160.00</gpxdata:distance>
     <gpxdata:speed>1.869</gpxdata:speed>
    </extensions>
   </trkpt>
   <trkpt lat="-21.5487523" lon="-64.7321193">
    <ele>1874</ele>
    <time>2026-03-15T20:42:58Z</time>
    <extensions>
     <gpxdata:hr>107</gpxdata:hr>
     <gpxdata:distance>1162.00</gpxdata:distance>
     <gpxdata:speed>1.817</gpxdata:speed>
    </extensions>
   </trkpt>
   <trkpt lat="-21.5487634" lon="-64.7321298">
    <ele>1874</ele>
    <time>2026-03-15T20:42:59Z</time>
    <extensions>
     <gpxdata:hr>106</gpxdata:hr>
     <gpxdata:distance>1164.00</gpxdata:distance>
     <gpxdata:speed>1.733</gpxdata:speed>
    </extensions>
   </trkpt>
   <trkpt lat="-21.5487750" lon="-64.7321406">
    <ele>1874</ele>
    <time>2026-03-15T20:43:00Z</time>
    <extensions>
     <gpxdata:hr>107</gpxdata:hr>
     <gpxdata:distance>1165.50</gpxdata:distance>
     <gpxdata:speed>1.733</gpxdata:speed>
    </extensions>
   </trkpt>
   <trkpt lat="-21.5487867" lon="-64.7321506">
    <ele>1874</ele>
    <time>2026-03-15T20:43:01Z</time>
    <extensions>
     <gpxdata:hr>108</gpxdata:hr>
     <gpxdata:distance>1167.00</gpxdata:distance>
     <gpxdata:speed>1.628</gpxdata:speed>
    </extensions>
   </trkpt>
   <trkpt lat="-21.5487984" lon="-64.7321599">
    <ele>1874</ele>
    <time>2026-03-15T20:43:02Z</time>
    <extensions>
     <gpxdata:hr>108</gpxdata:hr>
     <gpxdata:distance>1168.50</gpxdata:distance>
     <gpxdata:speed>1.583</gpxdata:speed>
    </extensions>
   </trkpt>
   <trkpt lat="-21.5488110" lon="-64.7321685">
    <ele>1874</ele>
    <time>2026-03-15T20:43:03Z</time>
    <extensions>
     <gpxdata:hr>109</gpxdata:hr>
     <gpxdata:distance>1170.00</gpxdata:distance>
     <gpxdata:speed>1.642</gpxdata:speed>
    </extensions>
   </trkpt>
   <trkpt lat="-21.5488228" lon="-64.7321761">
    <ele>1874</ele>
    <time>2026-03-15T20:43:04Z</time>
    <extensions>
     <gpxdata:hr>110</gpxdata:hr>
     <gpxdata:distance>1171.50</gpxdata:distance>
     <gpxdata:speed>1.453</gpxdata:speed>
    </extensions>
   </trkpt>
   <trkpt lat="-21.5488343" lon="-64.7321832">
    <ele>1874</ele>
    <time>2026-03-15T20:43:05Z</time>
    <extensions>
     <gpxdata:hr>112</gpxdata:hr>
     <gpxdata:distance>1173.00</gpxdata:distance>
     <gpxdata:speed>1.414</gpxdata:speed>
    </extensions>
   </trkpt>
   <trkpt lat="-21.5488455" lon="-64.7321897">
    <ele>1874</ele>
    <time>2026-03-15T20:43:06Z</time>
    <extensions>
     <gpxdata:hr>111</gpxdata:hr>
     <gpxdata:distance>1174.00</gpxdata:distance>
     <gpxdata:speed>1.339</gpxdata:speed>
    </extensions>
   </trkpt>
   <trkpt lat="-21.5488559" lon="-64.7321962">
    <ele>1875</ele>
    <time>2026-03-15T20:43:07Z</time>
    <extensions>
     <gpxdata:hr>111</gpxdata:hr>
     <gpxdata:distance>1175.00</gpxdata:distance>
     <gpxdata:speed>1.250</gpxdata:speed>
    </extensions>
   </trkpt>
   <trkpt lat="-21.5488668" lon="-64.7322030">
    <ele>1875</ele>
    <time>2026-03-15T20:43:08Z</time>
    <extensions>
     <gpxdata:hr>112</gpxdata:hr>
     <gpxdata:distance>1176.50</gpxdata:distance>
     <gpxdata:speed>1.392</gpxdata:speed>
    </extensions>
   </trkpt>
   <trkpt lat="-21.5488776" lon="-64.7322111">
    <ele>1875</ele>
    <time>2026-03-15T20:43:09Z</time>
    <extensions>
     <gpxdata:hr>112</gpxdata:hr>
     <gpxdata:distance>1178.00</gpxdata:distance>
     <gpxdata:speed>1.500</gpxdata:speed>
    </extensions>
   </trkpt>
   <trkpt lat="-21.5488882" lon="-64.7322200">
    <ele>1875</ele>
    <time>2026-03-15T20:43:10Z</time>
    <extensions>
     <gpxdata:hr>112</gpxdata:hr>
     <gpxdata:distance>1179.50</gpxdata:distance>
     <gpxdata:speed>1.536</gpxdata:speed>
    </extensions>
   </trkpt>
   <trkpt lat="-21.5488990" lon="-64.7322282">
    <ele>1876</ele>
    <time>2026-03-15T20:43:11Z</time>
    <extensions>
     <gpxdata:hr>112</gpxdata:hr>
     <gpxdata:distance>1181.00</gpxdata:distance>
     <gpxdata:speed>1.478</gpxdata:speed>
    </extensions>
   </trkpt>
   <trkpt lat="-21.5489101" lon="-64.7322354">
    <ele>1876</ele>
    <time>2026-03-15T20:43:12Z</time>
    <extensions>
     <gpxdata:hr>112</gpxdata:hr>
     <gpxdata:distance>1182.50</gpxdata:distance>
     <gpxdata:speed>1.431</gpxdata:speed>
    </extensions>
   </trkpt>
   <trkpt lat="-21.5489206" lon="-64.7322419">
    <ele>1876</ele>
    <time>2026-03-15T20:43:13Z</time>
    <extensions>
     <gpxdata:hr>113</gpxdata:hr>
     <gpxdata:distance>1184.00</gpxdata:distance>
     <gpxdata:speed>1.292</gpxdata:speed>
    </extensions>
   </trkpt>
   <trkpt lat="-21.5489308" lon="-64.7322479">
    <ele>1876</ele>
    <time>2026-03-15T20:43:14Z</time>
    <extensions>
     <gpxdata:hr>115</gpxdata:hr>
     <gpxdata:distance>1185.50</gpxdata:distance>
     <gpxdata:speed>1.233</gpxdata:speed>
    </extensions>
   </trkpt>
   <trkpt lat="-21.5489421" lon="-64.7322531">
    <ele>1876</ele>
    <time>2026-03-15T20:43:15Z</time>
    <extensions>
     <gpxdata:hr>116</gpxdata:hr>
     <gpxdata:distance>1187.00</gpxdata:distance>
     <gpxdata:speed>1.375</gpxdata:speed>
    </extensions>
   </trkpt>
   <trkpt lat="-21.5489537" lon="-64.7322584">
    <ele>1876</ele>
    <time>2026-03-15T20:43:16Z</time>
    <extensions>
     <gpxdata:hr>117</gpxdata:hr>
     <gpxdata:distance>1188.50</gpxdata:distance>
     <gpxdata:speed>1.442</gpxdata:speed>
    </extensions>
   </trkpt>
   <trkpt lat="-21.5489651" lon="-64.7322653">
    <ele>1876</ele>
    <time>2026-03-15T20:43:17Z</time>
    <extensions>
     <gpxdata:hr>118</gpxdata:hr>
     <gpxdata:distance>1190.00</gpxdata:distance>
     <gpxdata:speed>1.492</gpxdata:speed>
    </extensions>
   </trkpt>
   <trkpt lat="-21.5489764" lon="-64.7322729">
    <ele>1876</ele>
    <time>2026-03-15T20:43:18Z</time>
    <extensions>
     <gpxdata:hr>118</gpxdata:hr>
     <gpxdata:distance>1191.50</gpxdata:distance>
     <gpxdata:speed>1.533</gpxdata:speed>
    </extensions>
   </trkpt>
   <trkpt lat="-21.5489874" lon="-64.7322809">
    <ele>1877</ele>
    <time>2026-03-15T20:43:19Z</time>
    <extensions>
     <gpxdata:hr>118</gpxdata:hr>
     <gpxdata:distance>1193.00</gpxdata:distance>
     <gpxdata:speed>1.500</gpxdata:speed>
    </extensions>
   </trkpt>
   <trkpt lat="-21.5489985" lon="-64.7322890">
    <ele>1877</ele>
    <time>2026-03-15T20:43:20Z</time>
    <extensions>
     <gpxdata:hr>119</gpxdata:hr>
     <gpxdata:distance>1194.00</gpxdata:distance>
     <gpxdata:speed>1.511</gpxdata:speed>
    </extensions>
   </trkpt>
   <trkpt lat="-21.5490094" lon="-64.7322968">
    <ele>1877</ele>
    <time>2026-03-15T20:43:21Z</time>
    <extensions>
     <gpxdata:hr>120</gpxdata:hr>
     <gpxdata:distance>1195.00</gpxdata:distance>
     <gpxdata:speed>1.444</gpxdata:speed>
    </extensions>
   </trkpt>
   <trkpt lat="-21.5490200" lon="-64.7323039">
    <ele>1877</ele>
    <time>2026-03-15T20:43:22Z</time>
    <extensions>
     <gpxdata:hr>122</gpxdata:hr>
     <gpxdata:distance>1196.50</gpxdata:distance>
     <gpxdata:speed>1.347</gpxdata:speed>
    </extensions>
   </trkpt>
   <trkpt lat="-21.5490307" lon="-64.7323099">
    <ele>1877</ele>
    <time>2026-03-15T20:43:23Z</time>
    <extensions>
     <gpxdata:hr>123</gpxdata:hr>
     <gpxdata:distance>1198.00</gpxdata:distance>
     <gpxdata:speed>1.311</gpxdata:speed>
    </extensions>
   </trkpt>
   <trkpt lat="-21.5490418" lon="-64.7323154">
    <ele>1877</ele>
    <time>2026-03-15T20:43:24Z</time>
    <extensions>
     <gpxdata:hr>123</gpxdata:hr>
     <gpxdata:distance>1199.50</gpxdata:distance>
     <gpxdata:speed>1.333</gpxdata:speed>
    </extensions>
   </trkpt>
   <trkpt lat="-21.5490530" lon="-64.7323211">
    <ele>1878</ele>
    <time>2026-03-15T20:43:25Z</time>
    <extensions>
     <gpxdata:hr>123</gpxdata:hr>
     <gpxdata:distance>1201.00</gpxdata:distance>
     <gpxdata:speed>1.386</gpxdata:speed>
    </extensions>
   </trkpt>
   <trkpt lat="-21.5490640" lon="-64.7323270">
    <ele>1878</ele>
    <time>2026-03-15T20:43:26Z</time>
    <extensions>
     <gpxdata:hr>123</gpxdata:hr>
     <gpxdata:distance>1202.50</gpxdata:distance>
     <gpxdata:speed>1.369</gpxdata:speed>
    </extensions>
   </trkpt>
   <trkpt lat="-21.5490748" lon="-64.7323336">
    <ele>1878</ele>
    <time>2026-03-15T20:43:27Z</time>
    <extensions>
     <gpxdata:hr>123</gpxdata:hr>
     <gpxdata:distance>1204.00</gpxdata:distance>
     <gpxdata:speed>1.375</gpxdata:speed>
    </extensions>
   </trkpt>
   <trkpt lat="-21.5490841" lon="-64.7323415">
    <ele>1878</ele>
    <time>2026-03-15T20:43:28Z</time>
    <extensions>
     <gpxdata:hr>123</gpxdata:hr>
     <gpxdata:distance>1205.00</gpxdata:distance>
     <gpxdata:speed>1.314</gpxdata:speed>
    </extensions>
   </trkpt>
   <trkpt lat="-21.5490925" lon="-64.7323506">
    <ele>1878</ele>
    <time>2026-03-15T20:43:29Z</time>
    <extensions>
     <gpxdata:hr>123</gpxdata:hr>
     <gpxdata:distance>1206.00</gpxdata:distance>
     <gpxdata:speed>1.342</gpxdata:speed>
    </extensions>
   </trkpt>
   <trkpt lat="-21.5490999" lon="-64.7323613">
    <ele>1878</ele>
    <time>2026-03-15T20:43:30Z</time>
    <extensions>
     <gpxdata:hr>125</gpxdata:hr>
     <gpxdata:distance>1207.50</gpxdata:distance>
     <gpxdata:speed>1.450</gpxdata:speed>
    </extensions>
   </trkpt>
   <trkpt lat="-21.5491057" lon="-64.7323742">
    <ele>1878</ele>
    <time>2026-03-15T20:43:31Z</time>
    <extensions>
     <gpxdata:hr>125</gpxdata:hr>
     <gpxdata:distance>1209.00</gpxdata:distance>
     <gpxdata:speed>1.622</gpxdata:speed>
    </extensions>
   </trkpt>
   <trkpt lat="-21.5491102" lon="-64.7323877">
    <ele>1878</ele>
    <time>2026-03-15T20:43:32Z</time>
    <extensions>
     <gpxdata:hr>126</gpxdata:hr>
     <gpxdata:distance>1211.00</gpxdata:distance>
     <gpxdata:speed>1.589</gpxdata:speed>
    </extensions>
   </trkpt>
   <trkpt lat="-21.5491130" lon="-64.7324028">
    <ele>1878</ele>
    <time>2026-03-15T20:43:33Z</time>
    <extensions>
     <gpxdata:hr>126</gpxdata:hr>
     <gpxdata:distance>1213.00</gpxdata:distance>
     <gpxdata:speed>1.742</gpxdata:speed>
    </extensions>
   </trkpt>
   <trkpt lat="-21.5491140" lon="-64.7324191">
    <ele>1879</ele>
    <time>2026-03-15T20:43:34Z</time>
    <extensions>
     <gpxdata:hr>127</gpxdata:hr>
     <gpxdata:distance>1215.00</gpxdata:distance>
     <gpxdata:speed>1.842</gpxdata:speed>
    </extensions>
   </trkpt>
   <trkpt lat="-21.5491128" lon="-64.7324360">
    <ele>1879</ele>
    <time>2026-03-15T20:43:35Z</time>
    <extensions>
     <gpxdata:hr>127</gpxdata:hr>
     <gpxdata:distance>1217.00</gpxdata:distance>
     <gpxdata:speed>1.928</gpxdata:speed>
    </extensions>
   </trkpt>
   <trkpt lat="-21.5491098" lon="-64.7324538">
    <ele>1879</ele>
    <time>2026-03-15T20:43:36Z</time>
    <extensions>
     <gpxdata:hr>127</gpxdata:hr>
     <gpxdata:distance>1219.00</gpxdata:distance>
     <gpxdata:speed>2.047</gpxdata:speed>
    </extensions>
   </trkpt>
   <trkpt lat="-21.5491021" lon="-64.7324784">
    <ele>1879</ele>
    <time>2026-03-15T20:43:37Z</time>
    <extensions>
     <gpxdata:hr>127</gpxdata:hr>
     <gpxdata:distance>1221.00</gpxdata:distance>
     <gpxdata:speed>2.175</gpxdata:speed>
    </extensions>
   </trkpt>
   <trkpt lat="-21.5490925" lon="-64.7324986">
    <ele>1879</ele>
    <time>2026-03-15T20:43:38Z</time>
    <extensions>
     <gpxdata:hr>127</gpxdata:hr>
     <gpxdata:distance>1223.00</gpxdata:distance>
     <gpxdata:speed>2.242</gpxdata:speed>
    </extensions>
   </trkpt>
   <trkpt lat="-21.5490820" lon="-64.7325174">
    <ele>1879</ele>
    <time>2026-03-15T20:43:39Z</time>
    <extensions>
     <gpxdata:hr>127</gpxdata:hr>
     <gpxdata:distance>1225.00</gpxdata:distance>
     <gpxdata:speed>2.283</gpxdata:speed>
    </extensions>
   </trkpt>
   <trkpt lat="-21.5490692" lon="-64.7325357">
    <ele>1879</ele>
    <time>2026-03-15T20:43:40Z</time>
    <extensions>
     <gpxdata:hr>127</gpxdata:hr>
     <gpxdata:distance>1228.00</gpxdata:distance>
     <gpxdata:speed>2.458</gpxdata:speed>
    </extensions>
   </trkpt>
   <trkpt lat="-21.5490548" lon="-64.7325540">
    <ele>1879</ele>
    <time>2026-03-15T20:43:41Z</time>
    <extensions>
     <gpxdata:hr>127</gpxdata:hr>
     <gpxdata:distance>1231.00</gpxdata:distance>
     <gpxdata:speed>2.578</gpxdata:speed>
    </extensions>
   </trkpt>
   <trkpt lat="-21.5490390" lon="-64.7325722">
    <ele>1879</ele>
    <time>2026-03-15T20:43:42Z</time>
    <extensions>
     <gpxdata:hr>127</gpxdata:hr>
     <gpxdata:distance>1233.50</gpxdata:distance>
     <gpxdata:speed>2.678</gpxdata:speed>
    </extensions>
   </trkpt>
   <trkpt lat="-21.5490227" lon="-64.7325905">
    <ele>1879</ele>
    <time>2026-03-15T20:43:43Z</time>
    <extensions>
     <gpxdata:hr>126</gpxdata:hr>
     <gpxdata:distance>1236.00</gpxdata:distance>
     <gpxdata:speed>2.694</gpxdata:speed>
    </extensions>
   </trkpt>
   <trkpt lat="-21.5490056" lon="-64.7326083">
    <ele>1879</ele>
    <time>2026-03-15T20:43:44Z</time>
    <extensions>
     <gpxdata:hr>126</gpxdata:hr>
     <gpxdata:distance>1239.00</gpxdata:distance>
     <gpxdata:speed>2.689</gpxdata:speed>
    </extensions>
   </trkpt>
   <trkpt lat="-21.5489877" lon="-64.7326266">
    <ele>1879</ele>
    <time>2026-03-15T20:43:45Z</time>
    <extensions>
     <gpxdata:hr>126</gpxdata:hr>
     <gpxdata:distance>1242.00</gpxdata:distance>
     <gpxdata:speed>2.811</gpxdata:speed>
    </extensions>
   </trkpt>
   <trkpt lat="-21.5489703" lon="-64.7326455">
    <ele>1879</ele>
    <time>2026-03-15T20:43:46Z</time>
    <extensions>
     <gpxdata:hr>126</gpxdata:hr>
     <gpxdata:distance>1244.50</gpxdata:distance>
     <gpxdata:speed>2.781</gpxdata:speed>
    </extensions>
   </trkpt>
   <trkpt lat="-21.5489533" lon="-64.7326649">
    <ele>1879</ele>
    <time>2026-03-15T20:43:47Z</time>
    <extensions>
     <gpxdata:hr>126</gpxdata:hr>
     <gpxdata:distance>1247.00</gpxdata:distance>
     <gpxdata:speed>2.775</gpxdata:speed>
    </extensions>
   </trkpt>
   <trkpt lat="-21.5489360" lon="-64.7326845">
    <ele>1879</ele>
    <time>2026-03-15T20:43:48Z</time>
    <extensions>
     <gpxdata:hr>126</gpxdata:hr>
     <gpxdata:distance>1250.00</gpxdata:distance>
     <gpxdata:speed>2.819</gpxdata:speed>
    </extensions>
   </trkpt>
   <trkpt lat="-21.5489180" lon="-64.7327043">
    <ele>1879</ele>
    <time>2026-03-15T20:43:49Z</time>
    <extensions>
     <gpxdata:hr>127</gpxdata:hr>
     <gpxdata:distance>1253.00</gpxdata:distance>
     <gpxdata:speed>2.906</gpxdata:speed>
    </extensions>
   </trkpt>
   <trkpt lat="-21.5489001" lon="-64.7327238">
    <ele>1879</ele>
    <time>2026-03-15T20:43:50Z</time>
    <extensions>
     <gpxdata:hr>128</gpxdata:hr>
     <gpxdata:distance>1256.00</gpxdata:distance>
     <gpxdata:speed>2.839</gpxdata:speed>
    </extensions>
   </trkpt>
   <trkpt lat="-21.5488821" lon="-64.7327437">
    <ele>1879</ele>
    <time>2026-03-15T20:43:51Z</time>
    <extensions>
     <gpxdata:hr>129</gpxdata:hr>
     <gpxdata:distance>1259.00</gpxdata:distance>
     <gpxdata:speed>2.889</gpxdata:speed>
    </extensions>
   </trkpt>
   <trkpt lat="-21.5488649" lon="-64.7327638">
    <ele>1879</ele>
    <time>2026-03-15T20:43:52Z</time>
    <extensions>
     <gpxdata:hr>130</gpxdata:hr>
     <gpxdata:distance>1261.50</gpxdata:distance>
     <gpxdata:speed>2.819</gpxdata:speed>
    </extensions>
   </trkpt>
   <trkpt lat="-21.5488485" lon="-64.7327844">
    <ele>1879</ele>
    <time>2026-03-15T20:43:53Z</time>
    <extensions>
     <gpxdata:hr>131</gpxdata:hr>
     <gpxdata:distance>1264.00</gpxdata:distance>
     <gpxdata:speed>2.792</gpxdata:speed>
    </extensions>
   </trkpt>
   <trkpt lat="-21.5488319" lon="-64.7328053">
    <ele>1879</ele>
    <time>2026-03-15T20:43:54Z</time>
    <extensions>
     <gpxdata:hr>141</gpxdata:hr>
     <gpxdata:distance>1267.00</gpxdata:distance>
     <gpxdata:speed>2.867</gpxdata:speed>
    </extensions>
   </trkpt>
   <trkpt lat="-21.5488151" lon="-64.7328261">
    <ele>1879</ele>
    <time>2026-03-15T20:43:55Z</time>
    <extensions>
     <gpxdata:hr>141</gpxdata:hr>
     <gpxdata:distance>1270.00</gpxdata:distance>
     <gpxdata:speed>2.856</gpxdata:speed>
    </extensions>
   </trkpt>
   <trkpt lat="-21.5487979" lon="-64.7328471">
    <ele>1879</ele>
    <time>2026-03-15T20:43:56Z</time>
    <extensions>
     <gpxdata:hr>141</gpxdata:hr>
     <gpxdata:distance>1273.00</gpxdata:distance>
     <gpxdata:speed>2.914</gpxdata:speed>
    </extensions>
   </trkpt>
   <trkpt lat="-21.5487802" lon="-64.7328679">
    <ele>1879</ele>
    <time>2026-03-15T20:43:57Z</time>
    <extensions>
     <gpxdata:hr>141</gpxdata:hr>
     <gpxdata:distance>1276.00</gpxdata:distance>
     <gpxdata:speed>2.928</gpxdata:speed>
    </extensions>
   </trkpt>
   <trkpt lat="-21.5487618" lon="-64.7328880">
    <ele>1879</ele>
    <time>2026-03-15T20:43:58Z</time>
    <extensions>
     <gpxdata:hr>140</gpxdata:hr>
     <gpxdata:distance>1279.00</gpxdata:distance>
     <gpxdata:speed>2.925</gpxdata:speed>
    </extensions>
   </trkpt>
   <trkpt lat="-21.5487432" lon="-64.7329087">
    <ele>1879</ele>
    <time>2026-03-15T20:43:59Z</time>
    <extensions>
     <gpxdata:hr>139</gpxdata:hr>
     <gpxdata:distance>1282.00</gpxdata:distance>
     <gpxdata:speed>3.006</gpxdata:speed>
    </extensions>
   </trkpt>
   <trkpt lat="-21.5487131" lon="-64.7329417">
    <ele>1879</ele>
    <time>2026-03-15T20:44:00Z</time>
    <extensions>
     <gpxdata:hr>136</gpxdata:hr>
     <gpxdata:distance>1285.00</gpxdata:distance>
     <gpxdata:speed>2.944</gpxdata:speed>
    </extensions>
   </trkpt>
   <trkpt lat="-21.5487014" lon="-64.7329544">
    <ele>1879</ele>
    <time>2026-03-15T20:44:01Z</time>
    <extensions>
     <gpxdata:hr>135</gpxdata:hr>
     <gpxdata:distance>1288.00</gpxdata:distance>
     <gpxdata:speed>2.828</gpxdata:speed>
    </extensions>
   </trkpt>
   <trkpt lat="-21.5486864" lon="-64.7329712">
    <ele>1879</ele>
    <time>2026-03-15T20:44:02Z</time>
    <extensions>
     <gpxdata:hr>135</gpxdata:hr>
     <gpxdata:distance>1291.00</gpxdata:distance>
     <gpxdata:speed>2.869</gpxdata:speed>
    </extensions>
   </trkpt>
   <trkpt lat="-21.5486697" lon="-64.7329907">
    <ele>1880</ele>
    <time>2026-03-15T20:44:03Z</time>
    <extensions>
     <gpxdata:hr>133</gpxdata:hr>
     <gpxdata:distance>1294.00</gpxdata:distance>
     <gpxdata:speed>2.983</gpxdata:speed>
    </extensions>
   </trkpt>
   <trkpt lat="-21.5486521" lon="-64.7330124">
    <ele>1880</ele>
    <time>2026-03-15T20:44:04Z</time>
    <extensions>
     <gpxdata:hr>133</gpxdata:hr>
     <gpxdata:distance>1297.50</gpxdata:distance>
     <gpxdata:speed>3.119</gpxdata:speed>
    </extensions>
   </trkpt>
   <trkpt lat="-21.5486228" lon="-64.7330509">
    <ele>1880</ele>
    <time>2026-03-15T20:44:05Z</time>
    <extensions>
     <gpxdata:hr>132</gpxdata:hr>
     <gpxdata:distance>1301.00</gpxdata:distance>
     <gpxdata:speed>3.264</gpxdata:speed>
    </extensions>
   </trkpt>
   <trkpt lat="-21.5486029" lon="-64.7330794">
    <ele>1880</ele>
    <time>2026-03-15T20:44:06Z</time>
    <extensions>
     <gpxdata:hr>132</gpxdata:hr>
     <gpxdata:distance>1304.50</gpxdata:distance>
     <gpxdata:speed>3.322</gpxdata:speed>
    </extensions>
   </trkpt>
   <trkpt lat="-21.5485852" lon="-64.7331077">
    <ele>1880</ele>
    <time>2026-03-15T20:44:07Z</time>
    <extensions>
     <gpxdata:hr>131</gpxdata:hr>
     <gpxdata:distance>1308.00</gpxdata:distance>
     <gpxdata:speed>3.439</gpxdata:speed>
    </extensions>
   </trkpt>
   <trkpt lat="-21.5485682" lon="-64.7331373">
    <ele>1880</ele>
    <time>2026-03-15T20:44:08Z</time>
    <extensions>
     <gpxdata:hr>130</gpxdata:hr>
     <gpxdata:distance>1311.50</gpxdata:distance>
     <gpxdata:speed>3.581</gpxdata:speed>
    </extensions>
   </trkpt>
   <trkpt lat="-21.5485521" lon="-64.7331682">
    <ele>1880</ele>
    <time>2026-03-15T20:44:09Z</time>
    <extensions>
     <gpxdata:hr>129</gpxdata:hr>
     <gpxdata:distance>1315.00</gpxdata:distance>
     <gpxdata:speed>3.650</gpxdata:speed>
    </extensions>
   </trkpt>
   <trkpt lat="-21.5485360" lon="-64.7331990">
    <ele>1880</ele>
    <time>2026-03-15T20:44:10Z</time>
    <extensions>
     <gpxdata:hr>129</gpxdata:hr>
     <gpxdata:distance>1318.50</gpxdata:distance>
     <gpxdata:speed>3.656</gpxdata:speed>
    </extensions>
   </trkpt>
   <trkpt lat="-21.5485191" lon="-64.7332302">
    <ele>1880</ele>
    <time>2026-03-15T20:44:11Z</time>
    <extensions>
     <gpxdata:hr>126</gpxdata:hr>
     <gpxdata:distance>1322.00</gpxdata:distance>
     <gpxdata:speed>3.731</gpxdata:speed>
    </extensions>
   </trkpt>
   <trkpt lat="-21.5485014" lon="-64.7332622">
    <ele>1880</ele>
    <time>2026-03-15T20:44:12Z</time>
    <extensions>
     <gpxdata:hr>124</gpxdata:hr>
     <gpxdata:distance>1326.50</gpxdata:distance>
     <gpxdata:speed>3.847</gpxdata:speed>
    </extensions>
   </trkpt>
   <trkpt lat="-21.5484827" lon="-64.7332950">
    <ele>1880</ele>
    <time>2026-03-15T20:44:13Z</time>
    <extensions>
     <gpxdata:hr>124</gpxdata:hr>
     <gpxdata:distance>1331.00</gpxdata:distance>
     <gpxdata:speed>3.967</gpxdata:speed>
    </extensions>
   </trkpt>
   <trkpt lat="-21.5484619" lon="-64.7333269">
    <ele>1880</ele>
    <time>2026-03-15T20:44:14Z</time>
    <extensions>
     <gpxdata:hr>122</gpxdata:hr>
     <gpxdata:distance>1335.00</gpxdata:distance>
     <gpxdata:speed>4.014</gpxdata:speed>
    </extensions>
   </trkpt>
   <trkpt lat="-21.5484398" lon="-64.7333597">
    <ele>1880</ele>
    <time>2026-03-15T20:44:15Z</time>
    <extensions>
     <gpxdata:hr>121</gpxdata:hr>
     <gpxdata:distance>1339.00</gpxdata:distance>
     <gpxdata:speed>4.183</gpxdata:speed>
    </extensions>
   </trkpt>
   <trkpt lat="-21.5484162" lon="-64.7333936">
    <ele>1880</ele>
    <time>2026-03-15T20:44:16Z</time>
    <extensions>
     <gpxdata:hr>120</gpxdata:hr>
     <gpxdata:distance>1343.50</gpxdata:distance>
     <gpxdata:speed>4.361</gpxdata:speed>
    </extensions>
   </trkpt>
   <trkpt lat="-21.5483930" lon="-64.7334282">
    <ele>1880</ele>
    <time>2026-03-15T20:44:17Z</time>
    <extensions>
     <gpxdata:hr>117</gpxdata:hr>
     <gpxdata:distance>1348.00</gpxdata:distance>
     <gpxdata:speed>4.400</gpxdata:speed>
    </extensions>
   </trkpt>
   <trkpt lat="-21.5483698" lon="-64.7334631">
    <ele>1880</ele>
    <time>2026-03-15T20:44:18Z</time>
    <extensions>
     <gpxdata:hr>117</gpxdata:hr>
     <gpxdata:distance>1352.50</gpxdata:distance>
     <gpxdata:speed>4.431</gpxdata:speed>
    </extensions>
   </trkpt>
   <trkpt lat="-21.5483459" lon="-64.7334975">
    <ele>1880</ele>
    <time>2026-03-15T20:44:19Z</time>
    <extensions>
     <gpxdata:hr>117</gpxdata:hr>
     <gpxdata:distance>1357.00</gpxdata:distance>
     <gpxdata:speed>4.439</gpxdata:speed>
    </extensions>
   </trkpt>
   <trkpt lat="-21.5483208" lon="-64.7335301">
    <ele>1880</ele>
    <time>2026-03-15T20:44:20Z</time>
    <extensions>
     <gpxdata:hr>117</gpxdata:hr>
     <gpxdata:distance>1361.00</gpxdata:distance>
     <gpxdata:speed>4.383</gpxdata:speed>
    </extensions>
   </trkpt>
   <trkpt lat="-21.5482948" lon="-64.7335601">
    <ele>1880</ele>
    <time>2026-03-15T20:44:21Z</time>
    <extensions>
     <gpxdata:hr>110</gpxdata:hr>
     <gpxdata:distance>1365.00</gpxdata:distance>
     <gpxdata:speed>4.247</gpxdata:speed>
    </extensions>
   </trkpt>
   <trkpt lat="-21.5482677" lon="-64.7335875">
    <ele>1880</ele>
    <time>2026-03-15T20:44:22Z</time>
    <extensions>
     <gpxdata:hr>109</gpxdata:hr>
     <gpxdata:distance>1369.00</gpxdata:distance>
     <gpxdata:speed>4.150</gpxdata:speed>
    </extensions>
   </trkpt>
   <trkpt lat="-21.5482393" lon="-64.7336128">
    <ele>1880</ele>
    <time>2026-03-15T20:44:23Z</time>
    <extensions>
     <gpxdata:hr>110</gpxdata:hr>
     <gpxdata:distance>1373.00</gpxdata:distance>
     <gpxdata:speed>4.114</gpxdata:speed>
    </extensions>
   </trkpt>
   <trkpt lat="-21.5482093" lon="-64.7336368">
    <ele>1880</ele>
    <time>2026-03-15T20:44:24Z</time>
    <extensions>
     <gpxdata:hr>111</gpxdata:hr>
     <gpxdata:distance>1377.50</gpxdata:distance>
     <gpxdata:speed>4.161</gpxdata:speed>
    </extensions>
   </trkpt>
   <trkpt lat="-21.5481777" lon="-64.7336590">
    <ele>1880</ele>
    <time>2026-03-15T20:44:25Z</time>
    <extensions>
     <gpxdata:hr>112</gpxdata:hr>
     <gpxdata:distance>1382.00</gpxdata:distance>
     <gpxdata:speed>4.197</gpxdata:speed>
    </extensions>
   </trkpt>
   <trkpt lat="-21.5481450" lon="-64.7336787">
    <ele>1880</ele>
    <time>2026-03-15T20:44:26Z</time>
    <extensions>
     <gpxdata:hr>113</gpxdata:hr>
     <gpxdata:distance>1386.00</gpxdata:distance>
     <gpxdata:speed>4.164</gpxdata:speed>
    </extensions>
   </trkpt>
   <trkpt lat="-21.5481112" lon="-64.7336966">
    <ele>1880</ele>
    <time>2026-03-15T20:44:27Z</time>
    <extensions>
     <gpxdata:hr>115</gpxdata:hr>
     <gpxdata:distance>1390.00</gpxdata:distance>
     <gpxdata:speed>4.189</gpxdata:speed>
    </extensions>
   </trkpt>
   <trkpt lat="-21.5480767" lon="-64.7337136">
    <ele>1880</ele>
    <time>2026-03-15T20:44:28Z</time>
    <extensions>
     <gpxdata:hr>115</gpxdata:hr>
     <gpxdata:distance>1394.50</gpxdata:distance>
     <gpxdata:speed>4.222</gpxdata:speed>
    </extensions>
   </trkpt>
   <trkpt lat="-21.5480418" lon="-64.7337302">
    <ele>1880</ele>
    <time>2026-03-15T20:44:29Z</time>
    <extensions>
     <gpxdata:hr>115</gpxdata:hr>
     <gpxdata:distance>1399.00</gpxdata:distance>
     <gpxdata:speed>4.244</gpxdata:speed>
    </extensions>
   </trkpt>
   <trkpt lat="-21.5480073" lon="-64.7337462">
    <ele>1880</ele>
    <time>2026-03-15T20:44:30Z</time>
    <extensions>
     <gpxdata:hr>115</gpxdata:hr>
     <gpxdata:distance>1403.00</gpxdata:distance>
     <gpxdata:speed>4.175</gpxdata:speed>
    </extensions>
   </trkpt>
   <trkpt lat="-21.5479735" lon="-64.7337622">
    <ele>1880</ele>
    <time>2026-03-15T20:44:31Z</time>
    <extensions>
     <gpxdata:hr>115</gpxdata:hr>
     <gpxdata:distance>1407.00</gpxdata:distance>
     <gpxdata:speed>4.125</gpxdata:speed>
    </extensions>
   </trkpt>
   <trkpt lat="-21.5479393" lon="-64.7337791">
    <ele>1880</ele>
    <time>2026-03-15T20:44:32Z</time>
    <extensions>
     <gpxdata:hr>114</gpxdata:hr>
     <gpxdata:distance>1411.50</gpxdata:distance>
     <gpxdata:speed>4.186</gpxdata:speed>
    </extensions>
   </trkpt>
   <trkpt lat="-21.5479041" lon="-64.7337961">
    <ele>1880</ele>
    <time>2026-03-15T20:44:33Z</time>
    <extensions>
     <gpxdata:hr>112</gpxdata:hr>
     <gpxdata:distance>1416.00</gpxdata:distance>
     <gpxdata:speed>4.286</gpxdata:speed>
    </extensions>
   </trkpt>
   <trkpt lat="-21.5478693" lon="-64.7338137">
    <ele>1880</ele>
    <time>2026-03-15T20:44:34Z</time>
    <extensions>
     <gpxdata:hr>111</gpxdata:hr>
     <gpxdata:distance>1420.00</gpxdata:distance>
     <gpxdata:speed>4.269</gpxdata:speed>
    </extensions>
   </trkpt>
   <trkpt lat="-21.5478340" lon="-64.7338291">
    <ele>1880</ele>
    <time>2026-03-15T20:44:35Z</time>
    <extensions>
     <gpxdata:hr>110</gpxdata:hr>
     <gpxdata:distance>1424.00</gpxdata:distance>
     <gpxdata:speed>4.247</gpxdata:speed>
    </extensions>
   </trkpt>
   <trkpt lat="-21.5477986" lon="-64.7338433">
    <ele>1880</ele>
    <time>2026-03-15T20:44:36Z</time>
    <extensions>
     <gpxdata:hr>111</gpxdata:hr>
     <gpxdata:distance>1428.00</gpxdata:distance>
     <gpxdata:speed>4.203</gpxdata:speed>
    </extensions>
   </trkpt>
   <trkpt lat="-21.5477652" lon="-64.7338556">
    <ele>1880</ele>
    <time>2026-03-15T20:44:37Z</time>
    <extensions>
     <gpxdata:hr>111</gpxdata:hr>
     <gpxdata:distance>1432.00</gpxdata:distance>
     <gpxdata:speed>3.942</gpxdata:speed>
    </extensions>
   </trkpt>
   <trkpt lat="-21.5477305" lon="-64.7338697">
    <ele>1880</ele>
    <time>2026-03-15T20:44:38Z</time>
    <extensions>
     <gpxdata:hr>111</gpxdata:hr>
     <gpxdata:distance>1436.50</gpxdata:distance>
     <gpxdata:speed>4.128</gpxdata:speed>
    </extensions>
   </trkpt>
   <trkpt lat="-21.5476947" lon="-64.7338845">
    <ele>1880</ele>
    <time>2026-03-15T20:44:39Z</time>
    <extensions>
     <gpxdata:hr>112</gpxdata:hr>
     <gpxdata:distance>1441.00</gpxdata:distance>
     <gpxdata:speed>4.261</gpxdata:speed>
    </extensions>
   </trkpt>
   <trkpt lat="-21.5476596" lon="-64.7338996">
    <ele>1880</ele>
    <time>2026-03-15T20:44:40Z</time>
    <extensions>
     <gpxdata:hr>113</gpxdata:hr>
     <gpxdata:distance>1445.00</gpxdata:distance>
     <gpxdata:speed>4.206</gpxdata:speed>
    </extensions>
   </trkpt>
   <trkpt lat="-21.5476247" lon="-64.7339141">
    <ele>1880</ele>
    <time>2026-03-15T20:44:41Z</time>
    <extensions>
     <gpxdata:hr>113</gpxdata:hr>
     <gpxdata:distance>1449.00</gpxdata:distance>
     <gpxdata:speed>4.167</gpxdata:speed>
    </extensions>
   </trkpt>
   <trkpt lat="-21.5475898" lon="-64.7339286">
    <ele>1880</ele>
    <time>2026-03-15T20:44:42Z</time>
    <extensions>
     <gpxdata:hr>112</gpxdata:hr>
     <gpxdata:distance>1453.00</gpxdata:distance>
     <gpxdata:speed>4.167</gpxdata:speed>
    </extensions>
   </trkpt>
   <trkpt lat="-21.5475549" lon="-64.7339434">
    <ele>1880</ele>
    <time>2026-03-15T20:44:43Z</time>
    <extensions>
     <gpxdata:hr>111</gpxdata:hr>
     <gpxdata:distance>1457.00</gpxdata:distance>
     <gpxdata:speed>4.175</gpxdata:speed>
    </extensions>
   </trkpt>
   <trkpt lat="-21.5475211" lon="-64.7339582">
    <ele>1880</ele>
    <time>2026-03-15T20:44:44Z</time>
    <extensions>
     <gpxdata:hr>108</gpxdata:hr>
     <gpxdata:distance>1461.00</gpxdata:distance>
     <gpxdata:speed>4.064</gpxdata:speed>
    </extensions>
   </trkpt>
   <trkpt lat="-21.5474879" lon="-64.7339732">
    <ele>1880</ele>
    <time>2026-03-15T20:44:45Z</time>
    <extensions>
     <gpxdata:hr>107</gpxdata:hr>
     <gpxdata:distance>1465.00</gpxdata:distance>
     <gpxdata:speed>4.019</gpxdata:speed>
    </extensions>
   </trkpt>
   <trkpt lat="-21.5474540" lon="-64.7339876">
    <ele>1880</ele>
    <time>2026-03-15T20:44:46Z</time>
    <extensions>
     <gpxdata:hr>107</gpxdata:hr>
     <gpxdata:distance>1469.00</gpxdata:distance>
     <gpxdata:speed>4.047</gpxdata:speed>
    </extensions>
   </trkpt>
   <trkpt lat="-21.5474197" lon="-64.7340021">
    <ele>1880</ele>
    <time>2026-03-15T20:44:47Z</time>
    <extensions>
     <gpxdata:hr>107</gpxdata:hr>
     <gpxdata:distance>1473.00</gpxdata:distance>
     <gpxdata:speed>4.106</gpxdata:speed>
    </extensions>
   </trkpt>
   <trkpt lat="-21.5473849" lon="-64.7340161">
    <ele>1880</ele>
    <time>2026-03-15T20:44:48Z</time>
    <extensions>
     <gpxdata:hr>106</gpxdata:hr>
     <gpxdata:distance>1477.50</gpxdata:distance>
     <gpxdata:speed>4.128</gpxdata:speed>
    </extensions>
   </trkpt>
   <trkpt lat="-21.5473506" lon="-64.7340298">
    <ele>1880</ele>
    <time>2026-03-15T20:44:49Z</time>
    <extensions>
     <gpxdata:hr>106</gpxdata:hr>
     <gpxdata:distance>1482.00</gpxdata:distance>
     <gpxdata:speed>4.072</gpxdata:speed>
    </extensions>
   </trkpt>
   <trkpt lat="-21.5473155" lon="-64.7340426">
    <ele>1880</ele>
    <time>2026-03-15T20:44:50Z</time>
    <extensions>
     <gpxdata:hr>106</gpxdata:hr>
     <gpxdata:distance>1485.50</gpxdata:distance>
     <gpxdata:speed>4.122</gpxdata:speed>
    </extensions>
   </trkpt>
   <trkpt lat="-21.5472821" lon="-64.7340561">
    <ele>1881</ele>
    <time>2026-03-15T20:44:51Z</time>
    <extensions>
     <gpxdata:hr>106</gpxdata:hr>
     <gpxdata:distance>1489.00</gpxdata:distance>
     <gpxdata:speed>3.975</gpxdata:speed>
    </extensions>
   </trkpt>
   <trkpt lat="-21.5472492" lon="-64.7340702">
    <ele>1881</ele>
    <time>2026-03-15T20:44:52Z</time>
    <extensions>
     <gpxdata:hr>106</gpxdata:hr>
     <gpxdata:distance>1493.50</gpxdata:distance>
     <gpxdata:speed>3.953</gpxdata:speed>
    </extensions>
   </trkpt>
   <trkpt lat="-21.5472156" lon="-64.7340849">
    <ele>1881</ele>
    <time>2026-03-15T20:44:53Z</time>
    <extensions>
     <gpxdata:hr>106</gpxdata:hr>
     <gpxdata:distance>1498.00</gpxdata:distance>
     <gpxdata:speed>4.033</gpxdata:speed>
    </extensions>
   </trkpt>
   <trkpt lat="-21.5471819" lon="-64.7340998">
    <ele>1881</ele>
    <time>2026-03-15T20:44:54Z</time>
    <extensions>
     <gpxdata:hr>107</gpxdata:hr>
     <gpxdata:distance>1502.00</gpxdata:distance>
     <gpxdata:speed>4.050</gpxdata:speed>
    </extensions>
   </trkpt>
   <trkpt lat="-21.5471484" lon="-64.7341148">
    <ele>1881</ele>
    <time>2026-03-15T20:44:55Z</time>
    <extensions>
     <gpxdata:hr>107</gpxdata:hr>
     <gpxdata:distance>1506.00</gpxdata:distance>
     <gpxdata:speed>4.044</gpxdata:speed>
    </extensions>
   </trkpt>
   <trkpt lat="-21.5471143" lon="-64.7341298">
    <ele>1881</ele>
    <time>2026-03-15T20:44:56Z</time>
    <extensions>
     <gpxdata:hr>108</gpxdata:hr>
     <gpxdata:distance>1510.00</gpxdata:distance>
     <gpxdata:speed>4.094</gpxdata:speed>
    </extensions>
   </trkpt>
   <trkpt lat="-21.5470804" lon="-64.7341449">
    <ele>1881</ele>
    <time>2026-03-15T20:44:57Z</time>
    <extensions>
     <gpxdata:hr>108</gpxdata:hr>
     <gpxdata:distance>1514.00</gpxdata:distance>
     <gpxdata:speed>4.081</gpxdata:speed>
    </extensions>
   </trkpt>
   <trkpt lat="-21.5470461" lon="-64.7341592">
    <ele>1881</ele>
    <time>2026-03-15T20:44:58Z</time>
    <extensions>
     <gpxdata:hr>108</gpxdata:hr>
     <gpxdata:distance>1517.50</gpxdata:distance>
     <gpxdata:speed>4.094</gpxdata:speed>
    </extensions>
   </trkpt>
   <trkpt lat="-21.5470146" lon="-64.7341725">
    <ele>1881</ele>
    <time>2026-03-15T20:44:59Z</time>
    <extensions>
     <gpxdata:hr>107</gpxdata:hr>
     <gpxdata:distance>1521.00</gpxdata:distance>
     <gpxdata:speed>3.783</gpxdata:speed>
    </extensions>
   </trkpt>
   <trkpt lat="-21.5469806" lon="-64.7341879">
    <ele>1881</ele>
    <time>2026-03-15T20:45:00Z</time>
    <extensions>
     <gpxdata:hr>106</gpxdata:hr>
     <gpxdata:distance>1525.50</gpxdata:distance>
     <gpxdata:speed>4.103</gpxdata:speed>
    </extensions>
   </trkpt>
   <trkpt lat="-21.5469474" lon="-64.7342050">
    <ele>1881</ele>
    <time>2026-03-15T20:45:01Z</time>
    <extensions>
     <gpxdata:hr>106</gpxdata:hr>
     <gpxdata:distance>1530.00</gpxdata:distance>
     <gpxdata:speed>4.083</gpxdata:speed>
    </extensions>
   </trkpt>
   <trkpt lat="-21.5469151" lon="-64.7342242">
    <ele>1881</ele>
    <time>2026-03-15T20:45:02Z</time>
    <extensions>
     <gpxdata:hr>106</gpxdata:hr>
     <gpxdata:distance>1534.00</gpxdata:distance>
     <gpxdata:speed>4.108</gpxdata:speed>
    </extensions>
   </trkpt>
   <trkpt lat="-21.5468844" lon="-64.7342461">
    <ele>1881</ele>
    <time>2026-03-15T20:45:03Z</time>
    <extensions>
     <gpxdata:hr>106</gpxdata:hr>
     <gpxdata:distance>1538.00</gpxdata:distance>
     <gpxdata:speed>4.094</gpxdata:speed>
    </extensions>
   </trkpt>
   <trkpt lat="-21.5468551" lon="-64.7342699">
    <ele>1881</ele>
    <time>2026-03-15T20:45:04Z</time>
    <extensions>
     <gpxdata:hr>108</gpxdata:hr>
     <gpxdata:distance>1542.50</gpxdata:distance>
     <gpxdata:speed>4.083</gpxdata:speed>
    </extensions>
   </trkpt>
   <trkpt lat="-21.5468258" lon="-64.7342952">
    <ele>1881</ele>
    <time>2026-03-15T20:45:05Z</time>
    <extensions>
     <gpxdata:hr>108</gpxdata:hr>
     <gpxdata:distance>1547.00</gpxdata:distance>
     <gpxdata:speed>4.172</gpxdata:speed>
    </extensions>
   </trkpt>
   <trkpt lat="-21.5467963" lon="-64.7343220">
    <ele>1881</ele>
    <time>2026-03-15T20:45:06Z</time>
    <extensions>
     <gpxdata:hr>109</gpxdata:hr>
     <gpxdata:distance>1551.50</gpxdata:distance>
     <gpxdata:speed>4.289</gpxdata:speed>
    </extensions>
   </trkpt>
   <trkpt lat="-21.5467652" lon="-64.7343504">
    <ele>1881</ele>
    <time>2026-03-15T20:45:07Z</time>
    <extensions>
     <gpxdata:hr>110</gpxdata:hr>
     <gpxdata:distance>1556.00</gpxdata:distance>
     <gpxdata:speed>4.514</gpxdata:speed>
    </extensions>
   </trkpt>
   <trkpt lat="-21.5467330" lon="-64.7343810">
    <ele>1881</ele>
    <time>2026-03-15T20:45:08Z</time>
    <extensions>
     <gpxdata:hr>110</gpxdata:hr>
     <gpxdata:distance>1561.50</gpxdata:distance>
     <gpxdata:speed>4.761</gpxdata:speed>
    </extensions>
   </trkpt>
   <trkpt lat="-21.5466994" lon="-64.7344151">
    <ele>1881</ele>
    <time>2026-03-15T20:45:09Z</time>
    <extensions>
     <gpxdata:hr>111</gpxdata:hr>
     <gpxdata:distance>1567.00</gpxdata:distance>
     <gpxdata:speed>5.106</gpxdata:speed>
    </extensions>
   </trkpt>
   <trkpt lat="-21.5466656" lon="-64.7344529">
    <ele>1881</ele>
    <time>2026-03-15T20:45:10Z</time>
    <extensions>
     <gpxdata:hr>111</gpxdata:hr>
     <gpxdata:distance>1572.50</gpxdata:distance>
     <gpxdata:speed>5.389</gpxdata:speed>
    </extensions>
   </trkpt>
   <trkpt lat="-21.5466319" lon="-64.7344918">
    <ele>1881</ele>
    <time>2026-03-15T20:45:11Z</time>
    <extensions>
     <gpxdata:hr>111</gpxdata:hr>
     <gpxdata:distance>1578.00</gpxdata:distance>
     <gpxdata:speed>5.481</gpxdata:speed>
    </extensions>
   </trkpt>
   <trkpt lat="-21.5465996" lon="-64.7345289">
    <ele>1881</ele>
    <time>2026-03-15T20:45:12Z</time>
    <extensions>
     <gpxdata:hr>112</gpxdata:hr>
     <gpxdata:distance>1582.50</gpxdata:distance>
     <gpxdata:speed>5.261</gpxdata:speed>
    </extensions>
   </trkpt>
   <trkpt lat="-21.5465710" lon="-64.7345629">
    <ele>1881</ele>
    <time>2026-03-15T20:45:13Z</time>
    <extensions>
     <gpxdata:hr>110</gpxdata:hr>
     <gpxdata:distance>1587.00</gpxdata:distance>
     <gpxdata:speed>4.778</gpxdata:speed>
    </extensions>
   </trkpt>
   <trkpt lat="-21.5465472" lon="-64.7345947">
    <ele>1881</ele>
    <time>2026-03-15T20:45:14Z</time>
    <extensions>
     <gpxdata:hr>110</gpxdata:hr>
     <gpxdata:distance>1590.00</gpxdata:distance>
     <gpxdata:speed>4.272</gpxdata:speed>
    </extensions>
   </trkpt>
   <trkpt lat="-21.5465278" lon="-64.7346234">
    <ele>1881</ele>
    <time>2026-03-15T20:45:15Z</time>
    <extensions>
     <gpxdata:hr>109</gpxdata:hr>
     <gpxdata:distance>1593.00</gpxdata:distance>
     <gpxdata:speed>3.725</gpxdata:speed>
    </extensions>
   </trkpt>
   <trkpt lat="-21.5465131" lon="-64.7346492">
    <ele>1881</ele>
    <time>2026-03-15T20:45:16Z</time>
    <extensions>
     <gpxdata:hr>107</gpxdata:hr>
     <gpxdata:distance>1596.00</gpxdata:distance>
     <gpxdata:speed>3.203</gpxdata:speed>
    </extensions>
   </trkpt>
   <trkpt lat="-21.5465000" lon="-64.7346729">
    <ele>1881</ele>
    <time>2026-03-15T20:45:17Z</time>
    <extensions>
     <gpxdata:hr>107</gpxdata:hr>
     <gpxdata:distance>1599.00</gpxdata:distance>
     <gpxdata:speed>2.897</gpxdata:speed>
    </extensions>
   </trkpt>
   <trkpt lat="-21.5464934" lon="-64.7346856">
    <ele>1881</ele>
    <time>2026-03-15T20:45:18Z</time>
    <extensions>
     <gpxdata:hr>107</gpxdata:hr>
     <gpxdata:distance>1601.50</gpxdata:distance>
     <gpxdata:speed>2.681</gpxdata:speed>
    </extensions>
   </trkpt>
   <trkpt lat="-21.5464846" lon="-64.7347030">
    <ele>1881</ele>
    <time>2026-03-15T20:45:19Z</time>
    <extensions>
     <gpxdata:hr>107</gpxdata:hr>
     <gpxdata:distance>1604.00</gpxdata:distance>
     <gpxdata:speed>2.592</gpxdata:speed>
    </extensions>
   </trkpt>
   <trkpt lat="-21.5464739" lon="-64.7347222">
    <ele>1882</ele>
    <time>2026-03-15T20:45:20Z</time>
    <extensions>
     <gpxdata:hr>108</gpxdata:hr>
     <gpxdata:distance>1606.00</gpxdata:distance>
     <gpxdata:speed>2.553</gpxdata:speed>
    </extensions>
   </trkpt>
   <trkpt lat="-21.5464634" lon="-64.7347417">
    <ele>1882</ele>
    <time>2026-03-15T20:45:21Z</time>
    <extensions>
     <gpxdata:hr>112</gpxdata:hr>
     <gpxdata:distance>1608.00</gpxdata:distance>
     <gpxdata:speed>2.386</gpxdata:speed>
    </extensions>
   </trkpt>
   <trkpt lat="-21.5464513" lon="-64.7347622">
    <ele>1882</ele>
    <time>2026-03-15T20:45:22Z</time>
    <extensions>
     <gpxdata:hr>114</gpxdata:hr>
     <gpxdata:distance>1611.00</gpxdata:distance>
     <gpxdata:speed>2.569</gpxdata:speed>
    </extensions>
   </trkpt>
   <trkpt lat="-21.5464394" lon="-64.7347824">
    <ele>1882</ele>
    <time>2026-03-15T20:45:23Z</time>
    <extensions>
     <gpxdata:hr>113</gpxdata:hr>
     <gpxdata:distance>1614.00</gpxdata:distance>
     <gpxdata:speed>2.483</gpxdata:speed>
    </extensions>
   </trkpt>
   <trkpt lat="-21.5464293" lon="-64.7348002">
    <ele>1882</ele>
    <time>2026-03-15T20:45:24Z</time>
    <extensions>
     <gpxdata:hr>113</gpxdata:hr>
     <gpxdata:distance>1615.00</gpxdata:distance>
     <gpxdata:speed>2.053</gpxdata:speed>
    </extensions>
   </trkpt>
   <trkpt lat="-21.5464217" lon="-64.7348143">
    <ele>1882</ele>
    <time>2026-03-15T20:45:25Z</time>
    <extensions>
     <gpxdata:hr>113</gpxdata:hr>
     <gpxdata:distance>1616.00</gpxdata:distance>
     <gpxdata:speed>1.497</gpxdata:speed>
    </extensions>
   </trkpt>
   <trkpt lat="-21.5464174" lon="-64.7348217">
    <ele>1882</ele>
    <time>2026-03-15T20:45:26Z</time>
    <extensions>
     <gpxdata:hr>112</gpxdata:hr>
     <gpxdata:distance>1616.50</gpxdata:distance>
     <gpxdata:speed>1.003</gpxdata:speed>
    </extensions>
   </trkpt>
   <trkpt lat="-21.5464130" lon="-64.7348282">
    <ele>1882</ele>
    <time>2026-03-15T20:45:27Z</time>
    <extensions>
     <gpxdata:hr>110</gpxdata:hr>
     <gpxdata:distance>1617.00</gpxdata:distance>
     <gpxdata:speed>0.739</gpxdata:speed>
    </extensions>
   </trkpt>
   <trkpt lat="-21.5464083" lon="-64.7348341">
    <ele>1882</ele>
    <time>2026-03-15T20:45:28Z</time>
    <extensions>
     <gpxdata:hr>108</gpxdata:hr>
     <gpxdata:distance>1618.00</gpxdata:distance>
     <gpxdata:speed>0.686</gpxdata:speed>
    </extensions>
   </trkpt>
   <trkpt lat="-21.5464035" lon="-64.7348405">
    <ele>1881</ele>
    <time>2026-03-15T20:45:29Z</time>
    <extensions>
     <gpxdata:hr>106</gpxdata:hr>
     <gpxdata:distance>1619.00</gpxdata:distance>
     <gpxdata:speed>0.789</gpxdata:speed>
    </extensions>
   </trkpt>
   <trkpt lat="-21.5463996" lon="-64.7348485">
    <ele>1881</ele>
    <time>2026-03-15T20:45:30Z</time>
    <extensions>
     <gpxdata:hr>105</gpxdata:hr>
     <gpxdata:distance>1620.00</gpxdata:distance>
     <gpxdata:speed>0.961</gpxdata:speed>
    </extensions>
   </trkpt>
   <trkpt lat="-21.5463977" lon="-64.7348583">
    <ele>1881</ele>
    <time>2026-03-15T20:45:31Z</time>
    <extensions>
     <gpxdata:hr>105</gpxdata:hr>
     <gpxdata:distance>1621.00</gpxdata:distance>
     <gpxdata:speed>1.142</gpxdata:speed>
    </extensions>
   </trkpt>
   <trkpt lat="-21.5463982" lon="-64.7348700">
    <ele>1881</ele>
    <time>2026-03-15T20:45:32Z</time>
    <extensions>
     <gpxdata:hr>105</gpxdata:hr>
     <gpxdata:distance>1622.50</gpxdata:distance>
     <gpxdata:speed>1.442</gpxdata:speed>
    </extensions>
   </trkpt>
   <trkpt lat="-21.5464022" lon="-64.7348827">
    <ele>1881</ele>
    <time>2026-03-15T20:45:33Z</time>
    <extensions>
     <gpxdata:hr>100</gpxdata:hr>
     <gpxdata:distance>1624.00</gpxdata:distance>
     <gpxdata:speed>1.672</gpxdata:speed>
    </extensions>
   </trkpt>
   <trkpt lat="-21.5464103" lon="-64.7348954">
    <ele>1881</ele>
    <time>2026-03-15T20:45:34Z</time>
    <extensions>
     <gpxdata:hr>95</gpxdata:hr>
     <gpxdata:distance>1626.50</gpxdata:distance>
     <gpxdata:speed>1.947</gpxdata:speed>
    </extensions>
   </trkpt>
   <trkpt lat="-21.5464222" lon="-64.7349074">
    <ele>1881</ele>
    <time>2026-03-15T20:45:35Z</time>
    <extensions>
     <gpxdata:hr>96</gpxdata:hr>
     <gpxdata:distance>1629.00</gpxdata:distance>
     <gpxdata:speed>2.194</gpxdata:speed>
    </extensions>
   </trkpt>
   <trkpt lat="-21.5464426" lon="-64.7349233">
    <ele>1881</ele>
    <time>2026-03-15T20:45:36Z</time>
    <extensions>
     <gpxdata:hr>96</gpxdata:hr>
     <gpxdata:distance>1631.50</gpxdata:distance>
     <gpxdata:speed>2.444</gpxdata:speed>
    </extensions>
   </trkpt>
   <trkpt lat="-21.5464625" lon="-64.7349365">
    <ele>1882</ele>
    <time>2026-03-15T20:45:37Z</time>
    <extensions>
     <gpxdata:hr>97</gpxdata:hr>
     <gpxdata:distance>1634.00</gpxdata:distance>
     <gpxdata:speed>2.597</gpxdata:speed>
    </extensions>
   </trkpt>
   <trkpt lat="-21.5464827" lon="-64.7349478">
    <ele>1882</ele>
    <time>2026-03-15T20:45:38Z</time>
    <extensions>
     <gpxdata:hr>98</gpxdata:hr>
     <gpxdata:distance>1637.00</gpxdata:distance>
     <gpxdata:speed>2.619</gpxdata:speed>
    </extensions>
   </trkpt>
   <trkpt lat="-21.5465037" lon="-64.7349583">
    <ele>1882</ele>
    <time>2026-03-15T20:45:39Z</time>
    <extensions>
     <gpxdata:hr>99</gpxdata:hr>
     <gpxdata:distance>1640.00</gpxdata:distance>
     <gpxdata:speed>2.689</gpxdata:speed>
    </extensions>
   </trkpt>
   <trkpt lat="-21.5465256" lon="-64.7349680">
    <ele>1882</ele>
    <time>2026-03-15T20:45:40Z</time>
    <extensions>
     <gpxdata:hr>101</gpxdata:hr>
     <gpxdata:distance>1642.50</gpxdata:distance>
     <gpxdata:speed>2.719</gpxdata:speed>
    </extensions>
   </trkpt>
   <trkpt lat="-21.5465480" lon="-64.7349781">
    <ele>1882</ele>
    <time>2026-03-15T20:45:41Z</time>
    <extensions>
     <gpxdata:hr>102</gpxdata:hr>
     <gpxdata:distance>1645.00</gpxdata:distance>
     <gpxdata:speed>2.775</gpxdata:speed>
    </extensions>
   </trkpt>
   <trkpt lat="-21.5465703" lon="-64.7349874">
    <ele>1882</ele>
    <time>2026-03-15T20:45:42Z</time>
    <extensions>
     <gpxdata:hr>102</gpxdata:hr>
     <gpxdata:distance>1648.00</gpxdata:distance>
     <gpxdata:speed>2.692</gpxdata:speed>
    </extensions>
   </trkpt>
   <trkpt lat="-21.5465937" lon="-64.7349962">
    <ele>1882</ele>
    <time>2026-03-15T20:45:43Z</time>
    <extensions>
     <gpxdata:hr>104</gpxdata:hr>
     <gpxdata:distance>1651.00</gpxdata:distance>
     <gpxdata:speed>2.814</gpxdata:speed>
    </extensions>
   </trkpt>
   <trkpt lat="-21.5466197" lon="-64.7350052">
    <ele>1882</ele>
    <time>2026-03-15T20:45:44Z</time>
    <extensions>
     <gpxdata:hr>110</gpxdata:hr>
     <gpxdata:distance>1654.50</gpxdata:distance>
     <gpxdata:speed>3.144</gpxdata:speed>
    </extensions>
   </trkpt>
   <trkpt lat="-21.5466632" lon="-64.7350211">
    <ele>1882</ele>
    <time>2026-03-15T20:45:45Z</time>
    <extensions>
     <gpxdata:hr>111</gpxdata:hr>
     <gpxdata:distance>1658.00</gpxdata:distance>
     <gpxdata:speed>3.244</gpxdata:speed>
    </extensions>
   </trkpt>
   <trkpt lat="-21.5466930" lon="-64.7350325">
    <ele>1882</ele>
    <time>2026-03-15T20:45:46Z</time>
    <extensions>
     <gpxdata:hr>110</gpxdata:hr>
     <gpxdata:distance>1661.00</gpxdata:distance>
     <gpxdata:speed>3.172</gpxdata:speed>
    </extensions>
   </trkpt>
   <trkpt lat="-21.5467201" lon="-64.7350423">
    <ele>1882</ele>
    <time>2026-03-15T20:45:47Z</time>
    <extensions>
     <gpxdata:hr>112</gpxdata:hr>
     <gpxdata:distance>1664.00</gpxdata:distance>
     <gpxdata:speed>3.125</gpxdata:speed>
    </extensions>
   </trkpt>
   <trkpt lat="-21.5467468" lon="-64.7350526">
    <ele>1882</ele>
    <time>2026-03-15T20:45:48Z</time>
    <extensions>
     <gpxdata:hr>111</gpxdata:hr>
     <gpxdata:distance>1667.00</gpxdata:distance>
     <gpxdata:speed>3.136</gpxdata:speed>
    </extensions>
   </trkpt>
   <trkpt lat="-21.5467721" lon="-64.7350648">
    <ele>1882</ele>
    <time>2026-03-15T20:45:49Z</time>
    <extensions>
     <gpxdata:hr>111</gpxdata:hr>
     <gpxdata:distance>1670.00</gpxdata:distance>
     <gpxdata:speed>3.092</gpxdata:speed>
    </extensions>
   </trkpt>
   <trkpt lat="-21.5467964" lon="-64.7350797">
    <ele>1882</ele>
    <time>2026-03-15T20:45:50Z</time>
    <extensions>
     <gpxdata:hr>110</gpxdata:hr>
     <gpxdata:distance>1673.00</gpxdata:distance>
     <gpxdata:speed>3.114</gpxdata:speed>
    </extensions>
   </trkpt>
   <trkpt lat="-21.5468188" lon="-64.7350973">
    <ele>1882</ele>
    <time>2026-03-15T20:45:51Z</time>
    <extensions>
     <gpxdata:hr>107</gpxdata:hr>
     <gpxdata:distance>1676.00</gpxdata:distance>
     <gpxdata:speed>3.083</gpxdata:speed>
    </extensions>
   </trkpt>
   <trkpt lat="-21.5468386" lon="-64.7351170">
    <ele>1882</ele>
    <time>2026-03-15T20:45:52Z</time>
    <extensions>
     <gpxdata:hr>107</gpxdata:hr>
     <gpxdata:distance>1679.00</gpxdata:distance>
     <gpxdata:speed>3.003</gpxdata:speed>
    </extensions>
   </trkpt>
   <trkpt lat="-21.5468553" lon="-64.7351380">
    <ele>1882</ele>
    <time>2026-03-15T20:45:53Z</time>
    <extensions>
     <gpxdata:hr>107</gpxdata:hr>
     <gpxdata:distance>1682.00</gpxdata:distance>
     <gpxdata:speed>2.867</gpxdata:speed>
    </extensions>
   </trkpt>
   <trkpt lat="-21.5468626" lon="-64.7351506">
    <ele>1882</ele>
    <time>2026-03-15T20:45:54Z</time>
    <extensions>
     <gpxdata:hr>107</gpxdata:hr>
     <gpxdata:distance>1684.00</gpxdata:distance>
     <gpxdata:speed>2.708</gpxdata:speed>
    </extensions>
   </trkpt>
   <trkpt lat="-21.5468690" lon="-64.7351688">
    <ele>1882</ele>
    <time>2026-03-15T20:45:55Z</time>
    <extensions>
     <gpxdata:hr>108</gpxdata:hr>
     <gpxdata:distance>1686.00</gpxdata:distance>
     <gpxdata:speed>2.506</gpxdata:speed>
    </extensions>
   </trkpt>
   <trkpt lat="-21.5468732" lon="-64.7351902">
    <ele>1882</ele>
    <time>2026-03-15T20:45:56Z</time>
    <extensions>
     <gpxdata:hr>108</gpxdata:hr>
     <gpxdata:distance>1689.00</gpxdata:distance>
     <gpxdata:speed>2.492</gpxdata:speed>
    </extensions>
   </trkpt>
   <trkpt lat="-21.5468733" lon="-64.7352135">
    <ele>1882</ele>
    <time>2026-03-15T20:45:57Z</time>
    <extensions>
     <gpxdata:hr>108</gpxdata:hr>
     <gpxdata:distance>1692.00</gpxdata:distance>
     <gpxdata:speed>2.536</gpxdata:speed>
    </extensions>
   </trkpt>
   <trkpt lat="-21.5468683" lon="-64.7352354">
    <ele>1882</ele>
    <time>2026-03-15T20:45:58Z</time>
    <extensions>
     <gpxdata:hr>108</gpxdata:hr>
     <gpxdata:distance>1694.00</gpxdata:distance>
     <gpxdata:speed>2.417</gpxdata:speed>
    </extensions>
   </trkpt>
   <trkpt lat="-21.5468596" lon="-64.7352550">
    <ele>1882</ele>
    <time>2026-03-15T20:45:59Z</time>
    <extensions>
     <gpxdata:hr>105</gpxdata:hr>
     <gpxdata:distance>1696.00</gpxdata:distance>
     <gpxdata:speed>2.306</gpxdata:speed>
    </extensions>
   </trkpt>
   <trkpt lat="-21.5468484" lon="-64.7352706">
    <ele>1882</ele>
    <time>2026-03-15T20:46:00Z</time>
    <extensions>
     <gpxdata:hr>101</gpxdata:hr>
     <gpxdata:distance>1697.50</gpxdata:distance>
     <gpxdata:speed>2.058</gpxdata:speed>
    </extensions>
   </trkpt>
   <trkpt lat="-21.5468350" lon="-64.7352822">
    <ele>1882</ele>
    <time>2026-03-15T20:46:01Z</time>
    <extensions>
     <gpxdata:hr>100</gpxdata:hr>
     <gpxdata:distance>1699.00</gpxdata:distance>
     <gpxdata:speed>1.942</gpxdata:speed>
    </extensions>
   </trkpt>
   <trkpt lat="-21.5468251" lon="-64.7352879">
    <ele>1882</ele>
    <time>2026-03-15T20:46:02Z</time>
    <extensions>
     <gpxdata:hr>100</gpxdata:hr>
     <gpxdata:distance>1700.50</gpxdata:distance>
     <gpxdata:speed>1.756</gpxdata:speed>
    </extensions>
   </trkpt>
   <trkpt lat="-21.5468137" lon="-64.7352919">
    <ele>1882</ele>
    <time>2026-03-15T20:46:03Z</time>
    <extensions>
     <gpxdata:hr>101</gpxdata:hr>
     <gpxdata:distance>1702.00</gpxdata:distance>
     <gpxdata:speed>1.542</gpxdata:speed>
    </extensions>
   </trkpt>
   <trkpt lat="-21.5468022" lon="-64.7352927">
    <ele>1882</ele>
    <time>2026-03-15T20:46:04Z</time>
    <extensions>
     <gpxdata:hr>102</gpxdata:hr>
     <gpxdata:distance>1703.00</gpxdata:distance>
     <gpxdata:speed>1.369</gpxdata:speed>
    </extensions>
   </trkpt>
   <trkpt lat="-21.5467907" lon="-64.7352903">
    <ele>1882</ele>
    <time>2026-03-15T20:46:05Z</time>
    <extensions>
     <gpxdata:hr>102</gpxdata:hr>
     <gpxdata:distance>1704.00</gpxdata:distance>
     <gpxdata:speed>1.439</gpxdata:speed>
    </extensions>
   </trkpt>
   <trkpt lat="-21.5467803" lon="-64.7352856">
    <ele>1882</ele>
    <time>2026-03-15T20:46:06Z</time>
    <extensions>
     <gpxdata:hr>101</gpxdata:hr>
     <gpxdata:distance>1705.00</gpxdata:distance>
     <gpxdata:speed>1.356</gpxdata:speed>
    </extensions>
   </trkpt>
   <trkpt lat="-21.5468226" lon="-64.7353053">
    <ele>1882</ele>
    <time>2026-03-15T20:52:44Z</time>
    <extensions>
     <gpxdata:hr>91</gpxdata:hr>
     <gpxdata:distance>1725.00</gpxdata:distance>
     <gpxdata:speed>1.475</gpxdata:speed>
    </extensions>
   </trkpt>
   <trkpt lat="-21.5468347" lon="-64.7352974">
    <ele>1882</ele>
    <time>2026-03-15T20:52:45Z</time>
    <extensions>
     <gpxdata:hr>90</gpxdata:hr>
     <gpxdata:distance>1727.00</gpxdata:distance>
     <gpxdata:speed>1.861</gpxdata:speed>
    </extensions>
   </trkpt>
   <trkpt lat="-21.5468471" lon="-64.7352868">
    <ele>1882</ele>
    <time>2026-03-15T20:52:46Z</time>
    <extensions>
     <gpxdata:hr>91</gpxdata:hr>
     <gpxdata:distance>1729.00</gpxdata:distance>
     <gpxdata:speed>2.053</gpxdata:speed>
    </extensions>
   </trkpt>
   <trkpt lat="-21.5468633" lon="-64.7352672">
    <ele>1882</ele>
    <time>2026-03-15T20:52:47Z</time>
    <extensions>
     <gpxdata:hr>91</gpxdata:hr>
     <gpxdata:distance>1731.00</gpxdata:distance>
     <gpxdata:speed>2.339</gpxdata:speed>
    </extensions>
   </trkpt>
   <trkpt lat="-21.5468742" lon="-64.7352484">
    <ele>1881</ele>
    <time>2026-03-15T20:52:48Z</time>
    <extensions>
     <gpxdata:hr>91</gpxdata:hr>
     <gpxdata:distance>1733.50</gpxdata:distance>
     <gpxdata:speed>2.244</gpxdata:speed>
    </extensions>
   </trkpt>
   <trkpt lat="-21.5468823" lon="-64.7352287">
    <ele>1881</ele>
    <time>2026-03-15T20:52:49Z</time>
    <extensions>
     <gpxdata:hr>91</gpxdata:hr>
     <gpxdata:distance>1736.00</gpxdata:distance>
     <gpxdata:speed>2.311</gpxdata:speed>
    </extensions>
   </trkpt>
   <trkpt lat="-21.5468889" lon="-64.7352082">
    <ele>1881</ele>
    <time>2026-03-15T20:52:50Z</time>
    <extensions>
     <gpxdata:hr>91</gpxdata:hr>
     <gpxdata:distance>1738.00</gpxdata:distance>
     <gpxdata:speed>2.331</gpxdata:speed>
    </extensions>
   </trkpt>
   <trkpt lat="-21.5468957" lon="-64.7351886">
    <ele>1881</ele>
    <time>2026-03-15T20:52:51Z</time>
    <extensions>
     <gpxdata:hr>91</gpxdata:hr>
     <gpxdata:distance>1740.00</gpxdata:distance>
     <gpxdata:speed>2.192</gpxdata:speed>
    </extensions>
   </trkpt>
   <trkpt lat="-21.5469029" lon="-64.7351706">
    <ele>1881</ele>
    <time>2026-03-15T20:52:52Z</time>
    <extensions>
     <gpxdata:hr>91</gpxdata:hr>
     <gpxdata:distance>1742.00</gpxdata:distance>
     <gpxdata:speed>2.014</gpxdata:speed>
    </extensions>
   </trkpt>
   <trkpt lat="-21.5469125" lon="-64.7351543">
    <ele>1881</ele>
    <time>2026-03-15T20:52:53Z</time>
    <extensions>
     <gpxdata:hr>91</gpxdata:hr>
     <gpxdata:distance>1744.00</gpxdata:distance>
     <gpxdata:speed>1.981</gpxdata:speed>
    </extensions>
   </trkpt>
   <trkpt lat="-21.5469208" lon="-64.7351447">
    <ele>1881</ele>
    <time>2026-03-15T20:52:54Z</time>
    <extensions>
     <gpxdata:hr>93</gpxdata:hr>
     <gpxdata:distance>1745.50</gpxdata:distance>
     <gpxdata:speed>1.875</gpxdata:speed>
    </extensions>
   </trkpt>
   <trkpt lat="-21.5469325" lon="-64.7351351">
    <ele>1881</ele>
    <time>2026-03-15T20:52:55Z</time>
    <extensions>
     <gpxdata:hr>94</gpxdata:hr>
     <gpxdata:distance>1747.00</gpxdata:distance>
     <gpxdata:speed>1.972</gpxdata:speed>
    </extensions>
   </trkpt>
   <trkpt lat="-21.5469453" lon="-64.7351275">
    <ele>1881</ele>
    <time>2026-03-15T20:52:56Z</time>
    <extensions>
     <gpxdata:hr>95</gpxdata:hr>
     <gpxdata:distance>1748.50</gpxdata:distance>
     <gpxdata:speed>1.733</gpxdata:speed>
    </extensions>
   </trkpt>
   <trkpt lat="-21.5469588" lon="-64.7351215">
    <ele>1881</ele>
    <time>2026-03-15T20:52:57Z</time>
    <extensions>
     <gpxdata:hr>95</gpxdata:hr>
     <gpxdata:distance>1750.00</gpxdata:distance>
     <gpxdata:speed>1.675</gpxdata:speed>
    </extensions>
   </trkpt>
   <trkpt lat="-21.5469725" lon="-64.7351165">
    <ele>1881</ele>
    <time>2026-03-15T20:52:58Z</time>
    <extensions>
     <gpxdata:hr>95</gpxdata:hr>
     <gpxdata:distance>1752.00</gpxdata:distance>
     <gpxdata:speed>1.608</gpxdata:speed>
    </extensions>
   </trkpt>
   <trkpt lat="-21.5469868" lon="-64.7351124">
    <ele>1881</ele>
    <time>2026-03-15T20:52:59Z</time>
    <extensions>
     <gpxdata:hr>95</gpxdata:hr>
     <gpxdata:distance>1754.00</gpxdata:distance>
     <gpxdata:speed>1.681</gpxdata:speed>
    </extensions>
   </trkpt>
   <trkpt lat="-21.5470019" lon="-64.7351091">
    <ele>1881</ele>
    <time>2026-03-15T20:53:00Z</time>
    <extensions>
     <gpxdata:hr>95</gpxdata:hr>
     <gpxdata:distance>1756.00</gpxdata:distance>
     <gpxdata:speed>1.761</gpxdata:speed>
    </extensions>
   </trkpt>
   <trkpt lat="-21.5470182" lon="-64.7351056">
    <ele>1881</ele>
    <time>2026-03-15T20:53:01Z</time>
    <extensions>
     <gpxdata:hr>95</gpxdata:hr>
     <gpxdata:distance>1758.00</gpxdata:distance>
     <gpxdata:speed>1.961</gpxdata:speed>
    </extensions>
   </trkpt>
   <trkpt lat="-21.5470346" lon="-64.7351024">
    <ele>1881</ele>
    <time>2026-03-15T20:53:02Z</time>
    <extensions>
     <gpxdata:hr>95</gpxdata:hr>
     <gpxdata:distance>1759.50</gpxdata:distance>
     <gpxdata:speed>1.911</gpxdata:speed>
    </extensions>
   </trkpt>
   <trkpt lat="-21.5470514" lon="-64.7350996">
    <ele>1881</ele>
    <time>2026-03-15T20:53:03Z</time>
    <extensions>
     <gpxdata:hr>95</gpxdata:hr>
     <gpxdata:distance>1761.00</gpxdata:distance>
     <gpxdata:speed>1.947</gpxdata:speed>
    </extensions>
   </trkpt>
   <trkpt lat="-21.5470683" lon="-64.7350971">
    <ele>1881</ele>
    <time>2026-03-15T20:53:04Z</time>
    <extensions>
     <gpxdata:hr>95</gpxdata:hr>
     <gpxdata:distance>1763.00</gpxdata:distance>
     <gpxdata:speed>1.925</gpxdata:speed>
    </extensions>
   </trkpt>
   <trkpt lat="-21.5470847" lon="-64.7350953">
    <ele>1881</ele>
    <time>2026-03-15T20:53:05Z</time>
    <extensions>
     <gpxdata:hr>95</gpxdata:hr>
     <gpxdata:distance>1765.00</gpxdata:distance>
     <gpxdata:speed>1.825</gpxdata:speed>
    </extensions>
   </trkpt>
   <trkpt lat="-21.5471015" lon="-64.7350937">
    <ele>1881</ele>
    <time>2026-03-15T20:53:06Z</time>
    <extensions>
     <gpxdata:hr>95</gpxdata:hr>
     <gpxdata:distance>1767.00</gpxdata:distance>
     <gpxdata:speed>1.883</gpxdata:speed>
    </extensions>
   </trkpt>
   <trkpt lat="-21.5471179" lon="-64.7350906">
    <ele>1881</ele>
    <time>2026-03-15T20:53:07Z</time>
    <extensions>
     <gpxdata:hr>95</gpxdata:hr>
     <gpxdata:distance>1769.00</gpxdata:distance>
     <gpxdata:speed>1.858</gpxdata:speed>
    </extensions>
   </trkpt>
   <trkpt lat="-21.5471343" lon="-64.7350871">
    <ele>1882</ele>
    <time>2026-03-15T20:53:08Z</time>
    <extensions>
     <gpxdata:hr>95</gpxdata:hr>
     <gpxdata:distance>1770.50</gpxdata:distance>
     <gpxdata:speed>1.864</gpxdata:speed>
    </extensions>
   </trkpt>
   <trkpt lat="-21.5471508" lon="-64.7350838">
    <ele>1882</ele>
    <time>2026-03-15T20:53:09Z</time>
    <extensions>
     <gpxdata:hr>95</gpxdata:hr>
     <gpxdata:distance>1772.00</gpxdata:distance>
     <gpxdata:speed>1.861</gpxdata:speed>
    </extensions>
   </trkpt>
   <trkpt lat="-21.5471680" lon="-64.7350810">
    <ele>1882</ele>
    <time>2026-03-15T20:53:10Z</time>
    <extensions>
     <gpxdata:hr>95</gpxdata:hr>
     <gpxdata:distance>1774.50</gpxdata:distance>
     <gpxdata:speed>1.989</gpxdata:speed>
    </extensions>
   </trkpt>
   <trkpt lat="-21.5471854" lon="-64.7350778">
    <ele>1882</ele>
    <time>2026-03-15T20:53:11Z</time>
    <extensions>
     <gpxdata:hr>95</gpxdata:hr>
     <gpxdata:distance>1777.00</gpxdata:distance>
     <gpxdata:speed>1.994</gpxdata:speed>
    </extensions>
   </trkpt>
   <trkpt lat="-21.5472023" lon="-64.7350745">
    <ele>1882</ele>
    <time>2026-03-15T20:53:12Z</time>
    <extensions>
     <gpxdata:hr>97</gpxdata:hr>
     <gpxdata:distance>1778.50</gpxdata:distance>
     <gpxdata:speed>1.894</gpxdata:speed>
    </extensions>
   </trkpt>
   <trkpt lat="-21.5472189" lon="-64.7350716">
    <ele>1882</ele>
    <time>2026-03-15T20:53:13Z</time>
    <extensions>
     <gpxdata:hr>97</gpxdata:hr>
     <gpxdata:distance>1780.00</gpxdata:distance>
     <gpxdata:speed>1.853</gpxdata:speed>
    </extensions>
   </trkpt>
   <trkpt lat="-21.5472351" lon="-64.7350693">
    <ele>1882</ele>
    <time>2026-03-15T20:53:14Z</time>
    <extensions>
     <gpxdata:hr>99</gpxdata:hr>
     <gpxdata:distance>1781.50</gpxdata:distance>
     <gpxdata:speed>1.772</gpxdata:speed>
    </extensions>
   </trkpt>
   <trkpt lat="-21.5472506" lon="-64.7350678">
    <ele>1882</ele>
    <time>2026-03-15T20:53:15Z</time>
    <extensions>
     <gpxdata:hr>99</gpxdata:hr>
     <gpxdata:distance>1783.00</gpxdata:distance>
     <gpxdata:speed>1.653</gpxdata:speed>
    </extensions>
   </trkpt>
   <trkpt lat="-21.5472658" lon="-64.7350665">
    <ele>1882</ele>
    <time>2026-03-15T20:53:16Z</time>
    <extensions>
     <gpxdata:hr>100</gpxdata:hr>
     <gpxdata:distance>1784.50</gpxdata:distance>
     <gpxdata:speed>1.633</gpxdata:speed>
    </extensions>
   </trkpt>
   <trkpt lat="-21.5472805" lon="-64.7350651">
    <ele>1882</ele>
    <time>2026-03-15T20:53:17Z</time>
    <extensions>
     <gpxdata:hr>101</gpxdata:hr>
     <gpxdata:distance>1786.00</gpxdata:distance>
     <gpxdata:speed>1.575</gpxdata:speed>
    </extensions>
   </trkpt>
   <trkpt lat="-21.5472947" lon="-64.7350632">
    <ele>1882</ele>
    <time>2026-03-15T20:53:18Z</time>
    <extensions>
     <gpxdata:hr>101</gpxdata:hr>
     <gpxdata:distance>1788.00</gpxdata:distance>
     <gpxdata:speed>1.539</gpxdata:speed>
    </extensions>
   </trkpt>
   <trkpt lat="-21.5473090" lon="-64.7350609">
    <ele>1882</ele>
    <time>2026-03-15T20:53:19Z</time>
    <extensions>
     <gpxdata:hr>102</gpxdata:hr>
     <gpxdata:distance>1790.00</gpxdata:distance>
     <gpxdata:speed>1.589</gpxdata:speed>
    </extensions>
   </trkpt>
   <trkpt lat="-21.5473235" lon="-64.7350582">
    <ele>1882</ele>
    <time>2026-03-15T20:53:20Z</time>
    <extensions>
     <gpxdata:hr>102</gpxdata:hr>
     <gpxdata:distance>1791.50</gpxdata:distance>
     <gpxdata:speed>1.642</gpxdata:speed>
    </extensions>
   </trkpt>
   <trkpt lat="-21.5473374" lon="-64.7350560">
    <ele>1883</ele>
    <time>2026-03-15T20:53:21Z</time>
    <extensions>
     <gpxdata:hr>102</gpxdata:hr>
     <gpxdata:distance>1793.00</gpxdata:distance>
     <gpxdata:speed>1.528</gpxdata:speed>
    </extensions>
   </trkpt>
   <trkpt lat="-21.5473511" lon="-64.7350541">
    <ele>1883</ele>
    <time>2026-03-15T20:53:22Z</time>
    <extensions>
     <gpxdata:hr>103</gpxdata:hr>
     <gpxdata:distance>1794.50</gpxdata:distance>
     <gpxdata:speed>1.486</gpxdata:speed>
    </extensions>
   </trkpt>
   <trkpt lat="-21.5473646" lon="-64.7350527">
    <ele>1883</ele>
    <time>2026-03-15T20:53:23Z</time>
    <extensions>
     <gpxdata:hr>103</gpxdata:hr>
     <gpxdata:distance>1796.00</gpxdata:distance>
     <gpxdata:speed>1.475</gpxdata:speed>
    </extensions>
   </trkpt>
   <trkpt lat="-21.5473776" lon="-64.7350514">
    <ele>1883</ele>
    <time>2026-03-15T20:53:24Z</time>
    <extensions>
     <gpxdata:hr>103</gpxdata:hr>
     <gpxdata:distance>1797.00</gpxdata:distance>
     <gpxdata:speed>1.411</gpxdata:speed>
    </extensions>
   </trkpt>
   <trkpt lat="-21.5473907" lon="-64.7350496">
    <ele>1883</ele>
    <time>2026-03-15T20:53:25Z</time>
    <extensions>
     <gpxdata:hr>103</gpxdata:hr>
     <gpxdata:distance>1798.00</gpxdata:distance>
     <gpxdata:speed>1.433</gpxdata:speed>
    </extensions>
   </trkpt>
   <trkpt lat="-21.5474037" lon="-64.7350470">
    <ele>1883</ele>
    <time>2026-03-15T20:53:26Z</time>
    <extensions>
     <gpxdata:hr>103</gpxdata:hr>
     <gpxdata:distance>1800.00</gpxdata:distance>
     <gpxdata:speed>1.481</gpxdata:speed>
    </extensions>
   </trkpt>
   <trkpt lat="-21.5474173" lon="-64.7350447">
    <ele>1883</ele>
    <time>2026-03-15T20:53:27Z</time>
    <extensions>
     <gpxdata:hr>104</gpxdata:hr>
     <gpxdata:distance>1802.00</gpxdata:distance>
     <gpxdata:speed>1.550</gpxdata:speed>
    </extensions>
   </trkpt>
   <trkpt lat="-21.5474309" lon="-64.7350424">
    <ele>1883</ele>
    <time>2026-03-15T20:53:28Z</time>
    <extensions>
     <gpxdata:hr>105</gpxdata:hr>
     <gpxdata:distance>1803.50</gpxdata:distance>
     <gpxdata:speed>1.556</gpxdata:speed>
    </extensions>
   </trkpt>
   <trkpt lat="-21.5474448" lon="-64.7350394">
    <ele>1883</ele>
    <time>2026-03-15T20:53:29Z</time>
    <extensions>
     <gpxdata:hr>106</gpxdata:hr>
     <gpxdata:distance>1805.00</gpxdata:distance>
     <gpxdata:speed>1.619</gpxdata:speed>
    </extensions>
   </trkpt>
   <trkpt lat="-21.5474591" lon="-64.7350361">
    <ele>1883</ele>
    <time>2026-03-15T20:53:30Z</time>
    <extensions>
     <gpxdata:hr>106</gpxdata:hr>
     <gpxdata:distance>1806.50</gpxdata:distance>
     <gpxdata:speed>1.667</gpxdata:speed>
    </extensions>
   </trkpt>
   <trkpt lat="-21.5474736" lon="-64.7350331">
    <ele>1883</ele>
    <time>2026-03-15T20:53:31Z</time>
    <extensions>
     <gpxdata:hr>107</gpxdata:hr>
     <gpxdata:distance>1808.00</gpxdata:distance>
     <gpxdata:speed>1.678</gpxdata:speed>
    </extensions>
   </trkpt>
   <trkpt lat="-21.5474875" lon="-64.7350306">
    <ele>1883</ele>
    <time>2026-03-15T20:53:32Z</time>
    <extensions>
     <gpxdata:hr>107</gpxdata:hr>
     <gpxdata:distance>1809.50</gpxdata:distance>
     <gpxdata:speed>1.553</gpxdata:speed>
    </extensions>
   </trkpt>
   <trkpt lat="-21.5475016" lon="-64.7350279">
    <ele>1883</ele>
    <time>2026-03-15T20:53:33Z</time>
    <extensions>
     <gpxdata:hr>108</gpxdata:hr>
     <gpxdata:distance>1811.00</gpxdata:distance>
     <gpxdata:speed>1.575</gpxdata:speed>
    </extensions>
   </trkpt>
   <trkpt lat="-21.5475154" lon="-64.7350259">
    <ele>1884</ele>
    <time>2026-03-15T20:53:34Z</time>
    <extensions>
     <gpxdata:hr>108</gpxdata:hr>
     <gpxdata:distance>1812.50</gpxdata:distance>
     <gpxdata:speed>1.542</gpxdata:speed>
    </extensions>
   </trkpt>
   <trkpt lat="-21.5475292" lon="-64.7350244">
    <ele>1884</ele>
    <time>2026-03-15T20:53:35Z</time>
    <extensions>
     <gpxdata:hr>106</gpxdata:hr>
     <gpxdata:distance>1814.00</gpxdata:distance>
     <gpxdata:speed>1.514</gpxdata:speed>
    </extensions>
   </trkpt>
   <trkpt lat="-21.5475428" lon="-64.7350231">
    <ele>1884</ele>
    <time>2026-03-15T20:53:36Z</time>
    <extensions>
     <gpxdata:hr>106</gpxdata:hr>
     <gpxdata:distance>1815.50</gpxdata:distance>
     <gpxdata:speed>1.497</gpxdata:speed>
    </extensions>
   </trkpt>
   <trkpt lat="-21.5475562" lon="-64.7350210">
    <ele>1884</ele>
    <time>2026-03-15T20:53:37Z</time>
    <extensions>
     <gpxdata:hr>106</gpxdata:hr>
     <gpxdata:distance>1817.00</gpxdata:distance>
     <gpxdata:speed>1.506</gpxdata:speed>
    </extensions>
   </trkpt>
   <trkpt lat="-21.5475697" lon="-64.7350187">
    <ele>1884</ele>
    <time>2026-03-15T20:53:38Z</time>
    <extensions>
     <gpxdata:hr>106</gpxdata:hr>
     <gpxdata:distance>1818.50</gpxdata:distance>
     <gpxdata:speed>1.508</gpxdata:speed>
    </extensions>
   </trkpt>
   <trkpt lat="-21.5475827" lon="-64.7350162">
    <ele>1884</ele>
    <time>2026-03-15T20:53:39Z</time>
    <extensions>
     <gpxdata:hr>107</gpxdata:hr>
     <gpxdata:distance>1820.00</gpxdata:distance>
     <gpxdata:speed>1.444</gpxdata:speed>
    </extensions>
   </trkpt>
   <trkpt lat="-21.5475957" lon="-64.7350134">
    <ele>1884</ele>
    <time>2026-03-15T20:53:40Z</time>
    <extensions>
     <gpxdata:hr>109</gpxdata:hr>
     <gpxdata:distance>1821.50</gpxdata:distance>
     <gpxdata:speed>1.461</gpxdata:speed>
    </extensions>
   </trkpt>
   <trkpt lat="-21.5476084" lon="-64.7350111">
    <ele>1884</ele>
    <time>2026-03-15T20:53:41Z</time>
    <extensions>
     <gpxdata:hr>110</gpxdata:hr>
     <gpxdata:distance>1823.00</gpxdata:distance>
     <gpxdata:speed>1.394</gpxdata:speed>
    </extensions>
   </trkpt>
   <trkpt lat="-21.5476212" lon="-64.7350092">
    <ele>1885</ele>
    <time>2026-03-15T20:53:42Z</time>
    <extensions>
     <gpxdata:hr>110</gpxdata:hr>
     <gpxdata:distance>1824.50</gpxdata:distance>
     <gpxdata:speed>1.417</gpxdata:speed>
    </extensions>
   </trkpt>
   <trkpt lat="-21.5476337" lon="-64.7350074">
    <ele>1885</ele>
    <time>2026-03-15T20:53:43Z</time>
    <extensions>
     <gpxdata:hr>111</gpxdata:hr>
     <gpxdata:distance>1826.00</gpxdata:distance>
     <gpxdata:speed>1.383</gpxdata:speed>
    </extensions>
   </trkpt>
   <trkpt lat="-21.5476456" lon="-64.7350057">
    <ele>1885</ele>
    <time>2026-03-15T20:53:44Z</time>
    <extensions>
     <gpxdata:hr>113</gpxdata:hr>
     <gpxdata:distance>1827.50</gpxdata:distance>
     <gpxdata:speed>1.283</gpxdata:speed>
    </extensions>
   </trkpt>
   <trkpt lat="-21.5476580" lon="-64.7350040">
    <ele>1885</ele>
    <time>2026-03-15T20:53:45Z</time>
    <extensions>
     <gpxdata:hr>114</gpxdata:hr>
     <gpxdata:distance>1829.00</gpxdata:distance>
     <gpxdata:speed>1.397</gpxdata:speed>
    </extensions>
   </trkpt>
   <trkpt lat="-21.5476708" lon="-64.7350023">
    <ele>1885</ele>
    <time>2026-03-15T20:53:46Z</time>
    <extensions>
     <gpxdata:hr>115</gpxdata:hr>
     <gpxdata:distance>1830.50</gpxdata:distance>
     <gpxdata:speed>1.461</gpxdata:speed>
    </extensions>
   </trkpt>
   <trkpt lat="-21.5476838" lon="-64.7350002">
    <ele>1885</ele>
    <time>2026-03-15T20:53:47Z</time>
    <extensions>
     <gpxdata:hr>116</gpxdata:hr>
     <gpxdata:distance>1832.00</gpxdata:distance>
     <gpxdata:speed>1.494</gpxdata:speed>
    </extensions>
   </trkpt>
   <trkpt lat="-21.5476966" lon="-64.7349978">
    <ele>1885</ele>
    <time>2026-03-15T20:53:48Z</time>
    <extensions>
     <gpxdata:hr>116</gpxdata:hr>
     <gpxdata:distance>1833.00</gpxdata:distance>
     <gpxdata:speed>1.450</gpxdata:speed>
    </extensions>
   </trkpt>
   <trkpt lat="-21.5477094" lon="-64.7349958">
    <ele>1885</ele>
    <time>2026-03-15T20:53:49Z</time>
    <extensions>
     <gpxdata:hr>117</gpxdata:hr>
     <gpxdata:distance>1834.00</gpxdata:distance>
     <gpxdata:speed>1.442</gpxdata:speed>
    </extensions>
   </trkpt>
   <trkpt lat="-21.5477224" lon="-64.7349943">
    <ele>1885</ele>
    <time>2026-03-15T20:53:50Z</time>
    <extensions>
     <gpxdata:hr>118</gpxdata:hr>
     <gpxdata:distance>1835.50</gpxdata:distance>
     <gpxdata:speed>1.453</gpxdata:speed>
    </extensions>
   </trkpt>
   <trkpt lat="-21.5477347" lon="-64.7349930">
    <ele>1886</ele>
    <time>2026-03-15T20:53:51Z</time>
    <extensions>
     <gpxdata:hr>119</gpxdata:hr>
     <gpxdata:distance>1837.00</gpxdata:distance>
     <gpxdata:speed>1.339</gpxdata:speed>
    </extensions>
   </trkpt>
   <trkpt lat="-21.5477471" lon="-64.7349913">
    <ele>1886</ele>
    <time>2026-03-15T20:53:52Z</time>
    <extensions>
     <gpxdata:hr>119</gpxdata:hr>
     <gpxdata:distance>1838.50</gpxdata:distance>
     <gpxdata:speed>1.375</gpxdata:speed>
    </extensions>
   </trkpt>
   <trkpt lat="-21.5477593" lon="-64.7349894">
    <ele>1886</ele>
    <time>2026-03-15T20:53:53Z</time>
    <extensions>
     <gpxdata:hr>120</gpxdata:hr>
     <gpxdata:distance>1840.00</gpxdata:distance>
     <gpxdata:speed>1.358</gpxdata:speed>
    </extensions>
   </trkpt>
   <trkpt lat="-21.5477718" lon="-64.7349876">
    <ele>1886</ele>
    <time>2026-03-15T20:53:54Z</time>
    <extensions>
     <gpxdata:hr>121</gpxdata:hr>
     <gpxdata:distance>1841.00</gpxdata:distance>
     <gpxdata:speed>1.406</gpxdata:speed>
    </extensions>
   </trkpt>
   <trkpt lat="-21.5477830" lon="-64.7349858">
    <ele>1886</ele>
    <time>2026-03-15T20:53:55Z</time>
    <extensions>
     <gpxdata:hr>122</gpxdata:hr>
     <gpxdata:distance>1842.00</gpxdata:distance>
     <gpxdata:speed>1.186</gpxdata:speed>
    </extensions>
   </trkpt>
   <trkpt lat="-21.5477947" lon="-64.7349840">
    <ele>1886</ele>
    <time>2026-03-15T20:53:56Z</time>
    <extensions>
     <gpxdata:hr>122</gpxdata:hr>
     <gpxdata:distance>1843.50</gpxdata:distance>
     <gpxdata:speed>1.303</gpxdata:speed>
    </extensions>
   </trkpt>
   <trkpt lat="-21.5478062" lon="-64.7349819">
    <ele>1886</ele>
    <time>2026-03-15T20:53:57Z</time>
    <extensions>
     <gpxdata:hr>121</gpxdata:hr>
     <gpxdata:distance>1845.00</gpxdata:distance>
     <gpxdata:speed>1.281</gpxdata:speed>
    </extensions>
   </trkpt>
   <trkpt lat="-21.5478173" lon="-64.7349795">
    <ele>1886</ele>
    <time>2026-03-15T20:53:58Z</time>
    <extensions>
     <gpxdata:hr>121</gpxdata:hr>
     <gpxdata:distance>1846.00</gpxdata:distance>
     <gpxdata:speed>1.233</gpxdata:speed>
    </extensions>
   </trkpt>
   <trkpt lat="-21.5478280" lon="-64.7349763">
    <ele>1886</ele>
    <time>2026-03-15T20:53:59Z</time>
    <extensions>
     <gpxdata:hr>121</gpxdata:hr>
     <gpxdata:distance>1847.00</gpxdata:distance>
     <gpxdata:speed>1.214</gpxdata:speed>
    </extensions>
   </trkpt>
   <trkpt lat="-21.5478396" lon="-64.7349729">
    <ele>1886</ele>
    <time>2026-03-15T20:54:00Z</time>
    <extensions>
     <gpxdata:hr>121</gpxdata:hr>
     <gpxdata:distance>1848.50</gpxdata:distance>
     <gpxdata:speed>1.381</gpxdata:speed>
    </extensions>
   </trkpt>
   <trkpt lat="-21.5478515" lon="-64.7349695">
    <ele>1886</ele>
    <time>2026-03-15T20:54:01Z</time>
    <extensions>
     <gpxdata:hr>123</gpxdata:hr>
     <gpxdata:distance>1850.00</gpxdata:distance>
     <gpxdata:speed>1.408</gpxdata:speed>
    </extensions>
   </trkpt>
   <trkpt lat="-21.5478634" lon="-64.7349669">
    <ele>1887</ele>
    <time>2026-03-15T20:54:02Z</time>
    <extensions>
     <gpxdata:hr>124</gpxdata:hr>
     <gpxdata:distance>1851.50</gpxdata:distance>
     <gpxdata:speed>1.367</gpxdata:speed>
    </extensions>
   </trkpt>
   <trkpt lat="-21.5478756" lon="-64.7349647">
    <ele>1887</ele>
    <time>2026-03-15T20:54:03Z</time>
    <extensions>
     <gpxdata:hr>124</gpxdata:hr>
     <gpxdata:distance>1853.00</gpxdata:distance>
     <gpxdata:speed>1.403</gpxdata:speed>
    </extensions>
   </trkpt>
   <trkpt lat="-21.5478878" lon="-64.7349628">
    <ele>1887</ele>
    <time>2026-03-15T20:54:04Z</time>
    <extensions>
     <gpxdata:hr>124</gpxdata:hr>
     <gpxdata:distance>1854.50</gpxdata:distance>
     <gpxdata:speed>1.381</gpxdata:speed>
    </extensions>
   </trkpt>
   <trkpt lat="-21.5479006" lon="-64.7349609">
    <ele>1887</ele>
    <time>2026-03-15T20:54:05Z</time>
    <extensions>
     <gpxdata:hr>124</gpxdata:hr>
     <gpxdata:distance>1856.00</gpxdata:distance>
     <gpxdata:speed>1.478</gpxdata:speed>
    </extensions>
   </trkpt>
   <trkpt lat="-21.5479133" lon="-64.7349591">
    <ele>1887</ele>
    <time>2026-03-15T20:54:06Z</time>
    <extensions>
     <gpxdata:hr>124</gpxdata:hr>
     <gpxdata:distance>1857.50</gpxdata:distance>
     <gpxdata:speed>1.442</gpxdata:speed>
    </extensions>
   </trkpt>
   <trkpt lat="-21.5479257" lon="-64.7349570">
    <ele>1887</ele>
    <time>2026-03-15T20:54:07Z</time>
    <extensions>
     <gpxdata:hr>124</gpxdata:hr>
     <gpxdata:distance>1859.00</gpxdata:distance>
     <gpxdata:speed>1.394</gpxdata:speed>
    </extensions>
   </trkpt>
   <trkpt lat="-21.5479383" lon="-64.7349542">
    <ele>1887</ele>
    <time>2026-03-15T20:54:08Z</time>
    <extensions>
     <gpxdata:hr>125</gpxdata:hr>
     <gpxdata:distance>1860.00</gpxdata:distance>
     <gpxdata:speed>1.442</gpxdata:speed>
    </extensions>
   </trkpt>
   <trkpt lat="-21.5479507" lon="-64.7349517">
    <ele>1887</ele>
    <time>2026-03-15T20:54:09Z</time>
    <extensions>
     <gpxdata:hr>125</gpxdata:hr>
     <gpxdata:distance>1861.00</gpxdata:distance>
     <gpxdata:speed>1.392</gpxdata:speed>
    </extensions>
   </trkpt>
   <trkpt lat="-21.5479629" lon="-64.7349496">
    <ele>1887</ele>
    <time>2026-03-15T20:54:10Z</time>
    <extensions>
     <gpxdata:hr>125</gpxdata:hr>
     <gpxdata:distance>1862.50</gpxdata:distance>
     <gpxdata:speed>1.353</gpxdata:speed>
    </extensions>
   </trkpt>
   <trkpt lat="-21.5479749" lon="-64.7349477">
    <ele>1888</ele>
    <time>2026-03-15T20:54:11Z</time>
    <extensions>
     <gpxdata:hr>125</gpxdata:hr>
     <gpxdata:distance>1864.00</gpxdata:distance>
     <gpxdata:speed>1.325</gpxdata:speed>
    </extensions>
   </trkpt>
   <trkpt lat="-21.5479868" lon="-64.7349458">
    <ele>1888</ele>
    <time>2026-03-15T20:54:12Z</time>
    <extensions>
     <gpxdata:hr>126</gpxdata:hr>
     <gpxdata:distance>1865.50</gpxdata:distance>
     <gpxdata:speed>1.314</gpxdata:speed>
    </extensions>
   </trkpt>
   <trkpt lat="-21.5479989" lon="-64.7349441">
    <ele>1888</ele>
    <time>2026-03-15T20:54:13Z</time>
    <extensions>
     <gpxdata:hr>126</gpxdata:hr>
     <gpxdata:distance>1867.00</gpxdata:distance>
     <gpxdata:speed>1.372</gpxdata:speed>
    </extensions>
   </trkpt>
   <trkpt lat="-21.5480111" lon="-64.7349420">
    <ele>1888</ele>
    <time>2026-03-15T20:54:14Z</time>
    <extensions>
     <gpxdata:hr>126</gpxdata:hr>
     <gpxdata:distance>1868.50</gpxdata:distance>
     <gpxdata:speed>1.375</gpxdata:speed>
    </extensions>
   </trkpt>
   <trkpt lat="-21.5480231" lon="-64.7349399">
    <ele>1888</ele>
    <time>2026-03-15T20:54:15Z</time>
    <extensions>
     <gpxdata:hr>126</gpxdata:hr>
     <gpxdata:distance>1870.00</gpxdata:distance>
     <gpxdata:speed>1.353</gpxdata:speed>
    </extensions>
   </trkpt>
   <trkpt lat="-21.5480358" lon="-64.7349375">
    <ele>1888</ele>
    <time>2026-03-15T20:54:16Z</time>
    <extensions>
     <gpxdata:hr>126</gpxdata:hr>
     <gpxdata:distance>1871.50</gpxdata:distance>
     <gpxdata:speed>1.472</gpxdata:speed>
    </extensions>
   </trkpt>
   <trkpt lat="-21.5480484" lon="-64.7349356">
    <ele>1888</ele>
    <time>2026-03-15T20:54:17Z</time>
    <extensions>
     <gpxdata:hr>125</gpxdata:hr>
     <gpxdata:distance>1873.00</gpxdata:distance>
     <gpxdata:speed>1.431</gpxdata:speed>
    </extensions>
   </trkpt>
   <trkpt lat="-21.5480604" lon="-64.7349342">
    <ele>1888</ele>
    <time>2026-03-15T20:54:18Z</time>
    <extensions>
     <gpxdata:hr>125</gpxdata:hr>
     <gpxdata:distance>1874.00</gpxdata:distance>
     <gpxdata:speed>1.308</gpxdata:speed>
    </extensions>
   </trkpt>
   <trkpt lat="-21.5480722" lon="-64.7349330">
    <ele>1888</ele>
    <time>2026-03-15T20:54:19Z</time>
    <extensions>
     <gpxdata:hr>125</gpxdata:hr>
     <gpxdata:distance>1875.00</gpxdata:distance>
     <gpxdata:speed>1.278</gpxdata:speed>
    </extensions>
   </trkpt>
   <trkpt lat="-21.5480835" lon="-64.7349316">
    <ele>1888</ele>
    <time>2026-03-15T20:54:20Z</time>
    <extensions>
     <gpxdata:hr>126</gpxdata:hr>
     <gpxdata:distance>1876.00</gpxdata:distance>
     <gpxdata:speed>1.217</gpxdata:speed>
    </extensions>
   </trkpt>
   <trkpt lat="-21.5480948" lon="-64.7349298">
    <ele>1889</ele>
    <time>2026-03-15T20:54:21Z</time>
    <extensions>
     <gpxdata:hr>125</gpxdata:hr>
     <gpxdata:distance>1877.00</gpxdata:distance>
     <gpxdata:speed>1.244</gpxdata:speed>
    </extensions>
   </trkpt>
   <trkpt lat="-21.5481058" lon="-64.7349275">
    <ele>1889</ele>
    <time>2026-03-15T20:54:22Z</time>
    <extensions>
     <gpxdata:hr>125</gpxdata:hr>
     <gpxdata:distance>1878.50</gpxdata:distance>
     <gpxdata:speed>1.222</gpxdata:speed>
    </extensions>
   </trkpt>
   <trkpt lat="-21.5481172" lon="-64.7349252">
    <ele>1889</ele>
    <time>2026-03-15T20:54:23Z</time>
    <extensions>
     <gpxdata:hr>125</gpxdata:hr>
     <gpxdata:distance>1880.00</gpxdata:distance>
     <gpxdata:speed>1.308</gpxdata:speed>
    </extensions>
   </trkpt>
   <trkpt lat="-21.5481284" lon="-64.7349227">
    <ele>1889</ele>
    <time>2026-03-15T20:54:24Z</time>
    <extensions>
     <gpxdata:hr>124</gpxdata:hr>
     <gpxdata:distance>1881.00</gpxdata:distance>
     <gpxdata:speed>1.278</gpxdata:speed>
    </extensions>
   </trkpt>
   <trkpt lat="-21.5481394" lon="-64.7349214">
    <ele>1889</ele>
    <time>2026-03-15T20:54:25Z</time>
    <extensions>
     <gpxdata:hr>123</gpxdata:hr>
     <gpxdata:distance>1882.00</gpxdata:distance>
     <gpxdata:speed>1.192</gpxdata:speed>
    </extensions>
   </trkpt>
   <trkpt lat="-21.5481504" lon="-64.7349201">
    <ele>1890</ele>
    <time>2026-03-15T20:54:26Z</time>
    <extensions>
     <gpxdata:hr>122</gpxdata:hr>
     <gpxdata:distance>1883.50</gpxdata:distance>
     <gpxdata:speed>1.219</gpxdata:speed>
    </extensions>
   </trkpt>
   <trkpt lat="-21.5481612" lon="-64.7349190">
    <ele>1890</ele>
    <time>2026-03-15T20:54:27Z</time>
    <extensions>
     <gpxdata:hr>123</gpxdata:hr>
     <gpxdata:distance>1885.00</gpxdata:distance>
     <gpxdata:speed>1.189</gpxdata:speed>
    </extensions>
   </trkpt>
   <trkpt lat="-21.5481728" lon="-64.7349178">
    <ele>1890</ele>
    <time>2026-03-15T20:54:28Z</time>
    <extensions>
     <gpxdata:hr>123</gpxdata:hr>
     <gpxdata:distance>1886.50</gpxdata:distance>
     <gpxdata:speed>1.353</gpxdata:speed>
    </extensions>
   </trkpt>
   <trkpt lat="-21.5481852" lon="-64.7349162">
    <ele>1890</ele>
    <time>2026-03-15T20:54:29Z</time>
    <extensions>
     <gpxdata:hr>123</gpxdata:hr>
     <gpxdata:distance>1888.00</gpxdata:distance>
     <gpxdata:speed>1.447</gpxdata:speed>
    </extensions>
   </trkpt>
   <trkpt lat="-21.5481978" lon="-64.7349147">
    <ele>1890</ele>
    <time>2026-03-15T20:54:30Z</time>
    <extensions>
     <gpxdata:hr>124</gpxdata:hr>
     <gpxdata:distance>1889.50</gpxdata:distance>
     <gpxdata:speed>1.481</gpxdata:speed>
    </extensions>
   </trkpt>
   <trkpt lat="-21.5482100" lon="-64.7349129">
    <ele>1890</ele>
    <time>2026-03-15T20:54:31Z</time>
    <extensions>
     <gpxdata:hr>127</gpxdata:hr>
     <gpxdata:distance>1891.00</gpxdata:distance>
     <gpxdata:speed>1.369</gpxdata:speed>
    </extensions>
   </trkpt>
   <trkpt lat="-21.5482219" lon="-64.7349107">
    <ele>1890</ele>
    <time>2026-03-15T20:54:32Z</time>
    <extensions>
     <gpxdata:hr>128</gpxdata:hr>
     <gpxdata:distance>1892.00</gpxdata:distance>
     <gpxdata:speed>1.333</gpxdata:speed>
    </extensions>
   </trkpt>
   <trkpt lat="-21.5482337" lon="-64.7349088">
    <ele>1890</ele>
    <time>2026-03-15T20:54:33Z</time>
    <extensions>
     <gpxdata:hr>128</gpxdata:hr>
     <gpxdata:distance>1893.00</gpxdata:distance>
     <gpxdata:speed>1.306</gpxdata:speed>
    </extensions>
   </trkpt>
   <trkpt lat="-21.5482454" lon="-64.7349067">
    <ele>1890</ele>
    <time>2026-03-15T20:54:34Z</time>
    <extensions>
     <gpxdata:hr>128</gpxdata:hr>
     <gpxdata:distance>1894.50</gpxdata:distance>
     <gpxdata:speed>1.308</gpxdata:speed>
    </extensions>
   </trkpt>
   <trkpt lat="-21.5482575" lon="-64.7349051">
    <ele>1890</ele>
    <time>2026-03-15T20:54:35Z</time>
    <extensions>
     <gpxdata:hr>128</gpxdata:hr>
     <gpxdata:distance>1896.00</gpxdata:distance>
     <gpxdata:speed>1.367</gpxdata:speed>
    </extensions>
   </trkpt>
   <trkpt lat="-21.5482696" lon="-64.7349035">
    <ele>1890</ele>
    <time>2026-03-15T20:54:36Z</time>
    <extensions>
     <gpxdata:hr>129</gpxdata:hr>
     <gpxdata:distance>1897.50</gpxdata:distance>
     <gpxdata:speed>1.358</gpxdata:speed>
    </extensions>
   </trkpt>
   <trkpt lat="-21.5482820" lon="-64.7349016">
    <ele>1890</ele>
    <time>2026-03-15T20:54:37Z</time>
    <extensions>
     <gpxdata:hr>128</gpxdata:hr>
     <gpxdata:distance>1899.00</gpxdata:distance>
     <gpxdata:speed>1.414</gpxdata:speed>
    </extensions>
   </trkpt>
   <trkpt lat="-21.5482939" lon="-64.7349000">
    <ele>1890</ele>
    <time>2026-03-15T20:54:38Z</time>
    <extensions>
     <gpxdata:hr>129</gpxdata:hr>
     <gpxdata:distance>1900.50</gpxdata:distance>
     <gpxdata:speed>1.319</gpxdata:speed>
    </extensions>
   </trkpt>
   <trkpt lat="-21.5483064" lon="-64.7348985">
    <ele>1890</ele>
    <time>2026-03-15T20:54:39Z</time>
    <extensions>
     <gpxdata:hr>129</gpxdata:hr>
     <gpxdata:distance>1902.00</gpxdata:distance>
     <gpxdata:speed>1.422</gpxdata:speed>
    </extensions>
   </trkpt>
   <trkpt lat="-21.5483188" lon="-64.7348966">
    <ele>1890</ele>
    <time>2026-03-15T20:54:40Z</time>
    <extensions>
     <gpxdata:hr>130</gpxdata:hr>
     <gpxdata:distance>1903.00</gpxdata:distance>
     <gpxdata:speed>1.411</gpxdata:speed>
    </extensions>
   </trkpt>
   <trkpt lat="-21.5483307" lon="-64.7348946">
    <ele>1890</ele>
    <time>2026-03-15T20:54:41Z</time>
    <extensions>
     <gpxdata:hr>130</gpxdata:hr>
     <gpxdata:distance>1904.00</gpxdata:distance>
     <gpxdata:speed>1.308</gpxdata:speed>
    </extensions>
   </trkpt>
   <trkpt lat="-21.5483427" lon="-64.7348927">
    <ele>1891</ele>
    <time>2026-03-15T20:54:42Z</time>
    <extensions>
     <gpxdata:hr>131</gpxdata:hr>
     <gpxdata:distance>1905.50</gpxdata:distance>
     <gpxdata:speed>1.350</gpxdata:speed>
    </extensions>
   </trkpt>
   <trkpt lat="-21.5483551" lon="-64.7348912">
    <ele>1891</ele>
    <time>2026-03-15T20:54:43Z</time>
    <extensions>
     <gpxdata:hr>131</gpxdata:hr>
     <gpxdata:distance>1907.00</gpxdata:distance>
     <gpxdata:speed>1.403</gpxdata:speed>
    </extensions>
   </trkpt>
   <trkpt lat="-21.5483675" lon="-64.7348898">
    <ele>1891</ele>
    <time>2026-03-15T20:54:44Z</time>
    <extensions>
     <gpxdata:hr>131</gpxdata:hr>
     <gpxdata:distance>1908.50</gpxdata:distance>
     <gpxdata:speed>1.383</gpxdata:speed>
    </extensions>
   </trkpt>
   <trkpt lat="-21.5483804" lon="-64.7348884">
    <ele>1891</ele>
    <time>2026-03-15T20:54:45Z</time>
    <extensions>
     <gpxdata:hr>132</gpxdata:hr>
     <gpxdata:distance>1910.00</gpxdata:distance>
     <gpxdata:speed>1.483</gpxdata:speed>
    </extensions>
   </trkpt>
   <trkpt lat="-21.5483931" lon="-64.7348865">
    <ele>1891</ele>
    <time>2026-03-15T20:54:46Z</time>
    <extensions>
     <gpxdata:hr>132</gpxdata:hr>
     <gpxdata:distance>1911.50</gpxdata:distance>
     <gpxdata:speed>1.450</gpxdata:speed>
    </extensions>
   </trkpt>
   <trkpt lat="-21.5484060" lon="-64.7348850">
    <ele>1891</ele>
    <time>2026-03-15T20:54:47Z</time>
    <extensions>
     <gpxdata:hr>131</gpxdata:hr>
     <gpxdata:distance>1913.00</gpxdata:distance>
     <gpxdata:speed>1.453</gpxdata:speed>
    </extensions>
   </trkpt>
   <trkpt lat="-21.5484190" lon="-64.7348834">
    <ele>1891</ele>
    <time>2026-03-15T20:54:48Z</time>
    <extensions>
     <gpxdata:hr>132</gpxdata:hr>
     <gpxdata:distance>1914.50</gpxdata:distance>
     <gpxdata:speed>1.467</gpxdata:speed>
    </extensions>
   </trkpt>
   <trkpt lat="-21.5484317" lon="-64.7348819">
    <ele>1891</ele>
    <time>2026-03-15T20:54:49Z</time>
    <extensions>
     <gpxdata:hr>132</gpxdata:hr>
     <gpxdata:distance>1916.00</gpxdata:distance>
     <gpxdata:speed>1.417</gpxdata:speed>
    </extensions>
   </trkpt>
   <trkpt lat="-21.5484438" lon="-64.7348803">
    <ele>1891</ele>
    <time>2026-03-15T20:54:50Z</time>
    <extensions>
     <gpxdata:hr>132</gpxdata:hr>
     <gpxdata:distance>1917.00</gpxdata:distance>
     <gpxdata:speed>1.300</gpxdata:speed>
    </extensions>
   </trkpt>
   <trkpt lat="-21.5484563" lon="-64.7348787">
    <ele>1891</ele>
    <time>2026-03-15T20:54:51Z</time>
    <extensions>
     <gpxdata:hr>132</gpxdata:hr>
     <gpxdata:distance>1918.00</gpxdata:distance>
     <gpxdata:speed>1.406</gpxdata:speed>
    </extensions>
   </trkpt>
   <trkpt lat="-21.5484691" lon="-64.7348771">
    <ele>1892</ele>
    <time>2026-03-15T20:54:52Z</time>
    <extensions>
     <gpxdata:hr>132</gpxdata:hr>
     <gpxdata:distance>1919.50</gpxdata:distance>
     <gpxdata:speed>1.461</gpxdata:speed>
    </extensions>
   </trkpt>
   <trkpt lat="-21.5484818" lon="-64.7348755">
    <ele>1892</ele>
    <time>2026-03-15T20:54:53Z</time>
    <extensions>
     <gpxdata:hr>132</gpxdata:hr>
     <gpxdata:distance>1921.00</gpxdata:distance>
     <gpxdata:speed>1.422</gpxdata:speed>
    </extensions>
   </trkpt>
   <trkpt lat="-21.5484945" lon="-64.7348738">
    <ele>1892</ele>
    <time>2026-03-15T20:54:54Z</time>
    <extensions>
     <gpxdata:hr>132</gpxdata:hr>
     <gpxdata:distance>1922.50</gpxdata:distance>
     <gpxdata:speed>1.436</gpxdata:speed>
    </extensions>
   </trkpt>
   <trkpt lat="-21.5485078" lon="-64.7348722">
    <ele>1892</ele>
    <time>2026-03-15T20:54:55Z</time>
    <extensions>
     <gpxdata:hr>132</gpxdata:hr>
     <gpxdata:distance>1924.00</gpxdata:distance>
     <gpxdata:speed>1.525</gpxdata:speed>
    </extensions>
   </trkpt>
   <trkpt lat="-21.5485209" lon="-64.7348701">
    <ele>1892</ele>
    <time>2026-03-15T20:54:56Z</time>
    <extensions>
     <gpxdata:hr>132</gpxdata:hr>
     <gpxdata:distance>1925.50</gpxdata:distance>
     <gpxdata:speed>1.481</gpxdata:speed>
    </extensions>
   </trkpt>
   <trkpt lat="-21.5485343" lon="-64.7348677">
    <ele>1892</ele>
    <time>2026-03-15T20:54:57Z</time>
    <extensions>
     <gpxdata:hr>132</gpxdata:hr>
     <gpxdata:distance>1927.00</gpxdata:distance>
     <gpxdata:speed>1.547</gpxdata:speed>
    </extensions>
   </trkpt>
   <trkpt lat="-21.5485471" lon="-64.7348657">
    <ele>1892</ele>
    <time>2026-03-15T20:54:58Z</time>
    <extensions>
     <gpxdata:hr>131</gpxdata:hr>
     <gpxdata:distance>1928.50</gpxdata:distance>
     <gpxdata:speed>1.406</gpxdata:speed>
    </extensions>
   </trkpt>
   <trkpt lat="-21.5485594" lon="-64.7348632">
    <ele>1892</ele>
    <time>2026-03-15T20:54:59Z</time>
    <extensions>
     <gpxdata:hr>131</gpxdata:hr>
     <gpxdata:distance>1930.00</gpxdata:distance>
     <gpxdata:speed>1.356</gpxdata:speed>
    </extensions>
   </trkpt>
   <trkpt lat="-21.5485715" lon="-64.7348603">
    <ele>1892</ele>
    <time>2026-03-15T20:55:00Z</time>
    <extensions>
     <gpxdata:hr>131</gpxdata:hr>
     <gpxdata:distance>1931.50</gpxdata:distance>
     <gpxdata:speed>1.342</gpxdata:speed>
    </extensions>
   </trkpt>
   <trkpt lat="-21.5485837" lon="-64.7348573">
    <ele>1892</ele>
    <time>2026-03-15T20:55:01Z</time>
    <extensions>
     <gpxdata:hr>130</gpxdata:hr>
     <gpxdata:distance>1933.00</gpxdata:distance>
     <gpxdata:speed>1.400</gpxdata:speed>
    </extensions>
   </trkpt>
   <trkpt lat="-21.5485960" lon="-64.7348541">
    <ele>1893</ele>
    <time>2026-03-15T20:55:02Z</time>
    <extensions>
     <gpxdata:hr>128</gpxdata:hr>
     <gpxdata:distance>1934.00</gpxdata:distance>
     <gpxdata:speed>1.394</gpxdata:speed>
    </extensions>
   </trkpt>
   <trkpt lat="-21.5486080" lon="-64.7348513">
    <ele>1893</ele>
    <time>2026-03-15T20:55:03Z</time>
    <extensions>
     <gpxdata:hr>127</gpxdata:hr>
     <gpxdata:distance>1935.00</gpxdata:distance>
     <gpxdata:speed>1.364</gpxdata:speed>
    </extensions>
   </trkpt>
   <trkpt lat="-21.5486200" lon="-64.7348488">
    <ele>1893</ele>
    <time>2026-03-15T20:55:04Z</time>
    <extensions>
     <gpxdata:hr>127</gpxdata:hr>
     <gpxdata:distance>1936.50</gpxdata:distance>
     <gpxdata:speed>1.333</gpxdata:speed>
    </extensions>
   </trkpt>
   <trkpt lat="-21.5486315" lon="-64.7348466">
    <ele>1893</ele>
    <time>2026-03-15T20:55:05Z</time>
    <extensions>
     <gpxdata:hr>127</gpxdata:hr>
     <gpxdata:distance>1938.00</gpxdata:distance>
     <gpxdata:speed>1.253</gpxdata:speed>
    </extensions>
   </trkpt>
   <trkpt lat="-21.5486436" lon="-64.7348445">
    <ele>1893</ele>
    <time>2026-03-15T20:55:06Z</time>
    <extensions>
     <gpxdata:hr>127</gpxdata:hr>
     <gpxdata:distance>1939.50</gpxdata:distance>
     <gpxdata:speed>1.383</gpxdata:speed>
    </extensions>
   </trkpt>
   <trkpt lat="-21.5486554" lon="-64.7348430">
    <ele>1893</ele>
    <time>2026-03-15T20:55:07Z</time>
    <extensions>
     <gpxdata:hr>126</gpxdata:hr>
     <gpxdata:distance>1941.00</gpxdata:distance>
     <gpxdata:speed>1.317</gpxdata:speed>
    </extensions>
   </trkpt>
   <trkpt lat="-21.5486672" lon="-64.7348416">
    <ele>1893</ele>
    <time>2026-03-15T20:55:08Z</time>
    <extensions>
     <gpxdata:hr>126</gpxdata:hr>
     <gpxdata:distance>1942.00</gpxdata:distance>
     <gpxdata:speed>1.300</gpxdata:speed>
    </extensions>
   </trkpt>
   <trkpt lat="-21.5486789" lon="-64.7348402">
    <ele>1893</ele>
    <time>2026-03-15T20:55:09Z</time>
    <extensions>
     <gpxdata:hr>126</gpxdata:hr>
     <gpxdata:distance>1943.00</gpxdata:distance>
     <gpxdata:speed>1.300</gpxdata:speed>
    </extensions>
   </trkpt>
   <trkpt lat="-21.5486909" lon="-64.7348379">
    <ele>1893</ele>
    <time>2026-03-15T20:55:10Z</time>
    <extensions>
     <gpxdata:hr>126</gpxdata:hr>
     <gpxdata:distance>1944.50</gpxdata:distance>
     <gpxdata:speed>1.386</gpxdata:speed>
    </extensions>
   </trkpt>
   <trkpt lat="-21.5487026" lon="-64.7348355">
    <ele>1893</ele>
    <time>2026-03-15T20:55:11Z</time>
    <extensions>
     <gpxdata:hr>126</gpxdata:hr>
     <gpxdata:distance>1946.00</gpxdata:distance>
     <gpxdata:speed>1.317</gpxdata:speed>
    </extensions>
   </trkpt>
   <trkpt lat="-21.5487146" lon="-64.7348329">
    <ele>1894</ele>
    <time>2026-03-15T20:55:12Z</time>
    <extensions>
     <gpxdata:hr>126</gpxdata:hr>
     <gpxdata:distance>1947.50</gpxdata:distance>
     <gpxdata:speed>1.369</gpxdata:speed>
    </extensions>
   </trkpt>
   <trkpt lat="-21.5487261" lon="-64.7348309">
    <ele>1894</ele>
    <time>2026-03-15T20:55:13Z</time>
    <extensions>
     <gpxdata:hr>126</gpxdata:hr>
     <gpxdata:distance>1949.00</gpxdata:distance>
     <gpxdata:speed>1.286</gpxdata:speed>
    </extensions>
   </trkpt>
   <trkpt lat="-21.5487373" lon="-64.7348290">
    <ele>1894</ele>
    <time>2026-03-15T20:55:14Z</time>
    <extensions>
     <gpxdata:hr>126</gpxdata:hr>
     <gpxdata:distance>1950.00</gpxdata:distance>
     <gpxdata:speed>1.208</gpxdata:speed>
    </extensions>
   </trkpt>
   <trkpt lat="-21.5487484" lon="-64.7348269">
    <ele>1894</ele>
    <time>2026-03-15T20:55:15Z</time>
    <extensions>
     <gpxdata:hr>126</gpxdata:hr>
     <gpxdata:distance>1951.00</gpxdata:distance>
     <gpxdata:speed>1.236</gpxdata:speed>
    </extensions>
   </trkpt>
   <trkpt lat="-21.5487597" lon="-64.7348245">
    <ele>1894</ele>
    <time>2026-03-15T20:55:16Z</time>
    <extensions>
     <gpxdata:hr>126</gpxdata:hr>
     <gpxdata:distance>1952.50</gpxdata:distance>
     <gpxdata:speed>1.281</gpxdata:speed>
    </extensions>
   </trkpt>
   <trkpt lat="-21.5487714" lon="-64.7348221">
    <ele>1894</ele>
    <time>2026-03-15T20:55:17Z</time>
    <extensions>
     <gpxdata:hr>125</gpxdata:hr>
     <gpxdata:distance>1954.00</gpxdata:distance>
     <gpxdata:speed>1.364</gpxdata:speed>
    </extensions>
   </trkpt>
   <trkpt lat="-21.5487837" lon="-64.7348203">
    <ele>1894</ele>
    <time>2026-03-15T20:55:18Z</time>
    <extensions>
     <gpxdata:hr>125</gpxdata:hr>
     <gpxdata:distance>1955.50</gpxdata:distance>
     <gpxdata:speed>1.419</gpxdata:speed>
    </extensions>
   </trkpt>
   <trkpt lat="-21.5487967" lon="-64.7348179">
    <ele>1894</ele>
    <time>2026-03-15T20:55:19Z</time>
    <extensions>
     <gpxdata:hr>125</gpxdata:hr>
     <gpxdata:distance>1957.00</gpxdata:distance>
     <gpxdata:speed>1.542</gpxdata:speed>
    </extensions>
   </trkpt>
   <trkpt lat="-21.5488092" lon="-64.7348148">
    <ele>1894</ele>
    <time>2026-03-15T20:55:20Z</time>
    <extensions>
     <gpxdata:hr>125</gpxdata:hr>
     <gpxdata:distance>1958.50</gpxdata:distance>
     <gpxdata:speed>1.453</gpxdata:speed>
    </extensions>
   </trkpt>
   <trkpt lat="-21.5488214" lon="-64.7348118">
    <ele>1894</ele>
    <time>2026-03-15T20:55:21Z</time>
    <extensions>
     <gpxdata:hr>125</gpxdata:hr>
     <gpxdata:distance>1960.00</gpxdata:distance>
     <gpxdata:speed>1.378</gpxdata:speed>
    </extensions>
   </trkpt>
   <trkpt lat="-21.5488341" lon="-64.7348087">
    <ele>1894</ele>
    <time>2026-03-15T20:55:22Z</time>
    <extensions>
     <gpxdata:hr>126</gpxdata:hr>
     <gpxdata:distance>1961.50</gpxdata:distance>
     <gpxdata:speed>1.475</gpxdata:speed>
    </extensions>
   </trkpt>
   <trkpt lat="-21.5488471" lon="-64.7348064">
    <ele>1895</ele>
    <time>2026-03-15T20:55:23Z</time>
    <extensions>
     <gpxdata:hr>126</gpxdata:hr>
     <gpxdata:distance>1963.00</gpxdata:distance>
     <gpxdata:speed>1.492</gpxdata:speed>
    </extensions>
   </trkpt>
   <trkpt lat="-21.5488603" lon="-64.7348044">
    <ele>1895</ele>
    <time>2026-03-15T20:55:24Z</time>
    <extensions>
     <gpxdata:hr>127</gpxdata:hr>
     <gpxdata:distance>1964.50</gpxdata:distance>
     <gpxdata:speed>1.500</gpxdata:speed>
    </extensions>
   </trkpt>
   <trkpt lat="-21.5488735" lon="-64.7348025">
    <ele>1895</ele>
    <time>2026-03-15T20:55:25Z</time>
    <extensions>
     <gpxdata:hr>127</gpxdata:hr>
     <gpxdata:distance>1966.00</gpxdata:distance>
     <gpxdata:speed>1.500</gpxdata:speed>
    </extensions>
   </trkpt>
   <trkpt lat="-21.5488871" lon="-64.7348008">
    <ele>1895</ele>
    <time>2026-03-15T20:55:26Z</time>
    <extensions>
     <gpxdata:hr>127</gpxdata:hr>
     <gpxdata:distance>1967.00</gpxdata:distance>
     <gpxdata:speed>1.561</gpxdata:speed>
    </extensions>
   </trkpt>
   <trkpt lat="-21.5489001" lon="-64.7347987">
    <ele>1895</ele>
    <time>2026-03-15T20:55:27Z</time>
    <extensions>
     <gpxdata:hr>127</gpxdata:hr>
     <gpxdata:distance>1968.00</gpxdata:distance>
     <gpxdata:speed>1.431</gpxdata:speed>
    </extensions>
   </trkpt>
   <trkpt lat="-21.5489129" lon="-64.7347966">
    <ele>1895</ele>
    <time>2026-03-15T20:55:28Z</time>
    <extensions>
     <gpxdata:hr>127</gpxdata:hr>
     <gpxdata:distance>1969.50</gpxdata:distance>
     <gpxdata:speed>1.419</gpxdata:speed>
    </extensions>
   </trkpt>
   <trkpt lat="-21.5489254" lon="-64.7347942">
    <ele>1895</ele>
    <time>2026-03-15T20:55:29Z</time>
    <extensions>
     <gpxdata:hr>128</gpxdata:hr>
     <gpxdata:distance>1971.00</gpxdata:distance>
     <gpxdata:speed>1.389</gpxdata:speed>
    </extensions>
   </trkpt>
   <trkpt lat="-21.5489380" lon="-64.7347919">
    <ele>1895</ele>
    <time>2026-03-15T20:55:30Z</time>
    <extensions>
     <gpxdata:hr>128</gpxdata:hr>
     <gpxdata:distance>1972.50</gpxdata:distance>
     <gpxdata:speed>1.417</gpxdata:speed>
    </extensions>
   </trkpt>
   <trkpt lat="-21.5489505" lon="-64.7347894">
    <ele>1895</ele>
    <time>2026-03-15T20:55:31Z</time>
    <extensions>
     <gpxdata:hr>128</gpxdata:hr>
     <gpxdata:distance>1974.00</gpxdata:distance>
     <gpxdata:speed>1.397</gpxdata:speed>
    </extensions>
   </trkpt>
   <trkpt lat="-21.5489631" lon="-64.7347870">
    <ele>1895</ele>
    <time>2026-03-15T20:55:32Z</time>
    <extensions>
     <gpxdata:hr>126</gpxdata:hr>
     <gpxdata:distance>1975.50</gpxdata:distance>
     <gpxdata:speed>1.422</gpxdata:speed>
    </extensions>
   </trkpt>
   <trkpt lat="-21.5489756" lon="-64.7347852">
    <ele>1895</ele>
    <time>2026-03-15T20:55:33Z</time>
    <extensions>
     <gpxdata:hr>125</gpxdata:hr>
     <gpxdata:distance>1977.00</gpxdata:distance>
     <gpxdata:speed>1.383</gpxdata:speed>
    </extensions>
   </trkpt>
   <trkpt lat="-21.5489874" lon="-64.7347840">
    <ele>1895</ele>
    <time>2026-03-15T20:55:34Z</time>
    <extensions>
     <gpxdata:hr>124</gpxdata:hr>
     <gpxdata:distance>1978.00</gpxdata:distance>
     <gpxdata:speed>1.278</gpxdata:speed>
    </extensions>
   </trkpt>
   <trkpt lat="-21.5489991" lon="-64.7347828">
    <ele>1895</ele>
    <time>2026-03-15T20:55:35Z</time>
    <extensions>
     <gpxdata:hr>123</gpxdata:hr>
     <gpxdata:distance>1979.00</gpxdata:distance>
     <gpxdata:speed>1.264</gpxdata:speed>
    </extensions>
   </trkpt>
   <trkpt lat="-21.5490110" lon="-64.7347815">
    <ele>1895</ele>
    <time>2026-03-15T20:55:36Z</time>
    <extensions>
     <gpxdata:hr>123</gpxdata:hr>
     <gpxdata:distance>1980.50</gpxdata:distance>
     <gpxdata:speed>1.339</gpxdata:speed>
    </extensions>
   </trkpt>
   <trkpt lat="-21.5490234" lon="-64.7347801">
    <ele>1895</ele>
    <time>2026-03-15T20:55:37Z</time>
    <extensions>
     <gpxdata:hr>123</gpxdata:hr>
     <gpxdata:distance>1982.00</gpxdata:distance>
     <gpxdata:speed>1.411</gpxdata:speed>
    </extensions>
   </trkpt>
   <trkpt lat="-21.5490354" lon="-64.7347790">
    <ele>1895</ele>
    <time>2026-03-15T20:55:38Z</time>
    <extensions>
     <gpxdata:hr>122</gpxdata:hr>
     <gpxdata:distance>1983.50</gpxdata:distance>
     <gpxdata:speed>1.322</gpxdata:speed>
    </extensions>
   </trkpt>
   <trkpt lat="-21.5490471" lon="-64.7347778">
    <ele>1896</ele>
    <time>2026-03-15T20:55:39Z</time>
    <extensions>
     <gpxdata:hr>123</gpxdata:hr>
     <gpxdata:distance>1985.00</gpxdata:distance>
     <gpxdata:speed>1.294</gpxdata:speed>
    </extensions>
   </trkpt>
   <trkpt lat="-21.5490596" lon="-64.7347765">
    <ele>1896</ele>
    <time>2026-03-15T20:55:40Z</time>
    <extensions>
     <gpxdata:hr>124</gpxdata:hr>
     <gpxdata:distance>1986.50</gpxdata:distance>
     <gpxdata:speed>1.425</gpxdata:speed>
    </extensions>
   </trkpt>
   <trkpt lat="-21.5490721" lon="-64.7347751">
    <ele>1896</ele>
    <time>2026-03-15T20:55:41Z</time>
    <extensions>
     <gpxdata:hr>124</gpxdata:hr>
     <gpxdata:distance>1988.00</gpxdata:distance>
     <gpxdata:speed>1.417</gpxdata:speed>
    </extensions>
   </trkpt>
   <trkpt lat="-21.5490843" lon="-64.7347732">
    <ele>1896</ele>
    <time>2026-03-15T20:55:42Z</time>
    <extensions>
     <gpxdata:hr>123</gpxdata:hr>
     <gpxdata:distance>1989.50</gpxdata:distance>
     <gpxdata:speed>1.383</gpxdata:speed>
    </extensions>
   </trkpt>
   <trkpt lat="-21.5490968" lon="-64.7347708">
    <ele>1896</ele>
    <time>2026-03-15T20:55:43Z</time>
    <extensions>
     <gpxdata:hr>123</gpxdata:hr>
     <gpxdata:distance>1991.00</gpxdata:distance>
     <gpxdata:speed>1.428</gpxdata:speed>
    </extensions>
   </trkpt>
   <trkpt lat="-21.5491095" lon="-64.7347689">
    <ele>1896</ele>
    <time>2026-03-15T20:55:44Z</time>
    <extensions>
     <gpxdata:hr>123</gpxdata:hr>
     <gpxdata:distance>1992.50</gpxdata:distance>
     <gpxdata:speed>1.447</gpxdata:speed>
    </extensions>
   </trkpt>
   <trkpt lat="-21.5491224" lon="-64.7347668">
    <ele>1896</ele>
    <time>2026-03-15T20:55:45Z</time>
    <extensions>
     <gpxdata:hr>122</gpxdata:hr>
     <gpxdata:distance>1994.00</gpxdata:distance>
     <gpxdata:speed>1.478</gpxdata:speed>
    </extensions>
   </trkpt>
   <trkpt lat="-21.5491355" lon="-64.7347643">
    <ele>1896</ele>
    <time>2026-03-15T20:55:46Z</time>
    <extensions>
     <gpxdata:hr>122</gpxdata:hr>
     <gpxdata:distance>1995.50</gpxdata:distance>
     <gpxdata:speed>1.503</gpxdata:speed>
    </extensions>
   </trkpt>
   <trkpt lat="-21.5491490" lon="-64.7347616">
    <ele>1896</ele>
    <time>2026-03-15T20:55:47Z</time>
    <extensions>
     <gpxdata:hr>122</gpxdata:hr>
     <gpxdata:distance>1997.00</gpxdata:distance>
     <gpxdata:speed>1.581</gpxdata:speed>
    </extensions>
   </trkpt>
   <trkpt lat="-21.5491626" lon="-64.7347587">
    <ele>1896</ele>
    <time>2026-03-15T20:55:48Z</time>
    <extensions>
     <gpxdata:hr>121</gpxdata:hr>
     <gpxdata:distance>1998.50</gpxdata:distance>
     <gpxdata:speed>1.578</gpxdata:speed>
    </extensions>
   </trkpt>
   <trkpt lat="-21.5491762" lon="-64.7347556">
    <ele>1896</ele>
    <time>2026-03-15T20:55:49Z</time>
    <extensions>
     <gpxdata:hr>121</gpxdata:hr>
     <gpxdata:distance>2000.00</gpxdata:distance>
     <gpxdata:speed>1.556</gpxdata:speed>
    </extensions>
   </trkpt>
   <trkpt lat="-21.5491897" lon="-64.7347528">
    <ele>1896</ele>
    <time>2026-03-15T20:55:50Z</time>
    <extensions>
     <gpxdata:hr>121</gpxdata:hr>
     <gpxdata:distance>2001.50</gpxdata:distance>
     <gpxdata:speed>1.528</gpxdata:speed>
    </extensions>
   </trkpt>
   <trkpt lat="-21.5492031" lon="-64.7347500">
    <ele>1896</ele>
    <time>2026-03-15T20:55:51Z</time>
    <extensions>
     <gpxdata:hr>120</gpxdata:hr>
     <gpxdata:distance>2003.00</gpxdata:distance>
     <gpxdata:speed>1.519</gpxdata:speed>
    </extensions>
   </trkpt>
   <trkpt lat="-21.5492161" lon="-64.7347474">
    <ele>1896</ele>
    <time>2026-03-15T20:55:52Z</time>
    <extensions>
     <gpxdata:hr>120</gpxdata:hr>
     <gpxdata:distance>2004.00</gpxdata:distance>
     <gpxdata:speed>1.442</gpxdata:speed>
    </extensions>
   </trkpt>
   <trkpt lat="-21.5492287" lon="-64.7347455">
    <ele>1896</ele>
    <time>2026-03-15T20:55:53Z</time>
    <extensions>
     <gpxdata:hr>120</gpxdata:hr>
     <gpxdata:distance>2005.00</gpxdata:distance>
     <gpxdata:speed>1.367</gpxdata:speed>
    </extensions>
   </trkpt>
   <trkpt lat="-21.5492417" lon="-64.7347445">
    <ele>1897</ele>
    <time>2026-03-15T20:55:54Z</time>
    <extensions>
     <gpxdata:hr>120</gpxdata:hr>
     <gpxdata:distance>2007.00</gpxdata:distance>
     <gpxdata:speed>1.450</gpxdata:speed>
    </extensions>
   </trkpt>
   <trkpt lat="-21.5492561" lon="-64.7347441">
    <ele>1897</ele>
    <time>2026-03-15T20:55:55Z</time>
    <extensions>
     <gpxdata:hr>120</gpxdata:hr>
     <gpxdata:distance>2009.00</gpxdata:distance>
     <gpxdata:speed>1.686</gpxdata:speed>
    </extensions>
   </trkpt>
   <trkpt lat="-21.5492699" lon="-64.7347438">
    <ele>1897</ele>
    <time>2026-03-15T20:55:56Z</time>
    <extensions>
     <gpxdata:hr>120</gpxdata:hr>
     <gpxdata:distance>2010.50</gpxdata:distance>
     <gpxdata:speed>1.542</gpxdata:speed>
    </extensions>
   </trkpt>
   <trkpt lat="-21.5492833" lon="-64.7347433">
    <ele>1897</ele>
    <time>2026-03-15T20:55:57Z</time>
    <extensions>
     <gpxdata:hr>119</gpxdata:hr>
     <gpxdata:distance>2012.00</gpxdata:distance>
     <gpxdata:speed>1.483</gpxdata:speed>
    </extensions>
   </trkpt>
   <trkpt lat="-21.5492970" lon="-64.7347428">
    <ele>1897</ele>
    <time>2026-03-15T20:55:58Z</time>
    <extensions>
     <gpxdata:hr>119</gpxdata:hr>
     <gpxdata:distance>2013.50</gpxdata:distance>
     <gpxdata:speed>1.536</gpxdata:speed>
    </extensions>
   </trkpt>
   <trkpt lat="-21.5493107" lon="-64.7347424">
    <ele>1897</ele>
    <time>2026-03-15T20:55:59Z</time>
    <extensions>
     <gpxdata:hr>119</gpxdata:hr>
     <gpxdata:distance>2015.00</gpxdata:distance>
     <gpxdata:speed>1.528</gpxdata:speed>
    </extensions>
   </trkpt>
   <trkpt lat="-21.5493240" lon="-64.7347421">
    <ele>1897</ele>
    <time>2026-03-15T20:56:00Z</time>
    <extensions>
     <gpxdata:hr>118</gpxdata:hr>
     <gpxdata:distance>2016.50</gpxdata:distance>
     <gpxdata:speed>1.447</gpxdata:speed>
    </extensions>
   </trkpt>
   <trkpt lat="-21.5493375" lon="-64.7347423">
    <ele>1897</ele>
    <time>2026-03-15T20:56:01Z</time>
    <extensions>
     <gpxdata:hr>118</gpxdata:hr>
     <gpxdata:distance>2018.00</gpxdata:distance>
     <gpxdata:speed>1.506</gpxdata:speed>
    </extensions>
   </trkpt>
   <trkpt lat="-21.5493514" lon="-64.7347426">
    <ele>1897</ele>
    <time>2026-03-15T20:56:02Z</time>
    <extensions>
     <gpxdata:hr>118</gpxdata:hr>
     <gpxdata:distance>2019.50</gpxdata:distance>
     <gpxdata:speed>1.578</gpxdata:speed>
    </extensions>
   </trkpt>
   <trkpt lat="-21.5493653" lon="-64.7347424">
    <ele>1897</ele>
    <time>2026-03-15T20:56:03Z</time>
    <extensions>
     <gpxdata:hr>120</gpxdata:hr>
     <gpxdata:distance>2021.00</gpxdata:distance>
     <gpxdata:speed>1.561</gpxdata:speed>
    </extensions>
   </trkpt>
   <trkpt lat="-21.5493791" lon="-64.7347418">
    <ele>1897</ele>
    <time>2026-03-15T20:56:04Z</time>
    <extensions>
     <gpxdata:hr>121</gpxdata:hr>
     <gpxdata:distance>2022.50</gpxdata:distance>
     <gpxdata:speed>1.533</gpxdata:speed>
    </extensions>
   </trkpt>
   <trkpt lat="-21.5493931" lon="-64.7347405">
    <ele>1898</ele>
    <time>2026-03-15T20:56:05Z</time>
    <extensions>
     <gpxdata:hr>121</gpxdata:hr>
     <gpxdata:distance>2024.00</gpxdata:distance>
     <gpxdata:speed>1.586</gpxdata:speed>
    </extensions>
   </trkpt>
   <trkpt lat="-21.5494066" lon="-64.7347389">
    <ele>1898</ele>
    <time>2026-03-15T20:56:06Z</time>
    <extensions>
     <gpxdata:hr>122</gpxdata:hr>
     <gpxdata:distance>2025.50</gpxdata:distance>
     <gpxdata:speed>1.500</gpxdata:speed>
    </extensions>
   </trkpt>
   <trkpt lat="-21.5494204" lon="-64.7347368">
    <ele>1898</ele>
    <time>2026-03-15T20:56:07Z</time>
    <extensions>
     <gpxdata:hr>123</gpxdata:hr>
     <gpxdata:distance>2027.00</gpxdata:distance>
     <gpxdata:speed>1.550</gpxdata:speed>
    </extensions>
   </trkpt>
   <trkpt lat="-21.5494344" lon="-64.7347343">
    <ele>1898</ele>
    <time>2026-03-15T20:56:08Z</time>
    <extensions>
     <gpxdata:hr>124</gpxdata:hr>
     <gpxdata:distance>2028.50</gpxdata:distance>
     <gpxdata:speed>1.617</gpxdata:speed>
    </extensions>
   </trkpt>
   <trkpt lat="-21.5494485" lon="-64.7347320">
    <ele>1898</ele>
    <time>2026-03-15T20:56:09Z</time>
    <extensions>
     <gpxdata:hr>124</gpxdata:hr>
     <gpxdata:distance>2030.00</gpxdata:distance>
     <gpxdata:speed>1.592</gpxdata:speed>
    </extensions>
   </trkpt>
   <trkpt lat="-21.5494627" lon="-64.7347298">
    <ele>1898</ele>
    <time>2026-03-15T20:56:10Z</time>
    <extensions>
     <gpxdata:hr>124</gpxdata:hr>
     <gpxdata:distance>2032.00</gpxdata:distance>
     <gpxdata:speed>1.614</gpxdata:speed>
    </extensions>
   </trkpt>
   <trkpt lat="-21.5494771" lon="-64.7347282">
    <ele>1898</ele>
    <time>2026-03-15T20:56:11Z</time>
    <extensions>
     <gpxdata:hr>124</gpxdata:hr>
     <gpxdata:distance>2034.00</gpxdata:distance>
     <gpxdata:speed>1.636</gpxdata:speed>
    </extensions>
   </trkpt>
   <trkpt lat="-21.5494918" lon="-64.7347274">
    <ele>1898</ele>
    <time>2026-03-15T20:56:12Z</time>
    <extensions>
     <gpxdata:hr>124</gpxdata:hr>
     <gpxdata:distance>2035.50</gpxdata:distance>
     <gpxdata:speed>1.653</gpxdata:speed>
    </extensions>
   </trkpt>
   <trkpt lat="-21.5495069" lon="-64.7347275">
    <ele>1898</ele>
    <time>2026-03-15T20:56:13Z</time>
    <extensions>
     <gpxdata:hr>124</gpxdata:hr>
     <gpxdata:distance>2037.00</gpxdata:distance>
     <gpxdata:speed>1.728</gpxdata:speed>
    </extensions>
   </trkpt>
   <trkpt lat="-21.5495214" lon="-64.7347273">
    <ele>1898</ele>
    <time>2026-03-15T20:56:14Z</time>
    <extensions>
     <gpxdata:hr>124</gpxdata:hr>
     <gpxdata:distance>2038.50</gpxdata:distance>
     <gpxdata:speed>1.594</gpxdata:speed>
    </extensions>
   </trkpt>
   <trkpt lat="-21.5495358" lon="-64.7347268">
    <ele>1899</ele>
    <time>2026-03-15T20:56:15Z</time>
    <extensions>
     <gpxdata:hr>124</gpxdata:hr>
     <gpxdata:distance>2040.00</gpxdata:distance>
     <gpxdata:speed>1.589</gpxdata:speed>
    </extensions>
   </trkpt>
   <trkpt lat="-21.5495499" lon="-64.7347262">
    <ele>1899</ele>
    <time>2026-03-15T20:56:16Z</time>
    <extensions>
     <gpxdata:hr>124</gpxdata:hr>
     <gpxdata:distance>2042.00</gpxdata:distance>
     <gpxdata:speed>1.550</gpxdata:speed>
    </extensions>
   </trkpt>
   <trkpt lat="-21.5495645" lon="-64.7347258">
    <ele>1899</ele>
    <time>2026-03-15T20:56:17Z</time>
    <extensions>
     <gpxdata:hr>125</gpxdata:hr>
     <gpxdata:distance>2044.00</gpxdata:distance>
     <gpxdata:speed>1.647</gpxdata:speed>
    </extensions>
   </trkpt>
   <trkpt lat="-21.5495794" lon="-64.7347262">
    <ele>1899</ele>
    <time>2026-03-15T20:56:18Z</time>
    <extensions>
     <gpxdata:hr>126</gpxdata:hr>
     <gpxdata:distance>2045.50</gpxdata:distance>
     <gpxdata:speed>1.683</gpxdata:speed>
    </extensions>
   </trkpt>
   <trkpt lat="-21.5495936" lon="-64.7347276">
    <ele>1899</ele>
    <time>2026-03-15T20:56:19Z</time>
    <extensions>
     <gpxdata:hr>126</gpxdata:hr>
     <gpxdata:distance>2047.00</gpxdata:distance>
     <gpxdata:speed>1.569</gpxdata:speed>
    </extensions>
   </trkpt>
   <trkpt lat="-21.5496078" lon="-64.7347296">
    <ele>1899</ele>
    <time>2026-03-15T20:56:20Z</time>
    <extensions>
     <gpxdata:hr>127</gpxdata:hr>
     <gpxdata:distance>2048.50</gpxdata:distance>
     <gpxdata:speed>1.592</gpxdata:speed>
    </extensions>
   </trkpt>
   <trkpt lat="-21.5496219" lon="-64.7347313">
    <ele>1899</ele>
    <time>2026-03-15T20:56:21Z</time>
    <extensions>
     <gpxdata:hr>128</gpxdata:hr>
     <gpxdata:distance>2050.00</gpxdata:distance>
     <gpxdata:speed>1.550</gpxdata:speed>
    </extensions>
   </trkpt>
   <trkpt lat="-21.5496364" lon="-64.7347326">
    <ele>1899</ele>
    <time>2026-03-15T20:56:22Z</time>
    <extensions>
     <gpxdata:hr>127</gpxdata:hr>
     <gpxdata:distance>2051.50</gpxdata:distance>
     <gpxdata:speed>1.647</gpxdata:speed>
    </extensions>
   </trkpt>
   <trkpt lat="-21.5496508" lon="-64.7347334">
    <ele>1900</ele>
    <time>2026-03-15T20:56:23Z</time>
    <extensions>
     <gpxdata:hr>127</gpxdata:hr>
     <gpxdata:distance>2053.00</gpxdata:distance>
     <gpxdata:speed>1.611</gpxdata:speed>
    </extensions>
   </trkpt>
   <trkpt lat="-21.5496650" lon="-64.7347343">
    <ele>1900</ele>
    <time>2026-03-15T20:56:24Z</time>
    <extensions>
     <gpxdata:hr>126</gpxdata:hr>
     <gpxdata:distance>2054.50</gpxdata:distance>
     <gpxdata:speed>1.558</gpxdata:speed>
    </extensions>
   </trkpt>
   <trkpt lat="-21.5496792" lon="-64.7347354">
    <ele>1900</ele>
    <time>2026-03-15T20:56:25Z</time>
    <extensions>
     <gpxdata:hr>125</gpxdata:hr>
     <gpxdata:distance>2056.00</gpxdata:distance>
     <gpxdata:speed>1.586</gpxdata:speed>
    </extensions>
   </trkpt>
   <trkpt lat="-21.5496933" lon="-64.7347370">
    <ele>1900</ele>
    <time>2026-03-15T20:56:26Z</time>
    <extensions>
     <gpxdata:hr>125</gpxdata:hr>
     <gpxdata:distance>2057.50</gpxdata:distance>
     <gpxdata:speed>1.569</gpxdata:speed>
    </extensions>
   </trkpt>
   <trkpt lat="-21.5497068" lon="-64.7347400">
    <ele>1900</ele>
    <time>2026-03-15T20:56:27Z</time>
    <extensions>
     <gpxdata:hr>125</gpxdata:hr>
     <gpxdata:distance>2059.00</gpxdata:distance>
     <gpxdata:speed>1.508</gpxdata:speed>
    </extensions>
   </trkpt>
   <trkpt lat="-21.5497201" lon="-64.7347430">
    <ele>1900</ele>
    <time>2026-03-15T20:56:28Z</time>
    <extensions>
     <gpxdata:hr>125</gpxdata:hr>
     <gpxdata:distance>2060.50</gpxdata:distance>
     <gpxdata:speed>1.489</gpxdata:speed>
    </extensions>
   </trkpt>
   <trkpt lat="-21.5497330" lon="-64.7347460">
    <ele>1900</ele>
    <time>2026-03-15T20:56:29Z</time>
    <extensions>
     <gpxdata:hr>125</gpxdata:hr>
     <gpxdata:distance>2062.00</gpxdata:distance>
     <gpxdata:speed>1.431</gpxdata:speed>
    </extensions>
   </trkpt>
   <trkpt lat="-21.5497459" lon="-64.7347495">
    <ele>1900</ele>
    <time>2026-03-15T20:56:30Z</time>
    <extensions>
     <gpxdata:hr>125</gpxdata:hr>
     <gpxdata:distance>2063.50</gpxdata:distance>
     <gpxdata:speed>1.467</gpxdata:speed>
    </extensions>
   </trkpt>
   <trkpt lat="-21.5497593" lon="-64.7347539">
    <ele>1900</ele>
    <time>2026-03-15T20:56:31Z</time>
    <extensions>
     <gpxdata:hr>123</gpxdata:hr>
     <gpxdata:distance>2065.00</gpxdata:distance>
     <gpxdata:speed>1.594</gpxdata:speed>
    </extensions>
   </trkpt>
   <trkpt lat="-21.5497720" lon="-64.7347582">
    <ele>1900</ele>
    <time>2026-03-15T20:56:32Z</time>
    <extensions>
     <gpxdata:hr>123</gpxdata:hr>
     <gpxdata:distance>2066.50</gpxdata:distance>
     <gpxdata:speed>1.472</gpxdata:speed>
    </extensions>
   </trkpt>
   <trkpt lat="-21.5497847" lon="-64.7347626">
    <ele>1900</ele>
    <time>2026-03-15T20:56:33Z</time>
    <extensions>
     <gpxdata:hr>123</gpxdata:hr>
     <gpxdata:distance>2068.00</gpxdata:distance>
     <gpxdata:speed>1.478</gpxdata:speed>
    </extensions>
   </trkpt>
   <trkpt lat="-21.5497972" lon="-64.7347672">
    <ele>1901</ele>
    <time>2026-03-15T20:56:34Z</time>
    <extensions>
     <gpxdata:hr>123</gpxdata:hr>
     <gpxdata:distance>2069.50</gpxdata:distance>
     <gpxdata:speed>1.450</gpxdata:speed>
    </extensions>
   </trkpt>
   <trkpt lat="-21.5498094" lon="-64.7347719">
    <ele>1901</ele>
    <time>2026-03-15T20:56:35Z</time>
    <extensions>
     <gpxdata:hr>123</gpxdata:hr>
     <gpxdata:distance>2071.00</gpxdata:distance>
     <gpxdata:speed>1.422</gpxdata:speed>
    </extensions>
   </trkpt>
   <trkpt lat="-21.5498215" lon="-64.7347764">
    <ele>1901</ele>
    <time>2026-03-15T20:56:36Z</time>
    <extensions>
     <gpxdata:hr>123</gpxdata:hr>
     <gpxdata:distance>2072.50</gpxdata:distance>
     <gpxdata:speed>1.386</gpxdata:speed>
    </extensions>
   </trkpt>
   <trkpt lat="-21.5498334" lon="-64.7347805">
    <ele>1901</ele>
    <time>2026-03-15T20:56:37Z</time>
    <extensions>
     <gpxdata:hr>123</gpxdata:hr>
     <gpxdata:distance>2074.00</gpxdata:distance>
     <gpxdata:speed>1.364</gpxdata:speed>
    </extensions>
   </trkpt>
   <trkpt lat="-21.5498460" lon="-64.7347851">
    <ele>1901</ele>
    <time>2026-03-15T20:56:38Z</time>
    <extensions>
     <gpxdata:hr>123</gpxdata:hr>
     <gpxdata:distance>2075.50</gpxdata:distance>
     <gpxdata:speed>1.511</gpxdata:speed>
    </extensions>
   </trkpt>
   <trkpt lat="-21.5498585" lon="-64.7347896">
    <ele>1901</ele>
    <time>2026-03-15T20:56:39Z</time>
    <extensions>
     <gpxdata:hr>123</gpxdata:hr>
     <gpxdata:distance>2077.00</gpxdata:distance>
     <gpxdata:speed>1.486</gpxdata:speed>
    </extensions>
   </trkpt>
   <trkpt lat="-21.5498709" lon="-64.7347941">
    <ele>1901</ele>
    <time>2026-03-15T20:56:40Z</time>
    <extensions>
     <gpxdata:hr>123</gpxdata:hr>
     <gpxdata:distance>2078.50</gpxdata:distance>
     <gpxdata:speed>1.447</gpxdata:speed>
    </extensions>
   </trkpt>
   <trkpt lat="-21.5498834" lon="-64.7347991">
    <ele>1901</ele>
    <time>2026-03-15T20:56:41Z</time>
    <extensions>
     <gpxdata:hr>123</gpxdata:hr>
     <gpxdata:distance>2080.00</gpxdata:distance>
     <gpxdata:speed>1.503</gpxdata:speed>
    </extensions>
   </trkpt>
   <trkpt lat="-21.5498961" lon="-64.7348046">
    <ele>1902</ele>
    <time>2026-03-15T20:56:42Z</time>
    <extensions>
     <gpxdata:hr>123</gpxdata:hr>
     <gpxdata:distance>2081.50</gpxdata:distance>
     <gpxdata:speed>1.564</gpxdata:speed>
    </extensions>
   </trkpt>
   <trkpt lat="-21.5499091" lon="-64.7348106">
    <ele>1902</ele>
    <time>2026-03-15T20:56:43Z</time>
    <extensions>
     <gpxdata:hr>125</gpxdata:hr>
     <gpxdata:distance>2083.00</gpxdata:distance>
     <gpxdata:speed>1.606</gpxdata:speed>
    </extensions>
   </trkpt>
   <trkpt lat="-21.5499218" lon="-64.7348168">
    <ele>1902</ele>
    <time>2026-03-15T20:56:44Z</time>
    <extensions>
     <gpxdata:hr>125</gpxdata:hr>
     <gpxdata:distance>2084.50</gpxdata:distance>
     <gpxdata:speed>1.567</gpxdata:speed>
    </extensions>
   </trkpt>
   <trkpt lat="-21.5499345" lon="-64.7348231">
    <ele>1902</ele>
    <time>2026-03-15T20:56:45Z</time>
    <extensions>
     <gpxdata:hr>124</gpxdata:hr>
     <gpxdata:distance>2086.00</gpxdata:distance>
     <gpxdata:speed>1.581</gpxdata:speed>
    </extensions>
   </trkpt>
   <trkpt lat="-21.5499474" lon="-64.7348299">
    <ele>1902</ele>
    <time>2026-03-15T20:56:46Z</time>
    <extensions>
     <gpxdata:hr>125</gpxdata:hr>
     <gpxdata:distance>2087.50</gpxdata:distance>
     <gpxdata:speed>1.631</gpxdata:speed>
    </extensions>
   </trkpt>
   <trkpt lat="-21.5499601" lon="-64.7348369">
    <ele>1902</ele>
    <time>2026-03-15T20:56:47Z</time>
    <extensions>
     <gpxdata:hr>125</gpxdata:hr>
     <gpxdata:distance>2089.00</gpxdata:distance>
     <gpxdata:speed>1.586</gpxdata:speed>
    </extensions>
   </trkpt>
   <trkpt lat="-21.5499725" lon="-64.7348437">
    <ele>1902</ele>
    <time>2026-03-15T20:56:48Z</time>
    <extensions>
     <gpxdata:hr>126</gpxdata:hr>
     <gpxdata:distance>2090.50</gpxdata:distance>
     <gpxdata:speed>1.536</gpxdata:speed>
    </extensions>
   </trkpt>
   <trkpt lat="-21.5499839" lon="-64.7348520">
    <ele>1902</ele>
    <time>2026-03-15T20:56:49Z</time>
    <extensions>
     <gpxdata:hr>126</gpxdata:hr>
     <gpxdata:distance>2092.00</gpxdata:distance>
     <gpxdata:speed>1.522</gpxdata:speed>
    </extensions>
   </trkpt>
   <trkpt lat="-21.5499947" lon="-64.7348607">
    <ele>1902</ele>
    <time>2026-03-15T20:56:50Z</time>
    <extensions>
     <gpxdata:hr>127</gpxdata:hr>
     <gpxdata:distance>2093.50</gpxdata:distance>
     <gpxdata:speed>1.489</gpxdata:speed>
    </extensions>
   </trkpt>
   <trkpt lat="-21.5500056" lon="-64.7348691">
    <ele>1903</ele>
    <time>2026-03-15T20:56:51Z</time>
    <extensions>
     <gpxdata:hr>131</gpxdata:hr>
     <gpxdata:distance>2095.00</gpxdata:distance>
     <gpxdata:speed>1.464</gpxdata:speed>
    </extensions>
   </trkpt>
   <trkpt lat="-21.5500163" lon="-64.7348769">
    <ele>1903</ele>
    <time>2026-03-15T20:56:52Z</time>
    <extensions>
     <gpxdata:hr>132</gpxdata:hr>
     <gpxdata:distance>2096.50</gpxdata:distance>
     <gpxdata:speed>1.403</gpxdata:speed>
    </extensions>
   </trkpt>
   <trkpt lat="-21.5500279" lon="-64.7348843">
    <ele>1903</ele>
    <time>2026-03-15T20:56:53Z</time>
    <extensions>
     <gpxdata:hr>134</gpxdata:hr>
     <gpxdata:distance>2098.00</gpxdata:distance>
     <gpxdata:speed>1.525</gpxdata:speed>
    </extensions>
   </trkpt>
   <trkpt lat="-21.5500402" lon="-64.7348919">
    <ele>1903</ele>
    <time>2026-03-15T20:56:54Z</time>
    <extensions>
     <gpxdata:hr>134</gpxdata:hr>
     <gpxdata:distance>2100.00</gpxdata:distance>
     <gpxdata:speed>1.622</gpxdata:speed>
    </extensions>
   </trkpt>
   <trkpt lat="-21.5500529" lon="-64.7348992">
    <ele>1903</ele>
    <time>2026-03-15T20:56:55Z</time>
    <extensions>
     <gpxdata:hr>132</gpxdata:hr>
     <gpxdata:distance>2102.00</gpxdata:distance>
     <gpxdata:speed>1.650</gpxdata:speed>
    </extensions>
   </trkpt>
   <trkpt lat="-21.5500662" lon="-64.7349075">
    <ele>1903</ele>
    <time>2026-03-15T20:56:56Z</time>
    <extensions>
     <gpxdata:hr>132</gpxdata:hr>
     <gpxdata:distance>2103.50</gpxdata:distance>
     <gpxdata:speed>1.794</gpxdata:speed>
    </extensions>
   </trkpt>
   <trkpt lat="-21.5500796" lon="-64.7349164">
    <ele>1904</ele>
    <time>2026-03-15T20:56:57Z</time>
    <extensions>
     <gpxdata:hr>132</gpxdata:hr>
     <gpxdata:distance>2105.00</gpxdata:distance>
     <gpxdata:speed>1.836</gpxdata:speed>
    </extensions>
   </trkpt>
   <trkpt lat="-21.5500924" lon="-64.7349250">
    <ele>1904</ele>
    <time>2026-03-15T20:56:58Z</time>
    <extensions>
     <gpxdata:hr>134</gpxdata:hr>
     <gpxdata:distance>2107.00</gpxdata:distance>
     <gpxdata:speed>1.664</gpxdata:speed>
    </extensions>
   </trkpt>
   <trkpt lat="-21.5501050" lon="-64.7349338">
    <ele>1904</ele>
    <time>2026-03-15T20:56:59Z</time>
    <extensions>
     <gpxdata:hr>134</gpxdata:hr>
     <gpxdata:distance>2109.00</gpxdata:distance>
     <gpxdata:speed>1.669</gpxdata:speed>
    </extensions>
   </trkpt>
   <trkpt lat="-21.5501170" lon="-64.7349422">
    <ele>1904</ele>
    <time>2026-03-15T20:57:00Z</time>
    <extensions>
     <gpxdata:hr>132</gpxdata:hr>
     <gpxdata:distance>2110.50</gpxdata:distance>
     <gpxdata:speed>1.544</gpxdata:speed>
    </extensions>
   </trkpt>
   <trkpt lat="-21.5501291" lon="-64.7349516">
    <ele>1904</ele>
    <time>2026-03-15T20:57:01Z</time>
    <extensions>
     <gpxdata:hr>131</gpxdata:hr>
     <gpxdata:distance>2112.00</gpxdata:distance>
     <gpxdata:speed>1.675</gpxdata:speed>
    </extensions>
   </trkpt>
   <trkpt lat="-21.5501416" lon="-64.7349610">
    <ele>1904</ele>
    <time>2026-03-15T20:57:02Z</time>
    <extensions>
     <gpxdata:hr>131</gpxdata:hr>
     <gpxdata:distance>2114.00</gpxdata:distance>
     <gpxdata:speed>1.719</gpxdata:speed>
    </extensions>
   </trkpt>
   <trkpt lat="-21.5501544" lon="-64.7349709">
    <ele>1904</ele>
    <time>2026-03-15T20:57:03Z</time>
    <extensions>
     <gpxdata:hr>131</gpxdata:hr>
     <gpxdata:distance>2116.00</gpxdata:distance>
     <gpxdata:speed>1.797</gpxdata:speed>
    </extensions>
   </trkpt>
   <trkpt lat="-21.5501670" lon="-64.7349814">
    <ele>1904</ele>
    <time>2026-03-15T20:57:04Z</time>
    <extensions>
     <gpxdata:hr>132</gpxdata:hr>
     <gpxdata:distance>2117.50</gpxdata:distance>
     <gpxdata:speed>1.808</gpxdata:speed>
    </extensions>
   </trkpt>
   <trkpt lat="-21.5501785" lon="-64.7349918">
    <ele>1904</ele>
    <time>2026-03-15T20:57:05Z</time>
    <extensions>
     <gpxdata:hr>133</gpxdata:hr>
     <gpxdata:distance>2119.00</gpxdata:distance>
     <gpxdata:speed>1.658</gpxdata:speed>
    </extensions>
   </trkpt>
   <trkpt lat="-21.5501899" lon="-64.7350026">
    <ele>1904</ele>
    <time>2026-03-15T20:57:06Z</time>
    <extensions>
     <gpxdata:hr>135</gpxdata:hr>
     <gpxdata:distance>2120.50</gpxdata:distance>
     <gpxdata:speed>1.661</gpxdata:speed>
    </extensions>
   </trkpt>
   <trkpt lat="-21.5502008" lon="-64.7350125">
    <ele>1905</ele>
    <time>2026-03-15T20:57:07Z</time>
    <extensions>
     <gpxdata:hr>135</gpxdata:hr>
     <gpxdata:distance>2122.00</gpxdata:distance>
     <gpxdata:speed>1.531</gpxdata:speed>
    </extensions>
   </trkpt>
   <trkpt lat="-21.5502122" lon="-64.7350218">
    <ele>1905</ele>
    <time>2026-03-15T20:57:08Z</time>
    <extensions>
     <gpxdata:hr>135</gpxdata:hr>
     <gpxdata:distance>2123.50</gpxdata:distance>
     <gpxdata:speed>1.558</gpxdata:speed>
    </extensions>
   </trkpt>
   <trkpt lat="-21.5502238" lon="-64.7350307">
    <ele>1905</ele>
    <time>2026-03-15T20:57:09Z</time>
    <extensions>
     <gpxdata:hr>135</gpxdata:hr>
     <gpxdata:distance>2125.00</gpxdata:distance>
     <gpxdata:speed>1.569</gpxdata:speed>
    </extensions>
   </trkpt>
   <trkpt lat="-21.5502355" lon="-64.7350405">
    <ele>1905</ele>
    <time>2026-03-15T20:57:10Z</time>
    <extensions>
     <gpxdata:hr>135</gpxdata:hr>
     <gpxdata:distance>2127.00</gpxdata:distance>
     <gpxdata:speed>1.672</gpxdata:speed>
    </extensions>
   </trkpt>
   <trkpt lat="-21.5502468" lon="-64.7350513">
    <ele>1905</ele>
    <time>2026-03-15T20:57:11Z</time>
    <extensions>
     <gpxdata:hr>136</gpxdata:hr>
     <gpxdata:distance>2129.00</gpxdata:distance>
     <gpxdata:speed>1.728</gpxdata:speed>
    </extensions>
   </trkpt>
   <trkpt lat="-21.5502574" lon="-64.7350634">
    <ele>1905</ele>
    <time>2026-03-15T20:57:12Z</time>
    <extensions>
     <gpxdata:hr>136</gpxdata:hr>
     <gpxdata:distance>2130.50</gpxdata:distance>
     <gpxdata:speed>1.764</gpxdata:speed>
    </extensions>
   </trkpt>
   <trkpt lat="-21.5502676" lon="-64.7350765">
    <ele>1905</ele>
    <time>2026-03-15T20:57:13Z</time>
    <extensions>
     <gpxdata:hr>136</gpxdata:hr>
     <gpxdata:distance>2132.00</gpxdata:distance>
     <gpxdata:speed>1.828</gpxdata:speed>
    </extensions>
   </trkpt>
   <trkpt lat="-21.5502769" lon="-64.7350895">
    <ele>1905</ele>
    <time>2026-03-15T20:57:14Z</time>
    <extensions>
     <gpxdata:hr>136</gpxdata:hr>
     <gpxdata:distance>2134.00</gpxdata:distance>
     <gpxdata:speed>1.697</gpxdata:speed>
    </extensions>
   </trkpt>
   <trkpt lat="-21.5502861" lon="-64.7351029">
    <ele>1905</ele>
    <time>2026-03-15T20:57:15Z</time>
    <extensions>
     <gpxdata:hr>138</gpxdata:hr>
     <gpxdata:distance>2136.00</gpxdata:distance>
     <gpxdata:speed>1.742</gpxdata:speed>
    </extensions>
   </trkpt>
   <trkpt lat="-21.5502955" lon="-64.7351164">
    <ele>1906</ele>
    <time>2026-03-15T20:57:16Z</time>
    <extensions>
     <gpxdata:hr>138</gpxdata:hr>
     <gpxdata:distance>2137.50</gpxdata:distance>
     <gpxdata:speed>1.761</gpxdata:speed>
    </extensions>
   </trkpt>
   <trkpt lat="-21.5503051" lon="-64.7351294">
    <ele>1906</ele>
    <time>2026-03-15T20:57:17Z</time>
    <extensions>
     <gpxdata:hr>137</gpxdata:hr>
     <gpxdata:distance>2139.00</gpxdata:distance>
     <gpxdata:speed>1.722</gpxdata:speed>
    </extensions>
   </trkpt>
   <trkpt lat="-21.5503142" lon="-64.7351421">
    <ele>1906</ele>
    <time>2026-03-15T20:57:18Z</time>
    <extensions>
     <gpxdata:hr>137</gpxdata:hr>
     <gpxdata:distance>2140.50</gpxdata:distance>
     <gpxdata:speed>1.603</gpxdata:speed>
    </extensions>
   </trkpt>
   <trkpt lat="-21.5503229" lon="-64.7351547">
    <ele>1906</ele>
    <time>2026-03-15T20:57:19Z</time>
    <extensions>
     <gpxdata:hr>137</gpxdata:hr>
     <gpxdata:distance>2142.00</gpxdata:distance>
     <gpxdata:speed>1.592</gpxdata:speed>
    </extensions>
   </trkpt>
   <trkpt lat="-21.5503314" lon="-64.7351683">
    <ele>1906</ele>
    <time>2026-03-15T20:57:20Z</time>
    <extensions>
     <gpxdata:hr>137</gpxdata:hr>
     <gpxdata:distance>2144.00</gpxdata:distance>
     <gpxdata:speed>1.719</gpxdata:speed>
    </extensions>
   </trkpt>
   <trkpt lat="-21.5503398" lon="-64.7351840">
    <ele>1906</ele>
    <time>2026-03-15T20:57:21Z</time>
    <extensions>
     <gpxdata:hr>138</gpxdata:hr>
     <gpxdata:distance>2146.00</gpxdata:distance>
     <gpxdata:speed>1.992</gpxdata:speed>
    </extensions>
   </trkpt>
   <trkpt lat="-21.5503483" lon="-64.7352000">
    <ele>1906</ele>
    <time>2026-03-15T20:57:22Z</time>
    <extensions>
     <gpxdata:hr>138</gpxdata:hr>
     <gpxdata:distance>2148.00</gpxdata:distance>
     <gpxdata:speed>1.994</gpxdata:speed>
    </extensions>
   </trkpt>
   <trkpt lat="-21.5503563" lon="-64.7352152">
    <ele>1906</ele>
    <time>2026-03-15T20:57:23Z</time>
    <extensions>
     <gpxdata:hr>139</gpxdata:hr>
     <gpxdata:distance>2150.00</gpxdata:distance>
     <gpxdata:speed>1.792</gpxdata:speed>
    </extensions>
   </trkpt>
   <trkpt lat="-21.5503639" lon="-64.7352301">
    <ele>1906</ele>
    <time>2026-03-15T20:57:24Z</time>
    <extensions>
     <gpxdata:hr>138</gpxdata:hr>
     <gpxdata:distance>2151.50</gpxdata:distance>
     <gpxdata:speed>1.717</gpxdata:speed>
    </extensions>
   </trkpt>
   <trkpt lat="-21.5503712" lon="-64.7352448">
    <ele>1906</ele>
    <time>2026-03-15T20:57:25Z</time>
    <extensions>
     <gpxdata:hr>138</gpxdata:hr>
     <gpxdata:distance>2153.00</gpxdata:distance>
     <gpxdata:speed>1.697</gpxdata:speed>
    </extensions>
   </trkpt>
   <trkpt lat="-21.5503782" lon="-64.7352589">
    <ele>1907</ele>
    <time>2026-03-15T20:57:26Z</time>
    <extensions>
     <gpxdata:hr>138</gpxdata:hr>
     <gpxdata:distance>2154.50</gpxdata:distance>
     <gpxdata:speed>1.594</gpxdata:speed>
    </extensions>
   </trkpt>
   <trkpt lat="-21.5503848" lon="-64.7352730">
    <ele>1907</ele>
    <time>2026-03-15T20:57:27Z</time>
    <extensions>
     <gpxdata:hr>138</gpxdata:hr>
     <gpxdata:distance>2156.00</gpxdata:distance>
     <gpxdata:speed>1.583</gpxdata:speed>
    </extensions>
   </trkpt>
   <trkpt lat="-21.5503909" lon="-64.7352866">
    <ele>1907</ele>
    <time>2026-03-15T20:57:28Z</time>
    <extensions>
     <gpxdata:hr>137</gpxdata:hr>
     <gpxdata:distance>2157.50</gpxdata:distance>
     <gpxdata:speed>1.489</gpxdata:speed>
    </extensions>
   </trkpt>
   <trkpt lat="-21.5503970" lon="-64.7352999">
    <ele>1907</ele>
    <time>2026-03-15T20:57:29Z</time>
    <extensions>
     <gpxdata:hr>137</gpxdata:hr>
     <gpxdata:distance>2159.00</gpxdata:distance>
     <gpxdata:speed>1.494</gpxdata:speed>
    </extensions>
   </trkpt>
   <trkpt lat="-21.5504036" lon="-64.7353144">
    <ele>1907</ele>
    <time>2026-03-15T20:57:30Z</time>
    <extensions>
     <gpxdata:hr>137</gpxdata:hr>
     <gpxdata:distance>2161.00</gpxdata:distance>
     <gpxdata:speed>1.711</gpxdata:speed>
    </extensions>
   </trkpt>
   <trkpt lat="-21.5504111" lon="-64.7353281">
    <ele>1907</ele>
    <time>2026-03-15T20:57:31Z</time>
    <extensions>
     <gpxdata:hr>137</gpxdata:hr>
     <gpxdata:distance>2163.00</gpxdata:distance>
     <gpxdata:speed>1.675</gpxdata:speed>
    </extensions>
   </trkpt>
   <trkpt lat="-21.5504198" lon="-64.7353412">
    <ele>1907</ele>
    <time>2026-03-15T20:57:32Z</time>
    <extensions>
     <gpxdata:hr>137</gpxdata:hr>
     <gpxdata:distance>2164.50</gpxdata:distance>
     <gpxdata:speed>1.697</gpxdata:speed>
    </extensions>
   </trkpt>
   <trkpt lat="-21.5504295" lon="-64.7353542">
    <ele>1907</ele>
    <time>2026-03-15T20:57:33Z</time>
    <extensions>
     <gpxdata:hr>137</gpxdata:hr>
     <gpxdata:distance>2166.00</gpxdata:distance>
     <gpxdata:speed>1.772</gpxdata:speed>
    </extensions>
   </trkpt>
   <trkpt lat="-21.5504391" lon="-64.7353668">
    <ele>1908</ele>
    <time>2026-03-15T20:57:34Z</time>
    <extensions>
     <gpxdata:hr>137</gpxdata:hr>
     <gpxdata:distance>2167.50</gpxdata:distance>
     <gpxdata:speed>1.706</gpxdata:speed>
    </extensions>
   </trkpt>
   <trkpt lat="-21.5504473" lon="-64.7353795">
    <ele>1908</ele>
    <time>2026-03-15T20:57:35Z</time>
    <extensions>
     <gpxdata:hr>137</gpxdata:hr>
     <gpxdata:distance>2169.00</gpxdata:distance>
     <gpxdata:speed>1.553</gpxdata:speed>
    </extensions>
   </trkpt>
   <trkpt lat="-21.5504547" lon="-64.7353921">
    <ele>1908</ele>
    <time>2026-03-15T20:57:36Z</time>
    <extensions>
     <gpxdata:hr>136</gpxdata:hr>
     <gpxdata:distance>2170.50</gpxdata:distance>
     <gpxdata:speed>1.475</gpxdata:speed>
    </extensions>
   </trkpt>
   <trkpt lat="-21.5504614" lon="-64.7354051">
    <ele>1908</ele>
    <time>2026-03-15T20:57:37Z</time>
    <extensions>
     <gpxdata:hr>135</gpxdata:hr>
     <gpxdata:distance>2172.00</gpxdata:distance>
     <gpxdata:speed>1.514</gpxdata:speed>
    </extensions>
   </trkpt>
   <trkpt lat="-21.5504671" lon="-64.7354187">
    <ele>1908</ele>
    <time>2026-03-15T20:57:38Z</time>
    <extensions>
     <gpxdata:hr>135</gpxdata:hr>
     <gpxdata:distance>2174.00</gpxdata:distance>
     <gpxdata:speed>1.547</gpxdata:speed>
    </extensions>
   </trkpt>
   <trkpt lat="-21.5504728" lon="-64.7354335">
    <ele>1908</ele>
    <time>2026-03-15T20:57:39Z</time>
    <extensions>
     <gpxdata:hr>134</gpxdata:hr>
     <gpxdata:distance>2176.00</gpxdata:distance>
     <gpxdata:speed>1.728</gpxdata:speed>
    </extensions>
   </trkpt>
   <trkpt lat="-21.5504784" lon="-64.7354483">
    <ele>1908</ele>
    <time>2026-03-15T20:57:40Z</time>
    <extensions>
     <gpxdata:hr>134</gpxdata:hr>
     <gpxdata:distance>2177.00</gpxdata:distance>
     <gpxdata:speed>1.686</gpxdata:speed>
    </extensions>
   </trkpt>
   <trkpt lat="-21.5504834" lon="-64.7354621">
    <ele>1908</ele>
    <time>2026-03-15T20:57:41Z</time>
    <extensions>
     <gpxdata:hr>134</gpxdata:hr>
     <gpxdata:distance>2178.00</gpxdata:distance>
     <gpxdata:speed>1.469</gpxdata:speed>
    </extensions>
   </trkpt>
   <trkpt lat="-21.5504887" lon="-64.7354757">
    <ele>1908</ele>
    <time>2026-03-15T20:57:42Z</time>
    <extensions>
     <gpxdata:hr>135</gpxdata:hr>
     <gpxdata:distance>2179.50</gpxdata:distance>
     <gpxdata:speed>1.503</gpxdata:speed>
    </extensions>
   </trkpt>
   <trkpt lat="-21.5504940" lon="-64.7354889">
    <ele>1908</ele>
    <time>2026-03-15T20:57:43Z</time>
    <extensions>
     <gpxdata:hr>135</gpxdata:hr>
     <gpxdata:distance>2181.00</gpxdata:distance>
     <gpxdata:speed>1.450</gpxdata:speed>
    </extensions>
   </trkpt>
   <trkpt lat="-21.5504996" lon="-64.7355017">
    <ele>1909</ele>
    <time>2026-03-15T20:57:44Z</time>
    <extensions>
     <gpxdata:hr>135</gpxdata:hr>
     <gpxdata:distance>2182.50</gpxdata:distance>
     <gpxdata:speed>1.422</gpxdata:speed>
    </extensions>
   </trkpt>
   <trkpt lat="-21.5505051" lon="-64.7355149">
    <ele>1909</ele>
    <time>2026-03-15T20:57:45Z</time>
    <extensions>
     <gpxdata:hr>136</gpxdata:hr>
     <gpxdata:distance>2184.00</gpxdata:distance>
     <gpxdata:speed>1.492</gpxdata:speed>
    </extensions>
   </trkpt>
   <trkpt lat="-21.5505102" lon="-64.7355293">
    <ele>1909</ele>
    <time>2026-03-15T20:57:46Z</time>
    <extensions>
     <gpxdata:hr>135</gpxdata:hr>
     <gpxdata:distance>2186.00</gpxdata:distance>
     <gpxdata:speed>1.656</gpxdata:speed>
    </extensions>
   </trkpt>
   <trkpt lat="-21.5505147" lon="-64.7355449">
    <ele>1909</ele>
    <time>2026-03-15T20:57:47Z</time>
    <extensions>
     <gpxdata:hr>136</gpxdata:hr>
     <gpxdata:distance>2188.00</gpxdata:distance>
     <gpxdata:speed>1.792</gpxdata:speed>
    </extensions>
   </trkpt>
   <trkpt lat="-21.5505192" lon="-64.7355608">
    <ele>1909</ele>
    <time>2026-03-15T20:57:48Z</time>
    <extensions>
     <gpxdata:hr>135</gpxdata:hr>
     <gpxdata:distance>2189.50</gpxdata:distance>
     <gpxdata:speed>1.775</gpxdata:speed>
    </extensions>
   </trkpt>
   <trkpt lat="-21.5505230" lon="-64.7355761">
    <ele>1909</ele>
    <time>2026-03-15T20:57:49Z</time>
    <extensions>
     <gpxdata:hr>134</gpxdata:hr>
     <gpxdata:distance>2191.00</gpxdata:distance>
     <gpxdata:speed>1.633</gpxdata:speed>
    </extensions>
   </trkpt>
   <trkpt lat="-21.5505266" lon="-64.7355915">
    <ele>1909</ele>
    <time>2026-03-15T20:57:50Z</time>
    <extensions>
     <gpxdata:hr>135</gpxdata:hr>
     <gpxdata:distance>2193.00</gpxdata:distance>
     <gpxdata:speed>1.642</gpxdata:speed>
    </extensions>
   </trkpt>
   <trkpt lat="-21.5505304" lon="-64.7356084">
    <ele>1909</ele>
    <time>2026-03-15T20:57:51Z</time>
    <extensions>
     <gpxdata:hr>137</gpxdata:hr>
     <gpxdata:distance>2195.00</gpxdata:distance>
     <gpxdata:speed>1.881</gpxdata:speed>
    </extensions>
   </trkpt>
   <trkpt lat="-21.5505335" lon="-64.7356252">
    <ele>1909</ele>
    <time>2026-03-15T20:57:52Z</time>
    <extensions>
     <gpxdata:hr>138</gpxdata:hr>
     <gpxdata:distance>2196.50</gpxdata:distance>
     <gpxdata:speed>1.814</gpxdata:speed>
    </extensions>
   </trkpt>
   <trkpt lat="-21.5505367" lon="-64.7356416">
    <ele>1909</ele>
    <time>2026-03-15T20:57:53Z</time>
    <extensions>
     <gpxdata:hr>137</gpxdata:hr>
     <gpxdata:distance>2198.00</gpxdata:distance>
     <gpxdata:speed>1.733</gpxdata:speed>
    </extensions>
   </trkpt>
   <trkpt lat="-21.5505401" lon="-64.7356576">
    <ele>1910</ele>
    <time>2026-03-15T20:57:54Z</time>
    <extensions>
     <gpxdata:hr>136</gpxdata:hr>
     <gpxdata:distance>2200.00</gpxdata:distance>
     <gpxdata:speed>1.664</gpxdata:speed>
    </extensions>
   </trkpt>
   <trkpt lat="-21.5505439" lon="-64.7356732">
    <ele>1910</ele>
    <time>2026-03-15T20:57:55Z</time>
    <extensions>
     <gpxdata:hr>136</gpxdata:hr>
     <gpxdata:distance>2202.00</gpxdata:distance>
     <gpxdata:speed>1.639</gpxdata:speed>
    </extensions>
   </trkpt>
   <trkpt lat="-21.5505473" lon="-64.7356882">
    <ele>1910</ele>
    <time>2026-03-15T20:57:56Z</time>
    <extensions>
     <gpxdata:hr>136</gpxdata:hr>
     <gpxdata:distance>2203.50</gpxdata:distance>
     <gpxdata:speed>1.542</gpxdata:speed>
    </extensions>
   </trkpt>
   <trkpt lat="-21.5505509" lon="-64.7357034">
    <ele>1910</ele>
    <time>2026-03-15T20:57:57Z</time>
    <extensions>
     <gpxdata:hr>136</gpxdata:hr>
     <gpxdata:distance>2205.00</gpxdata:distance>
     <gpxdata:speed>1.614</gpxdata:speed>
    </extensions>
   </trkpt>
   <trkpt lat="-21.5505546" lon="-64.7357183">
    <ele>1910</ele>
    <time>2026-03-15T20:57:58Z</time>
    <extensions>
     <gpxdata:hr>135</gpxdata:hr>
     <gpxdata:distance>2206.50</gpxdata:distance>
     <gpxdata:speed>1.564</gpxdata:speed>
    </extensions>
   </trkpt>
   <trkpt lat="-21.5505582" lon="-64.7357331">
    <ele>1910</ele>
    <time>2026-03-15T20:57:59Z</time>
    <extensions>
     <gpxdata:hr>136</gpxdata:hr>
     <gpxdata:distance>2208.00</gpxdata:distance>
     <gpxdata:speed>1.564</gpxdata:speed>
    </extensions>
   </trkpt>
   <trkpt lat="-21.5505613" lon="-64.7357483">
    <ele>1910</ele>
    <time>2026-03-15T20:58:00Z</time>
    <extensions>
     <gpxdata:hr>136</gpxdata:hr>
     <gpxdata:distance>2209.50</gpxdata:distance>
     <gpxdata:speed>1.619</gpxdata:speed>
    </extensions>
   </trkpt>
   <trkpt lat="-21.5505640" lon="-64.7357640">
    <ele>1910</ele>
    <time>2026-03-15T20:58:01Z</time>
    <extensions>
     <gpxdata:hr>135</gpxdata:hr>
     <gpxdata:distance>2211.00</gpxdata:distance>
     <gpxdata:speed>1.675</gpxdata:speed>
    </extensions>
   </trkpt>
   <trkpt lat="-21.5505670" lon="-64.7357792">
    <ele>1910</ele>
    <time>2026-03-15T20:58:02Z</time>
    <extensions>
     <gpxdata:hr>132</gpxdata:hr>
     <gpxdata:distance>2212.50</gpxdata:distance>
     <gpxdata:speed>1.611</gpxdata:speed>
    </extensions>
   </trkpt>
   <trkpt lat="-21.5505703" lon="-64.7357939">
    <ele>1910</ele>
    <time>2026-03-15T20:58:03Z</time>
    <extensions>
     <gpxdata:hr>132</gpxdata:hr>
     <gpxdata:distance>2214.00</gpxdata:distance>
     <gpxdata:speed>1.531</gpxdata:speed>
    </extensions>
   </trkpt>
   <trkpt lat="-21.5505732" lon="-64.7358078">
    <ele>1911</ele>
    <time>2026-03-15T20:58:04Z</time>
    <extensions>
     <gpxdata:hr>132</gpxdata:hr>
     <gpxdata:distance>2215.50</gpxdata:distance>
     <gpxdata:speed>1.400</gpxdata:speed>
    </extensions>
   </trkpt>
   <trkpt lat="-21.5505758" lon="-64.7358217">
    <ele>1911</ele>
    <time>2026-03-15T20:58:05Z</time>
    <extensions>
     <gpxdata:hr>132</gpxdata:hr>
     <gpxdata:distance>2217.00</gpxdata:distance>
     <gpxdata:speed>1.425</gpxdata:speed>
    </extensions>
   </trkpt>
   <trkpt lat="-21.5505781" lon="-64.7358359">
    <ele>1911</ele>
    <time>2026-03-15T20:58:06Z</time>
    <extensions>
     <gpxdata:hr>132</gpxdata:hr>
     <gpxdata:distance>2218.50</gpxdata:distance>
     <gpxdata:speed>1.478</gpxdata:speed>
    </extensions>
   </trkpt>
   <trkpt lat="-21.5505802" lon="-64.7358507">
    <ele>1911</ele>
    <time>2026-03-15T20:58:07Z</time>
    <extensions>
     <gpxdata:hr>131</gpxdata:hr>
     <gpxdata:distance>2220.00</gpxdata:distance>
     <gpxdata:speed>1.583</gpxdata:speed>
    </extensions>
   </trkpt>
   <trkpt lat="-21.5505824" lon="-64.7358654">
    <ele>1911</ele>
    <time>2026-03-15T20:58:08Z</time>
    <extensions>
     <gpxdata:hr>130</gpxdata:hr>
     <gpxdata:distance>2221.50</gpxdata:distance>
     <gpxdata:speed>1.550</gpxdata:speed>
    </extensions>
   </trkpt>
   <trkpt lat="-21.5505847" lon="-64.7358797">
    <ele>1911</ele>
    <time>2026-03-15T20:58:09Z</time>
    <extensions>
     <gpxdata:hr>130</gpxdata:hr>
     <gpxdata:distance>2223.00</gpxdata:distance>
     <gpxdata:speed>1.486</gpxdata:speed>
    </extensions>
   </trkpt>
   <trkpt lat="-21.5505871" lon="-64.7358948">
    <ele>1911</ele>
    <time>2026-03-15T20:58:10Z</time>
    <extensions>
     <gpxdata:hr>129</gpxdata:hr>
     <gpxdata:distance>2225.00</gpxdata:distance>
     <gpxdata:speed>1.628</gpxdata:speed>
    </extensions>
   </trkpt>
   <trkpt lat="-21.5505898" lon="-64.7359109">
    <ele>1911</ele>
    <time>2026-03-15T20:58:11Z</time>
    <extensions>
     <gpxdata:hr>128</gpxdata:hr>
     <gpxdata:distance>2227.00</gpxdata:distance>
     <gpxdata:speed>1.772</gpxdata:speed>
    </extensions>
   </trkpt>
   <trkpt lat="-21.5505928" lon="-64.7359266">
    <ele>1911</ele>
    <time>2026-03-15T20:58:12Z</time>
    <extensions>
     <gpxdata:hr>128</gpxdata:hr>
     <gpxdata:distance>2228.50</gpxdata:distance>
     <gpxdata:speed>1.683</gpxdata:speed>
    </extensions>
   </trkpt>
   <trkpt lat="-21.5505951" lon="-64.7359420">
    <ele>1911</ele>
    <time>2026-03-15T20:58:13Z</time>
    <extensions>
     <gpxdata:hr>128</gpxdata:hr>
     <gpxdata:distance>2230.00</gpxdata:distance>
     <gpxdata:speed>1.606</gpxdata:speed>
    </extensions>
   </trkpt>
   <trkpt lat="-21.5505979" lon="-64.7359572">
    <ele>1911</ele>
    <time>2026-03-15T20:58:14Z</time>
    <extensions>
     <gpxdata:hr>129</gpxdata:hr>
     <gpxdata:distance>2232.00</gpxdata:distance>
     <gpxdata:speed>1.594</gpxdata:speed>
    </extensions>
   </trkpt>
   <trkpt lat="-21.5506005" lon="-64.7359735">
    <ele>1912</ele>
    <time>2026-03-15T20:58:15Z</time>
    <extensions>
     <gpxdata:hr>129</gpxdata:hr>
     <gpxdata:distance>2234.00</gpxdata:distance>
     <gpxdata:speed>1.758</gpxdata:speed>
    </extensions>
   </trkpt>
   <trkpt lat="-21.5506029" lon="-64.7359894">
    <ele>1912</ele>
    <time>2026-03-15T20:58:16Z</time>
    <extensions>
     <gpxdata:hr>132</gpxdata:hr>
     <gpxdata:distance>2235.50</gpxdata:distance>
     <gpxdata:speed>1.672</gpxdata:speed>
    </extensions>
   </trkpt>
   <trkpt lat="-21.5506050" lon="-64.7360050">
    <ele>1912</ele>
    <time>2026-03-15T20:58:17Z</time>
    <extensions>
     <gpxdata:hr>132</gpxdata:hr>
     <gpxdata:distance>2237.00</gpxdata:distance>
     <gpxdata:speed>1.614</gpxdata:speed>
    </extensions>
   </trkpt>
   <trkpt lat="-21.5506066" lon="-64.7360207">
    <ele>1912</ele>
    <time>2026-03-15T20:58:18Z</time>
    <extensions>
     <gpxdata:hr>134</gpxdata:hr>
     <gpxdata:distance>2238.50</gpxdata:distance>
     <gpxdata:speed>1.631</gpxdata:speed>
    </extensions>
   </trkpt>
   <trkpt lat="-21.5506085" lon="-64.7360363">
    <ele>1912</ele>
    <time>2026-03-15T20:58:19Z</time>
    <extensions>
     <gpxdata:hr>133</gpxdata:hr>
     <gpxdata:distance>2240.00</gpxdata:distance>
     <gpxdata:speed>1.619</gpxdata:speed>
    </extensions>
   </trkpt>
   <trkpt lat="-21.5506103" lon="-64.7360517">
    <ele>1912</ele>
    <time>2026-03-15T20:58:20Z</time>
    <extensions>
     <gpxdata:hr>133</gpxdata:hr>
     <gpxdata:distance>2241.50</gpxdata:distance>
     <gpxdata:speed>1.597</gpxdata:speed>
    </extensions>
   </trkpt>
   <trkpt lat="-21.5506129" lon="-64.7360674">
    <ele>1912</ele>
    <time>2026-03-15T20:58:21Z</time>
    <extensions>
     <gpxdata:hr>134</gpxdata:hr>
     <gpxdata:distance>2243.00</gpxdata:distance>
     <gpxdata:speed>1.661</gpxdata:speed>
    </extensions>
   </trkpt>
   <trkpt lat="-21.5506167" lon="-64.7360834">
    <ele>1912</ele>
    <time>2026-03-15T20:58:22Z</time>
    <extensions>
     <gpxdata:hr>133</gpxdata:hr>
     <gpxdata:distance>2244.50</gpxdata:distance>
     <gpxdata:speed>1.750</gpxdata:speed>
    </extensions>
   </trkpt>
   <trkpt lat="-21.5506206" lon="-64.7360985">
    <ele>1912</ele>
    <time>2026-03-15T20:58:23Z</time>
    <extensions>
     <gpxdata:hr>133</gpxdata:hr>
     <gpxdata:distance>2246.00</gpxdata:distance>
     <gpxdata:speed>1.600</gpxdata:speed>
    </extensions>
   </trkpt>
   <trkpt lat="-21.5506244" lon="-64.7361129">
    <ele>1912</ele>
    <time>2026-03-15T20:58:24Z</time>
    <extensions>
     <gpxdata:hr>133</gpxdata:hr>
     <gpxdata:distance>2247.50</gpxdata:distance>
     <gpxdata:speed>1.503</gpxdata:speed>
    </extensions>
   </trkpt>
   <trkpt lat="-21.5506281" lon="-64.7361273">
    <ele>1913</ele>
    <time>2026-03-15T20:58:25Z</time>
    <extensions>
     <gpxdata:hr>133</gpxdata:hr>
     <gpxdata:distance>2249.00</gpxdata:distance>
     <gpxdata:speed>1.511</gpxdata:speed>
    </extensions>
   </trkpt>
   <trkpt lat="-21.5506313" lon="-64.7361422">
    <ele>1913</ele>
    <time>2026-03-15T20:58:26Z</time>
    <extensions>
     <gpxdata:hr>133</gpxdata:hr>
     <gpxdata:distance>2251.00</gpxdata:distance>
     <gpxdata:speed>1.583</gpxdata:speed>
    </extensions>
   </trkpt>
   <trkpt lat="-21.5506340" lon="-64.7361569">
    <ele>1913</ele>
    <time>2026-03-15T20:58:27Z</time>
    <extensions>
     <gpxdata:hr>133</gpxdata:hr>
     <gpxdata:distance>2253.00</gpxdata:distance>
     <gpxdata:speed>1.539</gpxdata:speed>
    </extensions>
   </trkpt>
   <trkpt lat="-21.5506363" lon="-64.7361709">
    <ele>1913</ele>
    <time>2026-03-15T20:58:28Z</time>
    <extensions>
     <gpxdata:hr>133</gpxdata:hr>
     <gpxdata:distance>2254.50</gpxdata:distance>
     <gpxdata:speed>1.414</gpxdata:speed>
    </extensions>
   </trkpt>
   <trkpt lat="-21.5506395" lon="-64.7361860">
    <ele>1913</ele>
    <time>2026-03-15T20:58:29Z</time>
    <extensions>
     <gpxdata:hr>134</gpxdata:hr>
     <gpxdata:distance>2256.00</gpxdata:distance>
     <gpxdata:speed>1.650</gpxdata:speed>
    </extensions>
   </trkpt>
   <trkpt lat="-21.5506430" lon="-64.7362010">
    <ele>1913</ele>
    <time>2026-03-15T20:58:30Z</time>
    <extensions>
     <gpxdata:hr>134</gpxdata:hr>
     <gpxdata:distance>2257.50</gpxdata:distance>
     <gpxdata:speed>1.636</gpxdata:speed>
    </extensions>
   </trkpt>
   <trkpt lat="-21.5506473" lon="-64.7362153">
    <ele>1913</ele>
    <time>2026-03-15T20:58:31Z</time>
    <extensions>
     <gpxdata:hr>133</gpxdata:hr>
     <gpxdata:distance>2259.00</gpxdata:distance>
     <gpxdata:speed>1.539</gpxdata:speed>
    </extensions>
   </trkpt>
   <trkpt lat="-21.5506523" lon="-64.7362284">
    <ele>1913</ele>
    <time>2026-03-15T20:58:32Z</time>
    <extensions>
     <gpxdata:hr>132</gpxdata:hr>
     <gpxdata:distance>2260.50</gpxdata:distance>
     <gpxdata:speed>1.417</gpxdata:speed>
    </extensions>
   </trkpt>
   <trkpt lat="-21.5506576" lon="-64.7362416">
    <ele>1913</ele>
    <time>2026-03-15T20:58:33Z</time>
    <extensions>
     <gpxdata:hr>130</gpxdata:hr>
     <gpxdata:distance>2262.00</gpxdata:distance>
     <gpxdata:speed>1.467</gpxdata:speed>
    </extensions>
   </trkpt>
   <trkpt lat="-21.5506628" lon="-64.7362552">
    <ele>1914</ele>
    <time>2026-03-15T20:58:34Z</time>
    <extensions>
     <gpxdata:hr>129</gpxdata:hr>
     <gpxdata:distance>2263.50</gpxdata:distance>
     <gpxdata:speed>1.542</gpxdata:speed>
    </extensions>
   </trkpt>
   <trkpt lat="-21.5506683" lon="-64.7362693">
    <ele>1914</ele>
    <time>2026-03-15T20:58:35Z</time>
    <extensions>
     <gpxdata:hr>128</gpxdata:hr>
     <gpxdata:distance>2265.00</gpxdata:distance>
     <gpxdata:speed>1.622</gpxdata:speed>
    </extensions>
   </trkpt>
   <trkpt lat="-21.5506737" lon="-64.7362837">
    <ele>1914</ele>
    <time>2026-03-15T20:58:36Z</time>
    <extensions>
     <gpxdata:hr>126</gpxdata:hr>
     <gpxdata:distance>2266.50</gpxdata:distance>
     <gpxdata:speed>1.653</gpxdata:speed>
    </extensions>
   </trkpt>
   <trkpt lat="-21.5506795" lon="-64.7362983">
    <ele>1914</ele>
    <time>2026-03-15T20:58:37Z</time>
    <extensions>
     <gpxdata:hr>124</gpxdata:hr>
     <gpxdata:distance>2268.00</gpxdata:distance>
     <gpxdata:speed>1.681</gpxdata:speed>
    </extensions>
   </trkpt>
   <trkpt lat="-21.5506851" lon="-64.7363131">
    <ele>1914</ele>
    <time>2026-03-15T20:58:38Z</time>
    <extensions>
     <gpxdata:hr>122</gpxdata:hr>
     <gpxdata:distance>2270.00</gpxdata:distance>
     <gpxdata:speed>1.675</gpxdata:speed>
    </extensions>
   </trkpt>
   <trkpt lat="-21.5506905" lon="-64.7363276">
    <ele>1914</ele>
    <time>2026-03-15T20:58:39Z</time>
    <extensions>
     <gpxdata:hr>121</gpxdata:hr>
     <gpxdata:distance>2272.00</gpxdata:distance>
     <gpxdata:speed>1.611</gpxdata:speed>
    </extensions>
   </trkpt>
   <trkpt lat="-21.5506954" lon="-64.7363421">
    <ele>1914</ele>
    <time>2026-03-15T20:58:40Z</time>
    <extensions>
     <gpxdata:hr>120</gpxdata:hr>
     <gpxdata:distance>2273.00</gpxdata:distance>
     <gpxdata:speed>1.586</gpxdata:speed>
    </extensions>
   </trkpt>
   <trkpt lat="-21.5506999" lon="-64.7363560">
    <ele>1914</ele>
    <time>2026-03-15T20:58:41Z</time>
    <extensions>
     <gpxdata:hr>119</gpxdata:hr>
     <gpxdata:distance>2274.00</gpxdata:distance>
     <gpxdata:speed>1.464</gpxdata:speed>
    </extensions>
   </trkpt>
   <trkpt lat="-21.5507039" lon="-64.7363699">
    <ele>1914</ele>
    <time>2026-03-15T20:58:42Z</time>
    <extensions>
     <gpxdata:hr>119</gpxdata:hr>
     <gpxdata:distance>2276.00</gpxdata:distance>
     <gpxdata:speed>1.478</gpxdata:speed>
    </extensions>
   </trkpt>
   <trkpt lat="-21.5507081" lon="-64.7363849">
    <ele>1914</ele>
    <time>2026-03-15T20:58:43Z</time>
    <extensions>
     <gpxdata:hr>119</gpxdata:hr>
     <gpxdata:distance>2278.00</gpxdata:distance>
     <gpxdata:speed>1.661</gpxdata:speed>
    </extensions>
   </trkpt>
   <trkpt lat="-21.5507124" lon="-64.7363994">
    <ele>1915</ele>
    <time>2026-03-15T20:58:44Z</time>
    <extensions>
     <gpxdata:hr>126</gpxdata:hr>
     <gpxdata:distance>2279.50</gpxdata:distance>
     <gpxdata:speed>1.583</gpxdata:speed>
    </extensions>
   </trkpt>
   <trkpt lat="-21.5507171" lon="-64.7364135">
    <ele>1915</ele>
    <time>2026-03-15T20:58:45Z</time>
    <extensions>
     <gpxdata:hr>128</gpxdata:hr>
     <gpxdata:distance>2281.00</gpxdata:distance>
     <gpxdata:speed>1.531</gpxdata:speed>
    </extensions>
   </trkpt>
   <trkpt lat="-21.5507222" lon="-64.7364274">
    <ele>1915</ele>
    <time>2026-03-15T20:58:46Z</time>
    <extensions>
     <gpxdata:hr>130</gpxdata:hr>
     <gpxdata:distance>2282.50</gpxdata:distance>
     <gpxdata:speed>1.528</gpxdata:speed>
    </extensions>
   </trkpt>
   <trkpt lat="-21.5507278" lon="-64.7364418">
    <ele>1915</ele>
    <time>2026-03-15T20:58:47Z</time>
    <extensions>
     <gpxdata:hr>132</gpxdata:hr>
     <gpxdata:distance>2284.00</gpxdata:distance>
     <gpxdata:speed>1.653</gpxdata:speed>
    </extensions>
   </trkpt>
   <trkpt lat="-21.5507342" lon="-64.7364564">
    <ele>1915</ele>
    <time>2026-03-15T20:58:48Z</time>
    <extensions>
     <gpxdata:hr>135</gpxdata:hr>
     <gpxdata:distance>2285.50</gpxdata:distance>
     <gpxdata:speed>1.736</gpxdata:speed>
    </extensions>
   </trkpt>
   <trkpt lat="-21.5507408" lon="-64.7364705">
    <ele>1915</ele>
    <time>2026-03-15T20:58:49Z</time>
    <extensions>
     <gpxdata:hr>136</gpxdata:hr>
     <gpxdata:distance>2287.00</gpxdata:distance>
     <gpxdata:speed>1.642</gpxdata:speed>
    </extensions>
   </trkpt>
   <trkpt lat="-21.5507475" lon="-64.7364846">
    <ele>1915</ele>
    <time>2026-03-15T20:58:50Z</time>
    <extensions>
     <gpxdata:hr>138</gpxdata:hr>
     <gpxdata:distance>2289.00</gpxdata:distance>
     <gpxdata:speed>1.644</gpxdata:speed>
    </extensions>
   </trkpt>
   <trkpt lat="-21.5507542" lon="-64.7364993">
    <ele>1915</ele>
    <time>2026-03-15T20:58:51Z</time>
    <extensions>
     <gpxdata:hr>140</gpxdata:hr>
     <gpxdata:distance>2291.00</gpxdata:distance>
     <gpxdata:speed>1.728</gpxdata:speed>
    </extensions>
   </trkpt>
   <trkpt lat="-21.5507608" lon="-64.7365143">
    <ele>1915</ele>
    <time>2026-03-15T20:58:52Z</time>
    <extensions>
     <gpxdata:hr>140</gpxdata:hr>
     <gpxdata:distance>2292.50</gpxdata:distance>
     <gpxdata:speed>1.747</gpxdata:speed>
    </extensions>
   </trkpt>
   <trkpt lat="-21.5507675" lon="-64.7365289">
    <ele>1915</ele>
    <time>2026-03-15T20:58:53Z</time>
    <extensions>
     <gpxdata:hr>140</gpxdata:hr>
     <gpxdata:distance>2294.00</gpxdata:distance>
     <gpxdata:speed>1.683</gpxdata:speed>
    </extensions>
   </trkpt>
   <trkpt lat="-21.5507749" lon="-64.7365432">
    <ele>1915</ele>
    <time>2026-03-15T20:58:54Z</time>
    <extensions>
     <gpxdata:hr>140</gpxdata:hr>
     <gpxdata:distance>2295.50</gpxdata:distance>
     <gpxdata:speed>1.692</gpxdata:speed>
    </extensions>
   </trkpt>
   <trkpt lat="-21.5507819" lon="-64.7365567">
    <ele>1916</ele>
    <time>2026-03-15T20:58:55Z</time>
    <extensions>
     <gpxdata:hr>140</gpxdata:hr>
     <gpxdata:distance>2297.00</gpxdata:distance>
     <gpxdata:speed>1.564</gpxdata:speed>
    </extensions>
   </trkpt>
   <trkpt lat="-21.5507892" lon="-64.7365704">
    <ele>1916</ele>
    <time>2026-03-15T20:58:56Z</time>
    <extensions>
     <gpxdata:hr>140</gpxdata:hr>
     <gpxdata:distance>2299.00</gpxdata:distance>
     <gpxdata:speed>1.619</gpxdata:speed>
    </extensions>
   </trkpt>
   <trkpt lat="-21.5507960" lon="-64.7365845">
    <ele>1916</ele>
    <time>2026-03-15T20:58:57Z</time>
    <extensions>
     <gpxdata:hr>140</gpxdata:hr>
     <gpxdata:distance>2301.00</gpxdata:distance>
     <gpxdata:speed>1.636</gpxdata:speed>
    </extensions>
   </trkpt>
   <trkpt lat="-21.5508023" lon="-64.7365988">
    <ele>1916</ele>
    <time>2026-03-15T20:58:58Z</time>
    <extensions>
     <gpxdata:hr>140</gpxdata:hr>
     <gpxdata:distance>2302.50</gpxdata:distance>
     <gpxdata:speed>1.644</gpxdata:speed>
    </extensions>
   </trkpt>
   <trkpt lat="-21.5508085" lon="-64.7366134">
    <ele>1916</ele>
    <time>2026-03-15T20:58:59Z</time>
    <extensions>
     <gpxdata:hr>139</gpxdata:hr>
     <gpxdata:distance>2304.00</gpxdata:distance>
     <gpxdata:speed>1.672</gpxdata:speed>
    </extensions>
   </trkpt>
   <trkpt lat="-21.5508151" lon="-64.7366281">
    <ele>1916</ele>
    <time>2026-03-15T20:59:00Z</time>
    <extensions>
     <gpxdata:hr>137</gpxdata:hr>
     <gpxdata:distance>2306.00</gpxdata:distance>
     <gpxdata:speed>1.725</gpxdata:speed>
    </extensions>
   </trkpt>
   <trkpt lat="-21.5508231" lon="-64.7366430">
    <ele>1916</ele>
    <time>2026-03-15T20:59:01Z</time>
    <extensions>
     <gpxdata:hr>136</gpxdata:hr>
     <gpxdata:distance>2308.00</gpxdata:distance>
     <gpxdata:speed>1.831</gpxdata:speed>
    </extensions>
   </trkpt>
   <trkpt lat="-21.5508318" lon="-64.7366575">
    <ele>1916</ele>
    <time>2026-03-15T20:59:02Z</time>
    <extensions>
     <gpxdata:hr>135</gpxdata:hr>
     <gpxdata:distance>2310.00</gpxdata:distance>
     <gpxdata:speed>1.842</gpxdata:speed>
    </extensions>
   </trkpt>
   <trkpt lat="-21.5508414" lon="-64.7366724">
    <ele>1916</ele>
    <time>2026-03-15T20:59:03Z</time>
    <extensions>
     <gpxdata:hr>135</gpxdata:hr>
     <gpxdata:distance>2312.00</gpxdata:distance>
     <gpxdata:speed>1.956</gpxdata:speed>
    </extensions>
   </trkpt>
   <trkpt lat="-21.5508510" lon="-64.7366860">
    <ele>1916</ele>
    <time>2026-03-15T20:59:04Z</time>
    <extensions>
     <gpxdata:hr>134</gpxdata:hr>
     <gpxdata:distance>2313.50</gpxdata:distance>
     <gpxdata:speed>1.736</gpxdata:speed>
    </extensions>
   </trkpt>
   <trkpt lat="-21.5508617" lon="-64.7366991">
    <ele>1916</ele>
    <time>2026-03-15T20:59:05Z</time>
    <extensions>
     <gpxdata:hr>133</gpxdata:hr>
     <gpxdata:distance>2315.00</gpxdata:distance>
     <gpxdata:speed>1.828</gpxdata:speed>
    </extensions>
   </trkpt>
   <trkpt lat="-21.5508729" lon="-64.7367110">
    <ele>1916</ele>
    <time>2026-03-15T20:59:06Z</time>
    <extensions>
     <gpxdata:hr>132</gpxdata:hr>
     <gpxdata:distance>2317.00</gpxdata:distance>
     <gpxdata:speed>1.753</gpxdata:speed>
    </extensions>
   </trkpt>
   <trkpt lat="-21.5508847" lon="-64.7367233">
    <ele>1916</ele>
    <time>2026-03-15T20:59:07Z</time>
    <extensions>
     <gpxdata:hr>131</gpxdata:hr>
     <gpxdata:distance>2319.00</gpxdata:distance>
     <gpxdata:speed>1.869</gpxdata:speed>
    </extensions>
   </trkpt>
   <trkpt lat="-21.5508963" lon="-64.7367352">
    <ele>1916</ele>
    <time>2026-03-15T20:59:08Z</time>
    <extensions>
     <gpxdata:hr>133</gpxdata:hr>
     <gpxdata:distance>2320.50</gpxdata:distance>
     <gpxdata:speed>1.775</gpxdata:speed>
    </extensions>
   </trkpt>
   <trkpt lat="-21.5509074" lon="-64.7367474">
    <ele>1916</ele>
    <time>2026-03-15T20:59:09Z</time>
    <extensions>
     <gpxdata:hr>134</gpxdata:hr>
     <gpxdata:distance>2322.00</gpxdata:distance>
     <gpxdata:speed>1.747</gpxdata:speed>
    </extensions>
   </trkpt>
   <trkpt lat="-21.5509193" lon="-64.7367602">
    <ele>1917</ele>
    <time>2026-03-15T20:59:10Z</time>
    <extensions>
     <gpxdata:hr>134</gpxdata:hr>
     <gpxdata:distance>2324.50</gpxdata:distance>
     <gpxdata:speed>1.928</gpxdata:speed>
    </extensions>
   </trkpt>
   <trkpt lat="-21.5509320" lon="-64.7367730">
    <ele>1917</ele>
    <time>2026-03-15T20:59:11Z</time>
    <extensions>
     <gpxdata:hr>134</gpxdata:hr>
     <gpxdata:distance>2327.00</gpxdata:distance>
     <gpxdata:speed>2.011</gpxdata:speed>
    </extensions>
   </trkpt>
   <trkpt lat="-21.5509499" lon="-64.7367895">
    <ele>1917</ele>
    <time>2026-03-15T20:59:12Z</time>
    <extensions>
     <gpxdata:hr>134</gpxdata:hr>
     <gpxdata:distance>2328.50</gpxdata:distance>
     <gpxdata:speed>1.961</gpxdata:speed>
    </extensions>
   </trkpt>
   <trkpt lat="-21.5509609" lon="-64.7367996">
    <ele>1917</ele>
    <time>2026-03-15T20:59:13Z</time>
    <extensions>
     <gpxdata:hr>134</gpxdata:hr>
     <gpxdata:distance>2330.00</gpxdata:distance>
     <gpxdata:speed>1.972</gpxdata:speed>
    </extensions>
   </trkpt>
   <trkpt lat="-21.5509733" lon="-64.7368110">
    <ele>1917</ele>
    <time>2026-03-15T20:59:14Z</time>
    <extensions>
     <gpxdata:hr>133</gpxdata:hr>
     <gpxdata:distance>2332.00</gpxdata:distance>
     <gpxdata:speed>2.042</gpxdata:speed>
    </extensions>
   </trkpt>
   <trkpt lat="-21.5509907" lon="-64.7368261">
    <ele>1917</ele>
    <time>2026-03-15T20:59:15Z</time>
    <extensions>
     <gpxdata:hr>131</gpxdata:hr>
     <gpxdata:distance>2334.00</gpxdata:distance>
     <gpxdata:speed>1.886</gpxdata:speed>
    </extensions>
   </trkpt>
   <trkpt lat="-21.5510014" lon="-64.7368350">
    <ele>1917</ele>
    <time>2026-03-15T20:59:16Z</time>
    <extensions>
     <gpxdata:hr>130</gpxdata:hr>
     <gpxdata:distance>2335.50</gpxdata:distance>
     <gpxdata:speed>1.819</gpxdata:speed>
    </extensions>
   </trkpt>
   <trkpt lat="-21.5510122" lon="-64.7368448">
    <ele>1917</ele>
    <time>2026-03-15T20:59:17Z</time>
    <extensions>
     <gpxdata:hr>129</gpxdata:hr>
     <gpxdata:distance>2337.00</gpxdata:distance>
     <gpxdata:speed>1.683</gpxdata:speed>
    </extensions>
   </trkpt>
   <trkpt lat="-21.5510232" lon="-64.7368551">
    <ele>1917</ele>
    <time>2026-03-15T20:59:18Z</time>
    <extensions>
     <gpxdata:hr>128</gpxdata:hr>
     <gpxdata:distance>2339.00</gpxdata:distance>
     <gpxdata:speed>1.642</gpxdata:speed>
    </extensions>
   </trkpt>
   <trkpt lat="-21.5510352" lon="-64.7368664">
    <ele>1917</ele>
    <time>2026-03-15T20:59:19Z</time>
    <extensions>
     <gpxdata:hr>128</gpxdata:hr>
     <gpxdata:distance>2341.00</gpxdata:distance>
     <gpxdata:speed>1.856</gpxdata:speed>
    </extensions>
   </trkpt>
   <trkpt lat="-21.5510477" lon="-64.7368782">
    <ele>1917</ele>
    <time>2026-03-15T20:59:20Z</time>
    <extensions>
     <gpxdata:hr>128</gpxdata:hr>
     <gpxdata:distance>2343.00</gpxdata:distance>
     <gpxdata:speed>1.928</gpxdata:speed>
    </extensions>
   </trkpt>
   <trkpt lat="-21.5510603" lon="-64.7368890">
    <ele>1917</ele>
    <time>2026-03-15T20:59:21Z</time>
    <extensions>
     <gpxdata:hr>128</gpxdata:hr>
     <gpxdata:distance>2345.00</gpxdata:distance>
     <gpxdata:speed>1.775</gpxdata:speed>
    </extensions>
   </trkpt>
   <trkpt lat="-21.5510733" lon="-64.7368992">
    <ele>1917</ele>
    <time>2026-03-15T20:59:22Z</time>
    <extensions>
     <gpxdata:hr>127</gpxdata:hr>
     <gpxdata:distance>2347.00</gpxdata:distance>
     <gpxdata:speed>1.803</gpxdata:speed>
    </extensions>
   </trkpt>
   <trkpt lat="-21.5510866" lon="-64.7369108">
    <ele>1917</ele>
    <time>2026-03-15T20:59:23Z</time>
    <extensions>
     <gpxdata:hr>127</gpxdata:hr>
     <gpxdata:distance>2349.00</gpxdata:distance>
     <gpxdata:speed>1.958</gpxdata:speed>
    </extensions>
   </trkpt>
   <trkpt lat="-21.5510992" lon="-64.7369220">
    <ele>1917</ele>
    <time>2026-03-15T20:59:24Z</time>
    <extensions>
     <gpxdata:hr>126</gpxdata:hr>
     <gpxdata:distance>2350.50</gpxdata:distance>
     <gpxdata:speed>1.803</gpxdata:speed>
    </extensions>
   </trkpt>
   <trkpt lat="-21.5511117" lon="-64.7369333">
    <ele>1917</ele>
    <time>2026-03-15T20:59:25Z</time>
    <extensions>
     <gpxdata:hr>125</gpxdata:hr>
     <gpxdata:distance>2352.00</gpxdata:distance>
     <gpxdata:speed>1.806</gpxdata:speed>
    </extensions>
   </trkpt>
   <trkpt lat="-21.5511249" lon="-64.7369446">
    <ele>1917</ele>
    <time>2026-03-15T20:59:26Z</time>
    <extensions>
     <gpxdata:hr>124</gpxdata:hr>
     <gpxdata:distance>2354.00</gpxdata:distance>
     <gpxdata:speed>1.894</gpxdata:speed>
    </extensions>
   </trkpt>
   <trkpt lat="-21.5511382" lon="-64.7369560">
    <ele>1917</ele>
    <time>2026-03-15T20:59:27Z</time>
    <extensions>
     <gpxdata:hr>121</gpxdata:hr>
     <gpxdata:distance>2356.00</gpxdata:distance>
     <gpxdata:speed>1.922</gpxdata:speed>
    </extensions>
   </trkpt>
   <trkpt lat="-21.5511523" lon="-64.7369679">
    <ele>1918</ele>
    <time>2026-03-15T20:59:28Z</time>
    <extensions>
     <gpxdata:hr>121</gpxdata:hr>
     <gpxdata:distance>2358.00</gpxdata:distance>
     <gpxdata:speed>2.067</gpxdata:speed>
    </extensions>
   </trkpt>
   <trkpt lat="-21.5511715" lon="-64.7369847">
    <ele>1918</ele>
    <time>2026-03-15T20:59:29Z</time>
    <extensions>
     <gpxdata:hr>122</gpxdata:hr>
     <gpxdata:distance>2360.00</gpxdata:distance>
     <gpxdata:speed>2.086</gpxdata:speed>
    </extensions>
   </trkpt>
   <trkpt lat="-21.5511859" lon="-64.7369981">
    <ele>1918</ele>
    <time>2026-03-15T20:59:30Z</time>
    <extensions>
     <gpxdata:hr>122</gpxdata:hr>
     <gpxdata:distance>2362.00</gpxdata:distance>
     <gpxdata:speed>1.839</gpxdata:speed>
    </extensions>
   </trkpt>
   <trkpt lat="-21.5511957" lon="-64.7370067">
    <ele>1918</ele>
    <time>2026-03-15T20:59:31Z</time>
    <extensions>
     <gpxdata:hr>122</gpxdata:hr>
     <gpxdata:distance>2364.00</gpxdata:distance>
     <gpxdata:speed>1.814</gpxdata:speed>
    </extensions>
   </trkpt>
   <trkpt lat="-21.5512074" lon="-64.7370168">
    <ele>1918</ele>
    <time>2026-03-15T20:59:32Z</time>
    <extensions>
     <gpxdata:hr>121</gpxdata:hr>
     <gpxdata:distance>2366.00</gpxdata:distance>
     <gpxdata:speed>1.931</gpxdata:speed>
    </extensions>
   </trkpt>
   <trkpt lat="-21.5512209" lon="-64.7370278">
    <ele>1918</ele>
    <time>2026-03-15T20:59:33Z</time>
    <extensions>
     <gpxdata:hr>121</gpxdata:hr>
     <gpxdata:distance>2368.00</gpxdata:distance>
     <gpxdata:speed>2.058</gpxdata:speed>
    </extensions>
   </trkpt>
   <trkpt lat="-21.5512408" lon="-64.7370437">
    <ele>1918</ele>
    <time>2026-03-15T20:59:34Z</time>
    <extensions>
     <gpxdata:hr>119</gpxdata:hr>
     <gpxdata:distance>2370.00</gpxdata:distance>
     <gpxdata:speed>2.181</gpxdata:speed>
    </extensions>
   </trkpt>
   <trkpt lat="-21.5512570" lon="-64.7370559">
    <ele>1918</ele>
    <time>2026-03-15T20:59:35Z</time>
    <extensions>
     <gpxdata:hr>118</gpxdata:hr>
     <gpxdata:distance>2372.00</gpxdata:distance>
     <gpxdata:speed>1.956</gpxdata:speed>
    </extensions>
   </trkpt>
   <trkpt lat="-21.5512679" lon="-64.7370643">
    <ele>1918</ele>
    <time>2026-03-15T20:59:36Z</time>
    <extensions>
     <gpxdata:hr>118</gpxdata:hr>
     <gpxdata:distance>2374.50</gpxdata:distance>
     <gpxdata:speed>1.969</gpxdata:speed>
    </extensions>
   </trkpt>
   <trkpt lat="-21.5512816" lon="-64.7370749">
    <ele>1918</ele>
    <time>2026-03-15T20:59:37Z</time>
    <extensions>
     <gpxdata:hr>118</gpxdata:hr>
     <gpxdata:distance>2377.00</gpxdata:distance>
     <gpxdata:speed>2.236</gpxdata:speed>
    </extensions>
   </trkpt>
   <trkpt lat="-21.5513019" lon="-64.7370901">
    <ele>1918</ele>
    <time>2026-03-15T20:59:38Z</time>
    <extensions>
     <gpxdata:hr>118</gpxdata:hr>
     <gpxdata:distance>2379.00</gpxdata:distance>
     <gpxdata:speed>2.206</gpxdata:speed>
    </extensions>
   </trkpt>
   <trkpt lat="-21.5513202" lon="-64.7371036">
    <ele>1918</ele>
    <time>2026-03-15T20:59:39Z</time>
    <extensions>
     <gpxdata:hr>118</gpxdata:hr>
     <gpxdata:distance>2381.00</gpxdata:distance>
     <gpxdata:speed>2.292</gpxdata:speed>
    </extensions>
   </trkpt>
   <trkpt lat="-21.5513381" lon="-64.7371167">
    <ele>1918</ele>
    <time>2026-03-15T20:59:40Z</time>
    <extensions>
     <gpxdata:hr>119</gpxdata:hr>
     <gpxdata:distance>2383.50</gpxdata:distance>
     <gpxdata:speed>2.372</gpxdata:speed>
    </extensions>
   </trkpt>
   <trkpt lat="-21.5513557" lon="-64.7371289">
    <ele>1918</ele>
    <time>2026-03-15T20:59:41Z</time>
    <extensions>
     <gpxdata:hr>119</gpxdata:hr>
     <gpxdata:distance>2386.00</gpxdata:distance>
     <gpxdata:speed>2.303</gpxdata:speed>
    </extensions>
   </trkpt>
   <trkpt lat="-21.5513733" lon="-64.7371407">
    <ele>1918</ele>
    <time>2026-03-15T20:59:42Z</time>
    <extensions>
     <gpxdata:hr>119</gpxdata:hr>
     <gpxdata:distance>2388.00</gpxdata:distance>
     <gpxdata:speed>2.308</gpxdata:speed>
    </extensions>
   </trkpt>
   <trkpt lat="-21.5513916" lon="-64.7371510">
    <ele>1918</ele>
    <time>2026-03-15T20:59:43Z</time>
    <extensions>
     <gpxdata:hr>119</gpxdata:hr>
     <gpxdata:distance>2390.00</gpxdata:distance>
     <gpxdata:speed>2.303</gpxdata:speed>
    </extensions>
   </trkpt>
   <trkpt lat="-21.5514123" lon="-64.7371613">
    <ele>1918</ele>
    <time>2026-03-15T20:59:44Z</time>
    <extensions>
     <gpxdata:hr>119</gpxdata:hr>
     <gpxdata:distance>2393.00</gpxdata:distance>
     <gpxdata:speed>2.622</gpxdata:speed>
    </extensions>
   </trkpt>
   <trkpt lat="-21.5514326" lon="-64.7371707">
    <ele>1918</ele>
    <time>2026-03-15T20:59:45Z</time>
    <extensions>
     <gpxdata:hr>119</gpxdata:hr>
     <gpxdata:distance>2396.00</gpxdata:distance>
     <gpxdata:speed>2.475</gpxdata:speed>
    </extensions>
   </trkpt>
   <trkpt lat="-21.5514531" lon="-64.7371795">
    <ele>1918</ele>
    <time>2026-03-15T20:59:46Z</time>
    <extensions>
     <gpxdata:hr>121</gpxdata:hr>
     <gpxdata:distance>2398.50</gpxdata:distance>
     <gpxdata:speed>2.469</gpxdata:speed>
    </extensions>
   </trkpt>
   <trkpt lat="-21.5514757" lon="-64.7371867">
    <ele>1918</ele>
    <time>2026-03-15T20:59:47Z</time>
    <extensions>
     <gpxdata:hr>121</gpxdata:hr>
     <gpxdata:distance>2401.00</gpxdata:distance>
     <gpxdata:speed>2.694</gpxdata:speed>
    </extensions>
   </trkpt>
   <trkpt lat="-21.5514978" lon="-64.7371924">
    <ele>1918</ele>
    <time>2026-03-15T20:59:48Z</time>
    <extensions>
     <gpxdata:hr>121</gpxdata:hr>
     <gpxdata:distance>2403.50</gpxdata:distance>
     <gpxdata:speed>2.536</gpxdata:speed>
    </extensions>
   </trkpt>
   <trkpt lat="-21.5515205" lon="-64.7371967">
    <ele>1918</ele>
    <time>2026-03-15T20:59:49Z</time>
    <extensions>
     <gpxdata:hr>119</gpxdata:hr>
     <gpxdata:distance>2406.00</gpxdata:distance>
     <gpxdata:speed>2.583</gpxdata:speed>
    </extensions>
   </trkpt>
   <trkpt lat="-21.5515440" lon="-64.7372003">
    <ele>1918</ele>
    <time>2026-03-15T20:59:50Z</time>
    <extensions>
     <gpxdata:hr>118</gpxdata:hr>
     <gpxdata:distance>2409.00</gpxdata:distance>
     <gpxdata:speed>2.675</gpxdata:speed>
    </extensions>
   </trkpt>
   <trkpt lat="-21.5515680" lon="-64.7372024">
    <ele>1918</ele>
    <time>2026-03-15T20:59:51Z</time>
    <extensions>
     <gpxdata:hr>118</gpxdata:hr>
     <gpxdata:distance>2412.00</gpxdata:distance>
     <gpxdata:speed>2.728</gpxdata:speed>
    </extensions>
   </trkpt>
   <trkpt lat="-21.5515948" lon="-64.7372031">
    <ele>1918</ele>
    <time>2026-03-15T20:59:52Z</time>
    <extensions>
     <gpxdata:hr>118</gpxdata:hr>
     <gpxdata:distance>2415.00</gpxdata:distance>
     <gpxdata:speed>3.086</gpxdata:speed>
    </extensions>
   </trkpt>
   <trkpt lat="-21.5516393" lon="-64.7371996">
    <ele>1918</ele>
    <time>2026-03-15T20:59:53Z</time>
    <extensions>
     <gpxdata:hr>119</gpxdata:hr>
     <gpxdata:distance>2418.00</gpxdata:distance>
     <gpxdata:speed>3.156</gpxdata:speed>
    </extensions>
   </trkpt>
   <trkpt lat="-21.5516675" lon="-64.7371944">
    <ele>1918</ele>
    <time>2026-03-15T20:59:54Z</time>
    <extensions>
     <gpxdata:hr>120</gpxdata:hr>
     <gpxdata:distance>2421.00</gpxdata:distance>
     <gpxdata:speed>2.881</gpxdata:speed>
    </extensions>
   </trkpt>
   <trkpt lat="-21.5516819" lon="-64.7371912">
    <ele>1918</ele>
    <time>2026-03-15T20:59:55Z</time>
    <extensions>
     <gpxdata:hr>120</gpxdata:hr>
     <gpxdata:distance>2424.00</gpxdata:distance>
     <gpxdata:speed>2.797</gpxdata:speed>
    </extensions>
   </trkpt>
   <trkpt lat="-21.5517028" lon="-64.7371857">
    <ele>1919</ele>
    <time>2026-03-15T20:59:56Z</time>
    <extensions>
     <gpxdata:hr>121</gpxdata:hr>
     <gpxdata:distance>2426.50</gpxdata:distance>
     <gpxdata:speed>3.022</gpxdata:speed>
    </extensions>
   </trkpt>
   <trkpt lat="-21.5517398" lon="-64.7371741">
    <ele>1919</ele>
    <time>2026-03-15T20:59:57Z</time>
    <extensions>
     <gpxdata:hr>121</gpxdata:hr>
     <gpxdata:distance>2429.00</gpxdata:distance>
     <gpxdata:speed>2.850</gpxdata:speed>
    </extensions>
   </trkpt>
   <trkpt lat="-21.5517558" lon="-64.7371686">
    <ele>1919</ele>
    <time>2026-03-15T20:59:58Z</time>
    <extensions>
     <gpxdata:hr>121</gpxdata:hr>
     <gpxdata:distance>2432.50</gpxdata:distance>
     <gpxdata:speed>2.908</gpxdata:speed>
    </extensions>
   </trkpt>
   <trkpt lat="-21.5517765" lon="-64.7371600">
    <ele>1919</ele>
    <time>2026-03-15T20:59:59Z</time>
    <extensions>
     <gpxdata:hr>119</gpxdata:hr>
     <gpxdata:distance>2436.00</gpxdata:distance>
     <gpxdata:speed>2.986</gpxdata:speed>
    </extensions>
   </trkpt>
   <trkpt lat="-21.5517997" lon="-64.7371497">
    <ele>1919</ele>
    <time>2026-03-15T21:00:00Z</time>
    <extensions>
     <gpxdata:hr>117</gpxdata:hr>
     <gpxdata:distance>2439.00</gpxdata:distance>
     <gpxdata:speed>3.025</gpxdata:speed>
    </extensions>
   </trkpt>
   <trkpt lat="-21.5518393" lon="-64.7371302">
    <ele>1919</ele>
    <time>2026-03-15T21:00:01Z</time>
    <extensions>
     <gpxdata:hr>115</gpxdata:hr>
     <gpxdata:distance>2442.00</gpxdata:distance>
     <gpxdata:speed>3.089</gpxdata:speed>
    </extensions>
   </trkpt>
   <trkpt lat="-21.5518692" lon="-64.7371142">
    <ele>1919</ele>
    <time>2026-03-15T21:00:02Z</time>
    <extensions>
     <gpxdata:hr>113</gpxdata:hr>
     <gpxdata:distance>2445.00</gpxdata:distance>
     <gpxdata:speed>3.342</gpxdata:speed>
    </extensions>
   </trkpt>
   <trkpt lat="-21.5518934" lon="-64.7370994">
    <ele>1919</ele>
    <time>2026-03-15T21:00:03Z</time>
    <extensions>
     <gpxdata:hr>112</gpxdata:hr>
     <gpxdata:distance>2448.00</gpxdata:distance>
     <gpxdata:speed>3.033</gpxdata:speed>
    </extensions>
   </trkpt>
   <trkpt lat="-21.5519156" lon="-64.7370828">
    <ele>1919</ele>
    <time>2026-03-15T21:00:04Z</time>
    <extensions>
     <gpxdata:hr>112</gpxdata:hr>
     <gpxdata:distance>2451.00</gpxdata:distance>
     <gpxdata:speed>3.000</gpxdata:speed>
    </extensions>
   </trkpt>
   <trkpt lat="-21.5519371" lon="-64.7370657">
    <ele>1919</ele>
    <time>2026-03-15T21:00:05Z</time>
    <extensions>
     <gpxdata:hr>113</gpxdata:hr>
     <gpxdata:distance>2454.00</gpxdata:distance>
     <gpxdata:speed>2.983</gpxdata:speed>
    </extensions>
   </trkpt>
   <trkpt lat="-21.5519493" lon="-64.7370556">
    <ele>1919</ele>
    <time>2026-03-15T21:00:06Z</time>
    <extensions>
     <gpxdata:hr>114</gpxdata:hr>
     <gpxdata:distance>2457.00</gpxdata:distance>
     <gpxdata:speed>3.008</gpxdata:speed>
    </extensions>
   </trkpt>
   <trkpt lat="-21.5519780" lon="-64.7370316">
    <ele>1919</ele>
    <time>2026-03-15T21:00:07Z</time>
    <extensions>
     <gpxdata:hr>115</gpxdata:hr>
     <gpxdata:distance>2460.00</gpxdata:distance>
     <gpxdata:speed>3.036</gpxdata:speed>
    </extensions>
   </trkpt>
   <trkpt lat="-21.5520011" lon="-64.7370108">
    <ele>1919</ele>
    <time>2026-03-15T21:00:08Z</time>
    <extensions>
     <gpxdata:hr>116</gpxdata:hr>
     <gpxdata:distance>2463.50</gpxdata:distance>
     <gpxdata:speed>3.131</gpxdata:speed>
    </extensions>
   </trkpt>
   <trkpt lat="-21.5520225" lon="-64.7369898">
    <ele>1919</ele>
    <time>2026-03-15T21:00:09Z</time>
    <extensions>
     <gpxdata:hr>116</gpxdata:hr>
     <gpxdata:distance>2467.00</gpxdata:distance>
     <gpxdata:speed>3.164</gpxdata:speed>
    </extensions>
   </trkpt>
   <trkpt lat="-21.5520437" lon="-64.7369677">
    <ele>1919</ele>
    <time>2026-03-15T21:00:10Z</time>
    <extensions>
     <gpxdata:hr>116</gpxdata:hr>
     <gpxdata:distance>2470.00</gpxdata:distance>
     <gpxdata:speed>3.258</gpxdata:speed>
    </extensions>
   </trkpt>
   <trkpt lat="-21.5520657" lon="-64.7369456">
    <ele>1919</ele>
    <time>2026-03-15T21:00:11Z</time>
    <extensions>
     <gpxdata:hr>116</gpxdata:hr>
     <gpxdata:distance>2473.00</gpxdata:distance>
     <gpxdata:speed>3.342</gpxdata:speed>
    </extensions>
   </trkpt>
   <trkpt lat="-21.5520877" lon="-64.7369229">
    <ele>1919</ele>
    <time>2026-03-15T21:00:12Z</time>
    <extensions>
     <gpxdata:hr>116</gpxdata:hr>
     <gpxdata:distance>2477.00</gpxdata:distance>
     <gpxdata:speed>3.389</gpxdata:speed>
    </extensions>
   </trkpt>
   <trkpt lat="-21.5521122" lon="-64.7368980">
    <ele>1919</ele>
    <time>2026-03-15T21:00:13Z</time>
    <extensions>
     <gpxdata:hr>114</gpxdata:hr>
     <gpxdata:distance>2481.00</gpxdata:distance>
     <gpxdata:speed>3.719</gpxdata:speed>
    </extensions>
   </trkpt>
   <trkpt lat="-21.5521343" lon="-64.7368744">
    <ele>1919</ele>
    <time>2026-03-15T21:00:14Z</time>
    <extensions>
     <gpxdata:hr>109</gpxdata:hr>
     <gpxdata:distance>2484.50</gpxdata:distance>
     <gpxdata:speed>3.469</gpxdata:speed>
    </extensions>
   </trkpt>
   <trkpt lat="-21.5521569" lon="-64.7368506">
    <ele>1919</ele>
    <time>2026-03-15T21:00:15Z</time>
    <extensions>
     <gpxdata:hr>110</gpxdata:hr>
     <gpxdata:distance>2488.00</gpxdata:distance>
     <gpxdata:speed>3.522</gpxdata:speed>
    </extensions>
   </trkpt>
   <trkpt lat="-21.5521799" lon="-64.7368263">
    <ele>1919</ele>
    <time>2026-03-15T21:00:16Z</time>
    <extensions>
     <gpxdata:hr>110</gpxdata:hr>
     <gpxdata:distance>2491.50</gpxdata:distance>
     <gpxdata:speed>3.586</gpxdata:speed>
    </extensions>
   </trkpt>
   <trkpt lat="-21.5522038" lon="-64.7368022">
    <ele>1919</ele>
    <time>2026-03-15T21:00:17Z</time>
    <extensions>
     <gpxdata:hr>110</gpxdata:hr>
     <gpxdata:distance>2495.00</gpxdata:distance>
     <gpxdata:speed>3.636</gpxdata:speed>
    </extensions>
   </trkpt>
   <trkpt lat="-21.5522277" lon="-64.7367765">
    <ele>1919</ele>
    <time>2026-03-15T21:00:18Z</time>
    <extensions>
     <gpxdata:hr>110</gpxdata:hr>
     <gpxdata:distance>2499.00</gpxdata:distance>
     <gpxdata:speed>3.744</gpxdata:speed>
    </extensions>
   </trkpt>
   <trkpt lat="-21.5522507" lon="-64.7367501">
    <ele>1919</ele>
    <time>2026-03-15T21:00:19Z</time>
    <extensions>
     <gpxdata:hr>107</gpxdata:hr>
     <gpxdata:distance>2503.00</gpxdata:distance>
     <gpxdata:speed>3.742</gpxdata:speed>
    </extensions>
   </trkpt>
   <trkpt lat="-21.5522737" lon="-64.7367235">
    <ele>1919</ele>
    <time>2026-03-15T21:00:20Z</time>
    <extensions>
     <gpxdata:hr>105</gpxdata:hr>
     <gpxdata:distance>2506.50</gpxdata:distance>
     <gpxdata:speed>3.758</gpxdata:speed>
    </extensions>
   </trkpt>
   <trkpt lat="-21.5522974" lon="-64.7366974">
    <ele>1920</ele>
    <time>2026-03-15T21:00:21Z</time>
    <extensions>
     <gpxdata:hr>106</gpxdata:hr>
     <gpxdata:distance>2510.00</gpxdata:distance>
     <gpxdata:speed>3.775</gpxdata:speed>
    </extensions>
   </trkpt>
   <trkpt lat="-21.5523218" lon="-64.7366718">
    <ele>1920</ele>
    <time>2026-03-15T21:00:22Z</time>
    <extensions>
     <gpxdata:hr>105</gpxdata:hr>
     <gpxdata:distance>2514.00</gpxdata:distance>
     <gpxdata:speed>3.786</gpxdata:speed>
    </extensions>
   </trkpt>
   <trkpt lat="-21.5523465" lon="-64.7366453">
    <ele>1920</ele>
    <time>2026-03-15T21:00:23Z</time>
    <extensions>
     <gpxdata:hr>107</gpxdata:hr>
     <gpxdata:distance>2518.00</gpxdata:distance>
     <gpxdata:speed>3.881</gpxdata:speed>
    </extensions>
   </trkpt>
   <trkpt lat="-21.5523715" lon="-64.7366198">
    <ele>1920</ele>
    <time>2026-03-15T21:00:24Z</time>
    <extensions>
     <gpxdata:hr>108</gpxdata:hr>
     <gpxdata:distance>2522.00</gpxdata:distance>
     <gpxdata:speed>3.833</gpxdata:speed>
    </extensions>
   </trkpt>
   <trkpt lat="-21.5523971" lon="-64.7365953">
    <ele>1920</ele>
    <time>2026-03-15T21:00:25Z</time>
    <extensions>
     <gpxdata:hr>111</gpxdata:hr>
     <gpxdata:distance>2526.00</gpxdata:distance>
     <gpxdata:speed>3.814</gpxdata:speed>
    </extensions>
   </trkpt>
   <trkpt lat="-21.5524233" lon="-64.7365709">
    <ele>1920</ele>
    <time>2026-03-15T21:00:26Z</time>
    <extensions>
     <gpxdata:hr>112</gpxdata:hr>
     <gpxdata:distance>2529.50</gpxdata:distance>
     <gpxdata:speed>3.853</gpxdata:speed>
    </extensions>
   </trkpt>
   <trkpt lat="-21.5524486" lon="-64.7365457">
    <ele>1920</ele>
    <time>2026-03-15T21:00:27Z</time>
    <extensions>
     <gpxdata:hr>113</gpxdata:hr>
     <gpxdata:distance>2533.00</gpxdata:distance>
     <gpxdata:speed>3.836</gpxdata:speed>
    </extensions>
   </trkpt>
   <trkpt lat="-21.5524754" lon="-64.7365185">
    <ele>1920</ele>
    <time>2026-03-15T21:00:28Z</time>
    <extensions>
     <gpxdata:hr>114</gpxdata:hr>
     <gpxdata:distance>2537.00</gpxdata:distance>
     <gpxdata:speed>4.089</gpxdata:speed>
    </extensions>
   </trkpt>
   <trkpt lat="-21.5525013" lon="-64.7364928">
    <ele>1920</ele>
    <time>2026-03-15T21:00:29Z</time>
    <extensions>
     <gpxdata:hr>114</gpxdata:hr>
     <gpxdata:distance>2541.00</gpxdata:distance>
     <gpxdata:speed>3.919</gpxdata:speed>
    </extensions>
   </trkpt>
   <trkpt lat="-21.5525266" lon="-64.7364678">
    <ele>1920</ele>
    <time>2026-03-15T21:00:30Z</time>
    <extensions>
     <gpxdata:hr>115</gpxdata:hr>
     <gpxdata:distance>2545.50</gpxdata:distance>
     <gpxdata:speed>3.836</gpxdata:speed>
    </extensions>
   </trkpt>
   <trkpt lat="-21.5525542" lon="-64.7364405">
    <ele>1920</ele>
    <time>2026-03-15T21:00:31Z</time>
    <extensions>
     <gpxdata:hr>117</gpxdata:hr>
     <gpxdata:distance>2550.00</gpxdata:distance>
     <gpxdata:speed>4.156</gpxdata:speed>
    </extensions>
   </trkpt>
   <trkpt lat="-21.5525826" lon="-64.7364134">
    <ele>1920</ele>
    <time>2026-03-15T21:00:32Z</time>
    <extensions>
     <gpxdata:hr>117</gpxdata:hr>
     <gpxdata:distance>2553.50</gpxdata:distance>
     <gpxdata:speed>4.208</gpxdata:speed>
    </extensions>
   </trkpt>
   <trkpt lat="-21.5526088" lon="-64.7363890">
    <ele>1920</ele>
    <time>2026-03-15T21:00:33Z</time>
    <extensions>
     <gpxdata:hr>116</gpxdata:hr>
     <gpxdata:distance>2557.00</gpxdata:distance>
     <gpxdata:speed>3.797</gpxdata:speed>
    </extensions>
   </trkpt>
   <trkpt lat="-21.5526347" lon="-64.7363627">
    <ele>1920</ele>
    <time>2026-03-15T21:00:34Z</time>
    <extensions>
     <gpxdata:hr>114</gpxdata:hr>
     <gpxdata:distance>2561.00</gpxdata:distance>
     <gpxdata:speed>4.147</gpxdata:speed>
    </extensions>
   </trkpt>
   <trkpt lat="-21.5526607" lon="-64.7363365">
    <ele>1920</ele>
    <time>2026-03-15T21:00:35Z</time>
    <extensions>
     <gpxdata:hr>113</gpxdata:hr>
     <gpxdata:distance>2565.00</gpxdata:distance>
     <gpxdata:speed>3.839</gpxdata:speed>
    </extensions>
   </trkpt>
   <trkpt lat="-21.5526865" lon="-64.7363113">
    <ele>1920</ele>
    <time>2026-03-15T21:00:36Z</time>
    <extensions>
     <gpxdata:hr>112</gpxdata:hr>
     <gpxdata:distance>2569.50</gpxdata:distance>
     <gpxdata:speed>3.892</gpxdata:speed>
    </extensions>
   </trkpt>
   <trkpt lat="-21.5527143" lon="-64.7362839">
    <ele>1920</ele>
    <time>2026-03-15T21:00:37Z</time>
    <extensions>
     <gpxdata:hr>111</gpxdata:hr>
     <gpxdata:distance>2574.00</gpxdata:distance>
     <gpxdata:speed>4.183</gpxdata:speed>
    </extensions>
   </trkpt>
   <trkpt lat="-21.5527420" lon="-64.7362555">
    <ele>1920</ele>
    <time>2026-03-15T21:00:38Z</time>
    <extensions>
     <gpxdata:hr>111</gpxdata:hr>
     <gpxdata:distance>2578.00</gpxdata:distance>
     <gpxdata:speed>4.250</gpxdata:speed>
    </extensions>
   </trkpt>
   <trkpt lat="-21.5527676" lon="-64.7362295">
    <ele>1920</ele>
    <time>2026-03-15T21:00:39Z</time>
    <extensions>
     <gpxdata:hr>111</gpxdata:hr>
     <gpxdata:distance>2582.00</gpxdata:distance>
     <gpxdata:speed>3.931</gpxdata:speed>
    </extensions>
   </trkpt>
   <trkpt lat="-21.5527948" lon="-64.7362018">
    <ele>1920</ele>
    <time>2026-03-15T21:00:40Z</time>
    <extensions>
     <gpxdata:hr>110</gpxdata:hr>
     <gpxdata:distance>2586.00</gpxdata:distance>
     <gpxdata:speed>4.161</gpxdata:speed>
    </extensions>
   </trkpt>
   <trkpt lat="-21.5528210" lon="-64.7361767">
    <ele>1920</ele>
    <time>2026-03-15T21:00:41Z</time>
    <extensions>
     <gpxdata:hr>110</gpxdata:hr>
     <gpxdata:distance>2590.00</gpxdata:distance>
     <gpxdata:speed>3.922</gpxdata:speed>
    </extensions>
   </trkpt>
   <trkpt lat="-21.5528472" lon="-64.7361516">
    <ele>1920</ele>
    <time>2026-03-15T21:00:42Z</time>
    <extensions>
     <gpxdata:hr>111</gpxdata:hr>
     <gpxdata:distance>2594.00</gpxdata:distance>
     <gpxdata:speed>3.906</gpxdata:speed>
    </extensions>
   </trkpt>
   <trkpt lat="-21.5528741" lon="-64.7361259">
    <ele>1920</ele>
    <time>2026-03-15T21:00:43Z</time>
    <extensions>
     <gpxdata:hr>111</gpxdata:hr>
     <gpxdata:distance>2598.00</gpxdata:distance>
     <gpxdata:speed>4.003</gpxdata:speed>
    </extensions>
   </trkpt>
   <trkpt lat="-21.5529018" lon="-64.7360997">
    <ele>1920</ele>
    <time>2026-03-15T21:00:44Z</time>
    <extensions>
     <gpxdata:hr>112</gpxdata:hr>
     <gpxdata:distance>2602.00</gpxdata:distance>
     <gpxdata:speed>4.094</gpxdata:speed>
    </extensions>
   </trkpt>
   <trkpt lat="-21.5529292" lon="-64.7360739">
    <ele>1920</ele>
    <time>2026-03-15T21:00:45Z</time>
    <extensions>
     <gpxdata:hr>113</gpxdata:hr>
     <gpxdata:distance>2606.00</gpxdata:distance>
     <gpxdata:speed>4.061</gpxdata:speed>
    </extensions>
   </trkpt>
   <trkpt lat="-21.5529601" lon="-64.7360459">
    <ele>1920</ele>
    <time>2026-03-15T21:00:46Z</time>
    <extensions>
     <gpxdata:hr>112</gpxdata:hr>
     <gpxdata:distance>2611.00</gpxdata:distance>
     <gpxdata:speed>4.464</gpxdata:speed>
    </extensions>
   </trkpt>
   <trkpt lat="-21.5529908" lon="-64.7360173">
    <ele>1920</ele>
    <time>2026-03-15T21:00:47Z</time>
    <extensions>
     <gpxdata:hr>112</gpxdata:hr>
     <gpxdata:distance>2616.00</gpxdata:distance>
     <gpxdata:speed>4.508</gpxdata:speed>
    </extensions>
   </trkpt>
   <trkpt lat="-21.5530194" lon="-64.7359924">
    <ele>1920</ele>
    <time>2026-03-15T21:00:48Z</time>
    <extensions>
     <gpxdata:hr>112</gpxdata:hr>
     <gpxdata:distance>2619.50</gpxdata:distance>
     <gpxdata:speed>4.111</gpxdata:speed>
    </extensions>
   </trkpt>
   <trkpt lat="-21.5530474" lon="-64.7359677">
    <ele>1920</ele>
    <time>2026-03-15T21:00:49Z</time>
    <extensions>
     <gpxdata:hr>111</gpxdata:hr>
     <gpxdata:distance>2623.00</gpxdata:distance>
     <gpxdata:speed>4.039</gpxdata:speed>
    </extensions>
   </trkpt>
   <trkpt lat="-21.5530766" lon="-64.7359429">
    <ele>1920</ele>
    <time>2026-03-15T21:00:50Z</time>
    <extensions>
     <gpxdata:hr>111</gpxdata:hr>
     <gpxdata:distance>2627.50</gpxdata:distance>
     <gpxdata:speed>4.139</gpxdata:speed>
    </extensions>
   </trkpt>
   <trkpt lat="-21.5531064" lon="-64.7359181">
    <ele>1920</ele>
    <time>2026-03-15T21:00:51Z</time>
    <extensions>
     <gpxdata:hr>111</gpxdata:hr>
     <gpxdata:distance>2632.00</gpxdata:distance>
     <gpxdata:speed>4.194</gpxdata:speed>
    </extensions>
   </trkpt>
   <trkpt lat="-21.5531377" lon="-64.7358932">
    <ele>1920</ele>
    <time>2026-03-15T21:00:52Z</time>
    <extensions>
     <gpxdata:hr>110</gpxdata:hr>
     <gpxdata:distance>2636.50</gpxdata:distance>
     <gpxdata:speed>4.322</gpxdata:speed>
    </extensions>
   </trkpt>
   <trkpt lat="-21.5531719" lon="-64.7358663">
    <ele>1920</ele>
    <time>2026-03-15T21:00:53Z</time>
    <extensions>
     <gpxdata:hr>110</gpxdata:hr>
     <gpxdata:distance>2641.00</gpxdata:distance>
     <gpxdata:speed>4.689</gpxdata:speed>
    </extensions>
   </trkpt>
   <trkpt lat="-21.5532034" lon="-64.7358422">
    <ele>1920</ele>
    <time>2026-03-15T21:00:54Z</time>
    <extensions>
     <gpxdata:hr>109</gpxdata:hr>
     <gpxdata:distance>2645.50</gpxdata:distance>
     <gpxdata:speed>4.314</gpxdata:speed>
    </extensions>
   </trkpt>
   <trkpt lat="-21.5532362" lon="-64.7358172">
    <ele>1920</ele>
    <time>2026-03-15T21:00:55Z</time>
    <extensions>
     <gpxdata:hr>109</gpxdata:hr>
     <gpxdata:distance>2650.00</gpxdata:distance>
     <gpxdata:speed>4.472</gpxdata:speed>
    </extensions>
   </trkpt>
   <trkpt lat="-21.5532671" lon="-64.7357957">
    <ele>1920</ele>
    <time>2026-03-15T21:00:56Z</time>
    <extensions>
     <gpxdata:hr>108</gpxdata:hr>
     <gpxdata:distance>2653.50</gpxdata:distance>
     <gpxdata:speed>4.108</gpxdata:speed>
    </extensions>
   </trkpt>
   <trkpt lat="-21.5532977" lon="-64.7357750">
    <ele>1920</ele>
    <time>2026-03-15T21:00:57Z</time>
    <extensions>
     <gpxdata:hr>108</gpxdata:hr>
     <gpxdata:distance>2657.00</gpxdata:distance>
     <gpxdata:speed>4.042</gpxdata:speed>
    </extensions>
   </trkpt>
   <trkpt lat="-21.5533312" lon="-64.7357535">
    <ele>1919</ele>
    <time>2026-03-15T21:00:58Z</time>
    <extensions>
     <gpxdata:hr>108</gpxdata:hr>
     <gpxdata:distance>2661.50</gpxdata:distance>
     <gpxdata:speed>4.331</gpxdata:speed>
    </extensions>
   </trkpt>
   <trkpt lat="-21.5533622" lon="-64.7357337">
    <ele>1920</ele>
    <time>2026-03-15T21:00:59Z</time>
    <extensions>
     <gpxdata:hr>108</gpxdata:hr>
     <gpxdata:distance>2666.00</gpxdata:distance>
     <gpxdata:speed>4.031</gpxdata:speed>
    </extensions>
   </trkpt>
   <trkpt lat="-21.5533928" lon="-64.7357148">
    <ele>1920</ele>
    <time>2026-03-15T21:01:00Z</time>
    <extensions>
     <gpxdata:hr>109</gpxdata:hr>
     <gpxdata:distance>2670.00</gpxdata:distance>
     <gpxdata:speed>3.942</gpxdata:speed>
    </extensions>
   </trkpt>
   <trkpt lat="-21.5534231" lon="-64.7356957">
    <ele>1920</ele>
    <time>2026-03-15T21:01:01Z</time>
    <extensions>
     <gpxdata:hr>109</gpxdata:hr>
     <gpxdata:distance>2674.00</gpxdata:distance>
     <gpxdata:speed>3.914</gpxdata:speed>
    </extensions>
   </trkpt>
   <trkpt lat="-21.5534532" lon="-64.7356769">
    <ele>1920</ele>
    <time>2026-03-15T21:01:02Z</time>
    <extensions>
     <gpxdata:hr>109</gpxdata:hr>
     <gpxdata:distance>2677.50</gpxdata:distance>
     <gpxdata:speed>3.883</gpxdata:speed>
    </extensions>
   </trkpt>
   <trkpt lat="-21.5534833" lon="-64.7356589">
    <ele>1920</ele>
    <time>2026-03-15T21:01:03Z</time>
    <extensions>
     <gpxdata:hr>109</gpxdata:hr>
     <gpxdata:distance>2681.00</gpxdata:distance>
     <gpxdata:speed>3.828</gpxdata:speed>
    </extensions>
   </trkpt>
   <trkpt lat="-21.5535132" lon="-64.7356404">
    <ele>1920</ele>
    <time>2026-03-15T21:01:04Z</time>
    <extensions>
     <gpxdata:hr>109</gpxdata:hr>
     <gpxdata:distance>2685.00</gpxdata:distance>
     <gpxdata:speed>3.850</gpxdata:speed>
    </extensions>
   </trkpt>
   <trkpt lat="-21.5535439" lon="-64.7356231">
    <ele>1920</ele>
    <time>2026-03-15T21:01:05Z</time>
    <extensions>
     <gpxdata:hr>110</gpxdata:hr>
     <gpxdata:distance>2689.00</gpxdata:distance>
     <gpxdata:speed>3.850</gpxdata:speed>
    </extensions>
   </trkpt>
   <trkpt lat="-21.5535769" lon="-64.7356088">
    <ele>1920</ele>
    <time>2026-03-15T21:01:06Z</time>
    <extensions>
     <gpxdata:hr>112</gpxdata:hr>
     <gpxdata:distance>2693.00</gpxdata:distance>
     <gpxdata:speed>3.956</gpxdata:speed>
    </extensions>
   </trkpt>
   <trkpt lat="-21.5536107" lon="-64.7355956">
    <ele>1920</ele>
    <time>2026-03-15T21:01:07Z</time>
    <extensions>
     <gpxdata:hr>112</gpxdata:hr>
     <gpxdata:distance>2697.00</gpxdata:distance>
     <gpxdata:speed>3.989</gpxdata:speed>
    </extensions>
   </trkpt>
   <trkpt lat="-21.5536444" lon="-64.7355827">
    <ele>1920</ele>
    <time>2026-03-15T21:01:08Z</time>
    <extensions>
     <gpxdata:hr>112</gpxdata:hr>
     <gpxdata:distance>2701.00</gpxdata:distance>
     <gpxdata:speed>3.986</gpxdata:speed>
    </extensions>
   </trkpt>
   <trkpt lat="-21.5536774" lon="-64.7355690">
    <ele>1920</ele>
    <time>2026-03-15T21:01:09Z</time>
    <extensions>
     <gpxdata:hr>111</gpxdata:hr>
     <gpxdata:distance>2705.00</gpxdata:distance>
     <gpxdata:speed>3.936</gpxdata:speed>
    </extensions>
   </trkpt>
   <trkpt lat="-21.5537110" lon="-64.7355559">
    <ele>1920</ele>
    <time>2026-03-15T21:01:10Z</time>
    <extensions>
     <gpxdata:hr>111</gpxdata:hr>
     <gpxdata:distance>2709.00</gpxdata:distance>
     <gpxdata:speed>3.972</gpxdata:speed>
    </extensions>
   </trkpt>
   <trkpt lat="-21.5537452" lon="-64.7355422">
    <ele>1920</ele>
    <time>2026-03-15T21:01:11Z</time>
    <extensions>
     <gpxdata:hr>111</gpxdata:hr>
     <gpxdata:distance>2713.00</gpxdata:distance>
     <gpxdata:speed>4.058</gpxdata:speed>
    </extensions>
   </trkpt>
   <trkpt lat="-21.5537799" lon="-64.7355279">
    <ele>1920</ele>
    <time>2026-03-15T21:01:12Z</time>
    <extensions>
     <gpxdata:hr>111</gpxdata:hr>
     <gpxdata:distance>2717.50</gpxdata:distance>
     <gpxdata:speed>4.128</gpxdata:speed>
    </extensions>
   </trkpt>
   <trkpt lat="-21.5538154" lon="-64.7355132">
    <ele>1920</ele>
    <time>2026-03-15T21:01:13Z</time>
    <extensions>
     <gpxdata:hr>111</gpxdata:hr>
     <gpxdata:distance>2722.00</gpxdata:distance>
     <gpxdata:speed>4.231</gpxdata:speed>
    </extensions>
   </trkpt>
   <trkpt lat="-21.5538510" lon="-64.7354989">
    <ele>1920</ele>
    <time>2026-03-15T21:01:14Z</time>
    <extensions>
     <gpxdata:hr>111</gpxdata:hr>
     <gpxdata:distance>2726.00</gpxdata:distance>
     <gpxdata:speed>4.219</gpxdata:speed>
    </extensions>
   </trkpt>
   <trkpt lat="-21.5538864" lon="-64.7354863">
    <ele>1920</ele>
    <time>2026-03-15T21:01:15Z</time>
    <extensions>
     <gpxdata:hr>110</gpxdata:hr>
     <gpxdata:distance>2730.00</gpxdata:distance>
     <gpxdata:speed>4.147</gpxdata:speed>
    </extensions>
   </trkpt>
   <trkpt lat="-21.5539221" lon="-64.7354739">
    <ele>1920</ele>
    <time>2026-03-15T21:01:16Z</time>
    <extensions>
     <gpxdata:hr>110</gpxdata:hr>
     <gpxdata:distance>2734.00</gpxdata:distance>
     <gpxdata:speed>4.183</gpxdata:speed>
    </extensions>
   </trkpt>
   <trkpt lat="-21.5539584" lon="-64.7354611">
    <ele>1920</ele>
    <time>2026-03-15T21:01:17Z</time>
    <extensions>
     <gpxdata:hr>110</gpxdata:hr>
     <gpxdata:distance>2738.00</gpxdata:distance>
     <gpxdata:speed>4.239</gpxdata:speed>
    </extensions>
   </trkpt>
   <trkpt lat="-21.5539949" lon="-64.7354488">
    <ele>1919</ele>
    <time>2026-03-15T21:01:18Z</time>
    <extensions>
     <gpxdata:hr>112</gpxdata:hr>
     <gpxdata:distance>2742.50</gpxdata:distance>
     <gpxdata:speed>4.258</gpxdata:speed>
    </extensions>
   </trkpt>
   <trkpt lat="-21.5540309" lon="-64.7354367">
    <ele>1919</ele>
    <time>2026-03-15T21:01:19Z</time>
    <extensions>
     <gpxdata:hr>113</gpxdata:hr>
     <gpxdata:distance>2747.00</gpxdata:distance>
     <gpxdata:speed>4.200</gpxdata:speed>
    </extensions>
   </trkpt>
   <trkpt lat="-21.5540670" lon="-64.7354243">
    <ele>1919</ele>
    <time>2026-03-15T21:01:20Z</time>
    <extensions>
     <gpxdata:hr>113</gpxdata:hr>
     <gpxdata:distance>2751.50</gpxdata:distance>
     <gpxdata:speed>4.219</gpxdata:speed>
    </extensions>
   </trkpt>
   <trkpt lat="-21.5541046" lon="-64.7354108">
    <ele>1919</ele>
    <time>2026-03-15T21:01:21Z</time>
    <extensions>
     <gpxdata:hr>114</gpxdata:hr>
     <gpxdata:distance>2756.00</gpxdata:distance>
     <gpxdata:speed>4.400</gpxdata:speed>
    </extensions>
   </trkpt>
   <trkpt lat="-21.5541429" lon="-64.7353977">
    <ele>1919</ele>
    <time>2026-03-15T21:01:22Z</time>
    <extensions>
     <gpxdata:hr>114</gpxdata:hr>
     <gpxdata:distance>2760.50</gpxdata:distance>
     <gpxdata:speed>4.458</gpxdata:speed>
    </extensions>
   </trkpt>
   <trkpt lat="-21.5541813" lon="-64.7353847">
    <ele>1919</ele>
    <time>2026-03-15T21:01:23Z</time>
    <extensions>
     <gpxdata:hr>115</gpxdata:hr>
     <gpxdata:distance>2765.00</gpxdata:distance>
     <gpxdata:speed>4.481</gpxdata:speed>
    </extensions>
   </trkpt>
   <trkpt lat="-21.5542197" lon="-64.7353715">
    <ele>1919</ele>
    <time>2026-03-15T21:01:24Z</time>
    <extensions>
     <gpxdata:hr>115</gpxdata:hr>
     <gpxdata:distance>2769.00</gpxdata:distance>
     <gpxdata:speed>4.486</gpxdata:speed>
    </extensions>
   </trkpt>
   <trkpt lat="-21.5542575" lon="-64.7353588">
    <ele>1919</ele>
    <time>2026-03-15T21:01:25Z</time>
    <extensions>
     <gpxdata:hr>114</gpxdata:hr>
     <gpxdata:distance>2773.00</gpxdata:distance>
     <gpxdata:speed>4.406</gpxdata:speed>
    </extensions>
   </trkpt>
   <trkpt lat="-21.5542941" lon="-64.7353467">
    <ele>1919</ele>
    <time>2026-03-15T21:01:26Z</time>
    <extensions>
     <gpxdata:hr>114</gpxdata:hr>
     <gpxdata:distance>2777.50</gpxdata:distance>
     <gpxdata:speed>4.272</gpxdata:speed>
    </extensions>
   </trkpt>
   <trkpt lat="-21.5543305" lon="-64.7353343">
    <ele>1919</ele>
    <time>2026-03-15T21:01:27Z</time>
    <extensions>
     <gpxdata:hr>113</gpxdata:hr>
     <gpxdata:distance>2782.00</gpxdata:distance>
     <gpxdata:speed>4.250</gpxdata:speed>
    </extensions>
   </trkpt>
   <trkpt lat="-21.5543662" lon="-64.7353208">
    <ele>1919</ele>
    <time>2026-03-15T21:01:28Z</time>
    <extensions>
     <gpxdata:hr>113</gpxdata:hr>
     <gpxdata:distance>2786.00</gpxdata:distance>
     <gpxdata:speed>4.222</gpxdata:speed>
    </extensions>
   </trkpt>
   <trkpt lat="-21.5544016" lon="-64.7353065">
    <ele>1919</ele>
    <time>2026-03-15T21:01:29Z</time>
    <extensions>
     <gpxdata:hr>113</gpxdata:hr>
     <gpxdata:distance>2790.00</gpxdata:distance>
     <gpxdata:speed>4.206</gpxdata:speed>
    </extensions>
   </trkpt>
   <trkpt lat="-21.5544379" lon="-64.7352929">
    <ele>1919</ele>
    <time>2026-03-15T21:01:30Z</time>
    <extensions>
     <gpxdata:hr>113</gpxdata:hr>
     <gpxdata:distance>2794.50</gpxdata:distance>
     <gpxdata:speed>4.278</gpxdata:speed>
    </extensions>
   </trkpt>
   <trkpt lat="-21.5544740" lon="-64.7352797">
    <ele>1919</ele>
    <time>2026-03-15T21:01:31Z</time>
    <extensions>
     <gpxdata:hr>114</gpxdata:hr>
     <gpxdata:distance>2799.00</gpxdata:distance>
     <gpxdata:speed>4.244</gpxdata:speed>
    </extensions>
   </trkpt>
   <trkpt lat="-21.5545102" lon="-64.7352664">
    <ele>1919</ele>
    <time>2026-03-15T21:01:32Z</time>
    <extensions>
     <gpxdata:hr>114</gpxdata:hr>
     <gpxdata:distance>2803.00</gpxdata:distance>
     <gpxdata:speed>4.261</gpxdata:speed>
    </extensions>
   </trkpt>
   <trkpt lat="-21.5545467" lon="-64.7352532">
    <ele>1919</ele>
    <time>2026-03-15T21:01:33Z</time>
    <extensions>
     <gpxdata:hr>115</gpxdata:hr>
     <gpxdata:distance>2807.00</gpxdata:distance>
     <gpxdata:speed>4.278</gpxdata:speed>
    </extensions>
   </trkpt>
   <trkpt lat="-21.5545820" lon="-64.7352405">
    <ele>1919</ele>
    <time>2026-03-15T21:01:34Z</time>
    <extensions>
     <gpxdata:hr>115</gpxdata:hr>
     <gpxdata:distance>2811.50</gpxdata:distance>
     <gpxdata:speed>4.153</gpxdata:speed>
    </extensions>
   </trkpt>
   <trkpt lat="-21.5546188" lon="-64.7352284">
    <ele>1919</ele>
    <time>2026-03-15T21:01:35Z</time>
    <extensions>
     <gpxdata:hr>116</gpxdata:hr>
     <gpxdata:distance>2816.00</gpxdata:distance>
     <gpxdata:speed>4.281</gpxdata:speed>
    </extensions>
   </trkpt>
   <trkpt lat="-21.5546553" lon="-64.7352172">
    <ele>1918</ele>
    <time>2026-03-15T21:01:36Z</time>
    <extensions>
     <gpxdata:hr>117</gpxdata:hr>
     <gpxdata:distance>2820.00</gpxdata:distance>
     <gpxdata:speed>4.225</gpxdata:speed>
    </extensions>
   </trkpt>
   <trkpt lat="-21.5546918" lon="-64.7352054">
    <ele>1918</ele>
    <time>2026-03-15T21:01:37Z</time>
    <extensions>
     <gpxdata:hr>117</gpxdata:hr>
     <gpxdata:distance>2824.00</gpxdata:distance>
     <gpxdata:speed>4.236</gpxdata:speed>
    </extensions>
   </trkpt>
   <trkpt lat="-21.5547277" lon="-64.7351929">
    <ele>1918</ele>
    <time>2026-03-15T21:01:38Z</time>
    <extensions>
     <gpxdata:hr>117</gpxdata:hr>
     <gpxdata:distance>2828.00</gpxdata:distance>
     <gpxdata:speed>4.203</gpxdata:speed>
    </extensions>
   </trkpt>
   <trkpt lat="-21.5547625" lon="-64.7351799">
    <ele>1919</ele>
    <time>2026-03-15T21:01:39Z</time>
    <extensions>
     <gpxdata:hr>117</gpxdata:hr>
     <gpxdata:distance>2832.00</gpxdata:distance>
     <gpxdata:speed>4.108</gpxdata:speed>
    </extensions>
   </trkpt>
   <trkpt lat="-21.5548009" lon="-64.7351654">
    <ele>1919</ele>
    <time>2026-03-15T21:01:40Z</time>
    <extensions>
     <gpxdata:hr>117</gpxdata:hr>
     <gpxdata:distance>2836.50</gpxdata:distance>
     <gpxdata:speed>4.506</gpxdata:speed>
    </extensions>
   </trkpt>
   <trkpt lat="-21.5548376" lon="-64.7351522">
    <ele>1918</ele>
    <time>2026-03-15T21:01:41Z</time>
    <extensions>
     <gpxdata:hr>117</gpxdata:hr>
     <gpxdata:distance>2841.00</gpxdata:distance>
     <gpxdata:speed>4.306</gpxdata:speed>
    </extensions>
   </trkpt>
   <trkpt lat="-21.5548739" lon="-64.7351387">
    <ele>1918</ele>
    <time>2026-03-15T21:01:42Z</time>
    <extensions>
     <gpxdata:hr>115</gpxdata:hr>
     <gpxdata:distance>2845.50</gpxdata:distance>
     <gpxdata:speed>4.278</gpxdata:speed>
    </extensions>
   </trkpt>
   <trkpt lat="-21.5549108" lon="-64.7351245">
    <ele>1918</ele>
    <time>2026-03-15T21:01:43Z</time>
    <extensions>
     <gpxdata:hr>114</gpxdata:hr>
     <gpxdata:distance>2850.00</gpxdata:distance>
     <gpxdata:speed>4.361</gpxdata:speed>
    </extensions>
   </trkpt>
   <trkpt lat="-21.5549485" lon="-64.7351105">
    <ele>1918</ele>
    <time>2026-03-15T21:01:44Z</time>
    <extensions>
     <gpxdata:hr>113</gpxdata:hr>
     <gpxdata:distance>2854.50</gpxdata:distance>
     <gpxdata:speed>4.428</gpxdata:speed>
    </extensions>
   </trkpt>
   <trkpt lat="-21.5549859" lon="-64.7350962">
    <ele>1918</ele>
    <time>2026-03-15T21:01:45Z</time>
    <extensions>
     <gpxdata:hr>113</gpxdata:hr>
     <gpxdata:distance>2859.00</gpxdata:distance>
     <gpxdata:speed>4.419</gpxdata:speed>
    </extensions>
   </trkpt>
   <trkpt lat="-21.5550236" lon="-64.7350815">
    <ele>1918</ele>
    <time>2026-03-15T21:01:46Z</time>
    <extensions>
     <gpxdata:hr>113</gpxdata:hr>
     <gpxdata:distance>2863.50</gpxdata:distance>
     <gpxdata:speed>4.461</gpxdata:speed>
    </extensions>
   </trkpt>
   <trkpt lat="-21.5550617" lon="-64.7350666">
    <ele>1918</ele>
    <time>2026-03-15T21:01:47Z</time>
    <extensions>
     <gpxdata:hr>112</gpxdata:hr>
     <gpxdata:distance>2868.00</gpxdata:distance>
     <gpxdata:speed>4.500</gpxdata:speed>
    </extensions>
   </trkpt>
   <trkpt lat="-21.5551012" lon="-64.7350516">
    <ele>1918</ele>
    <time>2026-03-15T21:01:48Z</time>
    <extensions>
     <gpxdata:hr>113</gpxdata:hr>
     <gpxdata:distance>2872.50</gpxdata:distance>
     <gpxdata:speed>4.647</gpxdata:speed>
    </extensions>
   </trkpt>
   <trkpt lat="-21.5551405" lon="-64.7350379">
    <ele>1918</ele>
    <time>2026-03-15T21:01:49Z</time>
    <extensions>
     <gpxdata:hr>112</gpxdata:hr>
     <gpxdata:distance>2877.00</gpxdata:distance>
     <gpxdata:speed>4.606</gpxdata:speed>
    </extensions>
   </trkpt>
   <trkpt lat="-21.5551801" lon="-64.7350227">
    <ele>1918</ele>
    <time>2026-03-15T21:01:50Z</time>
    <extensions>
     <gpxdata:hr>111</gpxdata:hr>
     <gpxdata:distance>2882.00</gpxdata:distance>
     <gpxdata:speed>4.672</gpxdata:speed>
    </extensions>
   </trkpt>
   <trkpt lat="-21.5552199" lon="-64.7350085">
    <ele>1918</ele>
    <time>2026-03-15T21:01:51Z</time>
    <extensions>
     <gpxdata:hr>110</gpxdata:hr>
     <gpxdata:distance>2887.00</gpxdata:distance>
     <gpxdata:speed>4.664</gpxdata:speed>
    </extensions>
   </trkpt>
   <trkpt lat="-21.5552592" lon="-64.7349948">
    <ele>1918</ele>
    <time>2026-03-15T21:01:52Z</time>
    <extensions>
     <gpxdata:hr>110</gpxdata:hr>
     <gpxdata:distance>2891.50</gpxdata:distance>
     <gpxdata:speed>4.597</gpxdata:speed>
    </extensions>
   </trkpt>
   <trkpt lat="-21.5552981" lon="-64.7349814">
    <ele>1918</ele>
    <time>2026-03-15T21:01:53Z</time>
    <extensions>
     <gpxdata:hr>109</gpxdata:hr>
     <gpxdata:distance>2896.00</gpxdata:distance>
     <gpxdata:speed>4.544</gpxdata:speed>
    </extensions>
   </trkpt>
   <trkpt lat="-21.5553366" lon="-64.7349675">
    <ele>1918</ele>
    <time>2026-03-15T21:01:54Z</time>
    <extensions>
     <gpxdata:hr>110</gpxdata:hr>
     <gpxdata:distance>2900.50</gpxdata:distance>
     <gpxdata:speed>4.528</gpxdata:speed>
    </extensions>
   </trkpt>
   <trkpt lat="-21.5553756" lon="-64.7349549">
    <ele>1918</ele>
    <time>2026-03-15T21:01:55Z</time>
    <extensions>
     <gpxdata:hr>110</gpxdata:hr>
     <gpxdata:distance>2905.00</gpxdata:distance>
     <gpxdata:speed>4.533</gpxdata:speed>
    </extensions>
   </trkpt>
   <trkpt lat="-21.5554151" lon="-64.7349449">
    <ele>1918</ele>
    <time>2026-03-15T21:01:56Z</time>
    <extensions>
     <gpxdata:hr>110</gpxdata:hr>
     <gpxdata:distance>2909.50</gpxdata:distance>
     <gpxdata:speed>4.517</gpxdata:speed>
    </extensions>
   </trkpt>
   <trkpt lat="-21.5554542" lon="-64.7349374">
    <ele>1918</ele>
    <time>2026-03-15T21:01:57Z</time>
    <extensions>
     <gpxdata:hr>110</gpxdata:hr>
     <gpxdata:distance>2914.00</gpxdata:distance>
     <gpxdata:speed>4.431</gpxdata:speed>
    </extensions>
   </trkpt>
   <trkpt lat="-21.5554930" lon="-64.7349320">
    <ele>1918</ele>
    <time>2026-03-15T21:01:58Z</time>
    <extensions>
     <gpxdata:hr>110</gpxdata:hr>
     <gpxdata:distance>2918.00</gpxdata:distance>
     <gpxdata:speed>4.358</gpxdata:speed>
    </extensions>
   </trkpt>
   <trkpt lat="-21.5555309" lon="-64.7349280">
    <ele>1918</ele>
    <time>2026-03-15T21:01:59Z</time>
    <extensions>
     <gpxdata:hr>110</gpxdata:hr>
     <gpxdata:distance>2922.00</gpxdata:distance>
     <gpxdata:speed>4.247</gpxdata:speed>
    </extensions>
   </trkpt>
   <trkpt lat="-21.5555681" lon="-64.7349246">
    <ele>1918</ele>
    <time>2026-03-15T21:02:00Z</time>
    <extensions>
     <gpxdata:hr>110</gpxdata:hr>
     <gpxdata:distance>2926.00</gpxdata:distance>
     <gpxdata:speed>4.167</gpxdata:speed>
    </extensions>
   </trkpt>
   <trkpt lat="-21.5556050" lon="-64.7349207">
    <ele>1918</ele>
    <time>2026-03-15T21:02:01Z</time>
    <extensions>
     <gpxdata:hr>110</gpxdata:hr>
     <gpxdata:distance>2930.00</gpxdata:distance>
     <gpxdata:speed>4.128</gpxdata:speed>
    </extensions>
   </trkpt>
   <trkpt lat="-21.5556411" lon="-64.7349144">
    <ele>1918</ele>
    <time>2026-03-15T21:02:02Z</time>
    <extensions>
     <gpxdata:hr>109</gpxdata:hr>
     <gpxdata:distance>2934.50</gpxdata:distance>
     <gpxdata:speed>4.072</gpxdata:speed>
    </extensions>
   </trkpt>
   <trkpt lat="-21.5556771" lon="-64.7349056">
    <ele>1918</ele>
    <time>2026-03-15T21:02:03Z</time>
    <extensions>
     <gpxdata:hr>109</gpxdata:hr>
     <gpxdata:distance>2939.00</gpxdata:distance>
     <gpxdata:speed>4.117</gpxdata:speed>
    </extensions>
   </trkpt>
   <trkpt lat="-21.5557128" lon="-64.7348944">
    <ele>1918</ele>
    <time>2026-03-15T21:02:04Z</time>
    <extensions>
     <gpxdata:hr>108</gpxdata:hr>
     <gpxdata:distance>2943.00</gpxdata:distance>
     <gpxdata:speed>4.133</gpxdata:speed>
    </extensions>
   </trkpt>
   <trkpt lat="-21.5557494" lon="-64.7348818">
    <ele>1918</ele>
    <time>2026-03-15T21:02:05Z</time>
    <extensions>
     <gpxdata:hr>108</gpxdata:hr>
     <gpxdata:distance>2947.00</gpxdata:distance>
     <gpxdata:speed>4.264</gpxdata:speed>
    </extensions>
   </trkpt>
   <trkpt lat="-21.5557862" lon="-64.7348686">
    <ele>1918</ele>
    <time>2026-03-15T21:02:06Z</time>
    <extensions>
     <gpxdata:hr>109</gpxdata:hr>
     <gpxdata:distance>2951.50</gpxdata:distance>
     <gpxdata:speed>4.311</gpxdata:speed>
    </extensions>
   </trkpt>
   <trkpt lat="-21.5558231" lon="-64.7348558">
    <ele>1918</ele>
    <time>2026-03-15T21:02:07Z</time>
    <extensions>
     <gpxdata:hr>111</gpxdata:hr>
     <gpxdata:distance>2956.00</gpxdata:distance>
     <gpxdata:speed>4.303</gpxdata:speed>
    </extensions>
   </trkpt>
   <trkpt lat="-21.5558604" lon="-64.7348429">
    <ele>1918</ele>
    <time>2026-03-15T21:02:08Z</time>
    <extensions>
     <gpxdata:hr>112</gpxdata:hr>
     <gpxdata:distance>2960.50</gpxdata:distance>
     <gpxdata:speed>4.364</gpxdata:speed>
    </extensions>
   </trkpt>
   <trkpt lat="-21.5558983" lon="-64.7348304">
    <ele>1918</ele>
    <time>2026-03-15T21:02:09Z</time>
    <extensions>
     <gpxdata:hr>113</gpxdata:hr>
     <gpxdata:distance>2965.00</gpxdata:distance>
     <gpxdata:speed>4.406</gpxdata:speed>
    </extensions>
   </trkpt>
   <trkpt lat="-21.5559359" lon="-64.7348184">
    <ele>1918</ele>
    <time>2026-03-15T21:02:10Z</time>
    <extensions>
     <gpxdata:hr>114</gpxdata:hr>
     <gpxdata:distance>2969.00</gpxdata:distance>
     <gpxdata:speed>4.361</gpxdata:speed>
    </extensions>
   </trkpt>
   <trkpt lat="-21.5559730" lon="-64.7348065">
    <ele>1918</ele>
    <time>2026-03-15T21:02:11Z</time>
    <extensions>
     <gpxdata:hr>115</gpxdata:hr>
     <gpxdata:distance>2973.00</gpxdata:distance>
     <gpxdata:speed>4.314</gpxdata:speed>
    </extensions>
   </trkpt>
   <trkpt lat="-21.5560105" lon="-64.7347942">
    <ele>1918</ele>
    <time>2026-03-15T21:02:12Z</time>
    <extensions>
     <gpxdata:hr>115</gpxdata:hr>
     <gpxdata:distance>2977.50</gpxdata:distance>
     <gpxdata:speed>4.361</gpxdata:speed>
    </extensions>
   </trkpt>
   <trkpt lat="-21.5560484" lon="-64.7347814">
    <ele>1918</ele>
    <time>2026-03-15T21:02:13Z</time>
    <extensions>
     <gpxdata:hr>115</gpxdata:hr>
     <gpxdata:distance>2982.00</gpxdata:distance>
     <gpxdata:speed>4.419</gpxdata:speed>
    </extensions>
   </trkpt>
   <trkpt lat="-21.5560872" lon="-64.7347683">
    <ele>1918</ele>
    <time>2026-03-15T21:02:14Z</time>
    <extensions>
     <gpxdata:hr>114</gpxdata:hr>
     <gpxdata:distance>2986.50</gpxdata:distance>
     <gpxdata:speed>4.517</gpxdata:speed>
    </extensions>
   </trkpt>
   <trkpt lat="-21.5561260" lon="-64.7347550">
    <ele>1918</ele>
    <time>2026-03-15T21:02:15Z</time>
    <extensions>
     <gpxdata:hr>114</gpxdata:hr>
     <gpxdata:distance>2991.00</gpxdata:distance>
     <gpxdata:speed>4.528</gpxdata:speed>
    </extensions>
   </trkpt>
   <trkpt lat="-21.5561641" lon="-64.7347410">
    <ele>1918</ele>
    <time>2026-03-15T21:02:16Z</time>
    <extensions>
     <gpxdata:hr>114</gpxdata:hr>
     <gpxdata:distance>2995.50</gpxdata:distance>
     <gpxdata:speed>4.475</gpxdata:speed>
    </extensions>
   </trkpt>
   <trkpt lat="-21.5562033" lon="-64.7347271">
    <ele>1918</ele>
    <time>2026-03-15T21:02:17Z</time>
    <extensions>
     <gpxdata:hr>114</gpxdata:hr>
     <gpxdata:distance>3000.00</gpxdata:distance>
     <gpxdata:speed>4.586</gpxdata:speed>
    </extensions>
   </trkpt>
   <trkpt lat="-21.5562430" lon="-64.7347128">
    <ele>1918</ele>
    <time>2026-03-15T21:02:18Z</time>
    <extensions>
     <gpxdata:hr>114</gpxdata:hr>
     <gpxdata:distance>3005.00</gpxdata:distance>
     <gpxdata:speed>4.658</gpxdata:speed>
    </extensions>
   </trkpt>
   <trkpt lat="-21.5562837" lon="-64.7346988">
    <ele>1918</ele>
    <time>2026-03-15T21:02:19Z</time>
    <extensions>
     <gpxdata:hr>114</gpxdata:hr>
     <gpxdata:distance>3010.00</gpxdata:distance>
     <gpxdata:speed>4.742</gpxdata:speed>
    </extensions>
   </trkpt>
   <trkpt lat="-21.5563249" lon="-64.7346844">
    <ele>1918</ele>
    <time>2026-03-15T21:02:20Z</time>
    <extensions>
     <gpxdata:hr>112</gpxdata:hr>
     <gpxdata:distance>3014.50</gpxdata:distance>
     <gpxdata:speed>4.814</gpxdata:speed>
    </extensions>
   </trkpt>
   <trkpt lat="-21.5563652" lon="-64.7346698">
    <ele>1918</ele>
    <time>2026-03-15T21:02:21Z</time>
    <extensions>
     <gpxdata:hr>111</gpxdata:hr>
     <gpxdata:distance>3019.00</gpxdata:distance>
     <gpxdata:speed>4.733</gpxdata:speed>
    </extensions>
   </trkpt>
   <trkpt lat="-21.5564052" lon="-64.7346549">
    <ele>1918</ele>
    <time>2026-03-15T21:02:22Z</time>
    <extensions>
     <gpxdata:hr>109</gpxdata:hr>
     <gpxdata:distance>3024.00</gpxdata:distance>
     <gpxdata:speed>4.708</gpxdata:speed>
    </extensions>
   </trkpt>
   <trkpt lat="-21.5564451" lon="-64.7346399">
    <ele>1918</ele>
    <time>2026-03-15T21:02:23Z</time>
    <extensions>
     <gpxdata:hr>108</gpxdata:hr>
     <gpxdata:distance>3029.00</gpxdata:distance>
     <gpxdata:speed>4.703</gpxdata:speed>
    </extensions>
   </trkpt>
   <trkpt lat="-21.5564850" lon="-64.7346262">
    <ele>1918</ele>
    <time>2026-03-15T21:02:24Z</time>
    <extensions>
     <gpxdata:hr>108</gpxdata:hr>
     <gpxdata:distance>3033.50</gpxdata:distance>
     <gpxdata:speed>4.667</gpxdata:speed>
    </extensions>
   </trkpt>
   <trkpt lat="-21.5565249" lon="-64.7346129">
    <ele>1918</ele>
    <time>2026-03-15T21:02:25Z</time>
    <extensions>
     <gpxdata:hr>108</gpxdata:hr>
     <gpxdata:distance>3038.00</gpxdata:distance>
     <gpxdata:speed>4.656</gpxdata:speed>
    </extensions>
   </trkpt>
   <trkpt lat="-21.5565643" lon="-64.7345991">
    <ele>1918</ele>
    <time>2026-03-15T21:02:26Z</time>
    <extensions>
     <gpxdata:hr>108</gpxdata:hr>
     <gpxdata:distance>3042.50</gpxdata:distance>
     <gpxdata:speed>4.611</gpxdata:speed>
    </extensions>
   </trkpt>
   <trkpt lat="-21.5566037" lon="-64.7345853">
    <ele>1918</ele>
    <time>2026-03-15T21:02:27Z</time>
    <extensions>
     <gpxdata:hr>108</gpxdata:hr>
     <gpxdata:distance>3047.00</gpxdata:distance>
     <gpxdata:speed>4.617</gpxdata:speed>
    </extensions>
   </trkpt>
   <trkpt lat="-21.5566434" lon="-64.7345711">
    <ele>1918</ele>
    <time>2026-03-15T21:02:28Z</time>
    <extensions>
     <gpxdata:hr>109</gpxdata:hr>
     <gpxdata:distance>3052.00</gpxdata:distance>
     <gpxdata:speed>4.653</gpxdata:speed>
    </extensions>
   </trkpt>
   <trkpt lat="-21.5566832" lon="-64.7345571">
    <ele>1918</ele>
    <time>2026-03-15T21:02:29Z</time>
    <extensions>
     <gpxdata:hr>109</gpxdata:hr>
     <gpxdata:distance>3057.00</gpxdata:distance>
     <gpxdata:speed>4.664</gpxdata:speed>
    </extensions>
   </trkpt>
   <trkpt lat="-21.5567219" lon="-64.7345434">
    <ele>1918</ele>
    <time>2026-03-15T21:02:30Z</time>
    <extensions>
     <gpxdata:hr>109</gpxdata:hr>
     <gpxdata:distance>3061.50</gpxdata:distance>
     <gpxdata:speed>4.542</gpxdata:speed>
    </extensions>
   </trkpt>
   <trkpt lat="-21.5567615" lon="-64.7345293">
    <ele>1918</ele>
    <time>2026-03-15T21:02:31Z</time>
    <extensions>
     <gpxdata:hr>108</gpxdata:hr>
     <gpxdata:distance>3066.00</gpxdata:distance>
     <gpxdata:speed>4.636</gpxdata:speed>
    </extensions>
   </trkpt>
   <trkpt lat="-21.5568008" lon="-64.7345147">
    <ele>1918</ele>
    <time>2026-03-15T21:02:32Z</time>
    <extensions>
     <gpxdata:hr>107</gpxdata:hr>
     <gpxdata:distance>3070.50</gpxdata:distance>
     <gpxdata:speed>4.622</gpxdata:speed>
    </extensions>
   </trkpt>
   <trkpt lat="-21.5568403" lon="-64.7345006">
    <ele>1918</ele>
    <time>2026-03-15T21:02:33Z</time>
    <extensions>
     <gpxdata:hr>107</gpxdata:hr>
     <gpxdata:distance>3075.00</gpxdata:distance>
     <gpxdata:speed>4.633</gpxdata:speed>
    </extensions>
   </trkpt>
   <trkpt lat="-21.5568800" lon="-64.7344874">
    <ele>1918</ele>
    <time>2026-03-15T21:02:34Z</time>
    <extensions>
     <gpxdata:hr>107</gpxdata:hr>
     <gpxdata:distance>3079.50</gpxdata:distance>
     <gpxdata:speed>4.628</gpxdata:speed>
    </extensions>
   </trkpt>
   <trkpt lat="-21.5569199" lon="-64.7344738">
    <ele>1918</ele>
    <time>2026-03-15T21:02:35Z</time>
    <extensions>
     <gpxdata:hr>108</gpxdata:hr>
     <gpxdata:distance>3084.00</gpxdata:distance>
     <gpxdata:speed>4.656</gpxdata:speed>
    </extensions>
   </trkpt>
   <trkpt lat="-21.5569592" lon="-64.7344589">
    <ele>1918</ele>
    <time>2026-03-15T21:02:36Z</time>
    <extensions>
     <gpxdata:hr>109</gpxdata:hr>
     <gpxdata:distance>3089.00</gpxdata:distance>
     <gpxdata:speed>4.639</gpxdata:speed>
    </extensions>
   </trkpt>
   <trkpt lat="-21.5569981" lon="-64.7344443">
    <ele>1918</ele>
    <time>2026-03-15T21:02:37Z</time>
    <extensions>
     <gpxdata:hr>109</gpxdata:hr>
     <gpxdata:distance>3094.00</gpxdata:distance>
     <gpxdata:speed>4.583</gpxdata:speed>
    </extensions>
   </trkpt>
   <trkpt lat="-21.5570366" lon="-64.7344309">
    <ele>1918</ele>
    <time>2026-03-15T21:02:38Z</time>
    <extensions>
     <gpxdata:hr>109</gpxdata:hr>
     <gpxdata:distance>3098.00</gpxdata:distance>
     <gpxdata:speed>4.514</gpxdata:speed>
    </extensions>
   </trkpt>
   <trkpt lat="-21.5570744" lon="-64.7344178">
    <ele>1918</ele>
    <time>2026-03-15T21:02:39Z</time>
    <extensions>
     <gpxdata:hr>109</gpxdata:hr>
     <gpxdata:distance>3102.00</gpxdata:distance>
     <gpxdata:speed>4.425</gpxdata:speed>
    </extensions>
   </trkpt>
   <trkpt lat="-21.5571109" lon="-64.7344053">
    <ele>1918</ele>
    <time>2026-03-15T21:02:40Z</time>
    <extensions>
     <gpxdata:hr>109</gpxdata:hr>
     <gpxdata:distance>3106.50</gpxdata:distance>
     <gpxdata:speed>4.281</gpxdata:speed>
    </extensions>
   </trkpt>
   <trkpt lat="-21.5571472" lon="-64.7343920">
    <ele>1918</ele>
    <time>2026-03-15T21:02:41Z</time>
    <extensions>
     <gpxdata:hr>107</gpxdata:hr>
     <gpxdata:distance>3111.00</gpxdata:distance>
     <gpxdata:speed>4.269</gpxdata:speed>
    </extensions>
   </trkpt>
   <trkpt lat="-21.5571854" lon="-64.7343773">
    <ele>1918</ele>
    <time>2026-03-15T21:02:42Z</time>
    <extensions>
     <gpxdata:hr>105</gpxdata:hr>
     <gpxdata:distance>3115.00</gpxdata:distance>
     <gpxdata:speed>4.508</gpxdata:speed>
    </extensions>
   </trkpt>
   <trkpt lat="-21.5572204" lon="-64.7343633">
    <ele>1918</ele>
    <time>2026-03-15T21:02:43Z</time>
    <extensions>
     <gpxdata:hr>105</gpxdata:hr>
     <gpxdata:distance>3119.00</gpxdata:distance>
     <gpxdata:speed>4.167</gpxdata:speed>
    </extensions>
   </trkpt>
   <trkpt lat="-21.5572540" lon="-64.7343498">
    <ele>1918</ele>
    <time>2026-03-15T21:02:44Z</time>
    <extensions>
     <gpxdata:hr>103</gpxdata:hr>
     <gpxdata:distance>3123.00</gpxdata:distance>
     <gpxdata:speed>4.011</gpxdata:speed>
    </extensions>
   </trkpt>
   <trkpt lat="-21.5572877" lon="-64.7343352">
    <ele>1918</ele>
    <time>2026-03-15T21:02:45Z</time>
    <extensions>
     <gpxdata:hr>103</gpxdata:hr>
     <gpxdata:distance>3127.00</gpxdata:distance>
     <gpxdata:speed>4.058</gpxdata:speed>
    </extensions>
   </trkpt>
   <trkpt lat="-21.5573226" lon="-64.7343202">
    <ele>1918</ele>
    <time>2026-03-15T21:02:46Z</time>
    <extensions>
     <gpxdata:hr>103</gpxdata:hr>
     <gpxdata:distance>3131.50</gpxdata:distance>
     <gpxdata:speed>4.175</gpxdata:speed>
    </extensions>
   </trkpt>
   <trkpt lat="-21.5573578" lon="-64.7343051">
    <ele>1918</ele>
    <time>2026-03-15T21:02:47Z</time>
    <extensions>
     <gpxdata:hr>103</gpxdata:hr>
     <gpxdata:distance>3136.00</gpxdata:distance>
     <gpxdata:speed>4.211</gpxdata:speed>
    </extensions>
   </trkpt>
   <trkpt lat="-21.5573924" lon="-64.7342900">
    <ele>1918</ele>
    <time>2026-03-15T21:02:48Z</time>
    <extensions>
     <gpxdata:hr>104</gpxdata:hr>
     <gpxdata:distance>3140.00</gpxdata:distance>
     <gpxdata:speed>4.156</gpxdata:speed>
    </extensions>
   </trkpt>
   <trkpt lat="-21.5574270" lon="-64.7342743">
    <ele>1918</ele>
    <time>2026-03-15T21:02:49Z</time>
    <extensions>
     <gpxdata:hr>104</gpxdata:hr>
     <gpxdata:distance>3144.00</gpxdata:distance>
     <gpxdata:speed>4.178</gpxdata:speed>
    </extensions>
   </trkpt>
   <trkpt lat="-21.5574611" lon="-64.7342575">
    <ele>1918</ele>
    <time>2026-03-15T21:02:50Z</time>
    <extensions>
     <gpxdata:hr>105</gpxdata:hr>
     <gpxdata:distance>3148.00</gpxdata:distance>
     <gpxdata:speed>4.175</gpxdata:speed>
    </extensions>
   </trkpt>
   <trkpt lat="-21.5574942" lon="-64.7342392">
    <ele>1918</ele>
    <time>2026-03-15T21:02:51Z</time>
    <extensions>
     <gpxdata:hr>106</gpxdata:hr>
     <gpxdata:distance>3152.00</gpxdata:distance>
     <gpxdata:speed>4.142</gpxdata:speed>
    </extensions>
   </trkpt>
   <trkpt lat="-21.5575271" lon="-64.7342205">
    <ele>1918</ele>
    <time>2026-03-15T21:02:52Z</time>
    <extensions>
     <gpxdata:hr>104</gpxdata:hr>
     <gpxdata:distance>3156.50</gpxdata:distance>
     <gpxdata:speed>4.142</gpxdata:speed>
    </extensions>
   </trkpt>
   <trkpt lat="-21.5575608" lon="-64.7342032">
    <ele>1918</ele>
    <time>2026-03-15T21:02:53Z</time>
    <extensions>
     <gpxdata:hr>104</gpxdata:hr>
     <gpxdata:distance>3161.00</gpxdata:distance>
     <gpxdata:speed>4.156</gpxdata:speed>
    </extensions>
   </trkpt>
   <trkpt lat="-21.5575951" lon="-64.7341882">
    <ele>1918</ele>
    <time>2026-03-15T21:02:54Z</time>
    <extensions>
     <gpxdata:hr>104</gpxdata:hr>
     <gpxdata:distance>3165.00</gpxdata:distance>
     <gpxdata:speed>4.122</gpxdata:speed>
    </extensions>
   </trkpt>
   <trkpt lat="-21.5576305" lon="-64.7341757">
    <ele>1918</ele>
    <time>2026-03-15T21:02:55Z</time>
    <extensions>
     <gpxdata:hr>103</gpxdata:hr>
     <gpxdata:distance>3169.00</gpxdata:distance>
     <gpxdata:speed>4.144</gpxdata:speed>
    </extensions>
   </trkpt>
   <trkpt lat="-21.5576660" lon="-64.7341635">
    <ele>1918</ele>
    <time>2026-03-15T21:02:56Z</time>
    <extensions>
     <gpxdata:hr>103</gpxdata:hr>
     <gpxdata:distance>3173.00</gpxdata:distance>
     <gpxdata:speed>4.147</gpxdata:speed>
    </extensions>
   </trkpt>
   <trkpt lat="-21.5577019" lon="-64.7341510">
    <ele>1918</ele>
    <time>2026-03-15T21:02:57Z</time>
    <extensions>
     <gpxdata:hr>103</gpxdata:hr>
     <gpxdata:distance>3177.00</gpxdata:distance>
     <gpxdata:speed>4.203</gpxdata:speed>
    </extensions>
   </trkpt>
   <trkpt lat="-21.5577383" lon="-64.7341380">
    <ele>1918</ele>
    <time>2026-03-15T21:02:58Z</time>
    <extensions>
     <gpxdata:hr>103</gpxdata:hr>
     <gpxdata:distance>3181.50</gpxdata:distance>
     <gpxdata:speed>4.253</gpxdata:speed>
    </extensions>
   </trkpt>
   <trkpt lat="-21.5577742" lon="-64.7341243">
    <ele>1918</ele>
    <time>2026-03-15T21:02:59Z</time>
    <extensions>
     <gpxdata:hr>103</gpxdata:hr>
     <gpxdata:distance>3186.00</gpxdata:distance>
     <gpxdata:speed>4.244</gpxdata:speed>
    </extensions>
   </trkpt>
   <trkpt lat="-21.5578103" lon="-64.7341092">
    <ele>1918</ele>
    <time>2026-03-15T21:03:00Z</time>
    <extensions>
     <gpxdata:hr>101</gpxdata:hr>
     <gpxdata:distance>3190.50</gpxdata:distance>
     <gpxdata:speed>4.308</gpxdata:speed>
    </extensions>
   </trkpt>
   <trkpt lat="-21.5578473" lon="-64.7340938">
    <ele>1918</ele>
    <time>2026-03-15T21:03:01Z</time>
    <extensions>
     <gpxdata:hr>100</gpxdata:hr>
     <gpxdata:distance>3195.00</gpxdata:distance>
     <gpxdata:speed>4.406</gpxdata:speed>
    </extensions>
   </trkpt>
   <trkpt lat="-21.5578838" lon="-64.7340779">
    <ele>1918</ele>
    <time>2026-03-15T21:03:02Z</time>
    <extensions>
     <gpxdata:hr>99</gpxdata:hr>
     <gpxdata:distance>3199.00</gpxdata:distance>
     <gpxdata:speed>4.375</gpxdata:speed>
    </extensions>
   </trkpt>
   <trkpt lat="-21.5579196" lon="-64.7340609">
    <ele>1918</ele>
    <time>2026-03-15T21:03:03Z</time>
    <extensions>
     <gpxdata:hr>98</gpxdata:hr>
     <gpxdata:distance>3203.00</gpxdata:distance>
     <gpxdata:speed>4.353</gpxdata:speed>
    </extensions>
   </trkpt>
   <trkpt lat="-21.5579537" lon="-64.7340432">
    <ele>1918</ele>
    <time>2026-03-15T21:03:04Z</time>
    <extensions>
     <gpxdata:hr>98</gpxdata:hr>
     <gpxdata:distance>3207.00</gpxdata:distance>
     <gpxdata:speed>4.222</gpxdata:speed>
    </extensions>
   </trkpt>
   <trkpt lat="-21.5579864" lon="-64.7340263">
    <ele>1918</ele>
    <time>2026-03-15T21:03:05Z</time>
    <extensions>
     <gpxdata:hr>97</gpxdata:hr>
     <gpxdata:distance>3211.00</gpxdata:distance>
     <gpxdata:speed>4.056</gpxdata:speed>
    </extensions>
   </trkpt>
   <trkpt lat="-21.5580184" lon="-64.7340096">
    <ele>1918</ele>
    <time>2026-03-15T21:03:06Z</time>
    <extensions>
     <gpxdata:hr>97</gpxdata:hr>
     <gpxdata:distance>3215.00</gpxdata:distance>
     <gpxdata:speed>3.969</gpxdata:speed>
    </extensions>
   </trkpt>
   <trkpt lat="-21.5580495" lon="-64.7339937">
    <ele>1918</ele>
    <time>2026-03-15T21:03:07Z</time>
    <extensions>
     <gpxdata:hr>97</gpxdata:hr>
     <gpxdata:distance>3219.00</gpxdata:distance>
     <gpxdata:speed>3.847</gpxdata:speed>
    </extensions>
   </trkpt>
   <trkpt lat="-21.5580806" lon="-64.7339783">
    <ele>1917</ele>
    <time>2026-03-15T21:03:08Z</time>
    <extensions>
     <gpxdata:hr>97</gpxdata:hr>
     <gpxdata:distance>3223.00</gpxdata:distance>
     <gpxdata:speed>3.819</gpxdata:speed>
    </extensions>
   </trkpt>
   <trkpt lat="-21.5581143" lon="-64.7339631">
    <ele>1917</ele>
    <time>2026-03-15T21:03:09Z</time>
    <extensions>
     <gpxdata:hr>97</gpxdata:hr>
     <gpxdata:distance>3227.00</gpxdata:distance>
     <gpxdata:speed>4.061</gpxdata:speed>
    </extensions>
   </trkpt>
   <trkpt lat="-21.5581448" lon="-64.7339500">
    <ele>1917</ele>
    <time>2026-03-15T21:03:10Z</time>
    <extensions>
     <gpxdata:hr>97</gpxdata:hr>
     <gpxdata:distance>3230.50</gpxdata:distance>
     <gpxdata:speed>3.675</gpxdata:speed>
    </extensions>
   </trkpt>
   <trkpt lat="-21.5581744" lon="-64.7339373">
    <ele>1917</ele>
    <time>2026-03-15T21:03:11Z</time>
    <extensions>
     <gpxdata:hr>97</gpxdata:hr>
     <gpxdata:distance>3234.00</gpxdata:distance>
     <gpxdata:speed>3.556</gpxdata:speed>
    </extensions>
   </trkpt>
   <trkpt lat="-21.5582032" lon="-64.7339251">
    <ele>1917</ele>
    <time>2026-03-15T21:03:12Z</time>
    <extensions>
     <gpxdata:hr>97</gpxdata:hr>
     <gpxdata:distance>3237.50</gpxdata:distance>
     <gpxdata:speed>3.467</gpxdata:speed>
    </extensions>
   </trkpt>
   <trkpt lat="-21.5582329" lon="-64.7339126">
    <ele>1917</ele>
    <time>2026-03-15T21:03:13Z</time>
    <extensions>
     <gpxdata:hr>97</gpxdata:hr>
     <gpxdata:distance>3241.00</gpxdata:distance>
     <gpxdata:speed>3.553</gpxdata:speed>
    </extensions>
   </trkpt>
   <trkpt lat="-21.5582630" lon="-64.7338991">
    <ele>1917</ele>
    <time>2026-03-15T21:03:14Z</time>
    <extensions>
     <gpxdata:hr>97</gpxdata:hr>
     <gpxdata:distance>3244.50</gpxdata:distance>
     <gpxdata:speed>3.619</gpxdata:speed>
    </extensions>
   </trkpt>
   <trkpt lat="-21.5582931" lon="-64.7338841">
    <ele>1917</ele>
    <time>2026-03-15T21:03:15Z</time>
    <extensions>
     <gpxdata:hr>98</gpxdata:hr>
     <gpxdata:distance>3248.00</gpxdata:distance>
     <gpxdata:speed>3.683</gpxdata:speed>
    </extensions>
   </trkpt>
   <trkpt lat="-21.5583238" lon="-64.7338688">
    <ele>1917</ele>
    <time>2026-03-15T21:03:16Z</time>
    <extensions>
     <gpxdata:hr>99</gpxdata:hr>
     <gpxdata:distance>3252.00</gpxdata:distance>
     <gpxdata:speed>3.758</gpxdata:speed>
    </extensions>
   </trkpt>
   <trkpt lat="-21.5583556" lon="-64.7338529">
    <ele>1917</ele>
    <time>2026-03-15T21:03:17Z</time>
    <extensions>
     <gpxdata:hr>101</gpxdata:hr>
     <gpxdata:distance>3256.00</gpxdata:distance>
     <gpxdata:speed>3.892</gpxdata:speed>
    </extensions>
   </trkpt>
   <trkpt lat="-21.5583889" lon="-64.7338366">
    <ele>1917</ele>
    <time>2026-03-15T21:03:18Z</time>
    <extensions>
     <gpxdata:hr>102</gpxdata:hr>
     <gpxdata:distance>3260.50</gpxdata:distance>
     <gpxdata:speed>4.056</gpxdata:speed>
    </extensions>
   </trkpt>
   <trkpt lat="-21.5584226" lon="-64.7338206">
    <ele>1917</ele>
    <time>2026-03-15T21:03:19Z</time>
    <extensions>
     <gpxdata:hr>102</gpxdata:hr>
     <gpxdata:distance>3265.00</gpxdata:distance>
     <gpxdata:speed>4.086</gpxdata:speed>
    </extensions>
   </trkpt>
   <trkpt lat="-21.5584569" lon="-64.7338051">
    <ele>1917</ele>
    <time>2026-03-15T21:03:20Z</time>
    <extensions>
     <gpxdata:hr>102</gpxdata:hr>
     <gpxdata:distance>3269.00</gpxdata:distance>
     <gpxdata:speed>4.131</gpxdata:speed>
    </extensions>
   </trkpt>
   <trkpt lat="-21.5584922" lon="-64.7337887">
    <ele>1917</ele>
    <time>2026-03-15T21:03:21Z</time>
    <extensions>
     <gpxdata:hr>102</gpxdata:hr>
     <gpxdata:distance>3273.00</gpxdata:distance>
     <gpxdata:speed>4.269</gpxdata:speed>
    </extensions>
   </trkpt>
   <trkpt lat="-21.5585283" lon="-64.7337713">
    <ele>1917</ele>
    <time>2026-03-15T21:03:22Z</time>
    <extensions>
     <gpxdata:hr>103</gpxdata:hr>
     <gpxdata:distance>3277.50</gpxdata:distance>
     <gpxdata:speed>4.386</gpxdata:speed>
    </extensions>
   </trkpt>
   <trkpt lat="-21.5585641" lon="-64.7337526">
    <ele>1917</ele>
    <time>2026-03-15T21:03:23Z</time>
    <extensions>
     <gpxdata:hr>103</gpxdata:hr>
     <gpxdata:distance>3282.00</gpxdata:distance>
     <gpxdata:speed>4.422</gpxdata:speed>
    </extensions>
   </trkpt>
   <trkpt lat="-21.5585990" lon="-64.7337338">
    <ele>1917</ele>
    <time>2026-03-15T21:03:24Z</time>
    <extensions>
     <gpxdata:hr>103</gpxdata:hr>
     <gpxdata:distance>3286.00</gpxdata:distance>
     <gpxdata:speed>4.339</gpxdata:speed>
    </extensions>
   </trkpt>
   <trkpt lat="-21.5586331" lon="-64.7337158">
    <ele>1917</ele>
    <time>2026-03-15T21:03:25Z</time>
    <extensions>
     <gpxdata:hr>103</gpxdata:hr>
     <gpxdata:distance>3290.00</gpxdata:distance>
     <gpxdata:speed>4.233</gpxdata:speed>
    </extensions>
   </trkpt>
   <trkpt lat="-21.5586667" lon="-64.7336978">
    <ele>1917</ele>
    <time>2026-03-15T21:03:26Z</time>
    <extensions>
     <gpxdata:hr>103</gpxdata:hr>
     <gpxdata:distance>3294.50</gpxdata:distance>
     <gpxdata:speed>4.183</gpxdata:speed>
    </extensions>
   </trkpt>
   <trkpt lat="-21.5587007" lon="-64.7336810">
    <ele>1917</ele>
    <time>2026-03-15T21:03:27Z</time>
    <extensions>
     <gpxdata:hr>103</gpxdata:hr>
     <gpxdata:distance>3299.00</gpxdata:distance>
     <gpxdata:speed>4.169</gpxdata:speed>
    </extensions>
   </trkpt>
   <trkpt lat="-21.5587345" lon="-64.7336645">
    <ele>1917</ele>
    <time>2026-03-15T21:03:28Z</time>
    <extensions>
     <gpxdata:hr>103</gpxdata:hr>
     <gpxdata:distance>3303.00</gpxdata:distance>
     <gpxdata:speed>4.139</gpxdata:speed>
    </extensions>
   </trkpt>
   <trkpt lat="-21.5587668" lon="-64.7336467">
    <ele>1917</ele>
    <time>2026-03-15T21:03:29Z</time>
    <extensions>
     <gpxdata:hr>103</gpxdata:hr>
     <gpxdata:distance>3307.00</gpxdata:distance>
     <gpxdata:speed>4.050</gpxdata:speed>
    </extensions>
   </trkpt>
   <trkpt lat="-21.5587998" lon="-64.7336297">
    <ele>1917</ele>
    <time>2026-03-15T21:03:30Z</time>
    <extensions>
     <gpxdata:hr>102</gpxdata:hr>
     <gpxdata:distance>3311.00</gpxdata:distance>
     <gpxdata:speed>4.072</gpxdata:speed>
    </extensions>
   </trkpt>
   <trkpt lat="-21.5588331" lon="-64.7336137">
    <ele>1917</ele>
    <time>2026-03-15T21:03:31Z</time>
    <extensions>
     <gpxdata:hr>100</gpxdata:hr>
     <gpxdata:distance>3315.00</gpxdata:distance>
     <gpxdata:speed>4.064</gpxdata:speed>
    </extensions>
   </trkpt>
   <trkpt lat="-21.5588665" lon="-64.7335976">
    <ele>1917</ele>
    <time>2026-03-15T21:03:32Z</time>
    <extensions>
     <gpxdata:hr>99</gpxdata:hr>
     <gpxdata:distance>3319.00</gpxdata:distance>
     <gpxdata:speed>4.069</gpxdata:speed>
    </extensions>
   </trkpt>
   <trkpt lat="-21.5588998" lon="-64.7335813">
    <ele>1917</ele>
    <time>2026-03-15T21:03:33Z</time>
    <extensions>
     <gpxdata:hr>97</gpxdata:hr>
     <gpxdata:distance>3323.00</gpxdata:distance>
     <gpxdata:speed>4.078</gpxdata:speed>
    </extensions>
   </trkpt>
   <trkpt lat="-21.5589332" lon="-64.7335648">
    <ele>1917</ele>
    <time>2026-03-15T21:03:34Z</time>
    <extensions>
     <gpxdata:hr>96</gpxdata:hr>
     <gpxdata:distance>3327.00</gpxdata:distance>
     <gpxdata:speed>4.086</gpxdata:speed>
    </extensions>
   </trkpt>
   <trkpt lat="-21.5589666" lon="-64.7335476">
    <ele>1917</ele>
    <time>2026-03-15T21:03:35Z</time>
    <extensions>
     <gpxdata:hr>95</gpxdata:hr>
     <gpxdata:distance>3331.00</gpxdata:distance>
     <gpxdata:speed>4.114</gpxdata:speed>
    </extensions>
   </trkpt>
   <trkpt lat="-21.5589999" lon="-64.7335310">
    <ele>1917</ele>
    <time>2026-03-15T21:03:36Z</time>
    <extensions>
     <gpxdata:hr>94</gpxdata:hr>
     <gpxdata:distance>3335.50</gpxdata:distance>
     <gpxdata:speed>4.086</gpxdata:speed>
    </extensions>
   </trkpt>
   <trkpt lat="-21.5590332" lon="-64.7335140">
    <ele>1917</ele>
    <time>2026-03-15T21:03:37Z</time>
    <extensions>
     <gpxdata:hr>92</gpxdata:hr>
     <gpxdata:distance>3340.00</gpxdata:distance>
     <gpxdata:speed>4.108</gpxdata:speed>
    </extensions>
   </trkpt>
   <trkpt lat="-21.5590672" lon="-64.7334963">
    <ele>1917</ele>
    <time>2026-03-15T21:03:38Z</time>
    <extensions>
     <gpxdata:hr>91</gpxdata:hr>
     <gpxdata:distance>3344.00</gpxdata:distance>
     <gpxdata:speed>4.194</gpxdata:speed>
    </extensions>
   </trkpt>
   <trkpt lat="-21.5591011" lon="-64.7334789">
    <ele>1917</ele>
    <time>2026-03-15T21:03:39Z</time>
    <extensions>
     <gpxdata:hr>91</gpxdata:hr>
     <gpxdata:distance>3348.00</gpxdata:distance>
     <gpxdata:speed>4.178</gpxdata:speed>
    </extensions>
   </trkpt>
   <trkpt lat="-21.5591354" lon="-64.7334611">
    <ele>1917</ele>
    <time>2026-03-15T21:03:40Z</time>
    <extensions>
     <gpxdata:hr>89</gpxdata:hr>
     <gpxdata:distance>3352.50</gpxdata:distance>
     <gpxdata:speed>4.228</gpxdata:speed>
    </extensions>
   </trkpt>
   <trkpt lat="-21.5591700" lon="-64.7334438">
    <ele>1917</ele>
    <time>2026-03-15T21:03:41Z</time>
    <extensions>
     <gpxdata:hr>89</gpxdata:hr>
     <gpxdata:distance>3357.00</gpxdata:distance>
     <gpxdata:speed>4.250</gpxdata:speed>
    </extensions>
   </trkpt>
   <trkpt lat="-21.5592036" lon="-64.7334261">
    <ele>1917</ele>
    <time>2026-03-15T21:03:42Z</time>
    <extensions>
     <gpxdata:hr>90</gpxdata:hr>
     <gpxdata:distance>3361.00</gpxdata:distance>
     <gpxdata:speed>4.169</gpxdata:speed>
    </extensions>
   </trkpt>
   <trkpt lat="-21.5592381" lon="-64.7334075">
    <ele>1917</ele>
    <time>2026-03-15T21:03:43Z</time>
    <extensions>
     <gpxdata:hr>89</gpxdata:hr>
     <gpxdata:distance>3365.00</gpxdata:distance>
     <gpxdata:speed>4.289</gpxdata:speed>
    </extensions>
   </trkpt>
   <trkpt lat="-21.5592724" lon="-64.7333900">
    <ele>1917</ele>
    <time>2026-03-15T21:03:44Z</time>
    <extensions>
     <gpxdata:hr>90</gpxdata:hr>
     <gpxdata:distance>3369.00</gpxdata:distance>
     <gpxdata:speed>4.225</gpxdata:speed>
    </extensions>
   </trkpt>
   <trkpt lat="-21.5593063" lon="-64.7333737">
    <ele>1917</ele>
    <time>2026-03-15T21:03:45Z</time>
    <extensions>
     <gpxdata:hr>91</gpxdata:hr>
     <gpxdata:distance>3373.00</gpxdata:distance>
     <gpxdata:speed>4.136</gpxdata:speed>
    </extensions>
   </trkpt>
   <trkpt lat="-21.5593393" lon="-64.7333576">
    <ele>1917</ele>
    <time>2026-03-15T21:03:46Z</time>
    <extensions>
     <gpxdata:hr>91</gpxdata:hr>
     <gpxdata:distance>3377.00</gpxdata:distance>
     <gpxdata:speed>4.039</gpxdata:speed>
    </extensions>
   </trkpt>
   <trkpt lat="-21.5593728" lon="-64.7333419">
    <ele>1917</ele>
    <time>2026-03-15T21:03:47Z</time>
    <extensions>
     <gpxdata:hr>92</gpxdata:hr>
     <gpxdata:distance>3381.00</gpxdata:distance>
     <gpxdata:speed>4.067</gpxdata:speed>
    </extensions>
   </trkpt>
   <trkpt lat="-21.5594063" lon="-64.7333260">
    <ele>1917</ele>
    <time>2026-03-15T21:03:48Z</time>
    <extensions>
     <gpxdata:hr>92</gpxdata:hr>
     <gpxdata:distance>3385.50</gpxdata:distance>
     <gpxdata:speed>4.083</gpxdata:speed>
    </extensions>
   </trkpt>
   <trkpt lat="-21.5594398" lon="-64.7333097">
    <ele>1917</ele>
    <time>2026-03-15T21:03:49Z</time>
    <extensions>
     <gpxdata:hr>92</gpxdata:hr>
     <gpxdata:distance>3390.00</gpxdata:distance>
     <gpxdata:speed>4.089</gpxdata:speed>
    </extensions>
   </trkpt>
   <trkpt lat="-21.5594726" lon="-64.7332938">
    <ele>1917</ele>
    <time>2026-03-15T21:03:50Z</time>
    <extensions>
     <gpxdata:hr>91</gpxdata:hr>
     <gpxdata:distance>3393.50</gpxdata:distance>
     <gpxdata:speed>4.006</gpxdata:speed>
    </extensions>
   </trkpt>
   <trkpt lat="-21.5595054" lon="-64.7332778">
    <ele>1917</ele>
    <time>2026-03-15T21:03:51Z</time>
    <extensions>
     <gpxdata:hr>91</gpxdata:hr>
     <gpxdata:distance>3397.00</gpxdata:distance>
     <gpxdata:speed>4.014</gpxdata:speed>
    </extensions>
   </trkpt>
   <trkpt lat="-21.5595378" lon="-64.7332614">
    <ele>1917</ele>
    <time>2026-03-15T21:03:52Z</time>
    <extensions>
     <gpxdata:hr>91</gpxdata:hr>
     <gpxdata:distance>3401.00</gpxdata:distance>
     <gpxdata:speed>3.986</gpxdata:speed>
    </extensions>
   </trkpt>
   <trkpt lat="-21.5595704" lon="-64.7332449">
    <ele>1917</ele>
    <time>2026-03-15T21:03:53Z</time>
    <extensions>
     <gpxdata:hr>92</gpxdata:hr>
     <gpxdata:distance>3405.00</gpxdata:distance>
     <gpxdata:speed>4.014</gpxdata:speed>
    </extensions>
   </trkpt>
   <trkpt lat="-21.5596028" lon="-64.7332289">
    <ele>1917</ele>
    <time>2026-03-15T21:03:54Z</time>
    <extensions>
     <gpxdata:hr>92</gpxdata:hr>
     <gpxdata:distance>3409.00</gpxdata:distance>
     <gpxdata:speed>3.964</gpxdata:speed>
    </extensions>
   </trkpt>
   <trkpt lat="-21.5596354" lon="-64.7332134">
    <ele>1917</ele>
    <time>2026-03-15T21:03:55Z</time>
    <extensions>
     <gpxdata:hr>92</gpxdata:hr>
     <gpxdata:distance>3413.00</gpxdata:distance>
     <gpxdata:speed>3.972</gpxdata:speed>
    </extensions>
   </trkpt>
   <trkpt lat="-21.5596684" lon="-64.7331976">
    <ele>1917</ele>
    <time>2026-03-15T21:03:56Z</time>
    <extensions>
     <gpxdata:hr>92</gpxdata:hr>
     <gpxdata:distance>3417.50</gpxdata:distance>
     <gpxdata:speed>4.017</gpxdata:speed>
    </extensions>
   </trkpt>
   <trkpt lat="-21.5597016" lon="-64.7331807">
    <ele>1917</ele>
    <time>2026-03-15T21:03:57Z</time>
    <extensions>
     <gpxdata:hr>92</gpxdata:hr>
     <gpxdata:distance>3422.00</gpxdata:distance>
     <gpxdata:speed>4.078</gpxdata:speed>
    </extensions>
   </trkpt>
   <trkpt lat="-21.5597336" lon="-64.7331643">
    <ele>1917</ele>
    <time>2026-03-15T21:03:58Z</time>
    <extensions>
     <gpxdata:hr>92</gpxdata:hr>
     <gpxdata:distance>3425.50</gpxdata:distance>
     <gpxdata:speed>3.956</gpxdata:speed>
    </extensions>
   </trkpt>
   <trkpt lat="-21.5597665" lon="-64.7331486">
    <ele>1917</ele>
    <time>2026-03-15T21:03:59Z</time>
    <extensions>
     <gpxdata:hr>92</gpxdata:hr>
     <gpxdata:distance>3429.00</gpxdata:distance>
     <gpxdata:speed>4.006</gpxdata:speed>
    </extensions>
   </trkpt>
   <trkpt lat="-21.5597997" lon="-64.7331332">
    <ele>1917</ele>
    <time>2026-03-15T21:04:00Z</time>
    <extensions>
     <gpxdata:hr>92</gpxdata:hr>
     <gpxdata:distance>3433.50</gpxdata:distance>
     <gpxdata:speed>4.022</gpxdata:speed>
    </extensions>
   </trkpt>
   <trkpt lat="-21.5598331" lon="-64.7331181">
    <ele>1917</ele>
    <time>2026-03-15T21:04:01Z</time>
    <extensions>
     <gpxdata:hr>93</gpxdata:hr>
     <gpxdata:distance>3438.00</gpxdata:distance>
     <gpxdata:speed>4.028</gpxdata:speed>
    </extensions>
   </trkpt>
   <trkpt lat="-21.5598665" lon="-64.7331031">
    <ele>1917</ele>
    <time>2026-03-15T21:04:02Z</time>
    <extensions>
     <gpxdata:hr>93</gpxdata:hr>
     <gpxdata:distance>3442.00</gpxdata:distance>
     <gpxdata:speed>4.028</gpxdata:speed>
    </extensions>
   </trkpt>
   <trkpt lat="-21.5599005" lon="-64.7330882">
    <ele>1917</ele>
    <time>2026-03-15T21:04:03Z</time>
    <extensions>
     <gpxdata:hr>93</gpxdata:hr>
     <gpxdata:distance>3446.00</gpxdata:distance>
     <gpxdata:speed>4.083</gpxdata:speed>
    </extensions>
   </trkpt>
   <trkpt lat="-21.5599344" lon="-64.7330732">
    <ele>1917</ele>
    <time>2026-03-15T21:04:04Z</time>
    <extensions>
     <gpxdata:hr>93</gpxdata:hr>
     <gpxdata:distance>3450.00</gpxdata:distance>
     <gpxdata:speed>4.075</gpxdata:speed>
    </extensions>
   </trkpt>
   <trkpt lat="-21.5599687" lon="-64.7330582">
    <ele>1917</ele>
    <time>2026-03-15T21:04:05Z</time>
    <extensions>
     <gpxdata:hr>93</gpxdata:hr>
     <gpxdata:distance>3454.00</gpxdata:distance>
     <gpxdata:speed>4.114</gpxdata:speed>
    </extensions>
   </trkpt>
   <trkpt lat="-21.5600021" lon="-64.7330445">
    <ele>1916</ele>
    <time>2026-03-15T21:04:06Z</time>
    <extensions>
     <gpxdata:hr>93</gpxdata:hr>
     <gpxdata:distance>3458.00</gpxdata:distance>
     <gpxdata:speed>3.986</gpxdata:speed>
    </extensions>
   </trkpt>
   <trkpt lat="-21.5600352" lon="-64.7330306">
    <ele>1916</ele>
    <time>2026-03-15T21:04:07Z</time>
    <extensions>
     <gpxdata:hr>93</gpxdata:hr>
     <gpxdata:distance>3462.00</gpxdata:distance>
     <gpxdata:speed>3.964</gpxdata:speed>
    </extensions>
   </trkpt>
   <trkpt lat="-21.5600684" lon="-64.7330162">
    <ele>1916</ele>
    <time>2026-03-15T21:04:08Z</time>
    <extensions>
     <gpxdata:hr>94</gpxdata:hr>
     <gpxdata:distance>3465.50</gpxdata:distance>
     <gpxdata:speed>3.981</gpxdata:speed>
    </extensions>
   </trkpt>
   <trkpt lat="-21.5601004" lon="-64.7330015">
    <ele>1916</ele>
    <time>2026-03-15T21:04:09Z</time>
    <extensions>
     <gpxdata:hr>94</gpxdata:hr>
     <gpxdata:distance>3469.00</gpxdata:distance>
     <gpxdata:speed>3.878</gpxdata:speed>
    </extensions>
   </trkpt>
   <trkpt lat="-21.5601326" lon="-64.7329879">
    <ele>1916</ele>
    <time>2026-03-15T21:04:10Z</time>
    <extensions>
     <gpxdata:hr>94</gpxdata:hr>
     <gpxdata:distance>3473.00</gpxdata:distance>
     <gpxdata:speed>3.856</gpxdata:speed>
    </extensions>
   </trkpt>
   <trkpt lat="-21.5601653" lon="-64.7329746">
    <ele>1916</ele>
    <time>2026-03-15T21:04:11Z</time>
    <extensions>
     <gpxdata:hr>94</gpxdata:hr>
     <gpxdata:distance>3477.00</gpxdata:distance>
     <gpxdata:speed>3.886</gpxdata:speed>
    </extensions>
   </trkpt>
   <trkpt lat="-21.5601983" lon="-64.7329614">
    <ele>1916</ele>
    <time>2026-03-15T21:04:12Z</time>
    <extensions>
     <gpxdata:hr>93</gpxdata:hr>
     <gpxdata:distance>3481.00</gpxdata:distance>
     <gpxdata:speed>3.922</gpxdata:speed>
    </extensions>
   </trkpt>
   <trkpt lat="-21.5602309" lon="-64.7329481">
    <ele>1916</ele>
    <time>2026-03-15T21:04:13Z</time>
    <extensions>
     <gpxdata:hr>92</gpxdata:hr>
     <gpxdata:distance>3485.00</gpxdata:distance>
     <gpxdata:speed>3.878</gpxdata:speed>
    </extensions>
   </trkpt>
   <trkpt lat="-21.5602643" lon="-64.7329342">
    <ele>1916</ele>
    <time>2026-03-15T21:04:14Z</time>
    <extensions>
     <gpxdata:hr>92</gpxdata:hr>
     <gpxdata:distance>3489.00</gpxdata:distance>
     <gpxdata:speed>3.978</gpxdata:speed>
    </extensions>
   </trkpt>
   <trkpt lat="-21.5602985" lon="-64.7329210">
    <ele>1916</ele>
    <time>2026-03-15T21:04:15Z</time>
    <extensions>
     <gpxdata:hr>91</gpxdata:hr>
     <gpxdata:distance>3493.00</gpxdata:distance>
     <gpxdata:speed>4.036</gpxdata:speed>
    </extensions>
   </trkpt>
   <trkpt lat="-21.5603332" lon="-64.7329085">
    <ele>1916</ele>
    <time>2026-03-15T21:04:16Z</time>
    <extensions>
     <gpxdata:hr>90</gpxdata:hr>
     <gpxdata:distance>3497.50</gpxdata:distance>
     <gpxdata:speed>4.064</gpxdata:speed>
    </extensions>
   </trkpt>
   <trkpt lat="-21.5603687" lon="-64.7328959">
    <ele>1916</ele>
    <time>2026-03-15T21:04:17Z</time>
    <extensions>
     <gpxdata:hr>90</gpxdata:hr>
     <gpxdata:distance>3502.00</gpxdata:distance>
     <gpxdata:speed>4.158</gpxdata:speed>
    </extensions>
   </trkpt>
   <trkpt lat="-21.5604049" lon="-64.7328836">
    <ele>1916</ele>
    <time>2026-03-15T21:04:18Z</time>
    <extensions>
     <gpxdata:hr>90</gpxdata:hr>
     <gpxdata:distance>3506.00</gpxdata:distance>
     <gpxdata:speed>4.217</gpxdata:speed>
    </extensions>
   </trkpt>
   <trkpt lat="-21.5604415" lon="-64.7328717">
    <ele>1916</ele>
    <time>2026-03-15T21:04:19Z</time>
    <extensions>
     <gpxdata:hr>90</gpxdata:hr>
     <gpxdata:distance>3510.00</gpxdata:distance>
     <gpxdata:speed>4.242</gpxdata:speed>
    </extensions>
   </trkpt>
   <trkpt lat="-21.5604775" lon="-64.7328599">
    <ele>1916</ele>
    <time>2026-03-15T21:04:20Z</time>
    <extensions>
     <gpxdata:hr>90</gpxdata:hr>
     <gpxdata:distance>3514.00</gpxdata:distance>
     <gpxdata:speed>4.192</gpxdata:speed>
    </extensions>
   </trkpt>
   <trkpt lat="-21.5605130" lon="-64.7328488">
    <ele>1916</ele>
    <time>2026-03-15T21:04:21Z</time>
    <extensions>
     <gpxdata:hr>90</gpxdata:hr>
     <gpxdata:distance>3518.00</gpxdata:distance>
     <gpxdata:speed>4.122</gpxdata:speed>
    </extensions>
   </trkpt>
   <trkpt lat="-21.5605495" lon="-64.7328383">
    <ele>1916</ele>
    <time>2026-03-15T21:04:22Z</time>
    <extensions>
     <gpxdata:hr>90</gpxdata:hr>
     <gpxdata:distance>3522.50</gpxdata:distance>
     <gpxdata:speed>4.200</gpxdata:speed>
    </extensions>
   </trkpt>
   <trkpt lat="-21.5605856" lon="-64.7328281">
    <ele>1916</ele>
    <time>2026-03-15T21:04:23Z</time>
    <extensions>
     <gpxdata:hr>90</gpxdata:hr>
     <gpxdata:distance>3527.00</gpxdata:distance>
     <gpxdata:speed>4.161</gpxdata:speed>
    </extensions>
   </trkpt>
   <trkpt lat="-21.5606219" lon="-64.7328181">
    <ele>1916</ele>
    <time>2026-03-15T21:04:24Z</time>
    <extensions>
     <gpxdata:hr>90</gpxdata:hr>
     <gpxdata:distance>3531.00</gpxdata:distance>
     <gpxdata:speed>4.164</gpxdata:speed>
    </extensions>
   </trkpt>
   <trkpt lat="-21.5606577" lon="-64.7328081">
    <ele>1916</ele>
    <time>2026-03-15T21:04:25Z</time>
    <extensions>
     <gpxdata:hr>90</gpxdata:hr>
     <gpxdata:distance>3535.00</gpxdata:distance>
     <gpxdata:speed>4.119</gpxdata:speed>
    </extensions>
   </trkpt>
   <trkpt lat="-21.5606925" lon="-64.7327988">
    <ele>1916</ele>
    <time>2026-03-15T21:04:26Z</time>
    <extensions>
     <gpxdata:hr>90</gpxdata:hr>
     <gpxdata:distance>3539.00</gpxdata:distance>
     <gpxdata:speed>4.000</gpxdata:speed>
    </extensions>
   </trkpt>
   <trkpt lat="-21.5607271" lon="-64.7327900">
    <ele>1916</ele>
    <time>2026-03-15T21:04:27Z</time>
    <extensions>
     <gpxdata:hr>90</gpxdata:hr>
     <gpxdata:distance>3543.00</gpxdata:distance>
     <gpxdata:speed>3.967</gpxdata:speed>
    </extensions>
   </trkpt>
   <trkpt lat="-21.5607631" lon="-64.7327815">
    <ele>1916</ele>
    <time>2026-03-15T21:04:28Z</time>
    <extensions>
     <gpxdata:hr>90</gpxdata:hr>
     <gpxdata:distance>3547.00</gpxdata:distance>
     <gpxdata:speed>4.092</gpxdata:speed>
    </extensions>
   </trkpt>
   <trkpt lat="-21.5607990" lon="-64.7327731">
    <ele>1916</ele>
    <time>2026-03-15T21:04:29Z</time>
    <extensions>
     <gpxdata:hr>90</gpxdata:hr>
     <gpxdata:distance>3551.00</gpxdata:distance>
     <gpxdata:speed>4.089</gpxdata:speed>
    </extensions>
   </trkpt>
   <trkpt lat="-21.5608352" lon="-64.7327648">
    <ele>1916</ele>
    <time>2026-03-15T21:04:30Z</time>
    <extensions>
     <gpxdata:hr>91</gpxdata:hr>
     <gpxdata:distance>3555.00</gpxdata:distance>
     <gpxdata:speed>4.117</gpxdata:speed>
    </extensions>
   </trkpt>
   <trkpt lat="-21.5608704" lon="-64.7327565">
    <ele>1916</ele>
    <time>2026-03-15T21:04:31Z</time>
    <extensions>
     <gpxdata:hr>91</gpxdata:hr>
     <gpxdata:distance>3559.00</gpxdata:distance>
     <gpxdata:speed>4.014</gpxdata:speed>
    </extensions>
   </trkpt>
   <trkpt lat="-21.5609059" lon="-64.7327488">
    <ele>1916</ele>
    <time>2026-03-15T21:04:32Z</time>
    <extensions>
     <gpxdata:hr>90</gpxdata:hr>
     <gpxdata:distance>3563.00</gpxdata:distance>
     <gpxdata:speed>4.033</gpxdata:speed>
    </extensions>
   </trkpt>
   <trkpt lat="-21.5609419" lon="-64.7327417">
    <ele>1916</ele>
    <time>2026-03-15T21:04:33Z</time>
    <extensions>
     <gpxdata:hr>92</gpxdata:hr>
     <gpxdata:distance>3567.00</gpxdata:distance>
     <gpxdata:speed>4.072</gpxdata:speed>
    </extensions>
   </trkpt>
   <trkpt lat="-21.5609789" lon="-64.7327342">
    <ele>1916</ele>
    <time>2026-03-15T21:04:34Z</time>
    <extensions>
     <gpxdata:hr>93</gpxdata:hr>
     <gpxdata:distance>3571.50</gpxdata:distance>
     <gpxdata:speed>4.183</gpxdata:speed>
    </extensions>
   </trkpt>
   <trkpt lat="-21.5610173" lon="-64.7327270">
    <ele>1917</ele>
    <time>2026-03-15T21:04:35Z</time>
    <extensions>
     <gpxdata:hr>93</gpxdata:hr>
     <gpxdata:distance>3576.00</gpxdata:distance>
     <gpxdata:speed>4.322</gpxdata:speed>
    </extensions>
   </trkpt>
   <trkpt lat="-21.5610572" lon="-64.7327200">
    <ele>1916</ele>
    <time>2026-03-15T21:04:36Z</time>
    <extensions>
     <gpxdata:hr>94</gpxdata:hr>
     <gpxdata:distance>3580.50</gpxdata:distance>
     <gpxdata:speed>4.483</gpxdata:speed>
    </extensions>
   </trkpt>
   <trkpt lat="-21.5610969" lon="-64.7327132">
    <ele>1916</ele>
    <time>2026-03-15T21:04:37Z</time>
    <extensions>
     <gpxdata:hr>94</gpxdata:hr>
     <gpxdata:distance>3585.00</gpxdata:distance>
     <gpxdata:speed>4.469</gpxdata:speed>
    </extensions>
   </trkpt>
   <trkpt lat="-21.5611367" lon="-64.7327065">
    <ele>1916</ele>
    <time>2026-03-15T21:04:38Z</time>
    <extensions>
     <gpxdata:hr>94</gpxdata:hr>
     <gpxdata:distance>3589.50</gpxdata:distance>
     <gpxdata:speed>4.478</gpxdata:speed>
    </extensions>
   </trkpt>
   <trkpt lat="-21.5611760" lon="-64.7326999">
    <ele>1916</ele>
    <time>2026-03-15T21:04:39Z</time>
    <extensions>
     <gpxdata:hr>94</gpxdata:hr>
     <gpxdata:distance>3594.00</gpxdata:distance>
     <gpxdata:speed>4.425</gpxdata:speed>
    </extensions>
   </trkpt>
   <trkpt lat="-21.5612166" lon="-64.7326932">
    <ele>1916</ele>
    <time>2026-03-15T21:04:40Z</time>
    <extensions>
     <gpxdata:hr>94</gpxdata:hr>
     <gpxdata:distance>3599.00</gpxdata:distance>
     <gpxdata:speed>4.567</gpxdata:speed>
    </extensions>
   </trkpt>
   <trkpt lat="-21.5612580" lon="-64.7326859">
    <ele>1916</ele>
    <time>2026-03-15T21:04:41Z</time>
    <extensions>
     <gpxdata:hr>94</gpxdata:hr>
     <gpxdata:distance>3604.00</gpxdata:distance>
     <gpxdata:speed>4.656</gpxdata:speed>
    </extensions>
   </trkpt>
   <trkpt lat="-21.5612997" lon="-64.7326781">
    <ele>1916</ele>
    <time>2026-03-15T21:04:42Z</time>
    <extensions>
     <gpxdata:hr>94</gpxdata:hr>
     <gpxdata:distance>3608.50</gpxdata:distance>
     <gpxdata:speed>4.700</gpxdata:speed>
    </extensions>
   </trkpt>
   <trkpt lat="-21.5613414" lon="-64.7326706">
    <ele>1916</ele>
    <time>2026-03-15T21:04:43Z</time>
    <extensions>
     <gpxdata:hr>95</gpxdata:hr>
     <gpxdata:distance>3613.00</gpxdata:distance>
     <gpxdata:speed>4.706</gpxdata:speed>
    </extensions>
   </trkpt>
   <trkpt lat="-21.5613819" lon="-64.7326628">
    <ele>1916</ele>
    <time>2026-03-15T21:04:44Z</time>
    <extensions>
     <gpxdata:hr>96</gpxdata:hr>
     <gpxdata:distance>3617.50</gpxdata:distance>
     <gpxdata:speed>4.583</gpxdata:speed>
    </extensions>
   </trkpt>
   <trkpt lat="-21.5614213" lon="-64.7326548">
    <ele>1916</ele>
    <time>2026-03-15T21:04:45Z</time>
    <extensions>
     <gpxdata:hr>96</gpxdata:hr>
     <gpxdata:distance>3622.00</gpxdata:distance>
     <gpxdata:speed>4.469</gpxdata:speed>
    </extensions>
   </trkpt>
   <trkpt lat="-21.5614606" lon="-64.7326472">
    <ele>1916</ele>
    <time>2026-03-15T21:04:46Z</time>
    <extensions>
     <gpxdata:hr>96</gpxdata:hr>
     <gpxdata:distance>3626.00</gpxdata:distance>
     <gpxdata:speed>4.453</gpxdata:speed>
    </extensions>
   </trkpt>
   <trkpt lat="-21.5614990" lon="-64.7326407">
    <ele>1916</ele>
    <time>2026-03-15T21:04:47Z</time>
    <extensions>
     <gpxdata:hr>97</gpxdata:hr>
     <gpxdata:distance>3630.00</gpxdata:distance>
     <gpxdata:speed>4.331</gpxdata:speed>
    </extensions>
   </trkpt>
   <trkpt lat="-21.5615370" lon="-64.7326338">
    <ele>1916</ele>
    <time>2026-03-15T21:04:48Z</time>
    <extensions>
     <gpxdata:hr>97</gpxdata:hr>
     <gpxdata:distance>3634.50</gpxdata:distance>
     <gpxdata:speed>4.306</gpxdata:speed>
    </extensions>
   </trkpt>
   <trkpt lat="-21.5615758" lon="-64.7326275">
    <ele>1916</ele>
    <time>2026-03-15T21:04:49Z</time>
    <extensions>
     <gpxdata:hr>98</gpxdata:hr>
     <gpxdata:distance>3639.00</gpxdata:distance>
     <gpxdata:speed>4.358</gpxdata:speed>
    </extensions>
   </trkpt>
   <trkpt lat="-21.5616139" lon="-64.7326205">
    <ele>1916</ele>
    <time>2026-03-15T21:04:50Z</time>
    <extensions>
     <gpxdata:hr>99</gpxdata:hr>
     <gpxdata:distance>3643.50</gpxdata:distance>
     <gpxdata:speed>4.306</gpxdata:speed>
    </extensions>
   </trkpt>
   <trkpt lat="-21.5616519" lon="-64.7326129">
    <ele>1915</ele>
    <time>2026-03-15T21:04:51Z</time>
    <extensions>
     <gpxdata:hr>100</gpxdata:hr>
     <gpxdata:distance>3648.00</gpxdata:distance>
     <gpxdata:speed>4.308</gpxdata:speed>
    </extensions>
   </trkpt>
   <trkpt lat="-21.5616888" lon="-64.7326055">
    <ele>1915</ele>
    <time>2026-03-15T21:04:52Z</time>
    <extensions>
     <gpxdata:hr>100</gpxdata:hr>
     <gpxdata:distance>3652.00</gpxdata:distance>
     <gpxdata:speed>4.183</gpxdata:speed>
    </extensions>
   </trkpt>
   <trkpt lat="-21.5617253" lon="-64.7325990">
    <ele>1915</ele>
    <time>2026-03-15T21:04:53Z</time>
    <extensions>
     <gpxdata:hr>100</gpxdata:hr>
     <gpxdata:distance>3656.00</gpxdata:distance>
     <gpxdata:speed>4.128</gpxdata:speed>
    </extensions>
   </trkpt>
   <trkpt lat="-21.5617606" lon="-64.7325940">
    <ele>1915</ele>
    <time>2026-03-15T21:04:54Z</time>
    <extensions>
     <gpxdata:hr>100</gpxdata:hr>
     <gpxdata:distance>3659.50</gpxdata:distance>
     <gpxdata:speed>3.969</gpxdata:speed>
    </extensions>
   </trkpt>
   <trkpt lat="-21.5617954" lon="-64.7325899">
    <ele>1915</ele>
    <time>2026-03-15T21:04:55Z</time>
    <extensions>
     <gpxdata:hr>99</gpxdata:hr>
     <gpxdata:distance>3663.00</gpxdata:distance>
     <gpxdata:speed>3.908</gpxdata:speed>
    </extensions>
   </trkpt>
   <trkpt lat="-21.5618289" lon="-64.7325901">
    <ele>1915</ele>
    <time>2026-03-15T21:04:56Z</time>
    <extensions>
     <gpxdata:hr>98</gpxdata:hr>
     <gpxdata:distance>3667.00</gpxdata:distance>
     <gpxdata:speed>3.747</gpxdata:speed>
    </extensions>
   </trkpt>
   <trkpt lat="-21.5618614" lon="-64.7325976">
    <ele>1915</ele>
    <time>2026-03-15T21:04:57Z</time>
    <extensions>
     <gpxdata:hr>98</gpxdata:hr>
     <gpxdata:distance>3671.00</gpxdata:distance>
     <gpxdata:speed>3.700</gpxdata:speed>
    </extensions>
   </trkpt>
   <trkpt lat="-21.5618927" lon="-64.7326121">
    <ele>1915</ele>
    <time>2026-03-15T21:04:58Z</time>
    <extensions>
     <gpxdata:hr>100</gpxdata:hr>
     <gpxdata:distance>3675.00</gpxdata:distance>
     <gpxdata:speed>3.778</gpxdata:speed>
    </extensions>
   </trkpt>
   <trkpt lat="-21.5619233" lon="-64.7326330">
    <ele>1915</ele>
    <time>2026-03-15T21:04:59Z</time>
    <extensions>
     <gpxdata:hr>100</gpxdata:hr>
     <gpxdata:distance>3679.00</gpxdata:distance>
     <gpxdata:speed>3.992</gpxdata:speed>
    </extensions>
   </trkpt>
   <trkpt lat="-21.5619534" lon="-64.7326569">
    <ele>1915</ele>
    <time>2026-03-15T21:05:00Z</time>
    <extensions>
     <gpxdata:hr>98</gpxdata:hr>
     <gpxdata:distance>3683.50</gpxdata:distance>
     <gpxdata:speed>4.139</gpxdata:speed>
    </extensions>
   </trkpt>
   <trkpt lat="-21.5619834" lon="-64.7326833">
    <ele>1915</ele>
    <time>2026-03-15T21:05:01Z</time>
    <extensions>
     <gpxdata:hr>98</gpxdata:hr>
     <gpxdata:distance>3688.00</gpxdata:distance>
     <gpxdata:speed>4.286</gpxdata:speed>
    </extensions>
   </trkpt>
   <trkpt lat="-21.5620133" lon="-64.7327099">
    <ele>1915</ele>
    <time>2026-03-15T21:05:02Z</time>
    <extensions>
     <gpxdata:hr>98</gpxdata:hr>
     <gpxdata:distance>3692.00</gpxdata:distance>
     <gpxdata:speed>4.303</gpxdata:speed>
    </extensions>
   </trkpt>
   <trkpt lat="-21.5620445" lon="-64.7327359">
    <ele>1915</ele>
    <time>2026-03-15T21:05:03Z</time>
    <extensions>
     <gpxdata:hr>98</gpxdata:hr>
     <gpxdata:distance>3696.00</gpxdata:distance>
     <gpxdata:speed>4.383</gpxdata:speed>
    </extensions>
   </trkpt>
   <trkpt lat="-21.5620768" lon="-64.7327607">
    <ele>1915</ele>
    <time>2026-03-15T21:05:04Z</time>
    <extensions>
     <gpxdata:hr>98</gpxdata:hr>
     <gpxdata:distance>3700.50</gpxdata:distance>
     <gpxdata:speed>4.414</gpxdata:speed>
    </extensions>
   </trkpt>
   <trkpt lat="-21.5621104" lon="-64.7327842">
    <ele>1914</ele>
    <time>2026-03-15T21:05:05Z</time>
    <extensions>
     <gpxdata:hr>98</gpxdata:hr>
     <gpxdata:distance>3705.00</gpxdata:distance>
     <gpxdata:speed>4.447</gpxdata:speed>
    </extensions>
   </trkpt>
   <trkpt lat="-21.5621442" lon="-64.7328065">
    <ele>1914</ele>
    <time>2026-03-15T21:05:06Z</time>
    <extensions>
     <gpxdata:hr>98</gpxdata:hr>
     <gpxdata:distance>3709.50</gpxdata:distance>
     <gpxdata:speed>4.417</gpxdata:speed>
    </extensions>
   </trkpt>
   <trkpt lat="-21.5621785" lon="-64.7328296">
    <ele>1914</ele>
    <time>2026-03-15T21:05:07Z</time>
    <extensions>
     <gpxdata:hr>99</gpxdata:hr>
     <gpxdata:distance>3714.00</gpxdata:distance>
     <gpxdata:speed>4.500</gpxdata:speed>
    </extensions>
   </trkpt>
   <trkpt lat="-21.5622132" lon="-64.7328524">
    <ele>1914</ele>
    <time>2026-03-15T21:05:08Z</time>
    <extensions>
     <gpxdata:hr>101</gpxdata:hr>
     <gpxdata:distance>3719.00</gpxdata:distance>
     <gpxdata:speed>4.517</gpxdata:speed>
    </extensions>
   </trkpt>
   <trkpt lat="-21.5622475" lon="-64.7328765">
    <ele>1914</ele>
    <time>2026-03-15T21:05:09Z</time>
    <extensions>
     <gpxdata:hr>101</gpxdata:hr>
     <gpxdata:distance>3724.00</gpxdata:distance>
     <gpxdata:speed>4.558</gpxdata:speed>
    </extensions>
   </trkpt>
   <trkpt lat="-21.5622814" lon="-64.7329026">
    <ele>1914</ele>
    <time>2026-03-15T21:05:10Z</time>
    <extensions>
     <gpxdata:hr>101</gpxdata:hr>
     <gpxdata:distance>3728.50</gpxdata:distance>
     <gpxdata:speed>4.625</gpxdata:speed>
    </extensions>
   </trkpt>
   <trkpt lat="-21.5623155" lon="-64.7329293">
    <ele>1914</ele>
    <time>2026-03-15T21:05:11Z</time>
    <extensions>
     <gpxdata:hr>101</gpxdata:hr>
     <gpxdata:distance>3733.00</gpxdata:distance>
     <gpxdata:speed>4.694</gpxdata:speed>
    </extensions>
   </trkpt>
   <trkpt lat="-21.5623501" lon="-64.7329562">
    <ele>1914</ele>
    <time>2026-03-15T21:05:12Z</time>
    <extensions>
     <gpxdata:hr>101</gpxdata:hr>
     <gpxdata:distance>3738.00</gpxdata:distance>
     <gpxdata:speed>4.739</gpxdata:speed>
    </extensions>
   </trkpt>
   <trkpt lat="-21.5623849" lon="-64.7329830">
    <ele>1914</ele>
    <time>2026-03-15T21:05:13Z</time>
    <extensions>
     <gpxdata:hr>101</gpxdata:hr>
     <gpxdata:distance>3743.00</gpxdata:distance>
     <gpxdata:speed>4.764</gpxdata:speed>
    </extensions>
   </trkpt>
   <trkpt lat="-21.5624186" lon="-64.7330098">
    <ele>1914</ele>
    <time>2026-03-15T21:05:14Z</time>
    <extensions>
     <gpxdata:hr>101</gpxdata:hr>
     <gpxdata:distance>3747.50</gpxdata:distance>
     <gpxdata:speed>4.669</gpxdata:speed>
    </extensions>
   </trkpt>
   <trkpt lat="-21.5624531" lon="-64.7330365">
    <ele>1914</ele>
    <time>2026-03-15T21:05:15Z</time>
    <extensions>
     <gpxdata:hr>101</gpxdata:hr>
     <gpxdata:distance>3752.00</gpxdata:distance>
     <gpxdata:speed>4.731</gpxdata:speed>
    </extensions>
   </trkpt>
   <trkpt lat="-21.5624887" lon="-64.7330626">
    <ele>1914</ele>
    <time>2026-03-15T21:05:16Z</time>
    <extensions>
     <gpxdata:hr>101</gpxdata:hr>
     <gpxdata:distance>3757.00</gpxdata:distance>
     <gpxdata:speed>4.783</gpxdata:speed>
    </extensions>
   </trkpt>
   <trkpt lat="-21.5625243" lon="-64.7330900">
    <ele>1914</ele>
    <time>2026-03-15T21:05:17Z</time>
    <extensions>
     <gpxdata:hr>101</gpxdata:hr>
     <gpxdata:distance>3762.00</gpxdata:distance>
     <gpxdata:speed>4.861</gpxdata:speed>
    </extensions>
   </trkpt>
   <trkpt lat="-21.5625603" lon="-64.7331180">
    <ele>1914</ele>
    <time>2026-03-15T21:05:18Z</time>
    <extensions>
     <gpxdata:hr>101</gpxdata:hr>
     <gpxdata:distance>3767.00</gpxdata:distance>
     <gpxdata:speed>4.942</gpxdata:speed>
    </extensions>
   </trkpt>
   <trkpt lat="-21.5625960" lon="-64.7331464">
    <ele>1914</ele>
    <time>2026-03-15T21:05:19Z</time>
    <extensions>
     <gpxdata:hr>101</gpxdata:hr>
     <gpxdata:distance>3772.00</gpxdata:distance>
     <gpxdata:speed>4.939</gpxdata:speed>
    </extensions>
   </trkpt>
   <trkpt lat="-21.5626327" lon="-64.7331754">
    <ele>1914</ele>
    <time>2026-03-15T21:05:20Z</time>
    <extensions>
     <gpxdata:hr>101</gpxdata:hr>
     <gpxdata:distance>3777.00</gpxdata:distance>
     <gpxdata:speed>5.056</gpxdata:speed>
    </extensions>
   </trkpt>
   <trkpt lat="-21.5626695" lon="-64.7332050">
    <ele>1914</ele>
    <time>2026-03-15T21:05:21Z</time>
    <extensions>
     <gpxdata:hr>100</gpxdata:hr>
     <gpxdata:distance>3782.00</gpxdata:distance>
     <gpxdata:speed>5.111</gpxdata:speed>
    </extensions>
   </trkpt>
   <trkpt lat="-21.5627064" lon="-64.7332361">
    <ele>1914</ele>
    <time>2026-03-15T21:05:22Z</time>
    <extensions>
     <gpxdata:hr>101</gpxdata:hr>
     <gpxdata:distance>3787.50</gpxdata:distance>
     <gpxdata:speed>5.203</gpxdata:speed>
    </extensions>
   </trkpt>
   <trkpt lat="-21.5627432" lon="-64.7332671">
    <ele>1914</ele>
    <time>2026-03-15T21:05:23Z</time>
    <extensions>
     <gpxdata:hr>101</gpxdata:hr>
     <gpxdata:distance>3793.00</gpxdata:distance>
     <gpxdata:speed>5.200</gpxdata:speed>
    </extensions>
   </trkpt>
   <trkpt lat="-21.5627805" lon="-64.7333003">
    <ele>1914</ele>
    <time>2026-03-15T21:05:24Z</time>
    <extensions>
     <gpxdata:hr>101</gpxdata:hr>
     <gpxdata:distance>3798.50</gpxdata:distance>
     <gpxdata:speed>5.375</gpxdata:speed>
    </extensions>
   </trkpt>
   <trkpt lat="-21.5628184" lon="-64.7333347">
    <ele>1914</ele>
    <time>2026-03-15T21:05:25Z</time>
    <extensions>
     <gpxdata:hr>101</gpxdata:hr>
     <gpxdata:distance>3804.00</gpxdata:distance>
     <gpxdata:speed>5.500</gpxdata:speed>
    </extensions>
   </trkpt>
   <trkpt lat="-21.5628572" lon="-64.7333708">
    <ele>1914</ele>
    <time>2026-03-15T21:05:26Z</time>
    <extensions>
     <gpxdata:hr>101</gpxdata:hr>
     <gpxdata:distance>3810.00</gpxdata:distance>
     <gpxdata:speed>5.694</gpxdata:speed>
    </extensions>
   </trkpt>
   <trkpt lat="-21.5628960" lon="-64.7334083">
    <ele>1914</ele>
    <time>2026-03-15T21:05:27Z</time>
    <extensions>
     <gpxdata:hr>101</gpxdata:hr>
     <gpxdata:distance>3816.00</gpxdata:distance>
     <gpxdata:speed>5.789</gpxdata:speed>
    </extensions>
   </trkpt>
   <trkpt lat="-21.5629365" lon="-64.7334489">
    <ele>1913</ele>
    <time>2026-03-15T21:05:28Z</time>
    <extensions>
     <gpxdata:hr>102</gpxdata:hr>
     <gpxdata:distance>3822.50</gpxdata:distance>
     <gpxdata:speed>6.133</gpxdata:speed>
    </extensions>
   </trkpt>
   <trkpt lat="-21.5629926" lon="-64.7335070">
    <ele>1913</ele>
    <time>2026-03-15T21:05:29Z</time>
    <extensions>
     <gpxdata:hr>104</gpxdata:hr>
     <gpxdata:distance>3829.00</gpxdata:distance>
     <gpxdata:speed>6.464</gpxdata:speed>
    </extensions>
   </trkpt>
   <trkpt lat="-21.5630382" lon="-64.7335564">
    <ele>1913</ele>
    <time>2026-03-15T21:05:30Z</time>
    <extensions>
     <gpxdata:hr>104</gpxdata:hr>
     <gpxdata:distance>3836.50</gpxdata:distance>
     <gpxdata:speed>6.806</gpxdata:speed>
    </extensions>
   </trkpt>
   <trkpt lat="-21.5630824" lon="-64.7336077">
    <ele>1913</ele>
    <time>2026-03-15T21:05:31Z</time>
    <extensions>
     <gpxdata:hr>104</gpxdata:hr>
     <gpxdata:distance>3844.00</gpxdata:distance>
     <gpxdata:speed>7.072</gpxdata:speed>
    </extensions>
   </trkpt>
   <trkpt lat="-21.5631285" lon="-64.7336607">
    <ele>1913</ele>
    <time>2026-03-15T21:05:32Z</time>
    <extensions>
     <gpxdata:hr>103</gpxdata:hr>
     <gpxdata:distance>3851.50</gpxdata:distance>
     <gpxdata:speed>7.364</gpxdata:speed>
    </extensions>
   </trkpt>
   <trkpt lat="-21.5631753" lon="-64.7337166">
    <ele>1912</ele>
    <time>2026-03-15T21:05:33Z</time>
    <extensions>
     <gpxdata:hr>101</gpxdata:hr>
     <gpxdata:distance>3859.00</gpxdata:distance>
     <gpxdata:speed>7.644</gpxdata:speed>
    </extensions>
   </trkpt>
   <trkpt lat="-21.5632223" lon="-64.7337752">
    <ele>1912</ele>
    <time>2026-03-15T21:05:34Z</time>
    <extensions>
     <gpxdata:hr>98</gpxdata:hr>
     <gpxdata:distance>3867.50</gpxdata:distance>
     <gpxdata:speed>7.875</gpxdata:speed>
    </extensions>
   </trkpt>
   <trkpt lat="-21.5632708" lon="-64.7338358">
    <ele>1912</ele>
    <time>2026-03-15T21:05:35Z</time>
    <extensions>
     <gpxdata:hr>96</gpxdata:hr>
     <gpxdata:distance>3876.00</gpxdata:distance>
     <gpxdata:speed>8.142</gpxdata:speed>
    </extensions>
   </trkpt>
   <trkpt lat="-21.5633195" lon="-64.7339006">
    <ele>1911</ele>
    <time>2026-03-15T21:05:36Z</time>
    <extensions>
     <gpxdata:hr>95</gpxdata:hr>
     <gpxdata:distance>3885.00</gpxdata:distance>
     <gpxdata:speed>8.467</gpxdata:speed>
    </extensions>
   </trkpt>
   <trkpt lat="-21.5633697" lon="-64.7339687">
    <ele>1911</ele>
    <time>2026-03-15T21:05:37Z</time>
    <extensions>
     <gpxdata:hr>95</gpxdata:hr>
     <gpxdata:distance>3894.00</gpxdata:distance>
     <gpxdata:speed>8.825</gpxdata:speed>
    </extensions>
   </trkpt>
   <trkpt lat="-21.5634209" lon="-64.7340394">
    <ele>1911</ele>
    <time>2026-03-15T21:05:38Z</time>
    <extensions>
     <gpxdata:hr>93</gpxdata:hr>
     <gpxdata:distance>3903.50</gpxdata:distance>
     <gpxdata:speed>9.111</gpxdata:speed>
    </extensions>
   </trkpt>
   <trkpt lat="-21.5634725" lon="-64.7341111">
    <ele>1911</ele>
    <time>2026-03-15T21:05:39Z</time>
    <extensions>
     <gpxdata:hr>92</gpxdata:hr>
     <gpxdata:distance>3913.00</gpxdata:distance>
     <gpxdata:speed>9.281</gpxdata:speed>
    </extensions>
   </trkpt>
   <trkpt lat="-21.5635244" lon="-64.7341832">
    <ele>1910</ele>
    <time>2026-03-15T21:05:40Z</time>
    <extensions>
     <gpxdata:hr>90</gpxdata:hr>
     <gpxdata:distance>3922.50</gpxdata:distance>
     <gpxdata:speed>9.358</gpxdata:speed>
    </extensions>
   </trkpt>
   <trkpt lat="-21.5635761" lon="-64.7342567">
    <ele>1910</ele>
    <time>2026-03-15T21:05:41Z</time>
    <extensions>
     <gpxdata:hr>89</gpxdata:hr>
     <gpxdata:distance>3932.00</gpxdata:distance>
     <gpxdata:speed>9.483</gpxdata:speed>
    </extensions>
   </trkpt>
   <trkpt lat="-21.5636271" lon="-64.7343313">
    <ele>1910</ele>
    <time>2026-03-15T21:05:42Z</time>
    <extensions>
     <gpxdata:hr>89</gpxdata:hr>
     <gpxdata:distance>3941.50</gpxdata:distance>
     <gpxdata:speed>9.539</gpxdata:speed>
    </extensions>
   </trkpt>
   <trkpt lat="-21.5636798" lon="-64.7344056">
    <ele>1910</ele>
    <time>2026-03-15T21:05:43Z</time>
    <extensions>
     <gpxdata:hr>88</gpxdata:hr>
     <gpxdata:distance>3951.00</gpxdata:distance>
     <gpxdata:speed>9.628</gpxdata:speed>
    </extensions>
   </trkpt>
   <trkpt lat="-21.5637331" lon="-64.7344794">
    <ele>1909</ele>
    <time>2026-03-15T21:05:44Z</time>
    <extensions>
     <gpxdata:hr>88</gpxdata:hr>
     <gpxdata:distance>3960.50</gpxdata:distance>
     <gpxdata:speed>9.653</gpxdata:speed>
    </extensions>
   </trkpt>
   <trkpt lat="-21.5637859" lon="-64.7345506">
    <ele>1909</ele>
    <time>2026-03-15T21:05:45Z</time>
    <extensions>
     <gpxdata:hr>88</gpxdata:hr>
     <gpxdata:distance>3970.00</gpxdata:distance>
     <gpxdata:speed>9.467</gpxdata:speed>
    </extensions>
   </trkpt>
   <trkpt lat="-21.5638372" lon="-64.7346207">
    <ele>1909</ele>
    <time>2026-03-15T21:05:46Z</time>
    <extensions>
     <gpxdata:hr>88</gpxdata:hr>
     <gpxdata:distance>3979.00</gpxdata:distance>
     <gpxdata:speed>9.306</gpxdata:speed>
    </extensions>
   </trkpt>
   <trkpt lat="-21.5638884" lon="-64.7346881">
    <ele>1909</ele>
    <time>2026-03-15T21:05:47Z</time>
    <extensions>
     <gpxdata:hr>88</gpxdata:hr>
     <gpxdata:distance>3988.00</gpxdata:distance>
     <gpxdata:speed>9.103</gpxdata:speed>
    </extensions>
   </trkpt>
   <trkpt lat="-21.5639398" lon="-64.7347531">
    <ele>1909</ele>
    <time>2026-03-15T21:05:48Z</time>
    <extensions>
     <gpxdata:hr>88</gpxdata:hr>
     <gpxdata:distance>3997.00</gpxdata:distance>
     <gpxdata:speed>8.919</gpxdata:speed>
    </extensions>
   </trkpt>
   <trkpt lat="-21.5639929" lon="-64.7348159">
    <ele>1908</ele>
    <time>2026-03-15T21:05:49Z</time>
    <extensions>
     <gpxdata:hr>88</gpxdata:hr>
     <gpxdata:distance>4006.00</gpxdata:distance>
     <gpxdata:speed>8.842</gpxdata:speed>
    </extensions>
   </trkpt>
   <trkpt lat="-21.5640472" lon="-64.7348745">
    <ele>1908</ele>
    <time>2026-03-15T21:05:50Z</time>
    <extensions>
     <gpxdata:hr>88</gpxdata:hr>
     <gpxdata:distance>4014.00</gpxdata:distance>
     <gpxdata:speed>8.647</gpxdata:speed>
    </extensions>
   </trkpt>
   <trkpt lat="-21.5641045" lon="-64.7349282">
    <ele>1908</ele>
    <time>2026-03-15T21:05:51Z</time>
    <extensions>
     <gpxdata:hr>86</gpxdata:hr>
     <gpxdata:distance>4022.00</gpxdata:distance>
     <gpxdata:speed>8.514</gpxdata:speed>
    </extensions>
   </trkpt>
   <trkpt lat="-21.5641652" lon="-64.7349775">
    <ele>1908</ele>
    <time>2026-03-15T21:05:52Z</time>
    <extensions>
     <gpxdata:hr>85</gpxdata:hr>
     <gpxdata:distance>4030.50</gpxdata:distance>
     <gpxdata:speed>8.483</gpxdata:speed>
    </extensions>
   </trkpt>
   <trkpt lat="-21.5642287" lon="-64.7350214">
    <ele>1908</ele>
    <time>2026-03-15T21:05:53Z</time>
    <extensions>
     <gpxdata:hr>85</gpxdata:hr>
     <gpxdata:distance>4039.00</gpxdata:distance>
     <gpxdata:speed>8.414</gpxdata:speed>
    </extensions>
   </trkpt>
   <trkpt lat="-21.5642944" lon="-64.7350606">
    <ele>1908</ele>
    <time>2026-03-15T21:05:54Z</time>
    <extensions>
     <gpxdata:hr>85</gpxdata:hr>
     <gpxdata:distance>4047.50</gpxdata:distance>
     <gpxdata:speed>8.367</gpxdata:speed>
    </extensions>
   </trkpt>
   <trkpt lat="-21.5643611" lon="-64.7350960">
    <ele>1907</ele>
    <time>2026-03-15T21:05:55Z</time>
    <extensions>
     <gpxdata:hr>85</gpxdata:hr>
     <gpxdata:distance>4056.00</gpxdata:distance>
     <gpxdata:speed>8.286</gpxdata:speed>
    </extensions>
   </trkpt>
   <trkpt lat="-21.5644280" lon="-64.7351286">
    <ele>1907</ele>
    <time>2026-03-15T21:05:56Z</time>
    <extensions>
     <gpxdata:hr>85</gpxdata:hr>
     <gpxdata:distance>4064.00</gpxdata:distance>
     <gpxdata:speed>8.208</gpxdata:speed>
    </extensions>
   </trkpt>
   <trkpt lat="-21.5644958" lon="-64.7351600">
    <ele>1907</ele>
    <time>2026-03-15T21:05:57Z</time>
    <extensions>
     <gpxdata:hr>85</gpxdata:hr>
     <gpxdata:distance>4072.00</gpxdata:distance>
     <gpxdata:speed>8.214</gpxdata:speed>
    </extensions>
   </trkpt>
   <trkpt lat="-21.5645632" lon="-64.7351912">
    <ele>1907</ele>
    <time>2026-03-15T21:05:58Z</time>
    <extensions>
     <gpxdata:hr>85</gpxdata:hr>
     <gpxdata:distance>4080.00</gpxdata:distance>
     <gpxdata:speed>8.183</gpxdata:speed>
    </extensions>
   </trkpt>
   <trkpt lat="-21.5646295" lon="-64.7352217">
    <ele>1907</ele>
    <time>2026-03-15T21:05:59Z</time>
    <extensions>
     <gpxdata:hr>86</gpxdata:hr>
     <gpxdata:distance>4088.00</gpxdata:distance>
     <gpxdata:speed>8.064</gpxdata:speed>
    </extensions>
   </trkpt>
   <trkpt lat="-21.5646949" lon="-64.7352525">
    <ele>1907</ele>
    <time>2026-03-15T21:06:00Z</time>
    <extensions>
     <gpxdata:hr>86</gpxdata:hr>
     <gpxdata:distance>4096.00</gpxdata:distance>
     <gpxdata:speed>7.992</gpxdata:speed>
    </extensions>
   </trkpt>
   <trkpt lat="-21.5647615" lon="-64.7352830">
    <ele>1907</ele>
    <time>2026-03-15T21:06:01Z</time>
    <extensions>
     <gpxdata:hr>86</gpxdata:hr>
     <gpxdata:distance>4104.00</gpxdata:distance>
     <gpxdata:speed>8.053</gpxdata:speed>
    </extensions>
   </trkpt>
   <trkpt lat="-21.5648276" lon="-64.7353139">
    <ele>1907</ele>
    <time>2026-03-15T21:06:02Z</time>
    <extensions>
     <gpxdata:hr>86</gpxdata:hr>
     <gpxdata:distance>4112.50</gpxdata:distance>
     <gpxdata:speed>8.025</gpxdata:speed>
    </extensions>
   </trkpt>
   <trkpt lat="-21.5648954" lon="-64.7353461">
    <ele>1907</ele>
    <time>2026-03-15T21:06:03Z</time>
    <extensions>
     <gpxdata:hr>86</gpxdata:hr>
     <gpxdata:distance>4121.00</gpxdata:distance>
     <gpxdata:speed>8.194</gpxdata:speed>
    </extensions>
   </trkpt>
   <trkpt lat="-21.5649623" lon="-64.7353790">
    <ele>1907</ele>
    <time>2026-03-15T21:06:04Z</time>
    <extensions>
     <gpxdata:hr>87</gpxdata:hr>
     <gpxdata:distance>4129.00</gpxdata:distance>
     <gpxdata:speed>8.172</gpxdata:speed>
    </extensions>
   </trkpt>
   <trkpt lat="-21.5650281" lon="-64.7354131">
    <ele>1906</ele>
    <time>2026-03-15T21:06:05Z</time>
    <extensions>
     <gpxdata:hr>88</gpxdata:hr>
     <gpxdata:distance>4137.00</gpxdata:distance>
     <gpxdata:speed>8.136</gpxdata:speed>
    </extensions>
   </trkpt>
   <trkpt lat="-21.5650933" lon="-64.7354487">
    <ele>1906</ele>
    <time>2026-03-15T21:06:06Z</time>
    <extensions>
     <gpxdata:hr>90</gpxdata:hr>
     <gpxdata:distance>4145.00</gpxdata:distance>
     <gpxdata:speed>8.139</gpxdata:speed>
    </extensions>
   </trkpt>
   <trkpt lat="-21.5651567" lon="-64.7354859">
    <ele>1906</ele>
    <time>2026-03-15T21:06:07Z</time>
    <extensions>
     <gpxdata:hr>91</gpxdata:hr>
     <gpxdata:distance>4153.00</gpxdata:distance>
     <gpxdata:speed>8.064</gpxdata:speed>
    </extensions>
   </trkpt>
   <trkpt lat="-21.5652190" lon="-64.7355247">
    <ele>1906</ele>
    <time>2026-03-15T21:06:08Z</time>
    <extensions>
     <gpxdata:hr>92</gpxdata:hr>
     <gpxdata:distance>4161.00</gpxdata:distance>
     <gpxdata:speed>8.028</gpxdata:speed>
    </extensions>
   </trkpt>
   <trkpt lat="-21.5652791" lon="-64.7355645">
    <ele>1906</ele>
    <time>2026-03-15T21:06:09Z</time>
    <extensions>
     <gpxdata:hr>92</gpxdata:hr>
     <gpxdata:distance>4169.00</gpxdata:distance>
     <gpxdata:speed>7.903</gpxdata:speed>
    </extensions>
   </trkpt>
   <trkpt lat="-21.5653379" lon="-64.7356047">
    <ele>1905</ele>
    <time>2026-03-15T21:06:10Z</time>
    <extensions>
     <gpxdata:hr>92</gpxdata:hr>
     <gpxdata:distance>4176.50</gpxdata:distance>
     <gpxdata:speed>7.800</gpxdata:speed>
    </extensions>
   </trkpt>
   <trkpt lat="-21.5653961" lon="-64.7356434">
    <ele>1905</ele>
    <time>2026-03-15T21:06:11Z</time>
    <extensions>
     <gpxdata:hr>92</gpxdata:hr>
     <gpxdata:distance>4184.00</gpxdata:distance>
     <gpxdata:speed>7.678</gpxdata:speed>
    </extensions>
   </trkpt>
   <trkpt lat="-21.5654527" lon="-64.7356816">
    <ele>1905</ele>
    <time>2026-03-15T21:06:12Z</time>
    <extensions>
     <gpxdata:hr>91</gpxdata:hr>
     <gpxdata:distance>4191.00</gpxdata:distance>
     <gpxdata:speed>7.511</gpxdata:speed>
    </extensions>
   </trkpt>
   <trkpt lat="-21.5655082" lon="-64.7357182">
    <ele>1905</ele>
    <time>2026-03-15T21:06:13Z</time>
    <extensions>
     <gpxdata:hr>92</gpxdata:hr>
     <gpxdata:distance>4198.00</gpxdata:distance>
     <gpxdata:speed>7.328</gpxdata:speed>
    </extensions>
   </trkpt>
   <trkpt lat="-21.5655623" lon="-64.7357537">
    <ele>1905</ele>
    <time>2026-03-15T21:06:14Z</time>
    <extensions>
     <gpxdata:hr>92</gpxdata:hr>
     <gpxdata:distance>4205.00</gpxdata:distance>
     <gpxdata:speed>7.150</gpxdata:speed>
    </extensions>
   </trkpt>
   <trkpt lat="-21.5656150" lon="-64.7357887">
    <ele>1905</ele>
    <time>2026-03-15T21:06:15Z</time>
    <extensions>
     <gpxdata:hr>94</gpxdata:hr>
     <gpxdata:distance>4212.00</gpxdata:distance>
     <gpxdata:speed>6.983</gpxdata:speed>
    </extensions>
   </trkpt>
   <trkpt lat="-21.5656661" lon="-64.7358220">
    <ele>1905</ele>
    <time>2026-03-15T21:06:16Z</time>
    <extensions>
     <gpxdata:hr>94</gpxdata:hr>
     <gpxdata:distance>4218.50</gpxdata:distance>
     <gpxdata:speed>6.756</gpxdata:speed>
    </extensions>
   </trkpt>
   <trkpt lat="-21.5657171" lon="-64.7358542">
    <ele>1905</ele>
    <time>2026-03-15T21:06:17Z</time>
    <extensions>
     <gpxdata:hr>94</gpxdata:hr>
     <gpxdata:distance>4225.00</gpxdata:distance>
     <gpxdata:speed>6.647</gpxdata:speed>
    </extensions>
   </trkpt>
   <trkpt lat="-21.5657675" lon="-64.7358858">
    <ele>1905</ele>
    <time>2026-03-15T21:06:18Z</time>
    <extensions>
     <gpxdata:hr>94</gpxdata:hr>
     <gpxdata:distance>4231.50</gpxdata:distance>
     <gpxdata:speed>6.556</gpxdata:speed>
    </extensions>
   </trkpt>
   <trkpt lat="-21.5658160" lon="-64.7359173">
    <ele>1905</ele>
    <time>2026-03-15T21:06:19Z</time>
    <extensions>
     <gpxdata:hr>94</gpxdata:hr>
     <gpxdata:distance>4238.00</gpxdata:distance>
     <gpxdata:speed>6.386</gpxdata:speed>
    </extensions>
   </trkpt>
   <trkpt lat="-21.5658617" lon="-64.7359488">
    <ele>1905</ele>
    <time>2026-03-15T21:06:20Z</time>
    <extensions>
     <gpxdata:hr>94</gpxdata:hr>
     <gpxdata:distance>4243.50</gpxdata:distance>
     <gpxdata:speed>6.144</gpxdata:speed>
    </extensions>
   </trkpt>
   <trkpt lat="-21.5659049" lon="-64.7359804">
    <ele>1905</ele>
    <time>2026-03-15T21:06:21Z</time>
    <extensions>
     <gpxdata:hr>94</gpxdata:hr>
     <gpxdata:distance>4249.00</gpxdata:distance>
     <gpxdata:speed>5.922</gpxdata:speed>
    </extensions>
   </trkpt>
   <trkpt lat="-21.5659346" lon="-64.7360027">
    <ele>1905</ele>
    <time>2026-03-15T21:06:22Z</time>
    <extensions>
     <gpxdata:hr>93</gpxdata:hr>
     <gpxdata:distance>4254.50</gpxdata:distance>
     <gpxdata:speed>5.692</gpxdata:speed>
    </extensions>
   </trkpt>
   <trkpt lat="-21.5659711" lon="-64.7360307">
    <ele>1904</ele>
    <time>2026-03-15T21:06:23Z</time>
    <extensions>
     <gpxdata:hr>92</gpxdata:hr>
     <gpxdata:distance>4260.00</gpxdata:distance>
     <gpxdata:speed>5.486</gpxdata:speed>
    </extensions>
   </trkpt>
   <trkpt lat="-21.5660083" lon="-64.7360590">
    <ele>1904</ele>
    <time>2026-03-15T21:06:24Z</time>
    <extensions>
     <gpxdata:hr>92</gpxdata:hr>
     <gpxdata:distance>4265.00</gpxdata:distance>
     <gpxdata:speed>5.239</gpxdata:speed>
    </extensions>
   </trkpt>
   <trkpt lat="-21.5660459" lon="-64.7360865">
    <ele>1904</ele>
    <time>2026-03-15T21:06:25Z</time>
    <extensions>
     <gpxdata:hr>92</gpxdata:hr>
     <gpxdata:distance>4270.00</gpxdata:distance>
     <gpxdata:speed>5.119</gpxdata:speed>
    </extensions>
   </trkpt>
   <trkpt lat="-21.5660819" lon="-64.7361128">
    <ele>1904</ele>
    <time>2026-03-15T21:06:26Z</time>
    <extensions>
     <gpxdata:hr>92</gpxdata:hr>
     <gpxdata:distance>4274.50</gpxdata:distance>
     <gpxdata:speed>4.881</gpxdata:speed>
    </extensions>
   </trkpt>
   <trkpt lat="-21.5661164" lon="-64.7361383">
    <ele>1904</ele>
    <time>2026-03-15T21:06:27Z</time>
    <extensions>
     <gpxdata:hr>90</gpxdata:hr>
     <gpxdata:distance>4279.00</gpxdata:distance>
     <gpxdata:speed>4.694</gpxdata:speed>
    </extensions>
   </trkpt>
   <trkpt lat="-21.5661514" lon="-64.7361628">
    <ele>1904</ele>
    <time>2026-03-15T21:06:28Z</time>
    <extensions>
     <gpxdata:hr>90</gpxdata:hr>
     <gpxdata:distance>4283.50</gpxdata:distance>
     <gpxdata:speed>4.664</gpxdata:speed>
    </extensions>
   </trkpt>
   <trkpt lat="-21.5661852" lon="-64.7361866">
    <ele>1904</ele>
    <time>2026-03-15T21:06:29Z</time>
    <extensions>
     <gpxdata:hr>91</gpxdata:hr>
     <gpxdata:distance>4288.00</gpxdata:distance>
     <gpxdata:speed>4.517</gpxdata:speed>
    </extensions>
   </trkpt>
   <trkpt lat="-21.5662179" lon="-64.7362094">
    <ele>1904</ele>
    <time>2026-03-15T21:06:30Z</time>
    <extensions>
     <gpxdata:hr>91</gpxdata:hr>
     <gpxdata:distance>4292.00</gpxdata:distance>
     <gpxdata:speed>4.361</gpxdata:speed>
    </extensions>
   </trkpt>
   <trkpt lat="-21.5662500" lon="-64.7362310">
    <ele>1904</ele>
    <time>2026-03-15T21:06:31Z</time>
    <extensions>
     <gpxdata:hr>92</gpxdata:hr>
     <gpxdata:distance>4296.00</gpxdata:distance>
     <gpxdata:speed>4.225</gpxdata:speed>
    </extensions>
   </trkpt>
   <trkpt lat="-21.5662817" lon="-64.7362516">
    <ele>1904</ele>
    <time>2026-03-15T21:06:32Z</time>
    <extensions>
     <gpxdata:hr>91</gpxdata:hr>
     <gpxdata:distance>4300.00</gpxdata:distance>
     <gpxdata:speed>4.142</gpxdata:speed>
    </extensions>
   </trkpt>
   <trkpt lat="-21.5663134" lon="-64.7362705">
    <ele>1904</ele>
    <time>2026-03-15T21:06:33Z</time>
    <extensions>
     <gpxdata:hr>92</gpxdata:hr>
     <gpxdata:distance>4304.00</gpxdata:distance>
     <gpxdata:speed>4.039</gpxdata:speed>
    </extensions>
   </trkpt>
   <trkpt lat="-21.5663444" lon="-64.7362900">
    <ele>1904</ele>
    <time>2026-03-15T21:06:34Z</time>
    <extensions>
     <gpxdata:hr>93</gpxdata:hr>
     <gpxdata:distance>4308.00</gpxdata:distance>
     <gpxdata:speed>4.006</gpxdata:speed>
    </extensions>
   </trkpt>
   <trkpt lat="-21.5663736" lon="-64.7363111">
    <ele>1904</ele>
    <time>2026-03-15T21:06:35Z</time>
    <extensions>
     <gpxdata:hr>93</gpxdata:hr>
     <gpxdata:distance>4312.00</gpxdata:distance>
     <gpxdata:speed>3.925</gpxdata:speed>
    </extensions>
   </trkpt>
   <trkpt lat="-21.5664014" lon="-64.7363340">
    <ele>1904</ele>
    <time>2026-03-15T21:06:36Z</time>
    <extensions>
     <gpxdata:hr>92</gpxdata:hr>
     <gpxdata:distance>4316.00</gpxdata:distance>
     <gpxdata:speed>3.906</gpxdata:speed>
    </extensions>
   </trkpt>
   <trkpt lat="-21.5664291" lon="-64.7363576">
    <ele>1904</ele>
    <time>2026-03-15T21:06:37Z</time>
    <extensions>
     <gpxdata:hr>92</gpxdata:hr>
     <gpxdata:distance>4320.00</gpxdata:distance>
     <gpxdata:speed>3.928</gpxdata:speed>
    </extensions>
   </trkpt>
   <trkpt lat="-21.5664563" lon="-64.7363806">
    <ele>1904</ele>
    <time>2026-03-15T21:06:38Z</time>
    <extensions>
     <gpxdata:hr>91</gpxdata:hr>
     <gpxdata:distance>4324.00</gpxdata:distance>
     <gpxdata:speed>3.858</gpxdata:speed>
    </extensions>
   </trkpt>
   <trkpt lat="-21.5664845" lon="-64.7364023">
    <ele>1904</ele>
    <time>2026-03-15T21:06:39Z</time>
    <extensions>
     <gpxdata:hr>90</gpxdata:hr>
     <gpxdata:distance>4328.00</gpxdata:distance>
     <gpxdata:speed>3.858</gpxdata:speed>
    </extensions>
   </trkpt>
   <trkpt lat="-21.5665135" lon="-64.7364237">
    <ele>1904</ele>
    <time>2026-03-15T21:06:40Z</time>
    <extensions>
     <gpxdata:hr>90</gpxdata:hr>
     <gpxdata:distance>4331.50</gpxdata:distance>
     <gpxdata:speed>3.919</gpxdata:speed>
    </extensions>
   </trkpt>
   <trkpt lat="-21.5665426" lon="-64.7364445">
    <ele>1904</ele>
    <time>2026-03-15T21:06:41Z</time>
    <extensions>
     <gpxdata:hr>89</gpxdata:hr>
     <gpxdata:distance>4335.00</gpxdata:distance>
     <gpxdata:speed>3.883</gpxdata:speed>
    </extensions>
   </trkpt>
   <trkpt lat="-21.5665713" lon="-64.7364642">
    <ele>1904</ele>
    <time>2026-03-15T21:06:42Z</time>
    <extensions>
     <gpxdata:hr>89</gpxdata:hr>
     <gpxdata:distance>4339.00</gpxdata:distance>
     <gpxdata:speed>3.800</gpxdata:speed>
    </extensions>
   </trkpt>
   <trkpt lat="-21.5665998" lon="-64.7364844">
    <ele>1904</ele>
    <time>2026-03-15T21:06:43Z</time>
    <extensions>
     <gpxdata:hr>89</gpxdata:hr>
     <gpxdata:distance>4343.00</gpxdata:distance>
     <gpxdata:speed>3.803</gpxdata:speed>
    </extensions>
   </trkpt>
   <trkpt lat="-21.5666283" lon="-64.7365053">
    <ele>1904</ele>
    <time>2026-03-15T21:06:44Z</time>
    <extensions>
     <gpxdata:hr>89</gpxdata:hr>
     <gpxdata:distance>4347.00</gpxdata:distance>
     <gpxdata:speed>3.828</gpxdata:speed>
    </extensions>
   </trkpt>
   <trkpt lat="-21.5666566" lon="-64.7365266">
    <ele>1904</ele>
    <time>2026-03-15T21:06:45Z</time>
    <extensions>
     <gpxdata:hr>89</gpxdata:hr>
     <gpxdata:distance>4351.00</gpxdata:distance>
     <gpxdata:speed>3.847</gpxdata:speed>
    </extensions>
   </trkpt>
   <trkpt lat="-21.5666856" lon="-64.7365475">
    <ele>1904</ele>
    <time>2026-03-15T21:06:46Z</time>
    <extensions>
     <gpxdata:hr>89</gpxdata:hr>
     <gpxdata:distance>4355.00</gpxdata:distance>
     <gpxdata:speed>3.878</gpxdata:speed>
    </extensions>
   </trkpt>
   <trkpt lat="-21.5667150" lon="-64.7365680">
    <ele>1904</ele>
    <time>2026-03-15T21:06:47Z</time>
    <extensions>
     <gpxdata:hr>89</gpxdata:hr>
     <gpxdata:distance>4359.00</gpxdata:distance>
     <gpxdata:speed>3.903</gpxdata:speed>
    </extensions>
   </trkpt>
   <trkpt lat="-21.5667455" lon="-64.7365888">
    <ele>1904</ele>
    <time>2026-03-15T21:06:48Z</time>
    <extensions>
     <gpxdata:hr>89</gpxdata:hr>
     <gpxdata:distance>4363.00</gpxdata:distance>
     <gpxdata:speed>4.008</gpxdata:speed>
    </extensions>
   </trkpt>
   <trkpt lat="-21.5667760" lon="-64.7366094">
    <ele>1904</ele>
    <time>2026-03-15T21:06:49Z</time>
    <extensions>
     <gpxdata:hr>89</gpxdata:hr>
     <gpxdata:distance>4367.00</gpxdata:distance>
     <gpxdata:speed>4.006</gpxdata:speed>
    </extensions>
   </trkpt>
   <trkpt lat="-21.5668064" lon="-64.7366304">
    <ele>1904</ele>
    <time>2026-03-15T21:06:50Z</time>
    <extensions>
     <gpxdata:hr>89</gpxdata:hr>
     <gpxdata:distance>4371.00</gpxdata:distance>
     <gpxdata:speed>4.011</gpxdata:speed>
    </extensions>
   </trkpt>
   <trkpt lat="-21.5668365" lon="-64.7366517">
    <ele>1904</ele>
    <time>2026-03-15T21:06:51Z</time>
    <extensions>
     <gpxdata:hr>89</gpxdata:hr>
     <gpxdata:distance>4375.00</gpxdata:distance>
     <gpxdata:speed>4.014</gpxdata:speed>
    </extensions>
   </trkpt>
   <trkpt lat="-21.5668666" lon="-64.7366726">
    <ele>1905</ele>
    <time>2026-03-15T21:06:52Z</time>
    <extensions>
     <gpxdata:hr>89</gpxdata:hr>
     <gpxdata:distance>4378.50</gpxdata:distance>
     <gpxdata:speed>3.983</gpxdata:speed>
    </extensions>
   </trkpt>
   <trkpt lat="-21.5668972" lon="-64.7366912">
    <ele>1905</ele>
    <time>2026-03-15T21:06:53Z</time>
    <extensions>
     <gpxdata:hr>89</gpxdata:hr>
     <gpxdata:distance>4382.00</gpxdata:distance>
     <gpxdata:speed>3.917</gpxdata:speed>
    </extensions>
   </trkpt>
   <trkpt lat="-21.5669284" lon="-64.7367097">
    <ele>1905</ele>
    <time>2026-03-15T21:06:54Z</time>
    <extensions>
     <gpxdata:hr>88</gpxdata:hr>
     <gpxdata:distance>4386.50</gpxdata:distance>
     <gpxdata:speed>3.964</gpxdata:speed>
    </extensions>
   </trkpt>
   <trkpt lat="-21.5669599" lon="-64.7367294">
    <ele>1905</ele>
    <time>2026-03-15T21:06:55Z</time>
    <extensions>
     <gpxdata:hr>88</gpxdata:hr>
     <gpxdata:distance>4391.00</gpxdata:distance>
     <gpxdata:speed>4.050</gpxdata:speed>
    </extensions>
   </trkpt>
   <trkpt lat="-21.5669915" lon="-64.7367489">
    <ele>1905</ele>
    <time>2026-03-15T21:06:56Z</time>
    <extensions>
     <gpxdata:hr>88</gpxdata:hr>
     <gpxdata:distance>4395.00</gpxdata:distance>
     <gpxdata:speed>4.050</gpxdata:speed>
    </extensions>
   </trkpt>
   <trkpt lat="-21.5670238" lon="-64.7367704">
    <ele>1905</ele>
    <time>2026-03-15T21:06:57Z</time>
    <extensions>
     <gpxdata:hr>88</gpxdata:hr>
     <gpxdata:distance>4399.00</gpxdata:distance>
     <gpxdata:speed>4.217</gpxdata:speed>
    </extensions>
   </trkpt>
   <trkpt lat="-21.5670554" lon="-64.7367931">
    <ele>1905</ele>
    <time>2026-03-15T21:06:58Z</time>
    <extensions>
     <gpxdata:hr>88</gpxdata:hr>
     <gpxdata:distance>4403.50</gpxdata:distance>
     <gpxdata:speed>4.222</gpxdata:speed>
    </extensions>
   </trkpt>
   <trkpt lat="-21.5670875" lon="-64.7368163">
    <ele>1905</ele>
    <time>2026-03-15T21:06:59Z</time>
    <extensions>
     <gpxdata:hr>88</gpxdata:hr>
     <gpxdata:distance>4408.00</gpxdata:distance>
     <gpxdata:speed>4.294</gpxdata:speed>
    </extensions>
   </trkpt>
   <trkpt lat="-21.5671196" lon="-64.7368403">
    <ele>1905</ele>
    <time>2026-03-15T21:07:00Z</time>
    <extensions>
     <gpxdata:hr>86</gpxdata:hr>
     <gpxdata:distance>4412.50</gpxdata:distance>
     <gpxdata:speed>4.342</gpxdata:speed>
    </extensions>
   </trkpt>
   <trkpt lat="-21.5671521" lon="-64.7368643">
    <ele>1905</ele>
    <time>2026-03-15T21:07:01Z</time>
    <extensions>
     <gpxdata:hr>85</gpxdata:hr>
     <gpxdata:distance>4417.00</gpxdata:distance>
     <gpxdata:speed>4.381</gpxdata:speed>
    </extensions>
   </trkpt>
   <trkpt lat="-21.5671850" lon="-64.7368880">
    <ele>1905</ele>
    <time>2026-03-15T21:07:02Z</time>
    <extensions>
     <gpxdata:hr>85</gpxdata:hr>
     <gpxdata:distance>4421.00</gpxdata:distance>
     <gpxdata:speed>4.406</gpxdata:speed>
    </extensions>
   </trkpt>
   <trkpt lat="-21.5672182" lon="-64.7369115">
    <ele>1905</ele>
    <time>2026-03-15T21:07:03Z</time>
    <extensions>
     <gpxdata:hr>85</gpxdata:hr>
     <gpxdata:distance>4425.00</gpxdata:distance>
     <gpxdata:speed>4.422</gpxdata:speed>
    </extensions>
   </trkpt>
   <trkpt lat="-21.5672515" lon="-64.7369349">
    <ele>1905</ele>
    <time>2026-03-15T21:07:04Z</time>
    <extensions>
     <gpxdata:hr>85</gpxdata:hr>
     <gpxdata:distance>4429.50</gpxdata:distance>
     <gpxdata:speed>4.425</gpxdata:speed>
    </extensions>
   </trkpt>
   <trkpt lat="-21.5672848" lon="-64.7369589">
    <ele>1905</ele>
    <time>2026-03-15T21:07:05Z</time>
    <extensions>
     <gpxdata:hr>86</gpxdata:hr>
     <gpxdata:distance>4434.00</gpxdata:distance>
     <gpxdata:speed>4.458</gpxdata:speed>
    </extensions>
   </trkpt>
   <trkpt lat="-21.5673176" lon="-64.7369828">
    <ele>1905</ele>
    <time>2026-03-15T21:07:06Z</time>
    <extensions>
     <gpxdata:hr>87</gpxdata:hr>
     <gpxdata:distance>4438.50</gpxdata:distance>
     <gpxdata:speed>4.403</gpxdata:speed>
    </extensions>
   </trkpt>
   <trkpt lat="-21.5673510" lon="-64.7370064">
    <ele>1905</ele>
    <time>2026-03-15T21:07:07Z</time>
    <extensions>
     <gpxdata:hr>88</gpxdata:hr>
     <gpxdata:distance>4443.00</gpxdata:distance>
     <gpxdata:speed>4.453</gpxdata:speed>
    </extensions>
   </trkpt>
   <trkpt lat="-21.5673846" lon="-64.7370305">
    <ele>1905</ele>
    <time>2026-03-15T21:07:08Z</time>
    <extensions>
     <gpxdata:hr>89</gpxdata:hr>
     <gpxdata:distance>4447.50</gpxdata:distance>
     <gpxdata:speed>4.486</gpxdata:speed>
    </extensions>
   </trkpt>
   <trkpt lat="-21.5674187" lon="-64.7370551">
    <ele>1905</ele>
    <time>2026-03-15T21:07:09Z</time>
    <extensions>
     <gpxdata:hr>89</gpxdata:hr>
     <gpxdata:distance>4452.00</gpxdata:distance>
     <gpxdata:speed>4.564</gpxdata:speed>
    </extensions>
   </trkpt>
   <trkpt lat="-21.5674527" lon="-64.7370792">
    <ele>1905</ele>
    <time>2026-03-15T21:07:10Z</time>
    <extensions>
     <gpxdata:hr>89</gpxdata:hr>
     <gpxdata:distance>4456.50</gpxdata:distance>
     <gpxdata:speed>4.533</gpxdata:speed>
    </extensions>
   </trkpt>
   <trkpt lat="-21.5674864" lon="-64.7371024">
    <ele>1905</ele>
    <time>2026-03-15T21:07:11Z</time>
    <extensions>
     <gpxdata:hr>89</gpxdata:hr>
     <gpxdata:distance>4461.00</gpxdata:distance>
     <gpxdata:speed>4.456</gpxdata:speed>
    </extensions>
   </trkpt>
   <trkpt lat="-21.5675199" lon="-64.7371248">
    <ele>1905</ele>
    <time>2026-03-15T21:07:12Z</time>
    <extensions>
     <gpxdata:hr>91</gpxdata:hr>
     <gpxdata:distance>4465.50</gpxdata:distance>
     <gpxdata:speed>4.394</gpxdata:speed>
    </extensions>
   </trkpt>
   <trkpt lat="-21.5675539" lon="-64.7371473">
    <ele>1905</ele>
    <time>2026-03-15T21:07:13Z</time>
    <extensions>
     <gpxdata:hr>95</gpxdata:hr>
     <gpxdata:distance>4470.00</gpxdata:distance>
     <gpxdata:speed>4.444</gpxdata:speed>
    </extensions>
   </trkpt>
   <trkpt lat="-21.5675878" lon="-64.7371701">
    <ele>1905</ele>
    <time>2026-03-15T21:07:14Z</time>
    <extensions>
     <gpxdata:hr>97</gpxdata:hr>
     <gpxdata:distance>4474.50</gpxdata:distance>
     <gpxdata:speed>4.453</gpxdata:speed>
    </extensions>
   </trkpt>
   <trkpt lat="-21.5676221" lon="-64.7371933">
    <ele>1905</ele>
    <time>2026-03-15T21:07:15Z</time>
    <extensions>
     <gpxdata:hr>99</gpxdata:hr>
     <gpxdata:distance>4479.00</gpxdata:distance>
     <gpxdata:speed>4.500</gpxdata:speed>
    </extensions>
   </trkpt>
   <trkpt lat="-21.5676561" lon="-64.7372165">
    <ele>1905</ele>
    <time>2026-03-15T21:07:16Z</time>
    <extensions>
     <gpxdata:hr>102</gpxdata:hr>
     <gpxdata:distance>4483.50</gpxdata:distance>
     <gpxdata:speed>4.486</gpxdata:speed>
    </extensions>
   </trkpt>
   <trkpt lat="-21.5676910" lon="-64.7372405">
    <ele>1905</ele>
    <time>2026-03-15T21:07:17Z</time>
    <extensions>
     <gpxdata:hr>104</gpxdata:hr>
     <gpxdata:distance>4488.00</gpxdata:distance>
     <gpxdata:speed>4.606</gpxdata:speed>
    </extensions>
   </trkpt>
   <trkpt lat="-21.5677256" lon="-64.7372650">
    <ele>1905</ele>
    <time>2026-03-15T21:07:18Z</time>
    <extensions>
     <gpxdata:hr>106</gpxdata:hr>
     <gpxdata:distance>4492.50</gpxdata:distance>
     <gpxdata:speed>4.603</gpxdata:speed>
    </extensions>
   </trkpt>
   <trkpt lat="-21.5677596" lon="-64.7372898">
    <ele>1905</ele>
    <time>2026-03-15T21:07:19Z</time>
    <extensions>
     <gpxdata:hr>109</gpxdata:hr>
     <gpxdata:distance>4497.00</gpxdata:distance>
     <gpxdata:speed>4.572</gpxdata:speed>
    </extensions>
   </trkpt>
   <trkpt lat="-21.5677945" lon="-64.7373142">
    <ele>1905</ele>
    <time>2026-03-15T21:07:20Z</time>
    <extensions>
     <gpxdata:hr>110</gpxdata:hr>
     <gpxdata:distance>4502.00</gpxdata:distance>
     <gpxdata:speed>4.622</gpxdata:speed>
    </extensions>
   </trkpt>
   <trkpt lat="-21.5678296" lon="-64.7373374">
    <ele>1905</ele>
    <time>2026-03-15T21:07:21Z</time>
    <extensions>
     <gpxdata:hr>112</gpxdata:hr>
     <gpxdata:distance>4507.00</gpxdata:distance>
     <gpxdata:speed>4.589</gpxdata:speed>
    </extensions>
   </trkpt>
   <trkpt lat="-21.5678647" lon="-64.7373610">
    <ele>1905</ele>
    <time>2026-03-15T21:07:22Z</time>
    <extensions>
     <gpxdata:hr>112</gpxdata:hr>
     <gpxdata:distance>4511.50</gpxdata:distance>
     <gpxdata:speed>4.611</gpxdata:speed>
    </extensions>
   </trkpt>
   <trkpt lat="-21.5678998" lon="-64.7373853">
    <ele>1905</ele>
    <time>2026-03-15T21:07:23Z</time>
    <extensions>
     <gpxdata:hr>112</gpxdata:hr>
     <gpxdata:distance>4516.00</gpxdata:distance>
     <gpxdata:speed>4.639</gpxdata:speed>
    </extensions>
   </trkpt>
   <trkpt lat="-21.5679349" lon="-64.7374099">
    <ele>1905</ele>
    <time>2026-03-15T21:07:24Z</time>
    <extensions>
     <gpxdata:hr>112</gpxdata:hr>
     <gpxdata:distance>4520.50</gpxdata:distance>
     <gpxdata:speed>4.658</gpxdata:speed>
    </extensions>
   </trkpt>
   <trkpt lat="-21.5679693" lon="-64.7374342">
    <ele>1905</ele>
    <time>2026-03-15T21:07:25Z</time>
    <extensions>
     <gpxdata:hr>114</gpxdata:hr>
     <gpxdata:distance>4525.00</gpxdata:distance>
     <gpxdata:speed>4.581</gpxdata:speed>
    </extensions>
   </trkpt>
   <trkpt lat="-21.5680037" lon="-64.7374574">
    <ele>1905</ele>
    <time>2026-03-15T21:07:26Z</time>
    <extensions>
     <gpxdata:hr>115</gpxdata:hr>
     <gpxdata:distance>4529.50</gpxdata:distance>
     <gpxdata:speed>4.531</gpxdata:speed>
    </extensions>
   </trkpt>
   <trkpt lat="-21.5680390" lon="-64.7374791">
    <ele>1905</ele>
    <time>2026-03-15T21:07:27Z</time>
    <extensions>
     <gpxdata:hr>115</gpxdata:hr>
     <gpxdata:distance>4534.00</gpxdata:distance>
     <gpxdata:speed>4.531</gpxdata:speed>
    </extensions>
   </trkpt>
   <trkpt lat="-21.5680751" lon="-64.7374999">
    <ele>1905</ele>
    <time>2026-03-15T21:07:28Z</time>
    <extensions>
     <gpxdata:hr>115</gpxdata:hr>
     <gpxdata:distance>4538.50</gpxdata:distance>
     <gpxdata:speed>4.547</gpxdata:speed>
    </extensions>
   </trkpt>
   <trkpt lat="-21.5681121" lon="-64.7375194">
    <ele>1905</ele>
    <time>2026-03-15T21:07:29Z</time>
    <extensions>
     <gpxdata:hr>115</gpxdata:hr>
     <gpxdata:distance>4543.00</gpxdata:distance>
     <gpxdata:speed>4.592</gpxdata:speed>
    </extensions>
   </trkpt>
   <trkpt lat="-21.5681499" lon="-64.7375389">
    <ele>1905</ele>
    <time>2026-03-15T21:07:30Z</time>
    <extensions>
     <gpxdata:hr>115</gpxdata:hr>
     <gpxdata:distance>4548.00</gpxdata:distance>
     <gpxdata:speed>4.656</gpxdata:speed>
    </extensions>
   </trkpt>
   <trkpt lat="-21.5681875" lon="-64.7375579">
    <ele>1905</ele>
    <time>2026-03-15T21:07:31Z</time>
    <extensions>
     <gpxdata:hr>114</gpxdata:hr>
     <gpxdata:distance>4553.00</gpxdata:distance>
     <gpxdata:speed>4.619</gpxdata:speed>
    </extensions>
   </trkpt>
   <trkpt lat="-21.5682246" lon="-64.7375765">
    <ele>1905</ele>
    <time>2026-03-15T21:07:32Z</time>
    <extensions>
     <gpxdata:hr>111</gpxdata:hr>
     <gpxdata:distance>4557.50</gpxdata:distance>
     <gpxdata:speed>4.569</gpxdata:speed>
    </extensions>
   </trkpt>
   <trkpt lat="-21.5682622" lon="-64.7375943">
    <ele>1905</ele>
    <time>2026-03-15T21:07:33Z</time>
    <extensions>
     <gpxdata:hr>109</gpxdata:hr>
     <gpxdata:distance>4562.00</gpxdata:distance>
     <gpxdata:speed>4.567</gpxdata:speed>
    </extensions>
   </trkpt>
   <trkpt lat="-21.5683001" lon="-64.7376121">
    <ele>1905</ele>
    <time>2026-03-15T21:07:34Z</time>
    <extensions>
     <gpxdata:hr>108</gpxdata:hr>
     <gpxdata:distance>4566.50</gpxdata:distance>
     <gpxdata:speed>4.600</gpxdata:speed>
    </extensions>
   </trkpt>
   <trkpt lat="-21.5683382" lon="-64.7376289">
    <ele>1905</ele>
    <time>2026-03-15T21:07:35Z</time>
    <extensions>
     <gpxdata:hr>108</gpxdata:hr>
     <gpxdata:distance>4571.00</gpxdata:distance>
     <gpxdata:speed>4.589</gpxdata:speed>
    </extensions>
   </trkpt>
   <trkpt lat="-21.5683765" lon="-64.7376459">
    <ele>1905</ele>
    <time>2026-03-15T21:07:36Z</time>
    <extensions>
     <gpxdata:hr>107</gpxdata:hr>
     <gpxdata:distance>4575.50</gpxdata:distance>
     <gpxdata:speed>4.611</gpxdata:speed>
    </extensions>
   </trkpt>
   <trkpt lat="-21.5684155" lon="-64.7376623">
    <ele>1905</ele>
    <time>2026-03-15T21:07:37Z</time>
    <extensions>
     <gpxdata:hr>107</gpxdata:hr>
     <gpxdata:distance>4580.00</gpxdata:distance>
     <gpxdata:speed>4.653</gpxdata:speed>
    </extensions>
   </trkpt>
   <trkpt lat="-21.5684550" lon="-64.7376768">
    <ele>1905</ele>
    <time>2026-03-15T21:07:38Z</time>
    <extensions>
     <gpxdata:hr>107</gpxdata:hr>
     <gpxdata:distance>4585.00</gpxdata:distance>
     <gpxdata:speed>4.642</gpxdata:speed>
    </extensions>
   </trkpt>
   <trkpt lat="-21.5684955" lon="-64.7376909">
    <ele>1906</ele>
    <time>2026-03-15T21:07:39Z</time>
    <extensions>
     <gpxdata:hr>107</gpxdata:hr>
     <gpxdata:distance>4590.00</gpxdata:distance>
     <gpxdata:speed>4.731</gpxdata:speed>
    </extensions>
   </trkpt>
   <trkpt lat="-21.5685366" lon="-64.7377054">
    <ele>1906</ele>
    <time>2026-03-15T21:07:40Z</time>
    <extensions>
     <gpxdata:hr>107</gpxdata:hr>
     <gpxdata:distance>4595.00</gpxdata:distance>
     <gpxdata:speed>4.806</gpxdata:speed>
    </extensions>
   </trkpt>
   <trkpt lat="-21.5685781" lon="-64.7377194">
    <ele>1906</ele>
    <time>2026-03-15T21:07:41Z</time>
    <extensions>
     <gpxdata:hr>108</gpxdata:hr>
     <gpxdata:distance>4600.00</gpxdata:distance>
     <gpxdata:speed>4.836</gpxdata:speed>
    </extensions>
   </trkpt>
   <trkpt lat="-21.5686179" lon="-64.7377331">
    <ele>1906</ele>
    <time>2026-03-15T21:07:42Z</time>
    <extensions>
     <gpxdata:hr>108</gpxdata:hr>
     <gpxdata:distance>4604.50</gpxdata:distance>
     <gpxdata:speed>4.658</gpxdata:speed>
    </extensions>
   </trkpt>
   <trkpt lat="-21.5686586" lon="-64.7377466">
    <ele>1906</ele>
    <time>2026-03-15T21:07:43Z</time>
    <extensions>
     <gpxdata:hr>108</gpxdata:hr>
     <gpxdata:distance>4609.00</gpxdata:distance>
     <gpxdata:speed>4.739</gpxdata:speed>
    </extensions>
   </trkpt>
   <trkpt lat="-21.5686999" lon="-64.7377593">
    <ele>1906</ele>
    <time>2026-03-15T21:07:44Z</time>
    <extensions>
     <gpxdata:hr>107</gpxdata:hr>
     <gpxdata:distance>4613.50</gpxdata:distance>
     <gpxdata:speed>4.778</gpxdata:speed>
    </extensions>
   </trkpt>
   <trkpt lat="-21.5687409" lon="-64.7377721">
    <ele>1906</ele>
    <time>2026-03-15T21:07:45Z</time>
    <extensions>
     <gpxdata:hr>107</gpxdata:hr>
     <gpxdata:distance>4618.00</gpxdata:distance>
     <gpxdata:speed>4.747</gpxdata:speed>
    </extensions>
   </trkpt>
   <trkpt lat="-21.5687814" lon="-64.7377839">
    <ele>1906</ele>
    <time>2026-03-15T21:07:46Z</time>
    <extensions>
     <gpxdata:hr>107</gpxdata:hr>
     <gpxdata:distance>4623.00</gpxdata:distance>
     <gpxdata:speed>4.675</gpxdata:speed>
    </extensions>
   </trkpt>
   <trkpt lat="-21.5688228" lon="-64.7377959">
    <ele>1906</ele>
    <time>2026-03-15T21:07:47Z</time>
    <extensions>
     <gpxdata:hr>107</gpxdata:hr>
     <gpxdata:distance>4628.00</gpxdata:distance>
     <gpxdata:speed>4.775</gpxdata:speed>
    </extensions>
   </trkpt>
   <trkpt lat="-21.5688640" lon="-64.7378086">
    <ele>1906</ele>
    <time>2026-03-15T21:07:48Z</time>
    <extensions>
     <gpxdata:hr>107</gpxdata:hr>
     <gpxdata:distance>4632.50</gpxdata:distance>
     <gpxdata:speed>4.761</gpxdata:speed>
    </extensions>
   </trkpt>
   <trkpt lat="-21.5689052" lon="-64.7378204">
    <ele>1906</ele>
    <time>2026-03-15T21:07:49Z</time>
    <extensions>
     <gpxdata:hr>107</gpxdata:hr>
     <gpxdata:distance>4637.00</gpxdata:distance>
     <gpxdata:speed>4.753</gpxdata:speed>
    </extensions>
   </trkpt>
   <trkpt lat="-21.5689473" lon="-64.7378319">
    <ele>1906</ele>
    <time>2026-03-15T21:07:50Z</time>
    <extensions>
     <gpxdata:hr>106</gpxdata:hr>
     <gpxdata:distance>4642.00</gpxdata:distance>
     <gpxdata:speed>4.825</gpxdata:speed>
    </extensions>
   </trkpt>
   <trkpt lat="-21.5689888" lon="-64.7378440">
    <ele>1906</ele>
    <time>2026-03-15T21:07:51Z</time>
    <extensions>
     <gpxdata:hr>103</gpxdata:hr>
     <gpxdata:distance>4647.00</gpxdata:distance>
     <gpxdata:speed>4.786</gpxdata:speed>
    </extensions>
   </trkpt>
   <trkpt lat="-21.5690302" lon="-64.7378561">
    <ele>1906</ele>
    <time>2026-03-15T21:07:52Z</time>
    <extensions>
     <gpxdata:hr>103</gpxdata:hr>
     <gpxdata:distance>4652.00</gpxdata:distance>
     <gpxdata:speed>4.778</gpxdata:speed>
    </extensions>
   </trkpt>
   <trkpt lat="-21.5690723" lon="-64.7378681">
    <ele>1906</ele>
    <time>2026-03-15T21:07:53Z</time>
    <extensions>
     <gpxdata:hr>103</gpxdata:hr>
     <gpxdata:distance>4657.00</gpxdata:distance>
     <gpxdata:speed>4.844</gpxdata:speed>
    </extensions>
   </trkpt>
   <trkpt lat="-21.5691138" lon="-64.7378799">
    <ele>1906</ele>
    <time>2026-03-15T21:07:54Z</time>
    <extensions>
     <gpxdata:hr>103</gpxdata:hr>
     <gpxdata:distance>4661.50</gpxdata:distance>
     <gpxdata:speed>4.778</gpxdata:speed>
    </extensions>
   </trkpt>
   <trkpt lat="-21.5691540" lon="-64.7378916">
    <ele>1906</ele>
    <time>2026-03-15T21:07:55Z</time>
    <extensions>
     <gpxdata:hr>103</gpxdata:hr>
     <gpxdata:distance>4666.00</gpxdata:distance>
     <gpxdata:speed>4.639</gpxdata:speed>
    </extensions>
   </trkpt>
   <trkpt lat="-21.5691937" lon="-64.7379026">
    <ele>1906</ele>
    <time>2026-03-15T21:07:56Z</time>
    <extensions>
     <gpxdata:hr>103</gpxdata:hr>
     <gpxdata:distance>4670.50</gpxdata:distance>
     <gpxdata:speed>4.578</gpxdata:speed>
    </extensions>
   </trkpt>
   <trkpt lat="-21.5692335" lon="-64.7379137">
    <ele>1906</ele>
    <time>2026-03-15T21:07:57Z</time>
    <extensions>
     <gpxdata:hr>104</gpxdata:hr>
     <gpxdata:distance>4675.00</gpxdata:distance>
     <gpxdata:speed>4.575</gpxdata:speed>
    </extensions>
   </trkpt>
   <trkpt lat="-21.5692727" lon="-64.7379251">
    <ele>1906</ele>
    <time>2026-03-15T21:07:58Z</time>
    <extensions>
     <gpxdata:hr>104</gpxdata:hr>
     <gpxdata:distance>4679.50</gpxdata:distance>
     <gpxdata:speed>4.528</gpxdata:speed>
    </extensions>
   </trkpt>
   <trkpt lat="-21.5693115" lon="-64.7379354">
    <ele>1906</ele>
    <time>2026-03-15T21:07:59Z</time>
    <extensions>
     <gpxdata:hr>104</gpxdata:hr>
     <gpxdata:distance>4684.00</gpxdata:distance>
     <gpxdata:speed>4.450</gpxdata:speed>
    </extensions>
   </trkpt>
   <trkpt lat="-21.5693499" lon="-64.7379440">
    <ele>1906</ele>
    <time>2026-03-15T21:08:00Z</time>
    <extensions>
     <gpxdata:hr>104</gpxdata:hr>
     <gpxdata:distance>4688.00</gpxdata:distance>
     <gpxdata:speed>4.381</gpxdata:speed>
    </extensions>
   </trkpt>
   <trkpt lat="-21.5693877" lon="-64.7379515">
    <ele>1906</ele>
    <time>2026-03-15T21:08:01Z</time>
    <extensions>
     <gpxdata:hr>104</gpxdata:hr>
     <gpxdata:distance>4692.00</gpxdata:distance>
     <gpxdata:speed>4.281</gpxdata:speed>
    </extensions>
   </trkpt>
   <trkpt lat="-21.5694242" lon="-64.7379578">
    <ele>1906</ele>
    <time>2026-03-15T21:08:02Z</time>
    <extensions>
     <gpxdata:hr>103</gpxdata:hr>
     <gpxdata:distance>4696.00</gpxdata:distance>
     <gpxdata:speed>4.131</gpxdata:speed>
    </extensions>
   </trkpt>
   <trkpt lat="-21.5694599" lon="-64.7379639">
    <ele>1906</ele>
    <time>2026-03-15T21:08:03Z</time>
    <extensions>
     <gpxdata:hr>103</gpxdata:hr>
     <gpxdata:distance>4700.00</gpxdata:distance>
     <gpxdata:speed>4.033</gpxdata:speed>
    </extensions>
   </trkpt>
   <trkpt lat="-21.5694944" lon="-64.7379702">
    <ele>1906</ele>
    <time>2026-03-15T21:08:04Z</time>
    <extensions>
     <gpxdata:hr>103</gpxdata:hr>
     <gpxdata:distance>4704.00</gpxdata:distance>
     <gpxdata:speed>3.914</gpxdata:speed>
    </extensions>
   </trkpt>
   <trkpt lat="-21.5695283" lon="-64.7379773">
    <ele>1905</ele>
    <time>2026-03-15T21:08:05Z</time>
    <extensions>
     <gpxdata:hr>103</gpxdata:hr>
     <gpxdata:distance>4708.00</gpxdata:distance>
     <gpxdata:speed>3.850</gpxdata:speed>
    </extensions>
   </trkpt>
   <trkpt lat="-21.5695611" lon="-64.7379857">
    <ele>1905</ele>
    <time>2026-03-15T21:08:06Z</time>
    <extensions>
     <gpxdata:hr>103</gpxdata:hr>
     <gpxdata:distance>4711.50</gpxdata:distance>
     <gpxdata:speed>3.764</gpxdata:speed>
    </extensions>
   </trkpt>
   <trkpt lat="-21.5695945" lon="-64.7379950">
    <ele>1905</ele>
    <time>2026-03-15T21:08:07Z</time>
    <extensions>
     <gpxdata:hr>103</gpxdata:hr>
     <gpxdata:distance>4715.00</gpxdata:distance>
     <gpxdata:speed>3.839</gpxdata:speed>
    </extensions>
   </trkpt>
   <trkpt lat="-21.5696286" lon="-64.7380054">
    <ele>1905</ele>
    <time>2026-03-15T21:08:08Z</time>
    <extensions>
     <gpxdata:hr>103</gpxdata:hr>
     <gpxdata:distance>4719.50</gpxdata:distance>
     <gpxdata:speed>3.942</gpxdata:speed>
    </extensions>
   </trkpt>
   <trkpt lat="-21.5696632" lon="-64.7380159">
    <ele>1905</ele>
    <time>2026-03-15T21:08:09Z</time>
    <extensions>
     <gpxdata:hr>103</gpxdata:hr>
     <gpxdata:distance>4724.00</gpxdata:distance>
     <gpxdata:speed>3.997</gpxdata:speed>
    </extensions>
   </trkpt>
   <trkpt lat="-21.5696988" lon="-64.7380263">
    <ele>1905</ele>
    <time>2026-03-15T21:08:10Z</time>
    <extensions>
     <gpxdata:hr>103</gpxdata:hr>
     <gpxdata:distance>4728.00</gpxdata:distance>
     <gpxdata:speed>4.089</gpxdata:speed>
    </extensions>
   </trkpt>
   <trkpt lat="-21.5697349" lon="-64.7380384">
    <ele>1905</ele>
    <time>2026-03-15T21:08:11Z</time>
    <extensions>
     <gpxdata:hr>103</gpxdata:hr>
     <gpxdata:distance>4732.00</gpxdata:distance>
     <gpxdata:speed>4.206</gpxdata:speed>
    </extensions>
   </trkpt>
   <trkpt lat="-21.5697721" lon="-64.7380513">
    <ele>1905</ele>
    <time>2026-03-15T21:08:12Z</time>
    <extensions>
     <gpxdata:hr>102</gpxdata:hr>
     <gpxdata:distance>4736.50</gpxdata:distance>
     <gpxdata:speed>4.331</gpxdata:speed>
    </extensions>
   </trkpt>
   <trkpt lat="-21.5698093" lon="-64.7380646">
    <ele>1906</ele>
    <time>2026-03-15T21:08:13Z</time>
    <extensions>
     <gpxdata:hr>103</gpxdata:hr>
     <gpxdata:distance>4741.00</gpxdata:distance>
     <gpxdata:speed>4.356</gpxdata:speed>
    </extensions>
   </trkpt>
   <trkpt lat="-21.5698463" lon="-64.7380787">
    <ele>1906</ele>
    <time>2026-03-15T21:08:14Z</time>
    <extensions>
     <gpxdata:hr>103</gpxdata:hr>
     <gpxdata:distance>4745.50</gpxdata:distance>
     <gpxdata:speed>4.361</gpxdata:speed>
    </extensions>
   </trkpt>
   <trkpt lat="-21.5698838" lon="-64.7380932">
    <ele>1906</ele>
    <time>2026-03-15T21:08:15Z</time>
    <extensions>
     <gpxdata:hr>103</gpxdata:hr>
     <gpxdata:distance>4750.00</gpxdata:distance>
     <gpxdata:speed>4.428</gpxdata:speed>
    </extensions>
   </trkpt>
   <trkpt lat="-21.5699223" lon="-64.7381075">
    <ele>1906</ele>
    <time>2026-03-15T21:08:16Z</time>
    <extensions>
     <gpxdata:hr>103</gpxdata:hr>
     <gpxdata:distance>4754.50</gpxdata:distance>
     <gpxdata:speed>4.528</gpxdata:speed>
    </extensions>
   </trkpt>
   <trkpt lat="-21.5699611" lon="-64.7381213">
    <ele>1906</ele>
    <time>2026-03-15T21:08:17Z</time>
    <extensions>
     <gpxdata:hr>103</gpxdata:hr>
     <gpxdata:distance>4759.00</gpxdata:distance>
     <gpxdata:speed>4.533</gpxdata:speed>
    </extensions>
   </trkpt>
   <trkpt lat="-21.5699997" lon="-64.7381343">
    <ele>1905</ele>
    <time>2026-03-15T21:08:18Z</time>
    <extensions>
     <gpxdata:hr>103</gpxdata:hr>
     <gpxdata:distance>4763.50</gpxdata:distance>
     <gpxdata:speed>4.500</gpxdata:speed>
    </extensions>
   </trkpt>
   <trkpt lat="-21.5700382" lon="-64.7381478">
    <ele>1905</ele>
    <time>2026-03-15T21:08:19Z</time>
    <extensions>
     <gpxdata:hr>103</gpxdata:hr>
     <gpxdata:distance>4768.00</gpxdata:distance>
     <gpxdata:speed>4.506</gpxdata:speed>
    </extensions>
   </trkpt>
   <trkpt lat="-21.5700766" lon="-64.7381607">
    <ele>1905</ele>
    <time>2026-03-15T21:08:20Z</time>
    <extensions>
     <gpxdata:hr>103</gpxdata:hr>
     <gpxdata:distance>4772.50</gpxdata:distance>
     <gpxdata:speed>4.481</gpxdata:speed>
    </extensions>
   </trkpt>
   <trkpt lat="-21.5701155" lon="-64.7381730">
    <ele>1905</ele>
    <time>2026-03-15T21:08:21Z</time>
    <extensions>
     <gpxdata:hr>103</gpxdata:hr>
     <gpxdata:distance>4777.00</gpxdata:distance>
     <gpxdata:speed>4.519</gpxdata:speed>
    </extensions>
   </trkpt>
   <trkpt lat="-21.5701557" lon="-64.7381849">
    <ele>1905</ele>
    <time>2026-03-15T21:08:22Z</time>
    <extensions>
     <gpxdata:hr>103</gpxdata:hr>
     <gpxdata:distance>4781.50</gpxdata:distance>
     <gpxdata:speed>4.628</gpxdata:speed>
    </extensions>
   </trkpt>
   <trkpt lat="-21.5701960" lon="-64.7381960">
    <ele>1905</ele>
    <time>2026-03-15T21:08:23Z</time>
    <extensions>
     <gpxdata:hr>103</gpxdata:hr>
     <gpxdata:distance>4786.00</gpxdata:distance>
     <gpxdata:speed>4.633</gpxdata:speed>
    </extensions>
   </trkpt>
   <trkpt lat="-21.5702357" lon="-64.7382065">
    <ele>1905</ele>
    <time>2026-03-15T21:08:24Z</time>
    <extensions>
     <gpxdata:hr>104</gpxdata:hr>
     <gpxdata:distance>4791.00</gpxdata:distance>
     <gpxdata:speed>4.547</gpxdata:speed>
    </extensions>
   </trkpt>
   <trkpt lat="-21.5702760" lon="-64.7382173">
    <ele>1905</ele>
    <time>2026-03-15T21:08:25Z</time>
    <extensions>
     <gpxdata:hr>104</gpxdata:hr>
     <gpxdata:distance>4796.00</gpxdata:distance>
     <gpxdata:speed>4.614</gpxdata:speed>
    </extensions>
   </trkpt>
   <trkpt lat="-21.5703163" lon="-64.7382285">
    <ele>1906</ele>
    <time>2026-03-15T21:08:26Z</time>
    <extensions>
     <gpxdata:hr>104</gpxdata:hr>
     <gpxdata:distance>4800.50</gpxdata:distance>
     <gpxdata:speed>4.631</gpxdata:speed>
    </extensions>
   </trkpt>
   <trkpt lat="-21.5703571" lon="-64.7382399">
    <ele>1906</ele>
    <time>2026-03-15T21:08:27Z</time>
    <extensions>
     <gpxdata:hr>104</gpxdata:hr>
     <gpxdata:distance>4805.00</gpxdata:distance>
     <gpxdata:speed>4.689</gpxdata:speed>
    </extensions>
   </trkpt>
   <trkpt lat="-21.5703971" lon="-64.7382509">
    <ele>1906</ele>
    <time>2026-03-15T21:08:28Z</time>
    <extensions>
     <gpxdata:hr>104</gpxdata:hr>
     <gpxdata:distance>4809.50</gpxdata:distance>
     <gpxdata:speed>4.600</gpxdata:speed>
    </extensions>
   </trkpt>
   <trkpt lat="-21.5704388" lon="-64.7382614">
    <ele>1906</ele>
    <time>2026-03-15T21:08:29Z</time>
    <extensions>
     <gpxdata:hr>104</gpxdata:hr>
     <gpxdata:distance>4814.00</gpxdata:distance>
     <gpxdata:speed>4.758</gpxdata:speed>
    </extensions>
   </trkpt>
   <trkpt lat="-21.5704740" lon="-64.7382697">
    <ele>1905</ele>
    <time>2026-03-15T21:08:30Z</time>
    <extensions>
     <gpxdata:hr>104</gpxdata:hr>
     <gpxdata:distance>4817.00</gpxdata:distance>
     <gpxdata:speed>4.053</gpxdata:speed>
    </extensions>
   </trkpt>
   <trkpt lat="-21.5705050" lon="-64.7382763">
    <ele>1905</ele>
    <time>2026-03-15T21:08:31Z</time>
    <extensions>
     <gpxdata:hr>105</gpxdata:hr>
     <gpxdata:distance>4820.00</gpxdata:distance>
     <gpxdata:speed>3.572</gpxdata:speed>
    </extensions>
   </trkpt>
   <trkpt lat="-21.5705322" lon="-64.7382818">
    <ele>1905</ele>
    <time>2026-03-15T21:08:32Z</time>
    <extensions>
     <gpxdata:hr>105</gpxdata:hr>
     <gpxdata:distance>4822.50</gpxdata:distance>
     <gpxdata:speed>3.131</gpxdata:speed>
    </extensions>
   </trkpt>
   <trkpt lat="-21.5705550" lon="-64.7382862">
    <ele>1905</ele>
    <time>2026-03-15T21:08:33Z</time>
    <extensions>
     <gpxdata:hr>103</gpxdata:hr>
     <gpxdata:distance>4825.00</gpxdata:distance>
     <gpxdata:speed>2.644</gpxdata:speed>
    </extensions>
   </trkpt>
   <trkpt lat="-21.5705658" lon="-64.7382887">
    <ele>1905</ele>
    <time>2026-03-15T21:08:34Z</time>
    <extensions>
     <gpxdata:hr>103</gpxdata:hr>
     <gpxdata:distance>4826.50</gpxdata:distance>
     <gpxdata:speed>2.203</gpxdata:speed>
    </extensions>
   </trkpt>
   <trkpt lat="-21.5705792" lon="-64.7382915">
    <ele>1905</ele>
    <time>2026-03-15T21:08:35Z</time>
    <extensions>
     <gpxdata:hr>102</gpxdata:hr>
     <gpxdata:distance>4828.00</gpxdata:distance>
     <gpxdata:speed>1.906</gpxdata:speed>
    </extensions>
   </trkpt>
   <trkpt lat="-21.5705889" lon="-64.7382937">
    <ele>1905</ele>
    <time>2026-03-15T21:08:36Z</time>
    <extensions>
     <gpxdata:hr>100</gpxdata:hr>
     <gpxdata:distance>4829.50</gpxdata:distance>
     <gpxdata:speed>1.633</gpxdata:speed>
    </extensions>
   </trkpt>
   <trkpt lat="-21.5705999" lon="-64.7382963">
    <ele>1905</ele>
    <time>2026-03-15T21:08:37Z</time>
    <extensions>
     <gpxdata:hr>99</gpxdata:hr>
     <gpxdata:distance>4831.00</gpxdata:distance>
     <gpxdata:speed>1.461</gpxdata:speed>
    </extensions>
   </trkpt>
   <trkpt lat="-21.5706117" lon="-64.7382992">
    <ele>1905</ele>
    <time>2026-03-15T21:08:38Z</time>
    <extensions>
     <gpxdata:hr>99</gpxdata:hr>
     <gpxdata:distance>4832.50</gpxdata:distance>
     <gpxdata:speed>1.442</gpxdata:speed>
    </extensions>
   </trkpt>
   <trkpt lat="-21.5706239" lon="-64.7383023">
    <ele>1905</ele>
    <time>2026-03-15T21:08:39Z</time>
    <extensions>
     <gpxdata:hr>99</gpxdata:hr>
     <gpxdata:distance>4834.00</gpxdata:distance>
     <gpxdata:speed>1.400</gpxdata:speed>
    </extensions>
   </trkpt>
   <trkpt lat="-21.5706360" lon="-64.7383048">
    <ele>1905</ele>
    <time>2026-03-15T21:08:40Z</time>
    <extensions>
     <gpxdata:hr>100</gpxdata:hr>
     <gpxdata:distance>4835.00</gpxdata:distance>
     <gpxdata:speed>1.344</gpxdata:speed>
    </extensions>
   </trkpt>
   <trkpt lat="-21.5706476" lon="-64.7383065">
    <ele>1905</ele>
    <time>2026-03-15T21:08:41Z</time>
    <extensions>
     <gpxdata:hr>100</gpxdata:hr>
     <gpxdata:distance>4836.00</gpxdata:distance>
     <gpxdata:speed>1.247</gpxdata:speed>
    </extensions>
   </trkpt>
   <trkpt lat="-21.5707624" lon="-64.7383433">
    <ele>1905</ele>
    <time>2026-03-15T21:08:54Z</time>
    <extensions>
     <gpxdata:hr>106</gpxdata:hr>
     <gpxdata:distance>4850.00</gpxdata:distance>
     <gpxdata:speed>1.381</gpxdata:speed>
    </extensions>
   </trkpt>
   <trkpt lat="-21.5707730" lon="-64.7383492">
    <ele>1905</ele>
    <time>2026-03-15T21:08:55Z</time>
    <extensions>
     <gpxdata:hr>104</gpxdata:hr>
     <gpxdata:distance>4851.50</gpxdata:distance>
     <gpxdata:speed>1.344</gpxdata:speed>
    </extensions>
   </trkpt>
   <trkpt lat="-21.5707839" lon="-64.7383549">
    <ele>1905</ele>
    <time>2026-03-15T21:08:56Z</time>
    <extensions>
     <gpxdata:hr>104</gpxdata:hr>
     <gpxdata:distance>4853.00</gpxdata:distance>
     <gpxdata:speed>1.356</gpxdata:speed>
    </extensions>
   </trkpt>
   <trkpt lat="-21.5709062" lon="-64.7383940">
    <ele>1905</ele>
    <time>2026-03-15T21:09:08Z</time>
    <extensions>
     <gpxdata:hr>103</gpxdata:hr>
     <gpxdata:distance>4868.00</gpxdata:distance>
     <gpxdata:speed>2.478</gpxdata:speed>
    </extensions>
   </trkpt>
   <trkpt lat="-21.5709302" lon="-64.7384026">
    <ele>1905</ele>
    <time>2026-03-15T21:09:09Z</time>
    <extensions>
     <gpxdata:hr>103</gpxdata:hr>
     <gpxdata:distance>4871.00</gpxdata:distance>
     <gpxdata:speed>2.719</gpxdata:speed>
    </extensions>
   </trkpt>
   <trkpt lat="-21.5709541" lon="-64.7384117">
    <ele>1905</ele>
    <time>2026-03-15T21:09:10Z</time>
    <extensions>
     <gpxdata:hr>104</gpxdata:hr>
     <gpxdata:distance>4874.00</gpxdata:distance>
     <gpxdata:speed>2.889</gpxdata:speed>
    </extensions>
   </trkpt>
   <trkpt lat="-21.5709788" lon="-64.7384203">
    <ele>1905</ele>
    <time>2026-03-15T21:09:11Z</time>
    <extensions>
     <gpxdata:hr>106</gpxdata:hr>
     <gpxdata:distance>4877.50</gpxdata:distance>
     <gpxdata:speed>2.978</gpxdata:speed>
    </extensions>
   </trkpt>
   <trkpt lat="-21.5710051" lon="-64.7384282">
    <ele>1905</ele>
    <time>2026-03-15T21:09:12Z</time>
    <extensions>
     <gpxdata:hr>107</gpxdata:hr>
     <gpxdata:distance>4881.00</gpxdata:distance>
     <gpxdata:speed>3.150</gpxdata:speed>
    </extensions>
   </trkpt>
   <trkpt lat="-21.5710501" lon="-64.7384409">
    <ele>1905</ele>
    <time>2026-03-15T21:09:13Z</time>
    <extensions>
     <gpxdata:hr>108</gpxdata:hr>
     <gpxdata:distance>4884.50</gpxdata:distance>
     <gpxdata:speed>3.300</gpxdata:speed>
    </extensions>
   </trkpt>
   <trkpt lat="-21.5710820" lon="-64.7384498">
    <ele>1905</ele>
    <time>2026-03-15T21:09:14Z</time>
    <extensions>
     <gpxdata:hr>109</gpxdata:hr>
     <gpxdata:distance>4888.00</gpxdata:distance>
     <gpxdata:speed>3.328</gpxdata:speed>
    </extensions>
   </trkpt>
   <trkpt lat="-21.5711119" lon="-64.7384595">
    <ele>1905</ele>
    <time>2026-03-15T21:09:15Z</time>
    <extensions>
     <gpxdata:hr>110</gpxdata:hr>
     <gpxdata:distance>4891.50</gpxdata:distance>
     <gpxdata:speed>3.408</gpxdata:speed>
    </extensions>
   </trkpt>
   <trkpt lat="-21.5711423" lon="-64.7384695">
    <ele>1905</ele>
    <time>2026-03-15T21:09:16Z</time>
    <extensions>
     <gpxdata:hr>111</gpxdata:hr>
     <gpxdata:distance>4895.00</gpxdata:distance>
     <gpxdata:speed>3.522</gpxdata:speed>
    </extensions>
   </trkpt>
   <trkpt lat="-21.5711740" lon="-64.7384796">
    <ele>1905</ele>
    <time>2026-03-15T21:09:17Z</time>
    <extensions>
     <gpxdata:hr>111</gpxdata:hr>
     <gpxdata:distance>4898.50</gpxdata:distance>
     <gpxdata:speed>3.667</gpxdata:speed>
    </extensions>
   </trkpt>
   <trkpt lat="-21.5712060" lon="-64.7384891">
    <ele>1905</ele>
    <time>2026-03-15T21:09:18Z</time>
    <extensions>
     <gpxdata:hr>110</gpxdata:hr>
     <gpxdata:distance>4902.00</gpxdata:distance>
     <gpxdata:speed>3.686</gpxdata:speed>
    </extensions>
   </trkpt>
   <trkpt lat="-21.5712392" lon="-64.7384981">
    <ele>1905</ele>
    <time>2026-03-15T21:09:19Z</time>
    <extensions>
     <gpxdata:hr>110</gpxdata:hr>
     <gpxdata:distance>4906.00</gpxdata:distance>
     <gpxdata:speed>3.797</gpxdata:speed>
    </extensions>
   </trkpt>
   <trkpt lat="-21.5712734" lon="-64.7385072">
    <ele>1905</ele>
    <time>2026-03-15T21:09:20Z</time>
    <extensions>
     <gpxdata:hr>110</gpxdata:hr>
     <gpxdata:distance>4910.00</gpxdata:distance>
     <gpxdata:speed>3.908</gpxdata:speed>
    </extensions>
   </trkpt>
   <trkpt lat="-21.5713081" lon="-64.7385168">
    <ele>1905</ele>
    <time>2026-03-15T21:09:21Z</time>
    <extensions>
     <gpxdata:hr>110</gpxdata:hr>
     <gpxdata:distance>4914.00</gpxdata:distance>
     <gpxdata:speed>3.978</gpxdata:speed>
    </extensions>
   </trkpt>
   <trkpt lat="-21.5713430" lon="-64.7385260">
    <ele>1905</ele>
    <time>2026-03-15T21:09:22Z</time>
    <extensions>
     <gpxdata:hr>110</gpxdata:hr>
     <gpxdata:distance>4918.00</gpxdata:distance>
     <gpxdata:speed>3.997</gpxdata:speed>
    </extensions>
   </trkpt>
   <trkpt lat="-21.5713787" lon="-64.7385354">
    <ele>1905</ele>
    <time>2026-03-15T21:09:23Z</time>
    <extensions>
     <gpxdata:hr>109</gpxdata:hr>
     <gpxdata:distance>4922.00</gpxdata:distance>
     <gpxdata:speed>4.081</gpxdata:speed>
    </extensions>
   </trkpt>
   <trkpt lat="-21.5714137" lon="-64.7385450">
    <ele>1905</ele>
    <time>2026-03-15T21:09:24Z</time>
    <extensions>
     <gpxdata:hr>107</gpxdata:hr>
     <gpxdata:distance>4926.00</gpxdata:distance>
     <gpxdata:speed>4.017</gpxdata:speed>
    </extensions>
   </trkpt>
   <trkpt lat="-21.5714479" lon="-64.7385543">
    <ele>1905</ele>
    <time>2026-03-15T21:09:25Z</time>
    <extensions>
     <gpxdata:hr>106</gpxdata:hr>
     <gpxdata:distance>4930.00</gpxdata:distance>
     <gpxdata:speed>3.931</gpxdata:speed>
    </extensions>
   </trkpt>
   <trkpt lat="-21.5714816" lon="-64.7385643">
    <ele>1905</ele>
    <time>2026-03-15T21:09:26Z</time>
    <extensions>
     <gpxdata:hr>105</gpxdata:hr>
     <gpxdata:distance>4934.00</gpxdata:distance>
     <gpxdata:speed>3.894</gpxdata:speed>
    </extensions>
   </trkpt>
   <trkpt lat="-21.5715150" lon="-64.7385752">
    <ele>1905</ele>
    <time>2026-03-15T21:09:27Z</time>
    <extensions>
     <gpxdata:hr>106</gpxdata:hr>
     <gpxdata:distance>4938.00</gpxdata:distance>
     <gpxdata:speed>3.886</gpxdata:speed>
    </extensions>
   </trkpt>
   <trkpt lat="-21.5715483" lon="-64.7385859">
    <ele>1905</ele>
    <time>2026-03-15T21:09:28Z</time>
    <extensions>
     <gpxdata:hr>106</gpxdata:hr>
     <gpxdata:distance>4942.00</gpxdata:distance>
     <gpxdata:speed>3.875</gpxdata:speed>
    </extensions>
   </trkpt>
   <trkpt lat="-21.5715823" lon="-64.7385982">
    <ele>1905</ele>
    <time>2026-03-15T21:09:29Z</time>
    <extensions>
     <gpxdata:hr>106</gpxdata:hr>
     <gpxdata:distance>4946.00</gpxdata:distance>
     <gpxdata:speed>3.981</gpxdata:speed>
    </extensions>
   </trkpt>
   <trkpt lat="-21.5716174" lon="-64.7386094">
    <ele>1905</ele>
    <time>2026-03-15T21:09:30Z</time>
    <extensions>
     <gpxdata:hr>105</gpxdata:hr>
     <gpxdata:distance>4950.00</gpxdata:distance>
     <gpxdata:speed>4.064</gpxdata:speed>
    </extensions>
   </trkpt>
   <trkpt lat="-21.5716533" lon="-64.7386199">
    <ele>1905</ele>
    <time>2026-03-15T21:09:31Z</time>
    <extensions>
     <gpxdata:hr>105</gpxdata:hr>
     <gpxdata:distance>4954.50</gpxdata:distance>
     <gpxdata:speed>4.139</gpxdata:speed>
    </extensions>
   </trkpt>
   <trkpt lat="-21.5716898" lon="-64.7386307">
    <ele>1905</ele>
    <time>2026-03-15T21:09:32Z</time>
    <extensions>
     <gpxdata:hr>106</gpxdata:hr>
     <gpxdata:distance>4959.00</gpxdata:distance>
     <gpxdata:speed>4.200</gpxdata:speed>
    </extensions>
   </trkpt>
   <trkpt lat="-21.5717271" lon="-64.7386412">
    <ele>1905</ele>
    <time>2026-03-15T21:09:33Z</time>
    <extensions>
     <gpxdata:hr>106</gpxdata:hr>
     <gpxdata:distance>4963.00</gpxdata:distance>
     <gpxdata:speed>4.281</gpxdata:speed>
    </extensions>
   </trkpt>
   <trkpt lat="-21.5717643" lon="-64.7386515">
    <ele>1905</ele>
    <time>2026-03-15T21:09:34Z</time>
    <extensions>
     <gpxdata:hr>106</gpxdata:hr>
     <gpxdata:distance>4967.00</gpxdata:distance>
     <gpxdata:speed>4.275</gpxdata:speed>
    </extensions>
   </trkpt>
   <trkpt lat="-21.5718020" lon="-64.7386616">
    <ele>1905</ele>
    <time>2026-03-15T21:09:35Z</time>
    <extensions>
     <gpxdata:hr>105</gpxdata:hr>
     <gpxdata:distance>4971.50</gpxdata:distance>
     <gpxdata:speed>4.314</gpxdata:speed>
    </extensions>
   </trkpt>
   <trkpt lat="-21.5718400" lon="-64.7386722">
    <ele>1905</ele>
    <time>2026-03-15T21:09:36Z</time>
    <extensions>
     <gpxdata:hr>105</gpxdata:hr>
     <gpxdata:distance>4976.00</gpxdata:distance>
     <gpxdata:speed>4.364</gpxdata:speed>
    </extensions>
   </trkpt>
   <trkpt lat="-21.5718782" lon="-64.7386828">
    <ele>1905</ele>
    <time>2026-03-15T21:09:37Z</time>
    <extensions>
     <gpxdata:hr>106</gpxdata:hr>
     <gpxdata:distance>4980.50</gpxdata:distance>
     <gpxdata:speed>4.386</gpxdata:speed>
    </extensions>
   </trkpt>
   <trkpt lat="-21.5719165" lon="-64.7386937">
    <ele>1905</ele>
    <time>2026-03-15T21:09:38Z</time>
    <extensions>
     <gpxdata:hr>106</gpxdata:hr>
     <gpxdata:distance>4985.00</gpxdata:distance>
     <gpxdata:speed>4.408</gpxdata:speed>
    </extensions>
   </trkpt>
   <trkpt lat="-21.5719555" lon="-64.7387044">
    <ele>1905</ele>
    <time>2026-03-15T21:09:39Z</time>
    <extensions>
     <gpxdata:hr>106</gpxdata:hr>
     <gpxdata:distance>4989.50</gpxdata:distance>
     <gpxdata:speed>4.469</gpxdata:speed>
    </extensions>
   </trkpt>
   <trkpt lat="-21.5719950" lon="-64.7387147">
    <ele>1905</ele>
    <time>2026-03-15T21:09:40Z</time>
    <extensions>
     <gpxdata:hr>106</gpxdata:hr>
     <gpxdata:distance>4994.00</gpxdata:distance>
     <gpxdata:speed>4.519</gpxdata:speed>
    </extensions>
   </trkpt>
   <trkpt lat="-21.5720348" lon="-64.7387255">
    <ele>1905</ele>
    <time>2026-03-15T21:09:41Z</time>
    <extensions>
     <gpxdata:hr>106</gpxdata:hr>
     <gpxdata:distance>4998.50</gpxdata:distance>
     <gpxdata:speed>4.567</gpxdata:speed>
    </extensions>
   </trkpt>
   <trkpt lat="-21.5720755" lon="-64.7387374">
    <ele>1905</ele>
    <time>2026-03-15T21:09:42Z</time>
    <extensions>
     <gpxdata:hr>106</gpxdata:hr>
     <gpxdata:distance>5003.00</gpxdata:distance>
     <gpxdata:speed>4.672</gpxdata:speed>
    </extensions>
   </trkpt>
   <trkpt lat="-21.5721147" lon="-64.7387513">
    <ele>1905</ele>
    <time>2026-03-15T21:09:43Z</time>
    <extensions>
     <gpxdata:hr>106</gpxdata:hr>
     <gpxdata:distance>5007.50</gpxdata:distance>
     <gpxdata:speed>4.603</gpxdata:speed>
    </extensions>
   </trkpt>
   <trkpt lat="-21.5721528" lon="-64.7387674">
    <ele>1905</ele>
    <time>2026-03-15T21:09:44Z</time>
    <extensions>
     <gpxdata:hr>106</gpxdata:hr>
     <gpxdata:distance>5012.00</gpxdata:distance>
     <gpxdata:speed>4.547</gpxdata:speed>
    </extensions>
   </trkpt>
   <trkpt lat="-21.5721893" lon="-64.7387848">
    <ele>1905</ele>
    <time>2026-03-15T21:09:45Z</time>
    <extensions>
     <gpxdata:hr>106</gpxdata:hr>
     <gpxdata:distance>5016.50</gpxdata:distance>
     <gpxdata:speed>4.458</gpxdata:speed>
    </extensions>
   </trkpt>
   <trkpt lat="-21.5722243" lon="-64.7388029">
    <ele>1905</ele>
    <time>2026-03-15T21:09:46Z</time>
    <extensions>
     <gpxdata:hr>107</gpxdata:hr>
     <gpxdata:distance>5021.00</gpxdata:distance>
     <gpxdata:speed>4.333</gpxdata:speed>
    </extensions>
   </trkpt>
   <trkpt lat="-21.5722589" lon="-64.7388213">
    <ele>1905</ele>
    <time>2026-03-15T21:09:47Z</time>
    <extensions>
     <gpxdata:hr>107</gpxdata:hr>
     <gpxdata:distance>5025.00</gpxdata:distance>
     <gpxdata:speed>4.303</gpxdata:speed>
    </extensions>
   </trkpt>
   <trkpt lat="-21.5722923" lon="-64.7388397">
    <ele>1905</ele>
    <time>2026-03-15T21:09:48Z</time>
    <extensions>
     <gpxdata:hr>107</gpxdata:hr>
     <gpxdata:distance>5029.00</gpxdata:distance>
     <gpxdata:speed>4.189</gpxdata:speed>
    </extensions>
   </trkpt>
   <trkpt lat="-21.5723254" lon="-64.7388588">
    <ele>1905</ele>
    <time>2026-03-15T21:09:49Z</time>
    <extensions>
     <gpxdata:hr>107</gpxdata:hr>
     <gpxdata:distance>5033.00</gpxdata:distance>
     <gpxdata:speed>4.181</gpxdata:speed>
    </extensions>
   </trkpt>
   <trkpt lat="-21.5723572" lon="-64.7388789">
    <ele>1905</ele>
    <time>2026-03-15T21:09:50Z</time>
    <extensions>
     <gpxdata:hr>108</gpxdata:hr>
     <gpxdata:distance>5037.00</gpxdata:distance>
     <gpxdata:speed>4.119</gpxdata:speed>
    </extensions>
   </trkpt>
   <trkpt lat="-21.5723868" lon="-64.7389006">
    <ele>1905</ele>
    <time>2026-03-15T21:09:51Z</time>
    <extensions>
     <gpxdata:hr>108</gpxdata:hr>
     <gpxdata:distance>5041.00</gpxdata:distance>
     <gpxdata:speed>3.992</gpxdata:speed>
    </extensions>
   </trkpt>
   <trkpt lat="-21.5724154" lon="-64.7389219">
    <ele>1905</ele>
    <time>2026-03-15T21:09:52Z</time>
    <extensions>
     <gpxdata:hr>107</gpxdata:hr>
     <gpxdata:distance>5045.00</gpxdata:distance>
     <gpxdata:speed>3.886</gpxdata:speed>
    </extensions>
   </trkpt>
   <trkpt lat="-21.5724424" lon="-64.7389434">
    <ele>1905</ele>
    <time>2026-03-15T21:09:53Z</time>
    <extensions>
     <gpxdata:hr>107</gpxdata:hr>
     <gpxdata:distance>5048.50</gpxdata:distance>
     <gpxdata:speed>3.747</gpxdata:speed>
    </extensions>
   </trkpt>
   <trkpt lat="-21.5724669" lon="-64.7389650">
    <ele>1905</ele>
    <time>2026-03-15T21:09:54Z</time>
    <extensions>
     <gpxdata:hr>107</gpxdata:hr>
     <gpxdata:distance>5052.00</gpxdata:distance>
     <gpxdata:speed>3.550</gpxdata:speed>
    </extensions>
   </trkpt>
   <trkpt lat="-21.5724892" lon="-64.7389853">
    <ele>1906</ele>
    <time>2026-03-15T21:09:55Z</time>
    <extensions>
     <gpxdata:hr>109</gpxdata:hr>
     <gpxdata:distance>5054.50</gpxdata:distance>
     <gpxdata:speed>3.281</gpxdata:speed>
    </extensions>
   </trkpt>
   <trkpt lat="-21.5725088" lon="-64.7390034">
    <ele>1906</ele>
    <time>2026-03-15T21:09:56Z</time>
    <extensions>
     <gpxdata:hr>109</gpxdata:hr>
     <gpxdata:distance>5057.00</gpxdata:distance>
     <gpxdata:speed>2.911</gpxdata:speed>
    </extensions>
   </trkpt>
   <trkpt lat="-21.5725187" lon="-64.7390127">
    <ele>1906</ele>
    <time>2026-03-15T21:09:57Z</time>
    <extensions>
     <gpxdata:hr>109</gpxdata:hr>
     <gpxdata:distance>5059.50</gpxdata:distance>
     <gpxdata:speed>2.594</gpxdata:speed>
    </extensions>
   </trkpt>
   <trkpt lat="-21.5725306" lon="-64.7390255">
    <ele>1906</ele>
    <time>2026-03-15T21:09:58Z</time>
    <extensions>
     <gpxdata:hr>109</gpxdata:hr>
     <gpxdata:distance>5062.00</gpxdata:distance>
     <gpxdata:speed>2.353</gpxdata:speed>
    </extensions>
   </trkpt>
   <trkpt lat="-21.5725424" lon="-64.7390389">
    <ele>1906</ele>
    <time>2026-03-15T21:09:59Z</time>
    <extensions>
     <gpxdata:hr>109</gpxdata:hr>
     <gpxdata:distance>5063.50</gpxdata:distance>
     <gpxdata:speed>2.042</gpxdata:speed>
    </extensions>
   </trkpt>
   <trkpt lat="-21.5725536" lon="-64.7390520">
    <ele>1906</ele>
    <time>2026-03-15T21:10:00Z</time>
    <extensions>
     <gpxdata:hr>109</gpxdata:hr>
     <gpxdata:distance>5065.00</gpxdata:distance>
     <gpxdata:speed>1.825</gpxdata:speed>
    </extensions>
   </trkpt>
   <trkpt lat="-21.5725611" lon="-64.7390610">
    <ele>1906</ele>
    <time>2026-03-15T21:10:01Z</time>
    <extensions>
     <gpxdata:hr>109</gpxdata:hr>
     <gpxdata:distance>5066.50</gpxdata:distance>
     <gpxdata:speed>1.664</gpxdata:speed>
    </extensions>
   </trkpt>
   <trkpt lat="-21.5725699" lon="-64.7390710">
    <ele>1906</ele>
    <time>2026-03-15T21:10:02Z</time>
    <extensions>
     <gpxdata:hr>109</gpxdata:hr>
     <gpxdata:distance>5068.00</gpxdata:distance>
     <gpxdata:speed>1.614</gpxdata:speed>
    </extensions>
   </trkpt>
   <trkpt lat="-21.5725794" lon="-64.7390814">
    <ele>1906</ele>
    <time>2026-03-15T21:10:03Z</time>
    <extensions>
     <gpxdata:hr>109</gpxdata:hr>
     <gpxdata:distance>5069.50</gpxdata:distance>
     <gpxdata:speed>1.569</gpxdata:speed>
    </extensions>
   </trkpt>
   <trkpt lat="-21.5725893" lon="-64.7390917">
    <ele>1906</ele>
    <time>2026-03-15T21:10:04Z</time>
    <extensions>
     <gpxdata:hr>109</gpxdata:hr>
     <gpxdata:distance>5071.00</gpxdata:distance>
     <gpxdata:speed>1.539</gpxdata:speed>
    </extensions>
   </trkpt>
   <trkpt lat="-21.5725992" lon="-64.7391024">
    <ele>1907</ele>
    <time>2026-03-15T21:10:05Z</time>
    <extensions>
     <gpxdata:hr>108</gpxdata:hr>
     <gpxdata:distance>5072.50</gpxdata:distance>
     <gpxdata:speed>1.567</gpxdata:speed>
    </extensions>
   </trkpt>
   <trkpt lat="-21.5726085" lon="-64.7391137">
    <ele>1907</ele>
    <time>2026-03-15T21:10:06Z</time>
    <extensions>
     <gpxdata:hr>109</gpxdata:hr>
     <gpxdata:distance>5074.00</gpxdata:distance>
     <gpxdata:speed>1.558</gpxdata:speed>
    </extensions>
   </trkpt>
   <trkpt lat="-21.5726171" lon="-64.7391261">
    <ele>1907</ele>
    <time>2026-03-15T21:10:07Z</time>
    <extensions>
     <gpxdata:hr>108</gpxdata:hr>
     <gpxdata:distance>5076.00</gpxdata:distance>
     <gpxdata:speed>1.611</gpxdata:speed>
    </extensions>
   </trkpt>
   <trkpt lat="-21.5726250" lon="-64.7391394">
    <ele>1907</ele>
    <time>2026-03-15T21:10:08Z</time>
    <extensions>
     <gpxdata:hr>108</gpxdata:hr>
     <gpxdata:distance>5078.00</gpxdata:distance>
     <gpxdata:speed>1.664</gpxdata:speed>
    </extensions>
   </trkpt>
   <trkpt lat="-21.5726324" lon="-64.7391529">
    <ele>1907</ele>
    <time>2026-03-15T21:10:09Z</time>
    <extensions>
     <gpxdata:hr>108</gpxdata:hr>
     <gpxdata:distance>5079.50</gpxdata:distance>
     <gpxdata:speed>1.642</gpxdata:speed>
    </extensions>
   </trkpt>
   <trkpt lat="-21.5726400" lon="-64.7391664">
    <ele>1907</ele>
    <time>2026-03-15T21:10:10Z</time>
    <extensions>
     <gpxdata:hr>108</gpxdata:hr>
     <gpxdata:distance>5081.00</gpxdata:distance>
     <gpxdata:speed>1.639</gpxdata:speed>
    </extensions>
   </trkpt>
   <trkpt lat="-21.5726478" lon="-64.7391802">
    <ele>1907</ele>
    <time>2026-03-15T21:10:11Z</time>
    <extensions>
     <gpxdata:hr>108</gpxdata:hr>
     <gpxdata:distance>5082.50</gpxdata:distance>
     <gpxdata:speed>1.700</gpxdata:speed>
    </extensions>
   </trkpt>
   <trkpt lat="-21.5726554" lon="-64.7391943">
    <ele>1907</ele>
    <time>2026-03-15T21:10:12Z</time>
    <extensions>
     <gpxdata:hr>108</gpxdata:hr>
     <gpxdata:distance>5084.00</gpxdata:distance>
     <gpxdata:speed>1.719</gpxdata:speed>
    </extensions>
   </trkpt>
   <trkpt lat="-21.5726631" lon="-64.7392084">
    <ele>1907</ele>
    <time>2026-03-15T21:10:13Z</time>
    <extensions>
     <gpxdata:hr>108</gpxdata:hr>
     <gpxdata:distance>5085.50</gpxdata:distance>
     <gpxdata:speed>1.706</gpxdata:speed>
    </extensions>
   </trkpt>
   <trkpt lat="-21.5726706" lon="-64.7392219">
    <ele>1908</ele>
    <time>2026-03-15T21:10:14Z</time>
    <extensions>
     <gpxdata:hr>109</gpxdata:hr>
     <gpxdata:distance>5087.00</gpxdata:distance>
     <gpxdata:speed>1.597</gpxdata:speed>
    </extensions>
   </trkpt>
   <trkpt lat="-21.5726779" lon="-64.7392352">
    <ele>1908</ele>
    <time>2026-03-15T21:10:15Z</time>
    <extensions>
     <gpxdata:hr>110</gpxdata:hr>
     <gpxdata:distance>5089.00</gpxdata:distance>
     <gpxdata:speed>1.561</gpxdata:speed>
    </extensions>
   </trkpt>
   <trkpt lat="-21.5726853" lon="-64.7392481">
    <ele>1908</ele>
    <time>2026-03-15T21:10:16Z</time>
    <extensions>
     <gpxdata:hr>112</gpxdata:hr>
     <gpxdata:distance>5091.00</gpxdata:distance>
     <gpxdata:speed>1.533</gpxdata:speed>
    </extensions>
   </trkpt>
   <trkpt lat="-21.5726926" lon="-64.7392609">
    <ele>1908</ele>
    <time>2026-03-15T21:10:17Z</time>
    <extensions>
     <gpxdata:hr>112</gpxdata:hr>
     <gpxdata:distance>5092.50</gpxdata:distance>
     <gpxdata:speed>1.539</gpxdata:speed>
    </extensions>
   </trkpt>
   <trkpt lat="-21.5726998" lon="-64.7392739">
    <ele>1908</ele>
    <time>2026-03-15T21:10:18Z</time>
    <extensions>
     <gpxdata:hr>114</gpxdata:hr>
     <gpxdata:distance>5094.00</gpxdata:distance>
     <gpxdata:speed>1.550</gpxdata:speed>
    </extensions>
   </trkpt>
   <trkpt lat="-21.5727064" lon="-64.7392874">
    <ele>1908</ele>
    <time>2026-03-15T21:10:19Z</time>
    <extensions>
     <gpxdata:hr>115</gpxdata:hr>
     <gpxdata:distance>5095.50</gpxdata:distance>
     <gpxdata:speed>1.581</gpxdata:speed>
    </extensions>
   </trkpt>
   <trkpt lat="-21.5727125" lon="-64.7393006">
    <ele>1908</ele>
    <time>2026-03-15T21:10:20Z</time>
    <extensions>
     <gpxdata:hr>116</gpxdata:hr>
     <gpxdata:distance>5097.00</gpxdata:distance>
     <gpxdata:speed>1.503</gpxdata:speed>
    </extensions>
   </trkpt>
   <trkpt lat="-21.5727186" lon="-64.7393138">
    <ele>1908</ele>
    <time>2026-03-15T21:10:21Z</time>
    <extensions>
     <gpxdata:hr>117</gpxdata:hr>
     <gpxdata:distance>5098.50</gpxdata:distance>
     <gpxdata:speed>1.503</gpxdata:speed>
    </extensions>
   </trkpt>
   <trkpt lat="-21.5727249" lon="-64.7393273">
    <ele>1908</ele>
    <time>2026-03-15T21:10:22Z</time>
    <extensions>
     <gpxdata:hr>117</gpxdata:hr>
     <gpxdata:distance>5100.00</gpxdata:distance>
     <gpxdata:speed>1.581</gpxdata:speed>
    </extensions>
   </trkpt>
   <trkpt lat="-21.5727309" lon="-64.7393406">
    <ele>1908</ele>
    <time>2026-03-15T21:10:23Z</time>
    <extensions>
     <gpxdata:hr>117</gpxdata:hr>
     <gpxdata:distance>5101.50</gpxdata:distance>
     <gpxdata:speed>1.511</gpxdata:speed>
    </extensions>
   </trkpt>
   <trkpt lat="-21.5727370" lon="-64.7393530">
    <ele>1908</ele>
    <time>2026-03-15T21:10:24Z</time>
    <extensions>
     <gpxdata:hr>118</gpxdata:hr>
     <gpxdata:distance>5103.00</gpxdata:distance>
     <gpxdata:speed>1.406</gpxdata:speed>
    </extensions>
   </trkpt>
   <trkpt lat="-21.5727429" lon="-64.7393650">
    <ele>1908</ele>
    <time>2026-03-15T21:10:25Z</time>
    <extensions>
     <gpxdata:hr>119</gpxdata:hr>
     <gpxdata:distance>5104.00</gpxdata:distance>
     <gpxdata:speed>1.350</gpxdata:speed>
    </extensions>
   </trkpt>
   <trkpt lat="-21.5727481" lon="-64.7393772">
    <ele>1909</ele>
    <time>2026-03-15T21:10:26Z</time>
    <extensions>
     <gpxdata:hr>119</gpxdata:hr>
     <gpxdata:distance>5105.00</gpxdata:distance>
     <gpxdata:speed>1.356</gpxdata:speed>
    </extensions>
   </trkpt>
   <trkpt lat="-21.5727527" lon="-64.7393890">
    <ele>1909</ele>
    <time>2026-03-15T21:10:27Z</time>
    <extensions>
     <gpxdata:hr>118</gpxdata:hr>
     <gpxdata:distance>5106.50</gpxdata:distance>
     <gpxdata:speed>1.269</gpxdata:speed>
    </extensions>
   </trkpt>
   <trkpt lat="-21.5727573" lon="-64.7394007">
    <ele>1909</ele>
    <time>2026-03-15T21:10:28Z</time>
    <extensions>
     <gpxdata:hr>118</gpxdata:hr>
     <gpxdata:distance>5108.00</gpxdata:distance>
     <gpxdata:speed>1.264</gpxdata:speed>
    </extensions>
   </trkpt>
   <trkpt lat="-21.5727619" lon="-64.7394123">
    <ele>1909</ele>
    <time>2026-03-15T21:10:29Z</time>
    <extensions>
     <gpxdata:hr>118</gpxdata:hr>
     <gpxdata:distance>5109.00</gpxdata:distance>
     <gpxdata:speed>1.286</gpxdata:speed>
    </extensions>
   </trkpt>
   <trkpt lat="-21.5727667" lon="-64.7394239">
    <ele>1909</ele>
    <time>2026-03-15T21:10:30Z</time>
    <extensions>
     <gpxdata:hr>118</gpxdata:hr>
     <gpxdata:distance>5110.00</gpxdata:distance>
     <gpxdata:speed>1.308</gpxdata:speed>
    </extensions>
   </trkpt>
   <trkpt lat="-21.5727719" lon="-64.7394352">
    <ele>1909</ele>
    <time>2026-03-15T21:10:31Z</time>
    <extensions>
     <gpxdata:hr>119</gpxdata:hr>
     <gpxdata:distance>5111.50</gpxdata:distance>
     <gpxdata:speed>1.297</gpxdata:speed>
    </extensions>
   </trkpt>
   <trkpt lat="-21.5727773" lon="-64.7394465">
    <ele>1909</ele>
    <time>2026-03-15T21:10:32Z</time>
    <extensions>
     <gpxdata:hr>121</gpxdata:hr>
     <gpxdata:distance>5113.00</gpxdata:distance>
     <gpxdata:speed>1.303</gpxdata:speed>
    </extensions>
   </trkpt>
   <trkpt lat="-21.5727822" lon="-64.7394582">
    <ele>1909</ele>
    <time>2026-03-15T21:10:33Z</time>
    <extensions>
     <gpxdata:hr>121</gpxdata:hr>
     <gpxdata:distance>5114.50</gpxdata:distance>
     <gpxdata:speed>1.342</gpxdata:speed>
    </extensions>
   </trkpt>
   <trkpt lat="-21.5727873" lon="-64.7394704">
    <ele>1909</ele>
    <time>2026-03-15T21:10:34Z</time>
    <extensions>
     <gpxdata:hr>121</gpxdata:hr>
     <gpxdata:distance>5116.00</gpxdata:distance>
     <gpxdata:speed>1.428</gpxdata:speed>
    </extensions>
   </trkpt>
   <trkpt lat="-21.5727918" lon="-64.7394827">
    <ele>1909</ele>
    <time>2026-03-15T21:10:35Z</time>
    <extensions>
     <gpxdata:hr>122</gpxdata:hr>
     <gpxdata:distance>5117.00</gpxdata:distance>
     <gpxdata:speed>1.367</gpxdata:speed>
    </extensions>
   </trkpt>
   <trkpt lat="-21.5727958" lon="-64.7394948">
    <ele>1910</ele>
    <time>2026-03-15T21:10:36Z</time>
    <extensions>
     <gpxdata:hr>121</gpxdata:hr>
     <gpxdata:distance>5118.00</gpxdata:distance>
     <gpxdata:speed>1.314</gpxdata:speed>
    </extensions>
   </trkpt>
   <trkpt lat="-21.5727995" lon="-64.7395063">
    <ele>1910</ele>
    <time>2026-03-15T21:10:37Z</time>
    <extensions>
     <gpxdata:hr>120</gpxdata:hr>
     <gpxdata:distance>5119.50</gpxdata:distance>
     <gpxdata:speed>1.225</gpxdata:speed>
    </extensions>
   </trkpt>
   <trkpt lat="-21.5728038" lon="-64.7395185">
    <ele>1910</ele>
    <time>2026-03-15T21:10:38Z</time>
    <extensions>
     <gpxdata:hr>120</gpxdata:hr>
     <gpxdata:distance>5121.00</gpxdata:distance>
     <gpxdata:speed>1.375</gpxdata:speed>
    </extensions>
   </trkpt>
   <trkpt lat="-21.5728089" lon="-64.7395312">
    <ele>1910</ele>
    <time>2026-03-15T21:10:39Z</time>
    <extensions>
     <gpxdata:hr>120</gpxdata:hr>
     <gpxdata:distance>5122.50</gpxdata:distance>
     <gpxdata:speed>1.481</gpxdata:speed>
    </extensions>
   </trkpt>
   <trkpt lat="-21.5728145" lon="-64.7395437">
    <ele>1910</ele>
    <time>2026-03-15T21:10:40Z</time>
    <extensions>
     <gpxdata:hr>120</gpxdata:hr>
     <gpxdata:distance>5124.00</gpxdata:distance>
     <gpxdata:speed>1.481</gpxdata:speed>
    </extensions>
   </trkpt>
   <trkpt lat="-21.5728201" lon="-64.7395564">
    <ele>1910</ele>
    <time>2026-03-15T21:10:41Z</time>
    <extensions>
     <gpxdata:hr>120</gpxdata:hr>
     <gpxdata:distance>5125.50</gpxdata:distance>
     <gpxdata:speed>1.483</gpxdata:speed>
    </extensions>
   </trkpt>
   <trkpt lat="-21.5728255" lon="-64.7395689">
    <ele>1910</ele>
    <time>2026-03-15T21:10:42Z</time>
    <extensions>
     <gpxdata:hr>120</gpxdata:hr>
     <gpxdata:distance>5127.00</gpxdata:distance>
     <gpxdata:speed>1.428</gpxdata:speed>
    </extensions>
   </trkpt>
   <trkpt lat="-21.5728312" lon="-64.7395807">
    <ele>1910</ele>
    <time>2026-03-15T21:10:43Z</time>
    <extensions>
     <gpxdata:hr>120</gpxdata:hr>
     <gpxdata:distance>5128.50</gpxdata:distance>
     <gpxdata:speed>1.356</gpxdata:speed>
    </extensions>
   </trkpt>
   <trkpt lat="-21.5728375" lon="-64.7395924">
    <ele>1910</ele>
    <time>2026-03-15T21:10:44Z</time>
    <extensions>
     <gpxdata:hr>119</gpxdata:hr>
     <gpxdata:distance>5130.00</gpxdata:distance>
     <gpxdata:speed>1.394</gpxdata:speed>
    </extensions>
   </trkpt>
   <trkpt lat="-21.5728441" lon="-64.7396040">
    <ele>1910</ele>
    <time>2026-03-15T21:10:45Z</time>
    <extensions>
     <gpxdata:hr>118</gpxdata:hr>
     <gpxdata:distance>5131.50</gpxdata:distance>
     <gpxdata:speed>1.414</gpxdata:speed>
    </extensions>
   </trkpt>
   <trkpt lat="-21.5728508" lon="-64.7396156">
    <ele>1910</ele>
    <time>2026-03-15T21:10:46Z</time>
    <extensions>
     <gpxdata:hr>117</gpxdata:hr>
     <gpxdata:distance>5133.00</gpxdata:distance>
     <gpxdata:speed>1.419</gpxdata:speed>
    </extensions>
   </trkpt>
   <trkpt lat="-21.5728575" lon="-64.7396283">
    <ele>1910</ele>
    <time>2026-03-15T21:10:47Z</time>
    <extensions>
     <gpxdata:hr>116</gpxdata:hr>
     <gpxdata:distance>5134.00</gpxdata:distance>
     <gpxdata:speed>1.575</gpxdata:speed>
    </extensions>
   </trkpt>
   <trkpt lat="-21.5728638" lon="-64.7396404">
    <ele>1911</ele>
    <time>2026-03-15T21:10:48Z</time>
    <extensions>
     <gpxdata:hr>116</gpxdata:hr>
     <gpxdata:distance>5135.00</gpxdata:distance>
     <gpxdata:speed>1.419</gpxdata:speed>
    </extensions>
   </trkpt>
   <trkpt lat="-21.5728689" lon="-64.7396530">
    <ele>1911</ele>
    <time>2026-03-15T21:10:49Z</time>
    <extensions>
     <gpxdata:hr>116</gpxdata:hr>
     <gpxdata:distance>5136.50</gpxdata:distance>
     <gpxdata:speed>1.406</gpxdata:speed>
    </extensions>
   </trkpt>
   <trkpt lat="-21.5728733" lon="-64.7396654">
    <ele>1911</ele>
    <time>2026-03-15T21:10:50Z</time>
    <extensions>
     <gpxdata:hr>116</gpxdata:hr>
     <gpxdata:distance>5138.00</gpxdata:distance>
     <gpxdata:speed>1.358</gpxdata:speed>
    </extensions>
   </trkpt>
   <trkpt lat="-21.5728777" lon="-64.7396781">
    <ele>1911</ele>
    <time>2026-03-15T21:10:51Z</time>
    <extensions>
     <gpxdata:hr>118</gpxdata:hr>
     <gpxdata:distance>5139.50</gpxdata:distance>
     <gpxdata:speed>1.389</gpxdata:speed>
    </extensions>
   </trkpt>
   <trkpt lat="-21.5728826" lon="-64.7396902">
    <ele>1911</ele>
    <time>2026-03-15T21:10:52Z</time>
    <extensions>
     <gpxdata:hr>119</gpxdata:hr>
     <gpxdata:distance>5141.00</gpxdata:distance>
     <gpxdata:speed>1.344</gpxdata:speed>
    </extensions>
   </trkpt>
   <trkpt lat="-21.5728880" lon="-64.7397024">
    <ele>1911</ele>
    <time>2026-03-15T21:10:53Z</time>
    <extensions>
     <gpxdata:hr>121</gpxdata:hr>
     <gpxdata:distance>5142.50</gpxdata:distance>
     <gpxdata:speed>1.417</gpxdata:speed>
    </extensions>
   </trkpt>
   <trkpt lat="-21.5728935" lon="-64.7397145">
    <ele>1911</ele>
    <time>2026-03-15T21:10:54Z</time>
    <extensions>
     <gpxdata:hr>122</gpxdata:hr>
     <gpxdata:distance>5144.00</gpxdata:distance>
     <gpxdata:speed>1.400</gpxdata:speed>
    </extensions>
   </trkpt>
   <trkpt lat="-21.5728993" lon="-64.7397265">
    <ele>1911</ele>
    <time>2026-03-15T21:10:55Z</time>
    <extensions>
     <gpxdata:hr>122</gpxdata:hr>
     <gpxdata:distance>5145.50</gpxdata:distance>
     <gpxdata:speed>1.400</gpxdata:speed>
    </extensions>
   </trkpt>
   <trkpt lat="-21.5729057" lon="-64.7397384">
    <ele>1911</ele>
    <time>2026-03-15T21:10:56Z</time>
    <extensions>
     <gpxdata:hr>123</gpxdata:hr>
     <gpxdata:distance>5147.00</gpxdata:distance>
     <gpxdata:speed>1.442</gpxdata:speed>
    </extensions>
   </trkpt>
   <trkpt lat="-21.5729124" lon="-64.7397506">
    <ele>1912</ele>
    <time>2026-03-15T21:10:57Z</time>
    <extensions>
     <gpxdata:hr>124</gpxdata:hr>
     <gpxdata:distance>5148.50</gpxdata:distance>
     <gpxdata:speed>1.494</gpxdata:speed>
    </extensions>
   </trkpt>
   <trkpt lat="-21.5729183" lon="-64.7397628">
    <ele>1912</ele>
    <time>2026-03-15T21:10:58Z</time>
    <extensions>
     <gpxdata:hr>125</gpxdata:hr>
     <gpxdata:distance>5150.00</gpxdata:distance>
     <gpxdata:speed>1.417</gpxdata:speed>
    </extensions>
   </trkpt>
   <trkpt lat="-21.5729239" lon="-64.7397748">
    <ele>1912</ele>
    <time>2026-03-15T21:10:59Z</time>
    <extensions>
     <gpxdata:hr>126</gpxdata:hr>
     <gpxdata:distance>5151.00</gpxdata:distance>
     <gpxdata:speed>1.367</gpxdata:speed>
    </extensions>
   </trkpt>
   <trkpt lat="-21.5729292" lon="-64.7397871">
    <ele>1912</ele>
    <time>2026-03-15T21:11:00Z</time>
    <extensions>
     <gpxdata:hr>126</gpxdata:hr>
     <gpxdata:distance>5152.00</gpxdata:distance>
     <gpxdata:speed>1.400</gpxdata:speed>
    </extensions>
   </trkpt>
   <trkpt lat="-21.5729347" lon="-64.7397997">
    <ele>1912</ele>
    <time>2026-03-15T21:11:01Z</time>
    <extensions>
     <gpxdata:hr>126</gpxdata:hr>
     <gpxdata:distance>5154.00</gpxdata:distance>
     <gpxdata:speed>1.461</gpxdata:speed>
    </extensions>
   </trkpt>
   <trkpt lat="-21.5729406" lon="-64.7398126">
    <ele>1912</ele>
    <time>2026-03-15T21:11:02Z</time>
    <extensions>
     <gpxdata:hr>126</gpxdata:hr>
     <gpxdata:distance>5156.00</gpxdata:distance>
     <gpxdata:speed>1.514</gpxdata:speed>
    </extensions>
   </trkpt>
   <trkpt lat="-21.5729460" lon="-64.7398256">
    <ele>1912</ele>
    <time>2026-03-15T21:11:03Z</time>
    <extensions>
     <gpxdata:hr>127</gpxdata:hr>
     <gpxdata:distance>5157.00</gpxdata:distance>
     <gpxdata:speed>1.492</gpxdata:speed>
    </extensions>
   </trkpt>
   <trkpt lat="-21.5729515" lon="-64.7398383">
    <ele>1912</ele>
    <time>2026-03-15T21:11:04Z</time>
    <extensions>
     <gpxdata:hr>128</gpxdata:hr>
     <gpxdata:distance>5158.00</gpxdata:distance>
     <gpxdata:speed>1.453</gpxdata:speed>
    </extensions>
   </trkpt>
   <trkpt lat="-21.5729574" lon="-64.7398504">
    <ele>1912</ele>
    <time>2026-03-15T21:11:05Z</time>
    <extensions>
     <gpxdata:hr>128</gpxdata:hr>
     <gpxdata:distance>5159.50</gpxdata:distance>
     <gpxdata:speed>1.378</gpxdata:speed>
    </extensions>
   </trkpt>
   <trkpt lat="-21.5729635" lon="-64.7398625">
    <ele>1912</ele>
    <time>2026-03-15T21:11:06Z</time>
    <extensions>
     <gpxdata:hr>128</gpxdata:hr>
     <gpxdata:distance>5161.00</gpxdata:distance>
     <gpxdata:speed>1.425</gpxdata:speed>
    </extensions>
   </trkpt>
   <trkpt lat="-21.5729698" lon="-64.7398746">
    <ele>1913</ele>
    <time>2026-03-15T21:11:07Z</time>
    <extensions>
     <gpxdata:hr>127</gpxdata:hr>
     <gpxdata:distance>5162.50</gpxdata:distance>
     <gpxdata:speed>1.433</gpxdata:speed>
    </extensions>
   </trkpt>
   <trkpt lat="-21.5729755" lon="-64.7398870">
    <ele>1913</ele>
    <time>2026-03-15T21:11:08Z</time>
    <extensions>
     <gpxdata:hr>128</gpxdata:hr>
     <gpxdata:distance>5164.00</gpxdata:distance>
     <gpxdata:speed>1.422</gpxdata:speed>
    </extensions>
   </trkpt>
   <trkpt lat="-21.5729816" lon="-64.7398992">
    <ele>1913</ele>
    <time>2026-03-15T21:11:09Z</time>
    <extensions>
     <gpxdata:hr>128</gpxdata:hr>
     <gpxdata:distance>5165.50</gpxdata:distance>
     <gpxdata:speed>1.444</gpxdata:speed>
    </extensions>
   </trkpt>
   <trkpt lat="-21.5729876" lon="-64.7399113">
    <ele>1913</ele>
    <time>2026-03-15T21:11:10Z</time>
    <extensions>
     <gpxdata:hr>129</gpxdata:hr>
     <gpxdata:distance>5167.00</gpxdata:distance>
     <gpxdata:speed>1.411</gpxdata:speed>
    </extensions>
   </trkpt>
   <trkpt lat="-21.5729937" lon="-64.7399237">
    <ele>1913</ele>
    <time>2026-03-15T21:11:11Z</time>
    <extensions>
     <gpxdata:hr>129</gpxdata:hr>
     <gpxdata:distance>5168.50</gpxdata:distance>
     <gpxdata:speed>1.456</gpxdata:speed>
    </extensions>
   </trkpt>
   <trkpt lat="-21.5729999" lon="-64.7399359">
    <ele>1913</ele>
    <time>2026-03-15T21:11:12Z</time>
    <extensions>
     <gpxdata:hr>128</gpxdata:hr>
     <gpxdata:distance>5170.00</gpxdata:distance>
     <gpxdata:speed>1.453</gpxdata:speed>
    </extensions>
   </trkpt>
   <trkpt lat="-21.5730063" lon="-64.7399484">
    <ele>1913</ele>
    <time>2026-03-15T21:11:13Z</time>
    <extensions>
     <gpxdata:hr>128</gpxdata:hr>
     <gpxdata:distance>5171.50</gpxdata:distance>
     <gpxdata:speed>1.492</gpxdata:speed>
    </extensions>
   </trkpt>
   <trkpt lat="-21.5730128" lon="-64.7399611">
    <ele>1913</ele>
    <time>2026-03-15T21:11:14Z</time>
    <extensions>
     <gpxdata:hr>128</gpxdata:hr>
     <gpxdata:distance>5173.00</gpxdata:distance>
     <gpxdata:speed>1.528</gpxdata:speed>
    </extensions>
   </trkpt>
   <trkpt lat="-21.5730186" lon="-64.7399741">
    <ele>1913</ele>
    <time>2026-03-15T21:11:15Z</time>
    <extensions>
     <gpxdata:hr>130</gpxdata:hr>
     <gpxdata:distance>5174.50</gpxdata:distance>
     <gpxdata:speed>1.492</gpxdata:speed>
    </extensions>
   </trkpt>
   <trkpt lat="-21.5730244" lon="-64.7399871">
    <ele>1914</ele>
    <time>2026-03-15T21:11:16Z</time>
    <extensions>
     <gpxdata:hr>131</gpxdata:hr>
     <gpxdata:distance>5176.00</gpxdata:distance>
     <gpxdata:speed>1.508</gpxdata:speed>
    </extensions>
   </trkpt>
   <trkpt lat="-21.5730308" lon="-64.7399999">
    <ele>1914</ele>
    <time>2026-03-15T21:11:17Z</time>
    <extensions>
     <gpxdata:hr>131</gpxdata:hr>
     <gpxdata:distance>5177.50</gpxdata:distance>
     <gpxdata:speed>1.508</gpxdata:speed>
    </extensions>
   </trkpt>
   <trkpt lat="-21.5730381" lon="-64.7400127">
    <ele>1914</ele>
    <time>2026-03-15T21:11:18Z</time>
    <extensions>
     <gpxdata:hr>131</gpxdata:hr>
     <gpxdata:distance>5179.00</gpxdata:distance>
     <gpxdata:speed>1.600</gpxdata:speed>
    </extensions>
   </trkpt>
   <trkpt lat="-21.5730456" lon="-64.7400264">
    <ele>1914</ele>
    <time>2026-03-15T21:11:19Z</time>
    <extensions>
     <gpxdata:hr>131</gpxdata:hr>
     <gpxdata:distance>5181.00</gpxdata:distance>
     <gpxdata:speed>1.711</gpxdata:speed>
    </extensions>
   </trkpt>
   <trkpt lat="-21.5730529" lon="-64.7400407">
    <ele>1914</ele>
    <time>2026-03-15T21:11:20Z</time>
    <extensions>
     <gpxdata:hr>131</gpxdata:hr>
     <gpxdata:distance>5183.00</gpxdata:distance>
     <gpxdata:speed>1.742</gpxdata:speed>
    </extensions>
   </trkpt>
   <trkpt lat="-21.5730596" lon="-64.7400548">
    <ele>1914</ele>
    <time>2026-03-15T21:11:21Z</time>
    <extensions>
     <gpxdata:hr>131</gpxdata:hr>
     <gpxdata:distance>5184.50</gpxdata:distance>
     <gpxdata:speed>1.658</gpxdata:speed>
    </extensions>
   </trkpt>
   <trkpt lat="-21.5730662" lon="-64.7400692">
    <ele>1914</ele>
    <time>2026-03-15T21:11:22Z</time>
    <extensions>
     <gpxdata:hr>131</gpxdata:hr>
     <gpxdata:distance>5186.00</gpxdata:distance>
     <gpxdata:speed>1.661</gpxdata:speed>
    </extensions>
   </trkpt>
   <trkpt lat="-21.5730727" lon="-64.7400833">
    <ele>1914</ele>
    <time>2026-03-15T21:11:23Z</time>
    <extensions>
     <gpxdata:hr>132</gpxdata:hr>
     <gpxdata:distance>5187.50</gpxdata:distance>
     <gpxdata:speed>1.628</gpxdata:speed>
    </extensions>
   </trkpt>
   <trkpt lat="-21.5730793" lon="-64.7400972">
    <ele>1914</ele>
    <time>2026-03-15T21:11:24Z</time>
    <extensions>
     <gpxdata:hr>134</gpxdata:hr>
     <gpxdata:distance>5189.00</gpxdata:distance>
     <gpxdata:speed>1.597</gpxdata:speed>
    </extensions>
   </trkpt>
   <trkpt lat="-21.5730862" lon="-64.7401109">
    <ele>1915</ele>
    <time>2026-03-15T21:11:25Z</time>
    <extensions>
     <gpxdata:hr>134</gpxdata:hr>
     <gpxdata:distance>5190.50</gpxdata:distance>
     <gpxdata:speed>1.608</gpxdata:speed>
    </extensions>
   </trkpt>
   <trkpt lat="-21.5730932" lon="-64.7401241">
    <ele>1915</ele>
    <time>2026-03-15T21:11:26Z</time>
    <extensions>
     <gpxdata:hr>134</gpxdata:hr>
     <gpxdata:distance>5192.00</gpxdata:distance>
     <gpxdata:speed>1.544</gpxdata:speed>
    </extensions>
   </trkpt>
   <trkpt lat="-21.5731002" lon="-64.7401376">
    <ele>1915</ele>
    <time>2026-03-15T21:11:27Z</time>
    <extensions>
     <gpxdata:hr>134</gpxdata:hr>
     <gpxdata:distance>5193.50</gpxdata:distance>
     <gpxdata:speed>1.589</gpxdata:speed>
    </extensions>
   </trkpt>
   <trkpt lat="-21.5731074" lon="-64.7401507">
    <ele>1915</ele>
    <time>2026-03-15T21:11:28Z</time>
    <extensions>
     <gpxdata:hr>135</gpxdata:hr>
     <gpxdata:distance>5195.00</gpxdata:distance>
     <gpxdata:speed>1.572</gpxdata:speed>
    </extensions>
   </trkpt>
   <trkpt lat="-21.5731150" lon="-64.7401634">
    <ele>1915</ele>
    <time>2026-03-15T21:11:29Z</time>
    <extensions>
     <gpxdata:hr>135</gpxdata:hr>
     <gpxdata:distance>5197.00</gpxdata:distance>
     <gpxdata:speed>1.547</gpxdata:speed>
    </extensions>
   </trkpt>
   <trkpt lat="-21.5731232" lon="-64.7401762">
    <ele>1915</ele>
    <time>2026-03-15T21:11:30Z</time>
    <extensions>
     <gpxdata:hr>135</gpxdata:hr>
     <gpxdata:distance>5199.00</gpxdata:distance>
     <gpxdata:speed>1.622</gpxdata:speed>
    </extensions>
   </trkpt>
   <trkpt lat="-21.5731319" lon="-64.7401895">
    <ele>1915</ele>
    <time>2026-03-15T21:11:31Z</time>
    <extensions>
     <gpxdata:hr>136</gpxdata:hr>
     <gpxdata:distance>5200.50</gpxdata:distance>
     <gpxdata:speed>1.742</gpxdata:speed>
    </extensions>
   </trkpt>
   <trkpt lat="-21.5731408" lon="-64.7402018">
    <ele>1915</ele>
    <time>2026-03-15T21:11:32Z</time>
    <extensions>
     <gpxdata:hr>136</gpxdata:hr>
     <gpxdata:distance>5202.00</gpxdata:distance>
     <gpxdata:speed>1.600</gpxdata:speed>
    </extensions>
   </trkpt>
   <trkpt lat="-21.5731495" lon="-64.7402140">
    <ele>1916</ele>
    <time>2026-03-15T21:11:33Z</time>
    <extensions>
     <gpxdata:hr>136</gpxdata:hr>
     <gpxdata:distance>5203.50</gpxdata:distance>
     <gpxdata:speed>1.583</gpxdata:speed>
    </extensions>
   </trkpt>
   <trkpt lat="-21.5731581" lon="-64.7402262">
    <ele>1916</ele>
    <time>2026-03-15T21:11:34Z</time>
    <extensions>
     <gpxdata:hr>135</gpxdata:hr>
     <gpxdata:distance>5205.00</gpxdata:distance>
     <gpxdata:speed>1.556</gpxdata:speed>
    </extensions>
   </trkpt>
   <trkpt lat="-21.5731665" lon="-64.7402382">
    <ele>1916</ele>
    <time>2026-03-15T21:11:35Z</time>
    <extensions>
     <gpxdata:hr>136</gpxdata:hr>
     <gpxdata:distance>5206.50</gpxdata:distance>
     <gpxdata:speed>1.542</gpxdata:speed>
    </extensions>
   </trkpt>
   <trkpt lat="-21.5731750" lon="-64.7402512">
    <ele>1916</ele>
    <time>2026-03-15T21:11:36Z</time>
    <extensions>
     <gpxdata:hr>136</gpxdata:hr>
     <gpxdata:distance>5208.00</gpxdata:distance>
     <gpxdata:speed>1.675</gpxdata:speed>
    </extensions>
   </trkpt>
   <trkpt lat="-21.5731830" lon="-64.7402642">
    <ele>1916</ele>
    <time>2026-03-15T21:11:37Z</time>
    <extensions>
     <gpxdata:hr>136</gpxdata:hr>
     <gpxdata:distance>5209.50</gpxdata:distance>
     <gpxdata:speed>1.619</gpxdata:speed>
    </extensions>
   </trkpt>
   <trkpt lat="-21.5731910" lon="-64.7402761">
    <ele>1916</ele>
    <time>2026-03-15T21:11:38Z</time>
    <extensions>
     <gpxdata:hr>136</gpxdata:hr>
     <gpxdata:distance>5211.00</gpxdata:distance>
     <gpxdata:speed>1.469</gpxdata:speed>
    </extensions>
   </trkpt>
   <trkpt lat="-21.5731994" lon="-64.7402881">
    <ele>1916</ele>
    <time>2026-03-15T21:11:39Z</time>
    <extensions>
     <gpxdata:hr>136</gpxdata:hr>
     <gpxdata:distance>5212.50</gpxdata:distance>
     <gpxdata:speed>1.542</gpxdata:speed>
    </extensions>
   </trkpt>
   <trkpt lat="-21.5732083" lon="-64.7402996">
    <ele>1916</ele>
    <time>2026-03-15T21:11:40Z</time>
    <extensions>
     <gpxdata:hr>136</gpxdata:hr>
     <gpxdata:distance>5214.00</gpxdata:distance>
     <gpxdata:speed>1.547</gpxdata:speed>
    </extensions>
   </trkpt>
   <trkpt lat="-21.5732168" lon="-64.7403099">
    <ele>1916</ele>
    <time>2026-03-15T21:11:41Z</time>
    <extensions>
     <gpxdata:hr>136</gpxdata:hr>
     <gpxdata:distance>5215.50</gpxdata:distance>
     <gpxdata:speed>1.361</gpxdata:speed>
    </extensions>
   </trkpt>
   <trkpt lat="-21.5732256" lon="-64.7403202">
    <ele>1916</ele>
    <time>2026-03-15T21:11:42Z</time>
    <extensions>
     <gpxdata:hr>136</gpxdata:hr>
     <gpxdata:distance>5217.00</gpxdata:distance>
     <gpxdata:speed>1.414</gpxdata:speed>
    </extensions>
   </trkpt>
   <trkpt lat="-21.5732354" lon="-64.7403305">
    <ele>1917</ele>
    <time>2026-03-15T21:11:43Z</time>
    <extensions>
     <gpxdata:hr>136</gpxdata:hr>
     <gpxdata:distance>5218.50</gpxdata:distance>
     <gpxdata:speed>1.558</gpxdata:speed>
    </extensions>
   </trkpt>
   <trkpt lat="-21.5732456" lon="-64.7403407">
    <ele>1917</ele>
    <time>2026-03-15T21:11:44Z</time>
    <extensions>
     <gpxdata:hr>136</gpxdata:hr>
     <gpxdata:distance>5220.00</gpxdata:distance>
     <gpxdata:speed>1.581</gpxdata:speed>
    </extensions>
   </trkpt>
   <trkpt lat="-21.5732562" lon="-64.7403519">
    <ele>1917</ele>
    <time>2026-03-15T21:11:45Z</time>
    <extensions>
     <gpxdata:hr>135</gpxdata:hr>
     <gpxdata:distance>5221.50</gpxdata:distance>
     <gpxdata:speed>1.739</gpxdata:speed>
    </extensions>
   </trkpt>
   <trkpt lat="-21.5732660" lon="-64.7403629">
    <ele>1917</ele>
    <time>2026-03-15T21:11:46Z</time>
    <extensions>
     <gpxdata:hr>135</gpxdata:hr>
     <gpxdata:distance>5223.00</gpxdata:distance>
     <gpxdata:speed>1.564</gpxdata:speed>
    </extensions>
   </trkpt>
   <trkpt lat="-21.5732752" lon="-64.7403738">
    <ele>1917</ele>
    <time>2026-03-15T21:11:47Z</time>
    <extensions>
     <gpxdata:hr>135</gpxdata:hr>
     <gpxdata:distance>5225.00</gpxdata:distance>
     <gpxdata:speed>1.506</gpxdata:speed>
    </extensions>
   </trkpt>
   <trkpt lat="-21.5732845" lon="-64.7403857">
    <ele>1917</ele>
    <time>2026-03-15T21:11:48Z</time>
    <extensions>
     <gpxdata:hr>135</gpxdata:hr>
     <gpxdata:distance>5227.00</gpxdata:distance>
     <gpxdata:speed>1.633</gpxdata:speed>
    </extensions>
   </trkpt>
   <trkpt lat="-21.5732932" lon="-64.7403971">
    <ele>1917</ele>
    <time>2026-03-15T21:11:49Z</time>
    <extensions>
     <gpxdata:hr>135</gpxdata:hr>
     <gpxdata:distance>5228.50</gpxdata:distance>
     <gpxdata:speed>1.489</gpxdata:speed>
    </extensions>
   </trkpt>
   <trkpt lat="-21.5733024" lon="-64.7404079">
    <ele>1917</ele>
    <time>2026-03-15T21:11:50Z</time>
    <extensions>
     <gpxdata:hr>135</gpxdata:hr>
     <gpxdata:distance>5230.00</gpxdata:distance>
     <gpxdata:speed>1.503</gpxdata:speed>
    </extensions>
   </trkpt>
   <trkpt lat="-21.5733123" lon="-64.7404185">
    <ele>1917</ele>
    <time>2026-03-15T21:11:51Z</time>
    <extensions>
     <gpxdata:hr>135</gpxdata:hr>
     <gpxdata:distance>5231.50</gpxdata:distance>
     <gpxdata:speed>1.564</gpxdata:speed>
    </extensions>
   </trkpt>
   <trkpt lat="-21.5733224" lon="-64.7404288">
    <ele>1918</ele>
    <time>2026-03-15T21:11:52Z</time>
    <extensions>
     <gpxdata:hr>136</gpxdata:hr>
     <gpxdata:distance>5233.00</gpxdata:distance>
     <gpxdata:speed>1.564</gpxdata:speed>
    </extensions>
   </trkpt>
   <trkpt lat="-21.5733322" lon="-64.7404387">
    <ele>1918</ele>
    <time>2026-03-15T21:11:53Z</time>
    <extensions>
     <gpxdata:hr>136</gpxdata:hr>
     <gpxdata:distance>5234.50</gpxdata:distance>
     <gpxdata:speed>1.458</gpxdata:speed>
    </extensions>
   </trkpt>
   <trkpt lat="-21.5733423" lon="-64.7404492">
    <ele>1918</ele>
    <time>2026-03-15T21:11:54Z</time>
    <extensions>
     <gpxdata:hr>136</gpxdata:hr>
     <gpxdata:distance>5236.00</gpxdata:distance>
     <gpxdata:speed>1.586</gpxdata:speed>
    </extensions>
   </trkpt>
   <trkpt lat="-21.5733521" lon="-64.7404594">
    <ele>1918</ele>
    <time>2026-03-15T21:11:55Z</time>
    <extensions>
     <gpxdata:hr>136</gpxdata:hr>
     <gpxdata:distance>5237.50</gpxdata:distance>
     <gpxdata:speed>1.503</gpxdata:speed>
    </extensions>
   </trkpt>
   <trkpt lat="-21.5733622" lon="-64.7404698">
    <ele>1918</ele>
    <time>2026-03-15T21:11:56Z</time>
    <extensions>
     <gpxdata:hr>137</gpxdata:hr>
     <gpxdata:distance>5239.00</gpxdata:distance>
     <gpxdata:speed>1.578</gpxdata:speed>
    </extensions>
   </trkpt>
   <trkpt lat="-21.5733731" lon="-64.7404806">
    <ele>1918</ele>
    <time>2026-03-15T21:11:57Z</time>
    <extensions>
     <gpxdata:hr>137</gpxdata:hr>
     <gpxdata:distance>5241.00</gpxdata:distance>
     <gpxdata:speed>1.714</gpxdata:speed>
    </extensions>
   </trkpt>
   <trkpt lat="-21.5733841" lon="-64.7404917">
    <ele>1918</ele>
    <time>2026-03-15T21:11:58Z</time>
    <extensions>
     <gpxdata:hr>137</gpxdata:hr>
     <gpxdata:distance>5243.00</gpxdata:distance>
     <gpxdata:speed>1.719</gpxdata:speed>
    </extensions>
   </trkpt>
   <trkpt lat="-21.5733955" lon="-64.7405026">
    <ele>1918</ele>
    <time>2026-03-15T21:11:59Z</time>
    <extensions>
     <gpxdata:hr>137</gpxdata:hr>
     <gpxdata:distance>5244.50</gpxdata:distance>
     <gpxdata:speed>1.744</gpxdata:speed>
    </extensions>
   </trkpt>
   <trkpt lat="-21.5734068" lon="-64.7405125">
    <ele>1919</ele>
    <time>2026-03-15T21:12:00Z</time>
    <extensions>
     <gpxdata:hr>137</gpxdata:hr>
     <gpxdata:distance>5246.00</gpxdata:distance>
     <gpxdata:speed>1.597</gpxdata:speed>
    </extensions>
   </trkpt>
   <trkpt lat="-21.5734185" lon="-64.7405222">
    <ele>1919</ele>
    <time>2026-03-15T21:12:01Z</time>
    <extensions>
     <gpxdata:hr>136</gpxdata:hr>
     <gpxdata:distance>5247.50</gpxdata:distance>
     <gpxdata:speed>1.636</gpxdata:speed>
    </extensions>
   </trkpt>
   <trkpt lat="-21.5734299" lon="-64.7405318">
    <ele>1919</ele>
    <time>2026-03-15T21:12:02Z</time>
    <extensions>
     <gpxdata:hr>137</gpxdata:hr>
     <gpxdata:distance>5249.00</gpxdata:distance>
     <gpxdata:speed>1.603</gpxdata:speed>
    </extensions>
   </trkpt>
   <trkpt lat="-21.5734413" lon="-64.7405412">
    <ele>1919</ele>
    <time>2026-03-15T21:12:03Z</time>
    <extensions>
     <gpxdata:hr>137</gpxdata:hr>
     <gpxdata:distance>5250.50</gpxdata:distance>
     <gpxdata:speed>1.575</gpxdata:speed>
    </extensions>
   </trkpt>
   <trkpt lat="-21.5734523" lon="-64.7405495">
    <ele>1919</ele>
    <time>2026-03-15T21:12:04Z</time>
    <extensions>
     <gpxdata:hr>136</gpxdata:hr>
     <gpxdata:distance>5252.00</gpxdata:distance>
     <gpxdata:speed>1.439</gpxdata:speed>
    </extensions>
   </trkpt>
   <trkpt lat="-21.5734638" lon="-64.7405572">
    <ele>1919</ele>
    <time>2026-03-15T21:12:05Z</time>
    <extensions>
     <gpxdata:hr>136</gpxdata:hr>
     <gpxdata:distance>5253.50</gpxdata:distance>
     <gpxdata:speed>1.475</gpxdata:speed>
    </extensions>
   </trkpt>
   <trkpt lat="-21.5734762" lon="-64.7405656">
    <ele>1919</ele>
    <time>2026-03-15T21:12:06Z</time>
    <extensions>
     <gpxdata:hr>137</gpxdata:hr>
     <gpxdata:distance>5255.00</gpxdata:distance>
     <gpxdata:speed>1.689</gpxdata:speed>
    </extensions>
   </trkpt>
   <trkpt lat="-21.5734883" lon="-64.7405742">
    <ele>1920</ele>
    <time>2026-03-15T21:12:07Z</time>
    <extensions>
     <gpxdata:hr>136</gpxdata:hr>
     <gpxdata:distance>5257.00</gpxdata:distance>
     <gpxdata:speed>1.639</gpxdata:speed>
    </extensions>
   </trkpt>
   <trkpt lat="-21.5735006" lon="-64.7405832">
    <ele>1920</ele>
    <time>2026-03-15T21:12:08Z</time>
    <extensions>
     <gpxdata:hr>135</gpxdata:hr>
     <gpxdata:distance>5259.00</gpxdata:distance>
     <gpxdata:speed>1.686</gpxdata:speed>
    </extensions>
   </trkpt>
   <trkpt lat="-21.5735132" lon="-64.7405925">
    <ele>1920</ele>
    <time>2026-03-15T21:12:09Z</time>
    <extensions>
     <gpxdata:hr>135</gpxdata:hr>
     <gpxdata:distance>5260.50</gpxdata:distance>
     <gpxdata:speed>1.739</gpxdata:speed>
    </extensions>
   </trkpt>
   <trkpt lat="-21.5735256" lon="-64.7406017">
    <ele>1920</ele>
    <time>2026-03-15T21:12:10Z</time>
    <extensions>
     <gpxdata:hr>135</gpxdata:hr>
     <gpxdata:distance>5262.00</gpxdata:distance>
     <gpxdata:speed>1.689</gpxdata:speed>
    </extensions>
   </trkpt>
   <trkpt lat="-21.5735386" lon="-64.7406103">
    <ele>1920</ele>
    <time>2026-03-15T21:12:11Z</time>
    <extensions>
     <gpxdata:hr>134</gpxdata:hr>
     <gpxdata:distance>5263.50</gpxdata:distance>
     <gpxdata:speed>1.708</gpxdata:speed>
    </extensions>
   </trkpt>
   <trkpt lat="-21.5735518" lon="-64.7406179">
    <ele>1920</ele>
    <time>2026-03-15T21:12:12Z</time>
    <extensions>
     <gpxdata:hr>134</gpxdata:hr>
     <gpxdata:distance>5265.00</gpxdata:distance>
     <gpxdata:speed>1.661</gpxdata:speed>
    </extensions>
   </trkpt>
   <trkpt lat="-21.5735654" lon="-64.7406250">
    <ele>1920</ele>
    <time>2026-03-15T21:12:13Z</time>
    <extensions>
     <gpxdata:hr>134</gpxdata:hr>
     <gpxdata:distance>5267.00</gpxdata:distance>
     <gpxdata:speed>1.703</gpxdata:speed>
    </extensions>
   </trkpt>
   <trkpt lat="-21.5735788" lon="-64.7406319">
    <ele>1920</ele>
    <time>2026-03-15T21:12:14Z</time>
    <extensions>
     <gpxdata:hr>135</gpxdata:hr>
     <gpxdata:distance>5269.00</gpxdata:distance>
     <gpxdata:speed>1.631</gpxdata:speed>
    </extensions>
   </trkpt>
   <trkpt lat="-21.5735912" lon="-64.7406391">
    <ele>1920</ele>
    <time>2026-03-15T21:12:15Z</time>
    <extensions>
     <gpxdata:hr>136</gpxdata:hr>
     <gpxdata:distance>5270.50</gpxdata:distance>
     <gpxdata:speed>1.525</gpxdata:speed>
    </extensions>
   </trkpt>
   <trkpt lat="-21.5736040" lon="-64.7406473">
    <ele>1920</ele>
    <time>2026-03-15T21:12:16Z</time>
    <extensions>
     <gpxdata:hr>136</gpxdata:hr>
     <gpxdata:distance>5272.00</gpxdata:distance>
     <gpxdata:speed>1.686</gpxdata:speed>
    </extensions>
   </trkpt>
   <trkpt lat="-21.5736171" lon="-64.7406560">
    <ele>1920</ele>
    <time>2026-03-15T21:12:17Z</time>
    <extensions>
     <gpxdata:hr>137</gpxdata:hr>
     <gpxdata:distance>5273.50</gpxdata:distance>
     <gpxdata:speed>1.736</gpxdata:speed>
    </extensions>
   </trkpt>
   <trkpt lat="-21.5736302" lon="-64.7406642">
    <ele>1921</ele>
    <time>2026-03-15T21:12:18Z</time>
    <extensions>
     <gpxdata:hr>137</gpxdata:hr>
     <gpxdata:distance>5275.00</gpxdata:distance>
     <gpxdata:speed>1.711</gpxdata:speed>
    </extensions>
   </trkpt>
   <trkpt lat="-21.5736442" lon="-64.7406727">
    <ele>1921</ele>
    <time>2026-03-15T21:12:19Z</time>
    <extensions>
     <gpxdata:hr>137</gpxdata:hr>
     <gpxdata:distance>5277.00</gpxdata:distance>
     <gpxdata:speed>1.847</gpxdata:speed>
    </extensions>
   </trkpt>
   <trkpt lat="-21.5736572" lon="-64.7406813">
    <ele>1921</ele>
    <time>2026-03-15T21:12:20Z</time>
    <extensions>
     <gpxdata:hr>137</gpxdata:hr>
     <gpxdata:distance>5279.00</gpxdata:distance>
     <gpxdata:speed>1.669</gpxdata:speed>
    </extensions>
   </trkpt>
   <trkpt lat="-21.5736699" lon="-64.7406898">
    <ele>1921</ele>
    <time>2026-03-15T21:12:21Z</time>
    <extensions>
     <gpxdata:hr>137</gpxdata:hr>
     <gpxdata:distance>5280.50</gpxdata:distance>
     <gpxdata:speed>1.642</gpxdata:speed>
    </extensions>
   </trkpt>
   <trkpt lat="-21.5736823" lon="-64.7406982">
    <ele>1921</ele>
    <time>2026-03-15T21:12:22Z</time>
    <extensions>
     <gpxdata:hr>138</gpxdata:hr>
     <gpxdata:distance>5282.00</gpxdata:distance>
     <gpxdata:speed>1.606</gpxdata:speed>
    </extensions>
   </trkpt>
   <trkpt lat="-21.5736953" lon="-64.7407063">
    <ele>1921</ele>
    <time>2026-03-15T21:12:23Z</time>
    <extensions>
     <gpxdata:hr>138</gpxdata:hr>
     <gpxdata:distance>5283.50</gpxdata:distance>
     <gpxdata:speed>1.661</gpxdata:speed>
    </extensions>
   </trkpt>
   <trkpt lat="-21.5737077" lon="-64.7407135">
    <ele>1921</ele>
    <time>2026-03-15T21:12:24Z</time>
    <extensions>
     <gpxdata:hr>139</gpxdata:hr>
     <gpxdata:distance>5285.00</gpxdata:distance>
     <gpxdata:speed>1.522</gpxdata:speed>
    </extensions>
   </trkpt>
   <trkpt lat="-21.5737209" lon="-64.7407208">
    <ele>1922</ele>
    <time>2026-03-15T21:12:25Z</time>
    <extensions>
     <gpxdata:hr>140</gpxdata:hr>
     <gpxdata:distance>5286.50</gpxdata:distance>
     <gpxdata:speed>1.669</gpxdata:speed>
    </extensions>
   </trkpt>
   <trkpt lat="-21.5737336" lon="-64.7407276">
    <ele>1922</ele>
    <time>2026-03-15T21:12:26Z</time>
    <extensions>
     <gpxdata:hr>140</gpxdata:hr>
     <gpxdata:distance>5288.00</gpxdata:distance>
     <gpxdata:speed>1.550</gpxdata:speed>
    </extensions>
   </trkpt>
   <trkpt lat="-21.5737460" lon="-64.7407342">
    <ele>1922</ele>
    <time>2026-03-15T21:12:27Z</time>
    <extensions>
     <gpxdata:hr>141</gpxdata:hr>
     <gpxdata:distance>5290.00</gpxdata:distance>
     <gpxdata:speed>1.492</gpxdata:speed>
    </extensions>
   </trkpt>
   <trkpt lat="-21.5737588" lon="-64.7407412">
    <ele>1922</ele>
    <time>2026-03-15T21:12:28Z</time>
    <extensions>
     <gpxdata:hr>141</gpxdata:hr>
     <gpxdata:distance>5292.00</gpxdata:distance>
     <gpxdata:speed>1.614</gpxdata:speed>
    </extensions>
   </trkpt>
   <trkpt lat="-21.5737719" lon="-64.7407478">
    <ele>1922</ele>
    <time>2026-03-15T21:12:29Z</time>
    <extensions>
     <gpxdata:hr>142</gpxdata:hr>
     <gpxdata:distance>5293.50</gpxdata:distance>
     <gpxdata:speed>1.625</gpxdata:speed>
    </extensions>
   </trkpt>
   <trkpt lat="-21.5737855" lon="-64.7407533">
    <ele>1922</ele>
    <time>2026-03-15T21:12:30Z</time>
    <extensions>
     <gpxdata:hr>142</gpxdata:hr>
     <gpxdata:distance>5295.00</gpxdata:distance>
     <gpxdata:speed>1.628</gpxdata:speed>
    </extensions>
   </trkpt>
   <trkpt lat="-21.5737999" lon="-64.7407579">
    <ele>1922</ele>
    <time>2026-03-15T21:12:31Z</time>
    <extensions>
     <gpxdata:hr>143</gpxdata:hr>
     <gpxdata:distance>5296.50</gpxdata:distance>
     <gpxdata:speed>1.725</gpxdata:speed>
    </extensions>
   </trkpt>
   <trkpt lat="-21.5738147" lon="-64.7407616">
    <ele>1922</ele>
    <time>2026-03-15T21:12:32Z</time>
    <extensions>
     <gpxdata:hr>143</gpxdata:hr>
     <gpxdata:distance>5298.00</gpxdata:distance>
     <gpxdata:speed>1.731</gpxdata:speed>
    </extensions>
   </trkpt>
   <trkpt lat="-21.5738292" lon="-64.7407655">
    <ele>1922</ele>
    <time>2026-03-15T21:12:33Z</time>
    <extensions>
     <gpxdata:hr>145</gpxdata:hr>
     <gpxdata:distance>5300.00</gpxdata:distance>
     <gpxdata:speed>1.669</gpxdata:speed>
    </extensions>
   </trkpt>
   <trkpt lat="-21.5738441" lon="-64.7407696">
    <ele>1922</ele>
    <time>2026-03-15T21:12:34Z</time>
    <extensions>
     <gpxdata:hr>145</gpxdata:hr>
     <gpxdata:distance>5302.00</gpxdata:distance>
     <gpxdata:speed>1.744</gpxdata:speed>
    </extensions>
   </trkpt>
   <trkpt lat="-21.5738584" lon="-64.7407733">
    <ele>1922</ele>
    <time>2026-03-15T21:12:35Z</time>
    <extensions>
     <gpxdata:hr>144</gpxdata:hr>
     <gpxdata:distance>5303.50</gpxdata:distance>
     <gpxdata:speed>1.611</gpxdata:speed>
    </extensions>
   </trkpt>
   <trkpt lat="-21.5738723" lon="-64.7407768">
    <ele>1922</ele>
    <time>2026-03-15T21:12:36Z</time>
    <extensions>
     <gpxdata:hr>143</gpxdata:hr>
     <gpxdata:distance>5305.00</gpxdata:distance>
     <gpxdata:speed>1.544</gpxdata:speed>
    </extensions>
   </trkpt>
   <trkpt lat="-21.5738867" lon="-64.7407802">
    <ele>1923</ele>
    <time>2026-03-15T21:12:37Z</time>
    <extensions>
     <gpxdata:hr>142</gpxdata:hr>
     <gpxdata:distance>5307.00</gpxdata:distance>
     <gpxdata:speed>1.650</gpxdata:speed>
    </extensions>
   </trkpt>
   <trkpt lat="-21.5739018" lon="-64.7407839">
    <ele>1923</ele>
    <time>2026-03-15T21:12:38Z</time>
    <extensions>
     <gpxdata:hr>142</gpxdata:hr>
     <gpxdata:distance>5309.00</gpxdata:distance>
     <gpxdata:speed>1.769</gpxdata:speed>
    </extensions>
   </trkpt>
   <trkpt lat="-21.5739163" lon="-64.7407884">
    <ele>1923</ele>
    <time>2026-03-15T21:12:39Z</time>
    <extensions>
     <gpxdata:hr>143</gpxdata:hr>
     <gpxdata:distance>5310.50</gpxdata:distance>
     <gpxdata:speed>1.683</gpxdata:speed>
    </extensions>
   </trkpt>
   <trkpt lat="-21.5739300" lon="-64.7407943">
    <ele>1923</ele>
    <time>2026-03-15T21:12:40Z</time>
    <extensions>
     <gpxdata:hr>143</gpxdata:hr>
     <gpxdata:distance>5312.00</gpxdata:distance>
     <gpxdata:speed>1.636</gpxdata:speed>
    </extensions>
   </trkpt>
   <trkpt lat="-21.5739434" lon="-64.7408012">
    <ele>1923</ele>
    <time>2026-03-15T21:12:41Z</time>
    <extensions>
     <gpxdata:hr>142</gpxdata:hr>
     <gpxdata:distance>5313.50</gpxdata:distance>
     <gpxdata:speed>1.658</gpxdata:speed>
    </extensions>
   </trkpt>
   <trkpt lat="-21.5739566" lon="-64.7408083">
    <ele>1924</ele>
    <time>2026-03-15T21:12:42Z</time>
    <extensions>
     <gpxdata:hr>142</gpxdata:hr>
     <gpxdata:distance>5315.00</gpxdata:distance>
     <gpxdata:speed>1.653</gpxdata:speed>
    </extensions>
   </trkpt>
   <trkpt lat="-21.5739703" lon="-64.7408160">
    <ele>1924</ele>
    <time>2026-03-15T21:12:43Z</time>
    <extensions>
     <gpxdata:hr>141</gpxdata:hr>
     <gpxdata:distance>5316.50</gpxdata:distance>
     <gpxdata:speed>1.761</gpxdata:speed>
    </extensions>
   </trkpt>
   <trkpt lat="-21.5739833" lon="-64.7408233">
    <ele>1924</ele>
    <time>2026-03-15T21:12:44Z</time>
    <extensions>
     <gpxdata:hr>141</gpxdata:hr>
     <gpxdata:distance>5318.00</gpxdata:distance>
     <gpxdata:speed>1.597</gpxdata:speed>
    </extensions>
   </trkpt>
   <trkpt lat="-21.5739965" lon="-64.7408307">
    <ele>1924</ele>
    <time>2026-03-15T21:12:45Z</time>
    <extensions>
     <gpxdata:hr>141</gpxdata:hr>
     <gpxdata:distance>5320.00</gpxdata:distance>
     <gpxdata:speed>1.656</gpxdata:speed>
    </extensions>
   </trkpt>
   <trkpt lat="-21.5740105" lon="-64.7408383">
    <ele>1924</ele>
    <time>2026-03-15T21:12:46Z</time>
    <extensions>
     <gpxdata:hr>142</gpxdata:hr>
     <gpxdata:distance>5322.00</gpxdata:distance>
     <gpxdata:speed>1.808</gpxdata:speed>
    </extensions>
   </trkpt>
   <trkpt lat="-21.5740243" lon="-64.7408450">
    <ele>1924</ele>
    <time>2026-03-15T21:12:47Z</time>
    <extensions>
     <gpxdata:hr>144</gpxdata:hr>
     <gpxdata:distance>5323.50</gpxdata:distance>
     <gpxdata:speed>1.678</gpxdata:speed>
    </extensions>
   </trkpt>
   <trkpt lat="-21.5740379" lon="-64.7408511">
    <ele>1924</ele>
    <time>2026-03-15T21:12:48Z</time>
    <extensions>
     <gpxdata:hr>145</gpxdata:hr>
     <gpxdata:distance>5325.00</gpxdata:distance>
     <gpxdata:speed>1.606</gpxdata:speed>
    </extensions>
   </trkpt>
   <trkpt lat="-21.5740514" lon="-64.7408564">
    <ele>1924</ele>
    <time>2026-03-15T21:12:49Z</time>
    <extensions>
     <gpxdata:hr>145</gpxdata:hr>
     <gpxdata:distance>5326.50</gpxdata:distance>
     <gpxdata:speed>1.556</gpxdata:speed>
    </extensions>
   </trkpt>
   <trkpt lat="-21.5740652" lon="-64.7408606">
    <ele>1924</ele>
    <time>2026-03-15T21:12:50Z</time>
    <extensions>
     <gpxdata:hr>145</gpxdata:hr>
     <gpxdata:distance>5328.00</gpxdata:distance>
     <gpxdata:speed>1.581</gpxdata:speed>
    </extensions>
   </trkpt>
   <trkpt lat="-21.5740797" lon="-64.7408641">
    <ele>1924</ele>
    <time>2026-03-15T21:12:51Z</time>
    <extensions>
     <gpxdata:hr>145</gpxdata:hr>
     <gpxdata:distance>5330.00</gpxdata:distance>
     <gpxdata:speed>1.689</gpxdata:speed>
    </extensions>
   </trkpt>
   <trkpt lat="-21.5740956" lon="-64.7408673">
    <ele>1924</ele>
    <time>2026-03-15T21:12:52Z</time>
    <extensions>
     <gpxdata:hr>145</gpxdata:hr>
     <gpxdata:distance>5332.00</gpxdata:distance>
     <gpxdata:speed>1.914</gpxdata:speed>
    </extensions>
   </trkpt>
   <trkpt lat="-21.5741106" lon="-64.7408708">
    <ele>1925</ele>
    <time>2026-03-15T21:12:53Z</time>
    <extensions>
     <gpxdata:hr>145</gpxdata:hr>
     <gpxdata:distance>5333.50</gpxdata:distance>
     <gpxdata:speed>1.714</gpxdata:speed>
    </extensions>
   </trkpt>
   <trkpt lat="-21.5741254" lon="-64.7408748">
    <ele>1925</ele>
    <time>2026-03-15T21:12:54Z</time>
    <extensions>
     <gpxdata:hr>145</gpxdata:hr>
     <gpxdata:distance>5335.00</gpxdata:distance>
     <gpxdata:speed>1.675</gpxdata:speed>
    </extensions>
   </trkpt>
   <trkpt lat="-21.5741400" lon="-64.7408788">
    <ele>1925</ele>
    <time>2026-03-15T21:12:55Z</time>
    <extensions>
     <gpxdata:hr>145</gpxdata:hr>
     <gpxdata:distance>5336.50</gpxdata:distance>
     <gpxdata:speed>1.675</gpxdata:speed>
    </extensions>
   </trkpt>
   <trkpt lat="-21.5741548" lon="-64.7408823">
    <ele>1925</ele>
    <time>2026-03-15T21:12:56Z</time>
    <extensions>
     <gpxdata:hr>145</gpxdata:hr>
     <gpxdata:distance>5338.00</gpxdata:distance>
     <gpxdata:speed>1.672</gpxdata:speed>
    </extensions>
   </trkpt>
   <trkpt lat="-21.5741700" lon="-64.7408856">
    <ele>1925</ele>
    <time>2026-03-15T21:12:57Z</time>
    <extensions>
     <gpxdata:hr>146</gpxdata:hr>
     <gpxdata:distance>5340.00</gpxdata:distance>
     <gpxdata:speed>1.750</gpxdata:speed>
    </extensions>
   </trkpt>
   <trkpt lat="-21.5741853" lon="-64.7408888">
    <ele>1925</ele>
    <time>2026-03-15T21:12:58Z</time>
    <extensions>
     <gpxdata:hr>146</gpxdata:hr>
     <gpxdata:distance>5342.00</gpxdata:distance>
     <gpxdata:speed>1.753</gpxdata:speed>
    </extensions>
   </trkpt>
   <trkpt lat="-21.5742009" lon="-64.7408925">
    <ele>1925</ele>
    <time>2026-03-15T21:12:59Z</time>
    <extensions>
     <gpxdata:hr>146</gpxdata:hr>
     <gpxdata:distance>5344.00</gpxdata:distance>
     <gpxdata:speed>1.811</gpxdata:speed>
    </extensions>
   </trkpt>
   <trkpt lat="-21.5742165" lon="-64.7408962">
    <ele>1925</ele>
    <time>2026-03-15T21:13:00Z</time>
    <extensions>
     <gpxdata:hr>147</gpxdata:hr>
     <gpxdata:distance>5346.00</gpxdata:distance>
     <gpxdata:speed>1.786</gpxdata:speed>
    </extensions>
   </trkpt>
   <trkpt lat="-21.5742315" lon="-64.7408990">
    <ele>1926</ele>
    <time>2026-03-15T21:13:01Z</time>
    <extensions>
     <gpxdata:hr>147</gpxdata:hr>
     <gpxdata:distance>5347.50</gpxdata:distance>
     <gpxdata:speed>1.667</gpxdata:speed>
    </extensions>
   </trkpt>
   <trkpt lat="-21.5742464" lon="-64.7409018">
    <ele>1926</ele>
    <time>2026-03-15T21:13:02Z</time>
    <extensions>
     <gpxdata:hr>147</gpxdata:hr>
     <gpxdata:distance>5349.00</gpxdata:distance>
     <gpxdata:speed>1.650</gpxdata:speed>
    </extensions>
   </trkpt>
   <trkpt lat="-21.5742620" lon="-64.7409050">
    <ele>1926</ele>
    <time>2026-03-15T21:13:03Z</time>
    <extensions>
     <gpxdata:hr>147</gpxdata:hr>
     <gpxdata:distance>5350.50</gpxdata:distance>
     <gpxdata:speed>1.803</gpxdata:speed>
    </extensions>
   </trkpt>
   <trkpt lat="-21.5742770" lon="-64.7409084">
    <ele>1926</ele>
    <time>2026-03-15T21:13:04Z</time>
    <extensions>
     <gpxdata:hr>147</gpxdata:hr>
     <gpxdata:distance>5352.00</gpxdata:distance>
     <gpxdata:speed>1.681</gpxdata:speed>
    </extensions>
   </trkpt>
   <trkpt lat="-21.5742921" lon="-64.7409118">
    <ele>1926</ele>
    <time>2026-03-15T21:13:05Z</time>
    <extensions>
     <gpxdata:hr>147</gpxdata:hr>
     <gpxdata:distance>5354.00</gpxdata:distance>
     <gpxdata:speed>1.719</gpxdata:speed>
    </extensions>
   </trkpt>
   <trkpt lat="-21.5743065" lon="-64.7409156">
    <ele>1926</ele>
    <time>2026-03-15T21:13:06Z</time>
    <extensions>
     <gpxdata:hr>147</gpxdata:hr>
     <gpxdata:distance>5356.00</gpxdata:distance>
     <gpxdata:speed>1.611</gpxdata:speed>
    </extensions>
   </trkpt>
   <trkpt lat="-21.5743212" lon="-64.7409197">
    <ele>1926</ele>
    <time>2026-03-15T21:13:07Z</time>
    <extensions>
     <gpxdata:hr>147</gpxdata:hr>
     <gpxdata:distance>5357.50</gpxdata:distance>
     <gpxdata:speed>1.697</gpxdata:speed>
    </extensions>
   </trkpt>
   <trkpt lat="-21.5743364" lon="-64.7409242">
    <ele>1926</ele>
    <time>2026-03-15T21:13:08Z</time>
    <extensions>
     <gpxdata:hr>146</gpxdata:hr>
     <gpxdata:distance>5359.00</gpxdata:distance>
     <gpxdata:speed>1.797</gpxdata:speed>
    </extensions>
   </trkpt>
   <trkpt lat="-21.5743514" lon="-64.7409288">
    <ele>1926</ele>
    <time>2026-03-15T21:13:09Z</time>
    <extensions>
     <gpxdata:hr>145</gpxdata:hr>
     <gpxdata:distance>5361.00</gpxdata:distance>
     <gpxdata:speed>1.744</gpxdata:speed>
    </extensions>
   </trkpt>
   <trkpt lat="-21.5743663" lon="-64.7409336">
    <ele>1926</ele>
    <time>2026-03-15T21:13:10Z</time>
    <extensions>
     <gpxdata:hr>145</gpxdata:hr>
     <gpxdata:distance>5363.00</gpxdata:distance>
     <gpxdata:speed>1.731</gpxdata:speed>
    </extensions>
   </trkpt>
   <trkpt lat="-21.5743816" lon="-64.7409384">
    <ele>1926</ele>
    <time>2026-03-15T21:13:11Z</time>
    <extensions>
     <gpxdata:hr>144</gpxdata:hr>
     <gpxdata:distance>5364.50</gpxdata:distance>
     <gpxdata:speed>1.794</gpxdata:speed>
    </extensions>
   </trkpt>
   <trkpt lat="-21.5743969" lon="-64.7409433">
    <ele>1926</ele>
    <time>2026-03-15T21:13:12Z</time>
    <extensions>
     <gpxdata:hr>144</gpxdata:hr>
     <gpxdata:distance>5366.00</gpxdata:distance>
     <gpxdata:speed>1.792</gpxdata:speed>
    </extensions>
   </trkpt>
   <trkpt lat="-21.5744121" lon="-64.7409478">
    <ele>1927</ele>
    <time>2026-03-15T21:13:13Z</time>
    <extensions>
     <gpxdata:hr>144</gpxdata:hr>
     <gpxdata:distance>5368.00</gpxdata:distance>
     <gpxdata:speed>1.758</gpxdata:speed>
    </extensions>
   </trkpt>
   <trkpt lat="-21.5744284" lon="-64.7409524">
    <ele>1927</ele>
    <time>2026-03-15T21:13:14Z</time>
    <extensions>
     <gpxdata:hr>144</gpxdata:hr>
     <gpxdata:distance>5370.00</gpxdata:distance>
     <gpxdata:speed>1.936</gpxdata:speed>
    </extensions>
   </trkpt>
   <trkpt lat="-21.5744447" lon="-64.7409563">
    <ele>1927</ele>
    <time>2026-03-15T21:13:15Z</time>
    <extensions>
     <gpxdata:hr>144</gpxdata:hr>
     <gpxdata:distance>5372.00</gpxdata:distance>
     <gpxdata:speed>1.886</gpxdata:speed>
    </extensions>
   </trkpt>
   <trkpt lat="-21.5744607" lon="-64.7409595">
    <ele>1927</ele>
    <time>2026-03-15T21:13:16Z</time>
    <extensions>
     <gpxdata:hr>145</gpxdata:hr>
     <gpxdata:distance>5374.00</gpxdata:distance>
     <gpxdata:speed>1.800</gpxdata:speed>
    </extensions>
   </trkpt>
   <trkpt lat="-21.5744775" lon="-64.7409626">
    <ele>1927</ele>
    <time>2026-03-15T21:13:17Z</time>
    <extensions>
     <gpxdata:hr>145</gpxdata:hr>
     <gpxdata:distance>5375.50</gpxdata:distance>
     <gpxdata:speed>1.939</gpxdata:speed>
    </extensions>
   </trkpt>
   <trkpt lat="-21.5744930" lon="-64.7409657">
    <ele>1927</ele>
    <time>2026-03-15T21:13:18Z</time>
    <extensions>
     <gpxdata:hr>144</gpxdata:hr>
     <gpxdata:distance>5377.00</gpxdata:distance>
     <gpxdata:speed>1.694</gpxdata:speed>
    </extensions>
   </trkpt>
   <trkpt lat="-21.5745080" lon="-64.7409689">
    <ele>1927</ele>
    <time>2026-03-15T21:13:19Z</time>
    <extensions>
     <gpxdata:hr>144</gpxdata:hr>
     <gpxdata:distance>5379.00</gpxdata:distance>
     <gpxdata:speed>1.639</gpxdata:speed>
    </extensions>
   </trkpt>
   <trkpt lat="-21.5745236" lon="-64.7409725">
    <ele>1927</ele>
    <time>2026-03-15T21:13:20Z</time>
    <extensions>
     <gpxdata:hr>144</gpxdata:hr>
     <gpxdata:distance>5381.00</gpxdata:distance>
     <gpxdata:speed>1.792</gpxdata:speed>
    </extensions>
   </trkpt>
   <trkpt lat="-21.5745401" lon="-64.7409769">
    <ele>1927</ele>
    <time>2026-03-15T21:13:21Z</time>
    <extensions>
     <gpxdata:hr>144</gpxdata:hr>
     <gpxdata:distance>5383.00</gpxdata:distance>
     <gpxdata:speed>1.953</gpxdata:speed>
    </extensions>
   </trkpt>
   <trkpt lat="-21.5745568" lon="-64.7409817">
    <ele>1927</ele>
    <time>2026-03-15T21:13:22Z</time>
    <extensions>
     <gpxdata:hr>144</gpxdata:hr>
     <gpxdata:distance>5385.00</gpxdata:distance>
     <gpxdata:speed>1.986</gpxdata:speed>
    </extensions>
   </trkpt>
   <trkpt lat="-21.5745728" lon="-64.7409870">
    <ele>1927</ele>
    <time>2026-03-15T21:13:23Z</time>
    <extensions>
     <gpxdata:hr>144</gpxdata:hr>
     <gpxdata:distance>5386.50</gpxdata:distance>
     <gpxdata:speed>1.864</gpxdata:speed>
    </extensions>
   </trkpt>
   <trkpt lat="-21.5745876" lon="-64.7409923">
    <ele>1927</ele>
    <time>2026-03-15T21:13:24Z</time>
    <extensions>
     <gpxdata:hr>144</gpxdata:hr>
     <gpxdata:distance>5388.00</gpxdata:distance>
     <gpxdata:speed>1.672</gpxdata:speed>
    </extensions>
   </trkpt>
   <trkpt lat="-21.5746022" lon="-64.7409972">
    <ele>1928</ele>
    <time>2026-03-15T21:13:25Z</time>
    <extensions>
     <gpxdata:hr>144</gpxdata:hr>
     <gpxdata:distance>5390.00</gpxdata:distance>
     <gpxdata:speed>1.631</gpxdata:speed>
    </extensions>
   </trkpt>
   <trkpt lat="-21.5746179" lon="-64.7410020">
    <ele>1928</ele>
    <time>2026-03-15T21:13:26Z</time>
    <extensions>
     <gpxdata:hr>144</gpxdata:hr>
     <gpxdata:distance>5392.00</gpxdata:distance>
     <gpxdata:speed>1.850</gpxdata:speed>
    </extensions>
   </trkpt>
   <trkpt lat="-21.5746330" lon="-64.7410060">
    <ele>1928</ele>
    <time>2026-03-15T21:13:27Z</time>
    <extensions>
     <gpxdata:hr>144</gpxdata:hr>
     <gpxdata:distance>5393.50</gpxdata:distance>
     <gpxdata:speed>1.711</gpxdata:speed>
    </extensions>
   </trkpt>
   <trkpt lat="-21.5746480" lon="-64.7410097">
    <ele>1928</ele>
    <time>2026-03-15T21:13:28Z</time>
    <extensions>
     <gpxdata:hr>145</gpxdata:hr>
     <gpxdata:distance>5395.00</gpxdata:distance>
     <gpxdata:speed>1.672</gpxdata:speed>
    </extensions>
   </trkpt>
   <trkpt lat="-21.5746629" lon="-64.7410133">
    <ele>1928</ele>
    <time>2026-03-15T21:13:29Z</time>
    <extensions>
     <gpxdata:hr>145</gpxdata:hr>
     <gpxdata:distance>5397.00</gpxdata:distance>
     <gpxdata:speed>1.675</gpxdata:speed>
    </extensions>
   </trkpt>
   <trkpt lat="-21.5746781" lon="-64.7410171">
    <ele>1928</ele>
    <time>2026-03-15T21:13:30Z</time>
    <extensions>
     <gpxdata:hr>145</gpxdata:hr>
     <gpxdata:distance>5399.00</gpxdata:distance>
     <gpxdata:speed>1.764</gpxdata:speed>
    </extensions>
   </trkpt>
   <trkpt lat="-21.5746935" lon="-64.7410209">
    <ele>1928</ele>
    <time>2026-03-15T21:13:31Z</time>
    <extensions>
     <gpxdata:hr>145</gpxdata:hr>
     <gpxdata:distance>5400.50</gpxdata:distance>
     <gpxdata:speed>1.764</gpxdata:speed>
    </extensions>
   </trkpt>
   <trkpt lat="-21.5747088" lon="-64.7410250">
    <ele>1928</ele>
    <time>2026-03-15T21:13:32Z</time>
    <extensions>
     <gpxdata:hr>145</gpxdata:hr>
     <gpxdata:distance>5402.00</gpxdata:distance>
     <gpxdata:speed>1.758</gpxdata:speed>
    </extensions>
   </trkpt>
   <trkpt lat="-21.5747243" lon="-64.7410293">
    <ele>1928</ele>
    <time>2026-03-15T21:13:33Z</time>
    <extensions>
     <gpxdata:hr>145</gpxdata:hr>
     <gpxdata:distance>5404.00</gpxdata:distance>
     <gpxdata:speed>1.817</gpxdata:speed>
    </extensions>
   </trkpt>
   <trkpt lat="-21.5747402" lon="-64.7410335">
    <ele>1928</ele>
    <time>2026-03-15T21:13:34Z</time>
    <extensions>
     <gpxdata:hr>145</gpxdata:hr>
     <gpxdata:distance>5406.00</gpxdata:distance>
     <gpxdata:speed>1.850</gpxdata:speed>
    </extensions>
   </trkpt>
   <trkpt lat="-21.5747571" lon="-64.7410375">
    <ele>1928</ele>
    <time>2026-03-15T21:13:35Z</time>
    <extensions>
     <gpxdata:hr>145</gpxdata:hr>
     <gpxdata:distance>5408.00</gpxdata:distance>
     <gpxdata:speed>2.000</gpxdata:speed>
    </extensions>
   </trkpt>
   <trkpt lat="-21.5747789" lon="-64.7410426">
    <ele>1928</ele>
    <time>2026-03-15T21:13:36Z</time>
    <extensions>
     <gpxdata:hr>145</gpxdata:hr>
     <gpxdata:distance>5410.00</gpxdata:distance>
     <gpxdata:speed>1.806</gpxdata:speed>
    </extensions>
   </trkpt>
   <trkpt lat="-21.5747920" lon="-64.7410455">
    <ele>1929</ele>
    <time>2026-03-15T21:13:37Z</time>
    <extensions>
     <gpxdata:hr>145</gpxdata:hr>
     <gpxdata:distance>5411.50</gpxdata:distance>
     <gpxdata:speed>1.786</gpxdata:speed>
    </extensions>
   </trkpt>
   <trkpt lat="-21.5748065" lon="-64.7410483">
    <ele>1929</ele>
    <time>2026-03-15T21:13:38Z</time>
    <extensions>
     <gpxdata:hr>145</gpxdata:hr>
     <gpxdata:distance>5413.00</gpxdata:distance>
     <gpxdata:speed>1.803</gpxdata:speed>
    </extensions>
   </trkpt>
   <trkpt lat="-21.5748216" lon="-64.7410515">
    <ele>1929</ele>
    <time>2026-03-15T21:13:39Z</time>
    <extensions>
     <gpxdata:hr>145</gpxdata:hr>
     <gpxdata:distance>5415.00</gpxdata:distance>
     <gpxdata:speed>1.783</gpxdata:speed>
    </extensions>
   </trkpt>
   <trkpt lat="-21.5748372" lon="-64.7410557">
    <ele>1929</ele>
    <time>2026-03-15T21:13:40Z</time>
    <extensions>
     <gpxdata:hr>143</gpxdata:hr>
     <gpxdata:distance>5417.00</gpxdata:distance>
     <gpxdata:speed>1.844</gpxdata:speed>
    </extensions>
   </trkpt>
   <trkpt lat="-21.5748532" lon="-64.7410607">
    <ele>1929</ele>
    <time>2026-03-15T21:13:41Z</time>
    <extensions>
     <gpxdata:hr>143</gpxdata:hr>
     <gpxdata:distance>5418.50</gpxdata:distance>
     <gpxdata:speed>1.908</gpxdata:speed>
    </extensions>
   </trkpt>
   <trkpt lat="-21.5748683" lon="-64.7410658">
    <ele>1929</ele>
    <time>2026-03-15T21:13:42Z</time>
    <extensions>
     <gpxdata:hr>143</gpxdata:hr>
     <gpxdata:distance>5420.00</gpxdata:distance>
     <gpxdata:speed>1.742</gpxdata:speed>
    </extensions>
   </trkpt>
   <trkpt lat="-21.5748839" lon="-64.7410710">
    <ele>1929</ele>
    <time>2026-03-15T21:13:43Z</time>
    <extensions>
     <gpxdata:hr>143</gpxdata:hr>
     <gpxdata:distance>5422.00</gpxdata:distance>
     <gpxdata:speed>1.828</gpxdata:speed>
    </extensions>
   </trkpt>
   <trkpt lat="-21.5748995" lon="-64.7410758">
    <ele>1929</ele>
    <time>2026-03-15T21:13:44Z</time>
    <extensions>
     <gpxdata:hr>142</gpxdata:hr>
     <gpxdata:distance>5424.00</gpxdata:distance>
     <gpxdata:speed>1.806</gpxdata:speed>
    </extensions>
   </trkpt>
   <trkpt lat="-21.5749150" lon="-64.7410801">
    <ele>1929</ele>
    <time>2026-03-15T21:13:45Z</time>
    <extensions>
     <gpxdata:hr>142</gpxdata:hr>
     <gpxdata:distance>5426.00</gpxdata:distance>
     <gpxdata:speed>1.764</gpxdata:speed>
    </extensions>
   </trkpt>
   <trkpt lat="-21.5749311" lon="-64.7410841">
    <ele>1929</ele>
    <time>2026-03-15T21:13:46Z</time>
    <extensions>
     <gpxdata:hr>142</gpxdata:hr>
     <gpxdata:distance>5428.00</gpxdata:distance>
     <gpxdata:speed>1.858</gpxdata:speed>
    </extensions>
   </trkpt>
   <trkpt lat="-21.5749475" lon="-64.7410886">
    <ele>1929</ele>
    <time>2026-03-15T21:13:47Z</time>
    <extensions>
     <gpxdata:hr>142</gpxdata:hr>
     <gpxdata:distance>5430.00</gpxdata:distance>
     <gpxdata:speed>1.919</gpxdata:speed>
    </extensions>
   </trkpt>
   <trkpt lat="-21.5749640" lon="-64.7410937">
    <ele>1929</ele>
    <time>2026-03-15T21:13:48Z</time>
    <extensions>
     <gpxdata:hr>142</gpxdata:hr>
     <gpxdata:distance>5432.00</gpxdata:distance>
     <gpxdata:speed>1.953</gpxdata:speed>
    </extensions>
   </trkpt>
   <trkpt lat="-21.5749809" lon="-64.7410997">
    <ele>1929</ele>
    <time>2026-03-15T21:13:49Z</time>
    <extensions>
     <gpxdata:hr>142</gpxdata:hr>
     <gpxdata:distance>5434.00</gpxdata:distance>
     <gpxdata:speed>2.056</gpxdata:speed>
    </extensions>
   </trkpt>
   <trkpt lat="-21.5750025" lon="-64.7411090">
    <ele>1929</ele>
    <time>2026-03-15T21:13:50Z</time>
    <extensions>
     <gpxdata:hr>142</gpxdata:hr>
     <gpxdata:distance>5436.00</gpxdata:distance>
     <gpxdata:speed>1.892</gpxdata:speed>
    </extensions>
   </trkpt>
   <trkpt lat="-21.5750155" lon="-64.7411144">
    <ele>1929</ele>
    <time>2026-03-15T21:13:51Z</time>
    <extensions>
     <gpxdata:hr>142</gpxdata:hr>
     <gpxdata:distance>5437.50</gpxdata:distance>
     <gpxdata:speed>1.858</gpxdata:speed>
    </extensions>
   </trkpt>
   <trkpt lat="-21.5750296" lon="-64.7411203">
    <ele>1929</ele>
    <time>2026-03-15T21:13:52Z</time>
    <extensions>
     <gpxdata:hr>142</gpxdata:hr>
     <gpxdata:distance>5439.00</gpxdata:distance>
     <gpxdata:speed>1.833</gpxdata:speed>
    </extensions>
   </trkpt>
   <trkpt lat="-21.5750439" lon="-64.7411268">
    <ele>1929</ele>
    <time>2026-03-15T21:13:53Z</time>
    <extensions>
     <gpxdata:hr>142</gpxdata:hr>
     <gpxdata:distance>5441.00</gpxdata:distance>
     <gpxdata:speed>1.778</gpxdata:speed>
    </extensions>
   </trkpt>
   <trkpt lat="-21.5750584" lon="-64.7411340">
    <ele>1929</ele>
    <time>2026-03-15T21:13:54Z</time>
    <extensions>
     <gpxdata:hr>141</gpxdata:hr>
     <gpxdata:distance>5443.00</gpxdata:distance>
     <gpxdata:speed>1.803</gpxdata:speed>
    </extensions>
   </trkpt>
   <trkpt lat="-21.5750727" lon="-64.7411416">
    <ele>1929</ele>
    <time>2026-03-15T21:13:55Z</time>
    <extensions>
     <gpxdata:hr>140</gpxdata:hr>
     <gpxdata:distance>5444.50</gpxdata:distance>
     <gpxdata:speed>1.778</gpxdata:speed>
    </extensions>
   </trkpt>
   <trkpt lat="-21.5750871" lon="-64.7411491">
    <ele>1930</ele>
    <time>2026-03-15T21:13:56Z</time>
    <extensions>
     <gpxdata:hr>138</gpxdata:hr>
     <gpxdata:distance>5446.00</gpxdata:distance>
     <gpxdata:speed>1.781</gpxdata:speed>
    </extensions>
   </trkpt>
   <trkpt lat="-21.5751017" lon="-64.7411567">
    <ele>1930</ele>
    <time>2026-03-15T21:13:57Z</time>
    <extensions>
     <gpxdata:hr>137</gpxdata:hr>
     <gpxdata:distance>5448.00</gpxdata:distance>
     <gpxdata:speed>1.814</gpxdata:speed>
    </extensions>
   </trkpt>
   <trkpt lat="-21.5751165" lon="-64.7411638">
    <ele>1930</ele>
    <time>2026-03-15T21:13:58Z</time>
    <extensions>
     <gpxdata:hr>136</gpxdata:hr>
     <gpxdata:distance>5450.00</gpxdata:distance>
     <gpxdata:speed>1.794</gpxdata:speed>
    </extensions>
   </trkpt>
   <trkpt lat="-21.5751313" lon="-64.7411702">
    <ele>1930</ele>
    <time>2026-03-15T21:13:59Z</time>
    <extensions>
     <gpxdata:hr>134</gpxdata:hr>
     <gpxdata:distance>5451.50</gpxdata:distance>
     <gpxdata:speed>1.772</gpxdata:speed>
    </extensions>
   </trkpt>
   <trkpt lat="-21.5751458" lon="-64.7411769">
    <ele>1930</ele>
    <time>2026-03-15T21:14:00Z</time>
    <extensions>
     <gpxdata:hr>134</gpxdata:hr>
     <gpxdata:distance>5453.00</gpxdata:distance>
     <gpxdata:speed>1.739</gpxdata:speed>
    </extensions>
   </trkpt>
   <trkpt lat="-21.5751596" lon="-64.7411841">
    <ele>1930</ele>
    <time>2026-03-15T21:14:01Z</time>
    <extensions>
     <gpxdata:hr>133</gpxdata:hr>
     <gpxdata:distance>5455.00</gpxdata:distance>
     <gpxdata:speed>1.664</gpxdata:speed>
    </extensions>
   </trkpt>
   <trkpt lat="-21.5751731" lon="-64.7411920">
    <ele>1930</ele>
    <time>2026-03-15T21:14:02Z</time>
    <extensions>
     <gpxdata:hr>132</gpxdata:hr>
     <gpxdata:distance>5457.00</gpxdata:distance>
     <gpxdata:speed>1.694</gpxdata:speed>
    </extensions>
   </trkpt>
   <trkpt lat="-21.5751869" lon="-64.7412002">
    <ele>1930</ele>
    <time>2026-03-15T21:14:03Z</time>
    <extensions>
     <gpxdata:hr>132</gpxdata:hr>
     <gpxdata:distance>5458.50</gpxdata:distance>
     <gpxdata:speed>1.767</gpxdata:speed>
    </extensions>
   </trkpt>
   <trkpt lat="-21.5752002" lon="-64.7412082">
    <ele>1930</ele>
    <time>2026-03-15T21:14:04Z</time>
    <extensions>
     <gpxdata:hr>132</gpxdata:hr>
     <gpxdata:distance>5460.00</gpxdata:distance>
     <gpxdata:speed>1.681</gpxdata:speed>
    </extensions>
   </trkpt>
   <trkpt lat="-21.5752139" lon="-64.7412169">
    <ele>1931</ele>
    <time>2026-03-15T21:14:05Z</time>
    <extensions>
     <gpxdata:hr>132</gpxdata:hr>
     <gpxdata:distance>5462.00</gpxdata:distance>
     <gpxdata:speed>1.789</gpxdata:speed>
    </extensions>
   </trkpt>
   <trkpt lat="-21.5752279" lon="-64.7412253">
    <ele>1931</ele>
    <time>2026-03-15T21:14:06Z</time>
    <extensions>
     <gpxdata:hr>130</gpxdata:hr>
     <gpxdata:distance>5464.00</gpxdata:distance>
     <gpxdata:speed>1.817</gpxdata:speed>
    </extensions>
   </trkpt>
   <trkpt lat="-21.5752426" lon="-64.7412344">
    <ele>1931</ele>
    <time>2026-03-15T21:14:07Z</time>
    <extensions>
     <gpxdata:hr>129</gpxdata:hr>
     <gpxdata:distance>5466.00</gpxdata:distance>
     <gpxdata:speed>1.961</gpxdata:speed>
    </extensions>
   </trkpt>
   <trkpt lat="-21.5752568" lon="-64.7412431">
    <ele>1931</ele>
    <time>2026-03-15T21:14:08Z</time>
    <extensions>
     <gpxdata:hr>130</gpxdata:hr>
     <gpxdata:distance>5468.00</gpxdata:distance>
     <gpxdata:speed>1.822</gpxdata:speed>
    </extensions>
   </trkpt>
   <trkpt lat="-21.5752711" lon="-64.7412516">
    <ele>1931</ele>
    <time>2026-03-15T21:14:09Z</time>
    <extensions>
     <gpxdata:hr>129</gpxdata:hr>
     <gpxdata:distance>5469.50</gpxdata:distance>
     <gpxdata:speed>1.808</gpxdata:speed>
    </extensions>
   </trkpt>
   <trkpt lat="-21.5752844" lon="-64.7412608">
    <ele>1931</ele>
    <time>2026-03-15T21:14:10Z</time>
    <extensions>
     <gpxdata:hr>130</gpxdata:hr>
     <gpxdata:distance>5471.00</gpxdata:distance>
     <gpxdata:speed>1.725</gpxdata:speed>
    </extensions>
   </trkpt>
   <trkpt lat="-21.5752978" lon="-64.7412703">
    <ele>1931</ele>
    <time>2026-03-15T21:14:11Z</time>
    <extensions>
     <gpxdata:hr>130</gpxdata:hr>
     <gpxdata:distance>5473.00</gpxdata:distance>
     <gpxdata:speed>1.789</gpxdata:speed>
    </extensions>
   </trkpt>
   <trkpt lat="-21.5753112" lon="-64.7412797">
    <ele>1931</ele>
    <time>2026-03-15T21:14:12Z</time>
    <extensions>
     <gpxdata:hr>130</gpxdata:hr>
     <gpxdata:distance>5475.00</gpxdata:distance>
     <gpxdata:speed>1.778</gpxdata:speed>
    </extensions>
   </trkpt>
   <trkpt lat="-21.5753247" lon="-64.7412891">
    <ele>1931</ele>
    <time>2026-03-15T21:14:13Z</time>
    <extensions>
     <gpxdata:hr>129</gpxdata:hr>
     <gpxdata:distance>5477.00</gpxdata:distance>
     <gpxdata:speed>1.789</gpxdata:speed>
    </extensions>
   </trkpt>
   <trkpt lat="-21.5753385" lon="-64.7412987">
    <ele>1932</ele>
    <time>2026-03-15T21:14:14Z</time>
    <extensions>
     <gpxdata:hr>129</gpxdata:hr>
     <gpxdata:distance>5479.00</gpxdata:distance>
     <gpxdata:speed>1.853</gpxdata:speed>
    </extensions>
   </trkpt>
   <trkpt lat="-21.5753519" lon="-64.7413092">
    <ele>1932</ele>
    <time>2026-03-15T21:14:15Z</time>
    <extensions>
     <gpxdata:hr>129</gpxdata:hr>
     <gpxdata:distance>5480.50</gpxdata:distance>
     <gpxdata:speed>1.867</gpxdata:speed>
    </extensions>
   </trkpt>
   <trkpt lat="-21.5753652" lon="-64.7413198">
    <ele>1932</ele>
    <time>2026-03-15T21:14:16Z</time>
    <extensions>
     <gpxdata:hr>129</gpxdata:hr>
     <gpxdata:distance>5482.00</gpxdata:distance>
     <gpxdata:speed>1.853</gpxdata:speed>
    </extensions>
   </trkpt>
   <trkpt lat="-21.5753784" lon="-64.7413303">
    <ele>1932</ele>
    <time>2026-03-15T21:14:17Z</time>
    <extensions>
     <gpxdata:hr>129</gpxdata:hr>
     <gpxdata:distance>5484.00</gpxdata:distance>
     <gpxdata:speed>1.833</gpxdata:speed>
    </extensions>
   </trkpt>
   <trkpt lat="-21.5753910" lon="-64.7413410">
    <ele>1932</ele>
    <time>2026-03-15T21:14:18Z</time>
    <extensions>
     <gpxdata:hr>129</gpxdata:hr>
     <gpxdata:distance>5486.00</gpxdata:distance>
     <gpxdata:speed>1.753</gpxdata:speed>
    </extensions>
   </trkpt>
   <trkpt lat="-21.5754038" lon="-64.7413516">
    <ele>1932</ele>
    <time>2026-03-15T21:14:19Z</time>
    <extensions>
     <gpxdata:hr>129</gpxdata:hr>
     <gpxdata:distance>5487.50</gpxdata:distance>
     <gpxdata:speed>1.803</gpxdata:speed>
    </extensions>
   </trkpt>
   <trkpt lat="-21.5754166" lon="-64.7413624">
    <ele>1932</ele>
    <time>2026-03-15T21:14:20Z</time>
    <extensions>
     <gpxdata:hr>129</gpxdata:hr>
     <gpxdata:distance>5489.00</gpxdata:distance>
     <gpxdata:speed>1.803</gpxdata:speed>
    </extensions>
   </trkpt>
   <trkpt lat="-21.5754294" lon="-64.7413731">
    <ele>1932</ele>
    <time>2026-03-15T21:14:21Z</time>
    <extensions>
     <gpxdata:hr>130</gpxdata:hr>
     <gpxdata:distance>5491.00</gpxdata:distance>
     <gpxdata:speed>1.803</gpxdata:speed>
    </extensions>
   </trkpt>
   <trkpt lat="-21.5754420" lon="-64.7413832">
    <ele>1932</ele>
    <time>2026-03-15T21:14:22Z</time>
    <extensions>
     <gpxdata:hr>130</gpxdata:hr>
     <gpxdata:distance>5493.00</gpxdata:distance>
     <gpxdata:speed>1.717</gpxdata:speed>
    </extensions>
   </trkpt>
   <trkpt lat="-21.5754543" lon="-64.7413935">
    <ele>1932</ele>
    <time>2026-03-15T21:14:23Z</time>
    <extensions>
     <gpxdata:hr>130</gpxdata:hr>
     <gpxdata:distance>5494.50</gpxdata:distance>
     <gpxdata:speed>1.708</gpxdata:speed>
    </extensions>
   </trkpt>
   <trkpt lat="-21.5754664" lon="-64.7414034">
    <ele>1932</ele>
    <time>2026-03-15T21:14:24Z</time>
    <extensions>
     <gpxdata:hr>134</gpxdata:hr>
     <gpxdata:distance>5496.00</gpxdata:distance>
     <gpxdata:speed>1.656</gpxdata:speed>
    </extensions>
   </trkpt>
   <trkpt lat="-21.5754783" lon="-64.7414133">
    <ele>1932</ele>
    <time>2026-03-15T21:14:25Z</time>
    <extensions>
     <gpxdata:hr>136</gpxdata:hr>
     <gpxdata:distance>5498.00</gpxdata:distance>
     <gpxdata:speed>1.644</gpxdata:speed>
    </extensions>
   </trkpt>
   <trkpt lat="-21.5754905" lon="-64.7414231">
    <ele>1933</ele>
    <time>2026-03-15T21:14:26Z</time>
    <extensions>
     <gpxdata:hr>138</gpxdata:hr>
     <gpxdata:distance>5500.00</gpxdata:distance>
     <gpxdata:speed>1.697</gpxdata:speed>
    </extensions>
   </trkpt>
   <trkpt lat="-21.5755027" lon="-64.7414330">
    <ele>1933</ele>
    <time>2026-03-15T21:14:27Z</time>
    <extensions>
     <gpxdata:hr>139</gpxdata:hr>
     <gpxdata:distance>5501.50</gpxdata:distance>
     <gpxdata:speed>1.697</gpxdata:speed>
    </extensions>
   </trkpt>
   <trkpt lat="-21.5755155" lon="-64.7414430">
    <ele>1933</ele>
    <time>2026-03-15T21:14:28Z</time>
    <extensions>
     <gpxdata:hr>140</gpxdata:hr>
     <gpxdata:distance>5503.00</gpxdata:distance>
     <gpxdata:speed>1.789</gpxdata:speed>
    </extensions>
   </trkpt>
   <trkpt lat="-21.5755290" lon="-64.7414529">
    <ele>1933</ele>
    <time>2026-03-15T21:14:29Z</time>
    <extensions>
     <gpxdata:hr>140</gpxdata:hr>
     <gpxdata:distance>5505.00</gpxdata:distance>
     <gpxdata:speed>1.875</gpxdata:speed>
    </extensions>
   </trkpt>
   <trkpt lat="-21.5755426" lon="-64.7414625">
    <ele>1933</ele>
    <time>2026-03-15T21:14:30Z</time>
    <extensions>
     <gpxdata:hr>140</gpxdata:hr>
     <gpxdata:distance>5507.00</gpxdata:distance>
     <gpxdata:speed>1.836</gpxdata:speed>
    </extensions>
   </trkpt>
   <trkpt lat="-21.5755562" lon="-64.7414725">
    <ele>1933</ele>
    <time>2026-03-15T21:14:31Z</time>
    <extensions>
     <gpxdata:hr>142</gpxdata:hr>
     <gpxdata:distance>5508.50</gpxdata:distance>
     <gpxdata:speed>1.850</gpxdata:speed>
    </extensions>
   </trkpt>
   <trkpt lat="-21.5755693" lon="-64.7414826">
    <ele>1933</ele>
    <time>2026-03-15T21:14:32Z</time>
    <extensions>
     <gpxdata:hr>142</gpxdata:hr>
     <gpxdata:distance>5510.00</gpxdata:distance>
     <gpxdata:speed>1.786</gpxdata:speed>
    </extensions>
   </trkpt>
   <trkpt lat="-21.5755827" lon="-64.7414927">
    <ele>1933</ele>
    <time>2026-03-15T21:14:33Z</time>
    <extensions>
     <gpxdata:hr>143</gpxdata:hr>
     <gpxdata:distance>5512.00</gpxdata:distance>
     <gpxdata:speed>1.833</gpxdata:speed>
    </extensions>
   </trkpt>
   <trkpt lat="-21.5755962" lon="-64.7415028">
    <ele>1933</ele>
    <time>2026-03-15T21:14:34Z</time>
    <extensions>
     <gpxdata:hr>143</gpxdata:hr>
     <gpxdata:distance>5514.00</gpxdata:distance>
     <gpxdata:speed>1.833</gpxdata:speed>
    </extensions>
   </trkpt>
   <trkpt lat="-21.5756093" lon="-64.7415135">
    <ele>1934</ele>
    <time>2026-03-15T21:14:35Z</time>
    <extensions>
     <gpxdata:hr>144</gpxdata:hr>
     <gpxdata:distance>5516.00</gpxdata:distance>
     <gpxdata:speed>1.847</gpxdata:speed>
    </extensions>
   </trkpt>
   <trkpt lat="-21.5756223" lon="-64.7415243">
    <ele>1934</ele>
    <time>2026-03-15T21:14:36Z</time>
    <extensions>
     <gpxdata:hr>144</gpxdata:hr>
     <gpxdata:distance>5518.00</gpxdata:distance>
     <gpxdata:speed>1.833</gpxdata:speed>
    </extensions>
   </trkpt>
   <trkpt lat="-21.5756354" lon="-64.7415354">
    <ele>1934</ele>
    <time>2026-03-15T21:14:37Z</time>
    <extensions>
     <gpxdata:hr>143</gpxdata:hr>
     <gpxdata:distance>5520.00</gpxdata:distance>
     <gpxdata:speed>1.861</gpxdata:speed>
    </extensions>
   </trkpt>
   <trkpt lat="-21.5756486" lon="-64.7415462">
    <ele>1934</ele>
    <time>2026-03-15T21:14:38Z</time>
    <extensions>
     <gpxdata:hr>143</gpxdata:hr>
     <gpxdata:distance>5522.00</gpxdata:distance>
     <gpxdata:speed>1.847</gpxdata:speed>
    </extensions>
   </trkpt>
   <trkpt lat="-21.5756614" lon="-64.7415571">
    <ele>1934</ele>
    <time>2026-03-15T21:14:39Z</time>
    <extensions>
     <gpxdata:hr>142</gpxdata:hr>
     <gpxdata:distance>5523.50</gpxdata:distance>
     <gpxdata:speed>1.814</gpxdata:speed>
    </extensions>
   </trkpt>
   <trkpt lat="-21.5756743" lon="-64.7415679">
    <ele>1934</ele>
    <time>2026-03-15T21:14:40Z</time>
    <extensions>
     <gpxdata:hr>141</gpxdata:hr>
     <gpxdata:distance>5525.00</gpxdata:distance>
     <gpxdata:speed>1.803</gpxdata:speed>
    </extensions>
   </trkpt>
   <trkpt lat="-21.5756869" lon="-64.7415788">
    <ele>1934</ele>
    <time>2026-03-15T21:14:41Z</time>
    <extensions>
     <gpxdata:hr>141</gpxdata:hr>
     <gpxdata:distance>5527.00</gpxdata:distance>
     <gpxdata:speed>1.789</gpxdata:speed>
    </extensions>
   </trkpt>
   <trkpt lat="-21.5757000" lon="-64.7415892">
    <ele>1934</ele>
    <time>2026-03-15T21:14:42Z</time>
    <extensions>
     <gpxdata:hr>142</gpxdata:hr>
     <gpxdata:distance>5529.00</gpxdata:distance>
     <gpxdata:speed>1.806</gpxdata:speed>
    </extensions>
   </trkpt>
   <trkpt lat="-21.5757136" lon="-64.7415993">
    <ele>1934</ele>
    <time>2026-03-15T21:14:43Z</time>
    <extensions>
     <gpxdata:hr>142</gpxdata:hr>
     <gpxdata:distance>5530.50</gpxdata:distance>
     <gpxdata:speed>1.867</gpxdata:speed>
    </extensions>
   </trkpt>
   <trkpt lat="-21.5757274" lon="-64.7416090">
    <ele>1934</ele>
    <time>2026-03-15T21:14:44Z</time>
    <extensions>
     <gpxdata:hr>143</gpxdata:hr>
     <gpxdata:distance>5532.00</gpxdata:distance>
     <gpxdata:speed>1.828</gpxdata:speed>
    </extensions>
   </trkpt>
   <trkpt lat="-21.5757407" lon="-64.7416194">
    <ele>1934</ele>
    <time>2026-03-15T21:14:45Z</time>
    <extensions>
     <gpxdata:hr>144</gpxdata:hr>
     <gpxdata:distance>5534.00</gpxdata:distance>
     <gpxdata:speed>1.828</gpxdata:speed>
    </extensions>
   </trkpt>
   <trkpt lat="-21.5757531" lon="-64.7416303">
    <ele>1935</ele>
    <time>2026-03-15T21:14:46Z</time>
    <extensions>
     <gpxdata:hr>144</gpxdata:hr>
     <gpxdata:distance>5536.00</gpxdata:distance>
     <gpxdata:speed>1.761</gpxdata:speed>
    </extensions>
   </trkpt>
   <trkpt lat="-21.5757654" lon="-64.7416415">
    <ele>1935</ele>
    <time>2026-03-15T21:14:47Z</time>
    <extensions>
     <gpxdata:hr>144</gpxdata:hr>
     <gpxdata:distance>5538.00</gpxdata:distance>
     <gpxdata:speed>1.794</gpxdata:speed>
    </extensions>
   </trkpt>
   <trkpt lat="-21.5757784" lon="-64.7416521">
    <ele>1935</ele>
    <time>2026-03-15T21:14:48Z</time>
    <extensions>
     <gpxdata:hr>146</gpxdata:hr>
     <gpxdata:distance>5540.00</gpxdata:distance>
     <gpxdata:speed>1.822</gpxdata:speed>
    </extensions>
   </trkpt>
   <trkpt lat="-21.5757924" lon="-64.7416635">
    <ele>1935</ele>
    <time>2026-03-15T21:14:49Z</time>
    <extensions>
     <gpxdata:hr>146</gpxdata:hr>
     <gpxdata:distance>5542.00</gpxdata:distance>
     <gpxdata:speed>2.039</gpxdata:speed>
    </extensions>
   </trkpt>
   <trkpt lat="-21.5758115" lon="-64.7416779">
    <ele>1935</ele>
    <time>2026-03-15T21:14:50Z</time>
    <extensions>
     <gpxdata:hr>146</gpxdata:hr>
     <gpxdata:distance>5544.00</gpxdata:distance>
     <gpxdata:speed>1.939</gpxdata:speed>
    </extensions>
   </trkpt>
   <trkpt lat="-21.5758237" lon="-64.7416870">
    <ele>1935</ele>
    <time>2026-03-15T21:14:51Z</time>
    <extensions>
     <gpxdata:hr>146</gpxdata:hr>
     <gpxdata:distance>5546.00</gpxdata:distance>
     <gpxdata:speed>2.047</gpxdata:speed>
    </extensions>
   </trkpt>
   <trkpt lat="-21.5758414" lon="-64.7417000">
    <ele>1935</ele>
    <time>2026-03-15T21:14:52Z</time>
    <extensions>
     <gpxdata:hr>146</gpxdata:hr>
     <gpxdata:distance>5548.00</gpxdata:distance>
     <gpxdata:speed>1.900</gpxdata:speed>
    </extensions>
   </trkpt>
   <trkpt lat="-21.5758523" lon="-64.7417081">
    <ele>1935</ele>
    <time>2026-03-15T21:14:53Z</time>
    <extensions>
     <gpxdata:hr>146</gpxdata:hr>
     <gpxdata:distance>5549.50</gpxdata:distance>
     <gpxdata:speed>1.833</gpxdata:speed>
    </extensions>
   </trkpt>
   <trkpt lat="-21.5758644" lon="-64.7417171">
    <ele>1936</ele>
    <time>2026-03-15T21:14:54Z</time>
    <extensions>
     <gpxdata:hr>144</gpxdata:hr>
     <gpxdata:distance>5551.00</gpxdata:distance>
     <gpxdata:speed>1.806</gpxdata:speed>
    </extensions>
   </trkpt>
   <trkpt lat="-21.5758771" lon="-64.7417270">
    <ele>1936</ele>
    <time>2026-03-15T21:14:55Z</time>
    <extensions>
     <gpxdata:hr>143</gpxdata:hr>
     <gpxdata:distance>5553.00</gpxdata:distance>
     <gpxdata:speed>1.836</gpxdata:speed>
    </extensions>
   </trkpt>
   <trkpt lat="-21.5758894" lon="-64.7417371">
    <ele>1936</ele>
    <time>2026-03-15T21:14:56Z</time>
    <extensions>
     <gpxdata:hr>141</gpxdata:hr>
     <gpxdata:distance>5555.00</gpxdata:distance>
     <gpxdata:speed>1.731</gpxdata:speed>
    </extensions>
   </trkpt>
   <trkpt lat="-21.5759022" lon="-64.7417470">
    <ele>1936</ele>
    <time>2026-03-15T21:14:57Z</time>
    <extensions>
     <gpxdata:hr>141</gpxdata:hr>
     <gpxdata:distance>5556.50</gpxdata:distance>
     <gpxdata:speed>1.744</gpxdata:speed>
    </extensions>
   </trkpt>
   <trkpt lat="-21.5759156" lon="-64.7417563">
    <ele>1936</ele>
    <time>2026-03-15T21:14:58Z</time>
    <extensions>
     <gpxdata:hr>142</gpxdata:hr>
     <gpxdata:distance>5558.00</gpxdata:distance>
     <gpxdata:speed>1.794</gpxdata:speed>
    </extensions>
   </trkpt>
   <trkpt lat="-21.5759292" lon="-64.7417654">
    <ele>1936</ele>
    <time>2026-03-15T21:14:59Z</time>
    <extensions>
     <gpxdata:hr>142</gpxdata:hr>
     <gpxdata:distance>5560.00</gpxdata:distance>
     <gpxdata:speed>1.783</gpxdata:speed>
    </extensions>
   </trkpt>
   <trkpt lat="-21.5759431" lon="-64.7417746">
    <ele>1936</ele>
    <time>2026-03-15T21:15:00Z</time>
    <extensions>
     <gpxdata:hr>142</gpxdata:hr>
     <gpxdata:distance>5562.00</gpxdata:distance>
     <gpxdata:speed>1.844</gpxdata:speed>
    </extensions>
   </trkpt>
   <trkpt lat="-21.5759567" lon="-64.7417840">
    <ele>1936</ele>
    <time>2026-03-15T21:15:01Z</time>
    <extensions>
     <gpxdata:hr>142</gpxdata:hr>
     <gpxdata:distance>5563.50</gpxdata:distance>
     <gpxdata:speed>1.789</gpxdata:speed>
    </extensions>
   </trkpt>
   <trkpt lat="-21.5759697" lon="-64.7417939">
    <ele>1936</ele>
    <time>2026-03-15T21:15:02Z</time>
    <extensions>
     <gpxdata:hr>141</gpxdata:hr>
     <gpxdata:distance>5565.00</gpxdata:distance>
     <gpxdata:speed>1.764</gpxdata:speed>
    </extensions>
   </trkpt>
   <trkpt lat="-21.5759826" lon="-64.7418048">
    <ele>1936</ele>
    <time>2026-03-15T21:15:03Z</time>
    <extensions>
     <gpxdata:hr>142</gpxdata:hr>
     <gpxdata:distance>5567.00</gpxdata:distance>
     <gpxdata:speed>1.853</gpxdata:speed>
    </extensions>
   </trkpt>
   <trkpt lat="-21.5759956" lon="-64.7418154">
    <ele>1936</ele>
    <time>2026-03-15T21:15:04Z</time>
    <extensions>
     <gpxdata:hr>141</gpxdata:hr>
     <gpxdata:distance>5569.00</gpxdata:distance>
     <gpxdata:speed>1.819</gpxdata:speed>
    </extensions>
   </trkpt>
   <trkpt lat="-21.5760083" lon="-64.7418254">
    <ele>1937</ele>
    <time>2026-03-15T21:15:05Z</time>
    <extensions>
     <gpxdata:hr>141</gpxdata:hr>
     <gpxdata:distance>5571.00</gpxdata:distance>
     <gpxdata:speed>1.717</gpxdata:speed>
    </extensions>
   </trkpt>
   <trkpt lat="-21.5760222" lon="-64.7418348">
    <ele>1937</ele>
    <time>2026-03-15T21:15:06Z</time>
    <extensions>
     <gpxdata:hr>141</gpxdata:hr>
     <gpxdata:distance>5573.00</gpxdata:distance>
     <gpxdata:speed>1.861</gpxdata:speed>
    </extensions>
   </trkpt>
   <trkpt lat="-21.5760378" lon="-64.7418453">
    <ele>1937</ele>
    <time>2026-03-15T21:15:07Z</time>
    <extensions>
     <gpxdata:hr>141</gpxdata:hr>
     <gpxdata:distance>5575.00</gpxdata:distance>
     <gpxdata:speed>2.194</gpxdata:speed>
    </extensions>
   </trkpt>
   <trkpt lat="-21.5760585" lon="-64.7418599">
    <ele>1937</ele>
    <time>2026-03-15T21:15:08Z</time>
    <extensions>
     <gpxdata:hr>141</gpxdata:hr>
     <gpxdata:distance>5577.00</gpxdata:distance>
     <gpxdata:speed>2.083</gpxdata:speed>
    </extensions>
   </trkpt>
   <trkpt lat="-21.5760759" lon="-64.7418728">
    <ele>1937</ele>
    <time>2026-03-15T21:15:09Z</time>
    <extensions>
     <gpxdata:hr>141</gpxdata:hr>
     <gpxdata:distance>5579.00</gpxdata:distance>
     <gpxdata:speed>2.136</gpxdata:speed>
    </extensions>
   </trkpt>
   <trkpt lat="-21.5760912" lon="-64.7418847">
    <ele>1937</ele>
    <time>2026-03-15T21:15:10Z</time>
    <extensions>
     <gpxdata:hr>141</gpxdata:hr>
     <gpxdata:distance>5581.00</gpxdata:distance>
     <gpxdata:speed>1.983</gpxdata:speed>
    </extensions>
   </trkpt>
   <trkpt lat="-21.5761011" lon="-64.7418930">
    <ele>1937</ele>
    <time>2026-03-15T21:15:11Z</time>
    <extensions>
     <gpxdata:hr>141</gpxdata:hr>
     <gpxdata:distance>5583.00</gpxdata:distance>
     <gpxdata:speed>1.867</gpxdata:speed>
    </extensions>
   </trkpt>
   <trkpt lat="-21.5761127" lon="-64.7419032">
    <ele>1938</ele>
    <time>2026-03-15T21:15:12Z</time>
    <extensions>
     <gpxdata:hr>141</gpxdata:hr>
     <gpxdata:distance>5585.00</gpxdata:distance>
     <gpxdata:speed>1.944</gpxdata:speed>
    </extensions>
   </trkpt>
   <trkpt lat="-21.5761246" lon="-64.7419135">
    <ele>1938</ele>
    <time>2026-03-15T21:15:13Z</time>
    <extensions>
     <gpxdata:hr>141</gpxdata:hr>
     <gpxdata:distance>5586.50</gpxdata:distance>
     <gpxdata:speed>1.772</gpxdata:speed>
    </extensions>
   </trkpt>
   <trkpt lat="-21.5761368" lon="-64.7419241">
    <ele>1938</ele>
    <time>2026-03-15T21:15:14Z</time>
    <extensions>
     <gpxdata:hr>141</gpxdata:hr>
     <gpxdata:distance>5588.00</gpxdata:distance>
     <gpxdata:speed>1.781</gpxdata:speed>
    </extensions>
   </trkpt>
   <trkpt lat="-21.5761491" lon="-64.7419351">
    <ele>1938</ele>
    <time>2026-03-15T21:15:15Z</time>
    <extensions>
     <gpxdata:hr>142</gpxdata:hr>
     <gpxdata:distance>5590.00</gpxdata:distance>
     <gpxdata:speed>1.778</gpxdata:speed>
    </extensions>
   </trkpt>
   <trkpt lat="-21.5761608" lon="-64.7419467">
    <ele>1938</ele>
    <time>2026-03-15T21:15:16Z</time>
    <extensions>
     <gpxdata:hr>142</gpxdata:hr>
     <gpxdata:distance>5592.00</gpxdata:distance>
     <gpxdata:speed>1.769</gpxdata:speed>
    </extensions>
   </trkpt>
   <trkpt lat="-21.5761735" lon="-64.7419588">
    <ele>1938</ele>
    <time>2026-03-15T21:15:17Z</time>
    <extensions>
     <gpxdata:hr>141</gpxdata:hr>
     <gpxdata:distance>5594.00</gpxdata:distance>
     <gpxdata:speed>1.953</gpxdata:speed>
    </extensions>
   </trkpt>
   <trkpt lat="-21.5761863" lon="-64.7419707">
    <ele>1938</ele>
    <time>2026-03-15T21:15:18Z</time>
    <extensions>
     <gpxdata:hr>141</gpxdata:hr>
     <gpxdata:distance>5596.00</gpxdata:distance>
     <gpxdata:speed>1.897</gpxdata:speed>
    </extensions>
   </trkpt>
   <trkpt lat="-21.5761988" lon="-64.7419823">
    <ele>1938</ele>
    <time>2026-03-15T21:15:19Z</time>
    <extensions>
     <gpxdata:hr>141</gpxdata:hr>
     <gpxdata:distance>5598.00</gpxdata:distance>
     <gpxdata:speed>1.836</gpxdata:speed>
    </extensions>
   </trkpt>
   <trkpt lat="-21.5762115" lon="-64.7419940">
    <ele>1938</ele>
    <time>2026-03-15T21:15:20Z</time>
    <extensions>
     <gpxdata:hr>141</gpxdata:hr>
     <gpxdata:distance>5600.00</gpxdata:distance>
     <gpxdata:speed>1.850</gpxdata:speed>
    </extensions>
   </trkpt>
   <trkpt lat="-21.5762247" lon="-64.7420056">
    <ele>1938</ele>
    <time>2026-03-15T21:15:21Z</time>
    <extensions>
     <gpxdata:hr>140</gpxdata:hr>
     <gpxdata:distance>5601.50</gpxdata:distance>
     <gpxdata:speed>1.925</gpxdata:speed>
    </extensions>
   </trkpt>
   <trkpt lat="-21.5762377" lon="-64.7420169">
    <ele>1938</ele>
    <time>2026-03-15T21:15:22Z</time>
    <extensions>
     <gpxdata:hr>141</gpxdata:hr>
     <gpxdata:distance>5603.00</gpxdata:distance>
     <gpxdata:speed>1.847</gpxdata:speed>
    </extensions>
   </trkpt>
   <trkpt lat="-21.5762511" lon="-64.7420278">
    <ele>1938</ele>
    <time>2026-03-15T21:15:23Z</time>
    <extensions>
     <gpxdata:hr>141</gpxdata:hr>
     <gpxdata:distance>5605.00</gpxdata:distance>
     <gpxdata:speed>1.867</gpxdata:speed>
    </extensions>
   </trkpt>
   <trkpt lat="-21.5762645" lon="-64.7420387">
    <ele>1938</ele>
    <time>2026-03-15T21:15:24Z</time>
    <extensions>
     <gpxdata:hr>141</gpxdata:hr>
     <gpxdata:distance>5607.00</gpxdata:distance>
     <gpxdata:speed>1.889</gpxdata:speed>
    </extensions>
   </trkpt>
   <trkpt lat="-21.5762780" lon="-64.7420495">
    <ele>1938</ele>
    <time>2026-03-15T21:15:25Z</time>
    <extensions>
     <gpxdata:hr>140</gpxdata:hr>
     <gpxdata:distance>5609.00</gpxdata:distance>
     <gpxdata:speed>1.867</gpxdata:speed>
    </extensions>
   </trkpt>
   <trkpt lat="-21.5762922" lon="-64.7420604">
    <ele>1938</ele>
    <time>2026-03-15T21:15:26Z</time>
    <extensions>
     <gpxdata:hr>140</gpxdata:hr>
     <gpxdata:distance>5611.00</gpxdata:distance>
     <gpxdata:speed>1.983</gpxdata:speed>
    </extensions>
   </trkpt>
   <trkpt lat="-21.5763064" lon="-64.7420712">
    <ele>1939</ele>
    <time>2026-03-15T21:15:27Z</time>
    <extensions>
     <gpxdata:hr>140</gpxdata:hr>
     <gpxdata:distance>5612.50</gpxdata:distance>
     <gpxdata:speed>1.950</gpxdata:speed>
    </extensions>
   </trkpt>
   <trkpt lat="-21.5763196" lon="-64.7420814">
    <ele>1939</ele>
    <time>2026-03-15T21:15:28Z</time>
    <extensions>
     <gpxdata:hr>138</gpxdata:hr>
     <gpxdata:distance>5614.00</gpxdata:distance>
     <gpxdata:speed>1.750</gpxdata:speed>
    </extensions>
   </trkpt>
   <trkpt lat="-21.5763334" lon="-64.7420925">
    <ele>1939</ele>
    <time>2026-03-15T21:15:29Z</time>
    <extensions>
     <gpxdata:hr>137</gpxdata:hr>
     <gpxdata:distance>5616.50</gpxdata:distance>
     <gpxdata:speed>1.922</gpxdata:speed>
    </extensions>
   </trkpt>
   <trkpt lat="-21.5763467" lon="-64.7421034">
    <ele>1939</ele>
    <time>2026-03-15T21:15:30Z</time>
    <extensions>
     <gpxdata:hr>136</gpxdata:hr>
     <gpxdata:distance>5619.00</gpxdata:distance>
     <gpxdata:speed>1.936</gpxdata:speed>
    </extensions>
   </trkpt>
   <trkpt lat="-21.5763601" lon="-64.7421144">
    <ele>1939</ele>
    <time>2026-03-15T21:15:31Z</time>
    <extensions>
     <gpxdata:hr>135</gpxdata:hr>
     <gpxdata:distance>5620.50</gpxdata:distance>
     <gpxdata:speed>1.792</gpxdata:speed>
    </extensions>
   </trkpt>
   <trkpt lat="-21.5763725" lon="-64.7421250">
    <ele>1939</ele>
    <time>2026-03-15T21:15:32Z</time>
    <extensions>
     <gpxdata:hr>134</gpxdata:hr>
     <gpxdata:distance>5622.00</gpxdata:distance>
     <gpxdata:speed>1.708</gpxdata:speed>
    </extensions>
   </trkpt>
   <trkpt lat="-21.5763850" lon="-64.7421354">
    <ele>1939</ele>
    <time>2026-03-15T21:15:33Z</time>
    <extensions>
     <gpxdata:hr>134</gpxdata:hr>
     <gpxdata:distance>5623.50</gpxdata:distance>
     <gpxdata:speed>1.722</gpxdata:speed>
    </extensions>
   </trkpt>
   <trkpt lat="-21.5763977" lon="-64.7421457">
    <ele>1939</ele>
    <time>2026-03-15T21:15:34Z</time>
    <extensions>
     <gpxdata:hr>133</gpxdata:hr>
     <gpxdata:distance>5625.00</gpxdata:distance>
     <gpxdata:speed>1.756</gpxdata:speed>
    </extensions>
   </trkpt>
   <trkpt lat="-21.5764114" lon="-64.7421562">
    <ele>1939</ele>
    <time>2026-03-15T21:15:35Z</time>
    <extensions>
     <gpxdata:hr>133</gpxdata:hr>
     <gpxdata:distance>5627.00</gpxdata:distance>
     <gpxdata:speed>1.925</gpxdata:speed>
    </extensions>
   </trkpt>
   <trkpt lat="-21.5764249" lon="-64.7421663">
    <ele>1939</ele>
    <time>2026-03-15T21:15:36Z</time>
    <extensions>
     <gpxdata:hr>133</gpxdata:hr>
     <gpxdata:distance>5629.00</gpxdata:distance>
     <gpxdata:speed>1.839</gpxdata:speed>
    </extensions>
   </trkpt>
   <trkpt lat="-21.5764383" lon="-64.7421767">
    <ele>1939</ele>
    <time>2026-03-15T21:15:37Z</time>
    <extensions>
     <gpxdata:hr>133</gpxdata:hr>
     <gpxdata:distance>5631.00</gpxdata:distance>
     <gpxdata:speed>1.842</gpxdata:speed>
    </extensions>
   </trkpt>
   <trkpt lat="-21.5764516" lon="-64.7421874">
    <ele>1939</ele>
    <time>2026-03-15T21:15:38Z</time>
    <extensions>
     <gpxdata:hr>132</gpxdata:hr>
     <gpxdata:distance>5633.00</gpxdata:distance>
     <gpxdata:speed>1.864</gpxdata:speed>
    </extensions>
   </trkpt>
   <trkpt lat="-21.5764646" lon="-64.7421981">
    <ele>1939</ele>
    <time>2026-03-15T21:15:39Z</time>
    <extensions>
     <gpxdata:hr>132</gpxdata:hr>
     <gpxdata:distance>5635.00</gpxdata:distance>
     <gpxdata:speed>1.800</gpxdata:speed>
    </extensions>
   </trkpt>
   <trkpt lat="-21.5764779" lon="-64.7422089">
    <ele>1939</ele>
    <time>2026-03-15T21:15:40Z</time>
    <extensions>
     <gpxdata:hr>131</gpxdata:hr>
     <gpxdata:distance>5637.00</gpxdata:distance>
     <gpxdata:speed>1.875</gpxdata:speed>
    </extensions>
   </trkpt>
   <trkpt lat="-21.5764909" lon="-64.7422197">
    <ele>1939</ele>
    <time>2026-03-15T21:15:41Z</time>
    <extensions>
     <gpxdata:hr>131</gpxdata:hr>
     <gpxdata:distance>5638.50</gpxdata:distance>
     <gpxdata:speed>1.819</gpxdata:speed>
    </extensions>
   </trkpt>
   <trkpt lat="-21.5765044" lon="-64.7422298">
    <ele>1939</ele>
    <time>2026-03-15T21:15:42Z</time>
    <extensions>
     <gpxdata:hr>129</gpxdata:hr>
     <gpxdata:distance>5640.00</gpxdata:distance>
     <gpxdata:speed>1.819</gpxdata:speed>
    </extensions>
   </trkpt>
   <trkpt lat="-21.5765182" lon="-64.7422405">
    <ele>1939</ele>
    <time>2026-03-15T21:15:43Z</time>
    <extensions>
     <gpxdata:hr>129</gpxdata:hr>
     <gpxdata:distance>5642.50</gpxdata:distance>
     <gpxdata:speed>1.939</gpxdata:speed>
    </extensions>
   </trkpt>
   <trkpt lat="-21.5765332" lon="-64.7422523">
    <ele>1939</ele>
    <time>2026-03-15T21:15:44Z</time>
    <extensions>
     <gpxdata:hr>129</gpxdata:hr>
     <gpxdata:distance>5645.00</gpxdata:distance>
     <gpxdata:speed>2.189</gpxdata:speed>
    </extensions>
   </trkpt>
   <trkpt lat="-21.5765525" lon="-64.7422683">
    <ele>1939</ele>
    <time>2026-03-15T21:15:45Z</time>
    <extensions>
     <gpxdata:hr>129</gpxdata:hr>
     <gpxdata:distance>5647.00</gpxdata:distance>
     <gpxdata:speed>2.011</gpxdata:speed>
    </extensions>
   </trkpt>
   <trkpt lat="-21.5765685" lon="-64.7422820">
    <ele>1939</ele>
    <time>2026-03-15T21:15:46Z</time>
    <extensions>
     <gpxdata:hr>129</gpxdata:hr>
     <gpxdata:distance>5649.00</gpxdata:distance>
     <gpxdata:speed>2.022</gpxdata:speed>
    </extensions>
   </trkpt>
   <trkpt lat="-21.5765835" lon="-64.7422951">
    <ele>1939</ele>
    <time>2026-03-15T21:15:47Z</time>
    <extensions>
     <gpxdata:hr>127</gpxdata:hr>
     <gpxdata:distance>5651.00</gpxdata:distance>
     <gpxdata:speed>2.075</gpxdata:speed>
    </extensions>
   </trkpt>
   <trkpt lat="-21.5765989" lon="-64.7423073">
    <ele>1940</ele>
    <time>2026-03-15T21:15:48Z</time>
    <extensions>
     <gpxdata:hr>127</gpxdata:hr>
     <gpxdata:distance>5653.00</gpxdata:distance>
     <gpxdata:speed>2.097</gpxdata:speed>
    </extensions>
   </trkpt>
   <trkpt lat="-21.5766142" lon="-64.7423195">
    <ele>1940</ele>
    <time>2026-03-15T21:15:49Z</time>
    <extensions>
     <gpxdata:hr>126</gpxdata:hr>
     <gpxdata:distance>5655.50</gpxdata:distance>
     <gpxdata:speed>2.128</gpxdata:speed>
    </extensions>
   </trkpt>
   <trkpt lat="-21.5766303" lon="-64.7423321">
    <ele>1940</ele>
    <time>2026-03-15T21:15:50Z</time>
    <extensions>
     <gpxdata:hr>126</gpxdata:hr>
     <gpxdata:distance>5658.00</gpxdata:distance>
     <gpxdata:speed>2.250</gpxdata:speed>
    </extensions>
   </trkpt>
   <trkpt lat="-21.5766464" lon="-64.7423445">
    <ele>1940</ele>
    <time>2026-03-15T21:15:51Z</time>
    <extensions>
     <gpxdata:hr>126</gpxdata:hr>
     <gpxdata:distance>5660.00</gpxdata:distance>
     <gpxdata:speed>2.214</gpxdata:speed>
    </extensions>
   </trkpt>
   <trkpt lat="-21.5766625" lon="-64.7423567">
    <ele>1940</ele>
    <time>2026-03-15T21:15:52Z</time>
    <extensions>
     <gpxdata:hr>127</gpxdata:hr>
     <gpxdata:distance>5662.00</gpxdata:distance>
     <gpxdata:speed>2.206</gpxdata:speed>
    </extensions>
   </trkpt>
   <trkpt lat="-21.5766784" lon="-64.7423691">
    <ele>1940</ele>
    <time>2026-03-15T21:15:53Z</time>
    <extensions>
     <gpxdata:hr>127</gpxdata:hr>
     <gpxdata:distance>5664.00</gpxdata:distance>
     <gpxdata:speed>2.186</gpxdata:speed>
    </extensions>
   </trkpt>
   <trkpt lat="-21.5766936" lon="-64.7423814">
    <ele>1940</ele>
    <time>2026-03-15T21:15:54Z</time>
    <extensions>
     <gpxdata:hr>128</gpxdata:hr>
     <gpxdata:distance>5666.00</gpxdata:distance>
     <gpxdata:speed>2.083</gpxdata:speed>
    </extensions>
   </trkpt>
   <trkpt lat="-21.5767084" lon="-64.7423943">
    <ele>1940</ele>
    <time>2026-03-15T21:15:55Z</time>
    <extensions>
     <gpxdata:hr>129</gpxdata:hr>
     <gpxdata:distance>5668.00</gpxdata:distance>
     <gpxdata:speed>2.125</gpxdata:speed>
    </extensions>
   </trkpt>
   <trkpt lat="-21.5767233" lon="-64.7424071">
    <ele>1940</ele>
    <time>2026-03-15T21:15:56Z</time>
    <extensions>
     <gpxdata:hr>130</gpxdata:hr>
     <gpxdata:distance>5670.00</gpxdata:distance>
     <gpxdata:speed>2.111</gpxdata:speed>
    </extensions>
   </trkpt>
   <trkpt lat="-21.5767381" lon="-64.7424196">
    <ele>1940</ele>
    <time>2026-03-15T21:15:57Z</time>
    <extensions>
     <gpxdata:hr>130</gpxdata:hr>
     <gpxdata:distance>5672.50</gpxdata:distance>
     <gpxdata:speed>2.089</gpxdata:speed>
    </extensions>
   </trkpt>
   <trkpt lat="-21.5767535" lon="-64.7424317">
    <ele>1940</ele>
    <time>2026-03-15T21:15:58Z</time>
    <extensions>
     <gpxdata:hr>130</gpxdata:hr>
     <gpxdata:distance>5675.00</gpxdata:distance>
     <gpxdata:speed>2.125</gpxdata:speed>
    </extensions>
   </trkpt>
   <trkpt lat="-21.5767685" lon="-64.7424441">
    <ele>1940</ele>
    <time>2026-03-15T21:15:59Z</time>
    <extensions>
     <gpxdata:hr>130</gpxdata:hr>
     <gpxdata:distance>5677.00</gpxdata:distance>
     <gpxdata:speed>2.097</gpxdata:speed>
    </extensions>
   </trkpt>
   <trkpt lat="-21.5767834" lon="-64.7424564">
    <ele>1940</ele>
    <time>2026-03-15T21:16:00Z</time>
    <extensions>
     <gpxdata:hr>130</gpxdata:hr>
     <gpxdata:distance>5679.00</gpxdata:distance>
     <gpxdata:speed>2.075</gpxdata:speed>
    </extensions>
   </trkpt>
   <trkpt lat="-21.5767982" lon="-64.7424689">
    <ele>1940</ele>
    <time>2026-03-15T21:16:01Z</time>
    <extensions>
     <gpxdata:hr>130</gpxdata:hr>
     <gpxdata:distance>5681.00</gpxdata:distance>
     <gpxdata:speed>2.103</gpxdata:speed>
    </extensions>
   </trkpt>
   <trkpt lat="-21.5768131" lon="-64.7424817">
    <ele>1940</ele>
    <time>2026-03-15T21:16:02Z</time>
    <extensions>
     <gpxdata:hr>129</gpxdata:hr>
     <gpxdata:distance>5683.00</gpxdata:distance>
     <gpxdata:speed>2.131</gpxdata:speed>
    </extensions>
   </trkpt>
   <trkpt lat="-21.5768290" lon="-64.7424943">
    <ele>1940</ele>
    <time>2026-03-15T21:16:03Z</time>
    <extensions>
     <gpxdata:hr>129</gpxdata:hr>
     <gpxdata:distance>5685.50</gpxdata:distance>
     <gpxdata:speed>2.217</gpxdata:speed>
    </extensions>
   </trkpt>
   <trkpt lat="-21.5768453" lon="-64.7425070">
    <ele>1940</ele>
    <time>2026-03-15T21:16:04Z</time>
    <extensions>
     <gpxdata:hr>129</gpxdata:hr>
     <gpxdata:distance>5688.00</gpxdata:distance>
     <gpxdata:speed>2.272</gpxdata:speed>
    </extensions>
   </trkpt>
   <trkpt lat="-21.5768614" lon="-64.7425195">
    <ele>1941</ele>
    <time>2026-03-15T21:16:05Z</time>
    <extensions>
     <gpxdata:hr>129</gpxdata:hr>
     <gpxdata:distance>5690.00</gpxdata:distance>
     <gpxdata:speed>2.211</gpxdata:speed>
    </extensions>
   </trkpt>
   <trkpt lat="-21.5768776" lon="-64.7425317">
    <ele>1941</ele>
    <time>2026-03-15T21:16:06Z</time>
    <extensions>
     <gpxdata:hr>130</gpxdata:hr>
     <gpxdata:distance>5692.00</gpxdata:distance>
     <gpxdata:speed>2.197</gpxdata:speed>
    </extensions>
   </trkpt>
   <trkpt lat="-21.5768935" lon="-64.7425441">
    <ele>1941</ele>
    <time>2026-03-15T21:16:07Z</time>
    <extensions>
     <gpxdata:hr>130</gpxdata:hr>
     <gpxdata:distance>5694.00</gpxdata:distance>
     <gpxdata:speed>2.181</gpxdata:speed>
    </extensions>
   </trkpt>
   <trkpt lat="-21.5769090" lon="-64.7425568">
    <ele>1941</ele>
    <time>2026-03-15T21:16:08Z</time>
    <extensions>
     <gpxdata:hr>130</gpxdata:hr>
     <gpxdata:distance>5696.00</gpxdata:distance>
     <gpxdata:speed>2.169</gpxdata:speed>
    </extensions>
   </trkpt>
   <trkpt lat="-21.5769239" lon="-64.7425698">
    <ele>1941</ele>
    <time>2026-03-15T21:16:09Z</time>
    <extensions>
     <gpxdata:hr>130</gpxdata:hr>
     <gpxdata:distance>5698.00</gpxdata:distance>
     <gpxdata:speed>2.114</gpxdata:speed>
    </extensions>
   </trkpt>
   <trkpt lat="-21.5769386" lon="-64.7425829">
    <ele>1941</ele>
    <time>2026-03-15T21:16:10Z</time>
    <extensions>
     <gpxdata:hr>130</gpxdata:hr>
     <gpxdata:distance>5700.00</gpxdata:distance>
     <gpxdata:speed>2.119</gpxdata:speed>
    </extensions>
   </trkpt>
   <trkpt lat="-21.5769533" lon="-64.7425957">
    <ele>1942</ele>
    <time>2026-03-15T21:16:11Z</time>
    <extensions>
     <gpxdata:hr>131</gpxdata:hr>
     <gpxdata:distance>5702.50</gpxdata:distance>
     <gpxdata:speed>2.097</gpxdata:speed>
    </extensions>
   </trkpt>
   <trkpt lat="-21.5769682" lon="-64.7426085">
    <ele>1942</ele>
    <time>2026-03-15T21:16:12Z</time>
    <extensions>
     <gpxdata:hr>130</gpxdata:hr>
     <gpxdata:distance>5705.00</gpxdata:distance>
     <gpxdata:speed>2.117</gpxdata:speed>
    </extensions>
   </trkpt>
   <trkpt lat="-21.5769836" lon="-64.7426211">
    <ele>1942</ele>
    <time>2026-03-15T21:16:13Z</time>
    <extensions>
     <gpxdata:hr>130</gpxdata:hr>
     <gpxdata:distance>5707.00</gpxdata:distance>
     <gpxdata:speed>2.153</gpxdata:speed>
    </extensions>
   </trkpt>
   <trkpt lat="-21.5769990" lon="-64.7426328">
    <ele>1942</ele>
    <time>2026-03-15T21:16:14Z</time>
    <extensions>
     <gpxdata:hr>130</gpxdata:hr>
     <gpxdata:distance>5709.00</gpxdata:distance>
     <gpxdata:speed>2.094</gpxdata:speed>
    </extensions>
   </trkpt>
   <trkpt lat="-21.5770147" lon="-64.7426443">
    <ele>1942</ele>
    <time>2026-03-15T21:16:15Z</time>
    <extensions>
     <gpxdata:hr>130</gpxdata:hr>
     <gpxdata:distance>5711.00</gpxdata:distance>
     <gpxdata:speed>2.119</gpxdata:speed>
    </extensions>
   </trkpt>
   <trkpt lat="-21.5770299" lon="-64.7426559">
    <ele>1942</ele>
    <time>2026-03-15T21:16:16Z</time>
    <extensions>
     <gpxdata:hr>131</gpxdata:hr>
     <gpxdata:distance>5713.00</gpxdata:distance>
     <gpxdata:speed>2.053</gpxdata:speed>
    </extensions>
   </trkpt>
   <trkpt lat="-21.5770449" lon="-64.7426674">
    <ele>1942</ele>
    <time>2026-03-15T21:16:17Z</time>
    <extensions>
     <gpxdata:hr>131</gpxdata:hr>
     <gpxdata:distance>5715.00</gpxdata:distance>
     <gpxdata:speed>2.039</gpxdata:speed>
    </extensions>
   </trkpt>
   <trkpt lat="-21.5770599" lon="-64.7426799">
    <ele>1942</ele>
    <time>2026-03-15T21:16:18Z</time>
    <extensions>
     <gpxdata:hr>131</gpxdata:hr>
     <gpxdata:distance>5717.00</gpxdata:distance>
     <gpxdata:speed>2.117</gpxdata:speed>
    </extensions>
   </trkpt>
   <trkpt lat="-21.5770748" lon="-64.7426929">
    <ele>1942</ele>
    <time>2026-03-15T21:16:19Z</time>
    <extensions>
     <gpxdata:hr>131</gpxdata:hr>
     <gpxdata:distance>5719.00</gpxdata:distance>
     <gpxdata:speed>2.156</gpxdata:speed>
    </extensions>
   </trkpt>
   <trkpt lat="-21.5770893" lon="-64.7427061">
    <ele>1942</ele>
    <time>2026-03-15T21:16:20Z</time>
    <extensions>
     <gpxdata:hr>131</gpxdata:hr>
     <gpxdata:distance>5721.00</gpxdata:distance>
     <gpxdata:speed>2.117</gpxdata:speed>
    </extensions>
   </trkpt>
   <trkpt lat="-21.5771038" lon="-64.7427199">
    <ele>1942</ele>
    <time>2026-03-15T21:16:21Z</time>
    <extensions>
     <gpxdata:hr>131</gpxdata:hr>
     <gpxdata:distance>5723.50</gpxdata:distance>
     <gpxdata:speed>2.164</gpxdata:speed>
    </extensions>
   </trkpt>
   <trkpt lat="-21.5771189" lon="-64.7427350">
    <ele>1942</ele>
    <time>2026-03-15T21:16:22Z</time>
    <extensions>
     <gpxdata:hr>131</gpxdata:hr>
     <gpxdata:distance>5726.00</gpxdata:distance>
     <gpxdata:speed>2.347</gpxdata:speed>
    </extensions>
   </trkpt>
   <trkpt lat="-21.5771324" lon="-64.7427500">
    <ele>1942</ele>
    <time>2026-03-15T21:16:23Z</time>
    <extensions>
     <gpxdata:hr>131</gpxdata:hr>
     <gpxdata:distance>5728.50</gpxdata:distance>
     <gpxdata:speed>2.144</gpxdata:speed>
    </extensions>
   </trkpt>
   <trkpt lat="-21.5771458" lon="-64.7427663">
    <ele>1942</ele>
    <time>2026-03-15T21:16:24Z</time>
    <extensions>
     <gpxdata:hr>126</gpxdata:hr>
     <gpxdata:distance>5731.00</gpxdata:distance>
     <gpxdata:speed>2.275</gpxdata:speed>
    </extensions>
   </trkpt>
   <trkpt lat="-21.5771592" lon="-64.7427817">
    <ele>1942</ele>
    <time>2026-03-15T21:16:25Z</time>
    <extensions>
     <gpxdata:hr>124</gpxdata:hr>
     <gpxdata:distance>5733.00</gpxdata:distance>
     <gpxdata:speed>2.169</gpxdata:speed>
    </extensions>
   </trkpt>
   <trkpt lat="-21.5771726" lon="-64.7427967">
    <ele>1942</ele>
    <time>2026-03-15T21:16:26Z</time>
    <extensions>
     <gpxdata:hr>123</gpxdata:hr>
     <gpxdata:distance>5735.00</gpxdata:distance>
     <gpxdata:speed>2.136</gpxdata:speed>
    </extensions>
   </trkpt>
   <trkpt lat="-21.5771859" lon="-64.7428125">
    <ele>1942</ele>
    <time>2026-03-15T21:16:27Z</time>
    <extensions>
     <gpxdata:hr>122</gpxdata:hr>
     <gpxdata:distance>5737.00</gpxdata:distance>
     <gpxdata:speed>2.222</gpxdata:speed>
    </extensions>
   </trkpt>
   <trkpt lat="-21.5771989" lon="-64.7428287">
    <ele>1942</ele>
    <time>2026-03-15T21:16:28Z</time>
    <extensions>
     <gpxdata:hr>121</gpxdata:hr>
     <gpxdata:distance>5739.00</gpxdata:distance>
     <gpxdata:speed>2.219</gpxdata:speed>
    </extensions>
   </trkpt>
   <trkpt lat="-21.5772113" lon="-64.7428452">
    <ele>1942</ele>
    <time>2026-03-15T21:16:29Z</time>
    <extensions>
     <gpxdata:hr>120</gpxdata:hr>
     <gpxdata:distance>5741.50</gpxdata:distance>
     <gpxdata:speed>2.197</gpxdata:speed>
    </extensions>
   </trkpt>
   <trkpt lat="-21.5772239" lon="-64.7428614">
    <ele>1942</ele>
    <time>2026-03-15T21:16:30Z</time>
    <extensions>
     <gpxdata:hr>119</gpxdata:hr>
     <gpxdata:distance>5744.00</gpxdata:distance>
     <gpxdata:speed>2.172</gpxdata:speed>
    </extensions>
   </trkpt>
   <trkpt lat="-21.5772367" lon="-64.7428771">
    <ele>1942</ele>
    <time>2026-03-15T21:16:31Z</time>
    <extensions>
     <gpxdata:hr>118</gpxdata:hr>
     <gpxdata:distance>5746.00</gpxdata:distance>
     <gpxdata:speed>2.156</gpxdata:speed>
    </extensions>
   </trkpt>
   <trkpt lat="-21.5772488" lon="-64.7428925">
    <ele>1942</ele>
    <time>2026-03-15T21:16:32Z</time>
    <extensions>
     <gpxdata:hr>118</gpxdata:hr>
     <gpxdata:distance>5748.00</gpxdata:distance>
     <gpxdata:speed>2.061</gpxdata:speed>
    </extensions>
   </trkpt>
   <trkpt lat="-21.5772606" lon="-64.7429077">
    <ele>1943</ele>
    <time>2026-03-15T21:16:33Z</time>
    <extensions>
     <gpxdata:hr>123</gpxdata:hr>
     <gpxdata:distance>5750.00</gpxdata:distance>
     <gpxdata:speed>2.025</gpxdata:speed>
    </extensions>
   </trkpt>
   <trkpt lat="-21.5772719" lon="-64.7429229">
    <ele>1943</ele>
    <time>2026-03-15T21:16:34Z</time>
    <extensions>
     <gpxdata:hr>125</gpxdata:hr>
     <gpxdata:distance>5752.00</gpxdata:distance>
     <gpxdata:speed>1.975</gpxdata:speed>
    </extensions>
   </trkpt>
   <trkpt lat="-21.5772800" lon="-64.7429341">
    <ele>1943</ele>
    <time>2026-03-15T21:16:35Z</time>
    <extensions>
     <gpxdata:hr>125</gpxdata:hr>
     <gpxdata:distance>5754.00</gpxdata:distance>
     <gpxdata:speed>2.025</gpxdata:speed>
    </extensions>
   </trkpt>
   <trkpt lat="-21.5772927" lon="-64.7429522">
    <ele>1943</ele>
    <time>2026-03-15T21:16:36Z</time>
    <extensions>
     <gpxdata:hr>125</gpxdata:hr>
     <gpxdata:distance>5756.00</gpxdata:distance>
     <gpxdata:speed>1.997</gpxdata:speed>
    </extensions>
   </trkpt>
   <trkpt lat="-21.5773009" lon="-64.7429640">
    <ele>1943</ele>
    <time>2026-03-15T21:16:37Z</time>
    <extensions>
     <gpxdata:hr>125</gpxdata:hr>
     <gpxdata:distance>5758.00</gpxdata:distance>
     <gpxdata:speed>1.958</gpxdata:speed>
    </extensions>
   </trkpt>
   <trkpt lat="-21.5773104" lon="-64.7429774">
    <ele>1943</ele>
    <time>2026-03-15T21:16:38Z</time>
    <extensions>
     <gpxdata:hr>125</gpxdata:hr>
     <gpxdata:distance>5760.00</gpxdata:distance>
     <gpxdata:speed>1.972</gpxdata:speed>
    </extensions>
   </trkpt>
   <trkpt lat="-21.5773204" lon="-64.7429920">
    <ele>1943</ele>
    <time>2026-03-15T21:16:39Z</time>
    <extensions>
     <gpxdata:hr>126</gpxdata:hr>
     <gpxdata:distance>5762.00</gpxdata:distance>
     <gpxdata:speed>2.000</gpxdata:speed>
    </extensions>
   </trkpt>
   <trkpt lat="-21.5773337" lon="-64.7430129">
    <ele>1943</ele>
    <time>2026-03-15T21:16:40Z</time>
    <extensions>
     <gpxdata:hr>126</gpxdata:hr>
     <gpxdata:distance>5764.00</gpxdata:distance>
     <gpxdata:speed>1.989</gpxdata:speed>
    </extensions>
   </trkpt>
   <trkpt lat="-21.5773421" lon="-64.7430262">
    <ele>1943</ele>
    <time>2026-03-15T21:16:41Z</time>
    <extensions>
     <gpxdata:hr>127</gpxdata:hr>
     <gpxdata:distance>5766.00</gpxdata:distance>
     <gpxdata:speed>2.025</gpxdata:speed>
    </extensions>
   </trkpt>
   <trkpt lat="-21.5773540" lon="-64.7430457">
    <ele>1944</ele>
    <time>2026-03-15T21:16:42Z</time>
    <extensions>
     <gpxdata:hr>128</gpxdata:hr>
     <gpxdata:distance>5768.00</gpxdata:distance>
     <gpxdata:speed>2.203</gpxdata:speed>
    </extensions>
   </trkpt>
   <trkpt lat="-21.5773660" lon="-64.7430652">
    <ele>1944</ele>
    <time>2026-03-15T21:16:43Z</time>
    <extensions>
     <gpxdata:hr>129</gpxdata:hr>
     <gpxdata:distance>5770.00</gpxdata:distance>
     <gpxdata:speed>2.019</gpxdata:speed>
    </extensions>
   </trkpt>
   <trkpt lat="-21.5773764" lon="-64.7430826">
    <ele>1944</ele>
    <time>2026-03-15T21:16:44Z</time>
    <extensions>
     <gpxdata:hr>129</gpxdata:hr>
     <gpxdata:distance>5772.00</gpxdata:distance>
     <gpxdata:speed>2.069</gpxdata:speed>
    </extensions>
   </trkpt>
   <trkpt lat="-21.5773866" lon="-64.7430997">
    <ele>1944</ele>
    <time>2026-03-15T21:16:45Z</time>
    <extensions>
     <gpxdata:hr>129</gpxdata:hr>
     <gpxdata:distance>5774.00</gpxdata:distance>
     <gpxdata:speed>2.064</gpxdata:speed>
    </extensions>
   </trkpt>
   <trkpt lat="-21.5773968" lon="-64.7431170">
    <ele>1944</ele>
    <time>2026-03-15T21:16:46Z</time>
    <extensions>
     <gpxdata:hr>130</gpxdata:hr>
     <gpxdata:distance>5776.00</gpxdata:distance>
     <gpxdata:speed>2.039</gpxdata:speed>
    </extensions>
   </trkpt>
   <trkpt lat="-21.5774070" lon="-64.7431343">
    <ele>1944</ele>
    <time>2026-03-15T21:16:47Z</time>
    <extensions>
     <gpxdata:hr>130</gpxdata:hr>
     <gpxdata:distance>5778.50</gpxdata:distance>
     <gpxdata:speed>2.139</gpxdata:speed>
    </extensions>
   </trkpt>
   <trkpt lat="-21.5774168" lon="-64.7431516">
    <ele>1944</ele>
    <time>2026-03-15T21:16:48Z</time>
    <extensions>
     <gpxdata:hr>131</gpxdata:hr>
     <gpxdata:distance>5781.00</gpxdata:distance>
     <gpxdata:speed>2.219</gpxdata:speed>
    </extensions>
   </trkpt>
   <trkpt lat="-21.5774266" lon="-64.7431690">
    <ele>1944</ele>
    <time>2026-03-15T21:16:49Z</time>
    <extensions>
     <gpxdata:hr>132</gpxdata:hr>
     <gpxdata:distance>5782.50</gpxdata:distance>
     <gpxdata:speed>2.042</gpxdata:speed>
    </extensions>
   </trkpt>
   <trkpt lat="-21.5774361" lon="-64.7431856">
    <ele>1944</ele>
    <time>2026-03-15T21:16:50Z</time>
    <extensions>
     <gpxdata:hr>133</gpxdata:hr>
     <gpxdata:distance>5784.00</gpxdata:distance>
     <gpxdata:speed>2.000</gpxdata:speed>
    </extensions>
   </trkpt>
   <trkpt lat="-21.5774444" lon="-64.7432025">
    <ele>1944</ele>
    <time>2026-03-15T21:16:51Z</time>
    <extensions>
     <gpxdata:hr>133</gpxdata:hr>
     <gpxdata:distance>5786.00</gpxdata:distance>
     <gpxdata:speed>1.964</gpxdata:speed>
    </extensions>
   </trkpt>
   <trkpt lat="-21.5774502" lon="-64.7432148">
    <ele>1944</ele>
    <time>2026-03-15T21:16:52Z</time>
    <extensions>
     <gpxdata:hr>134</gpxdata:hr>
     <gpxdata:distance>5788.00</gpxdata:distance>
     <gpxdata:speed>1.958</gpxdata:speed>
    </extensions>
   </trkpt>
   <trkpt lat="-21.5774567" lon="-64.7432298">
    <ele>1945</ele>
    <time>2026-03-15T21:16:53Z</time>
    <extensions>
     <gpxdata:hr>134</gpxdata:hr>
     <gpxdata:distance>5790.50</gpxdata:distance>
     <gpxdata:speed>2.036</gpxdata:speed>
    </extensions>
   </trkpt>
   <trkpt lat="-21.5774668" lon="-64.7432526">
    <ele>1945</ele>
    <time>2026-03-15T21:16:54Z</time>
    <extensions>
     <gpxdata:hr>134</gpxdata:hr>
     <gpxdata:distance>5793.00</gpxdata:distance>
     <gpxdata:speed>2.108</gpxdata:speed>
    </extensions>
   </trkpt>
   <trkpt lat="-21.5774759" lon="-64.7432736">
    <ele>1945</ele>
    <time>2026-03-15T21:16:55Z</time>
    <extensions>
     <gpxdata:hr>134</gpxdata:hr>
     <gpxdata:distance>5795.00</gpxdata:distance>
     <gpxdata:speed>2.239</gpxdata:speed>
    </extensions>
   </trkpt>
   <trkpt lat="-21.5774847" lon="-64.7432926">
    <ele>1945</ele>
    <time>2026-03-15T21:16:56Z</time>
    <extensions>
     <gpxdata:hr>134</gpxdata:hr>
     <gpxdata:distance>5797.00</gpxdata:distance>
     <gpxdata:speed>2.117</gpxdata:speed>
    </extensions>
   </trkpt>
   <trkpt lat="-21.5774932" lon="-64.7433109">
    <ele>1945</ele>
    <time>2026-03-15T21:16:57Z</time>
    <extensions>
     <gpxdata:hr>134</gpxdata:hr>
     <gpxdata:distance>5799.00</gpxdata:distance>
     <gpxdata:speed>2.083</gpxdata:speed>
    </extensions>
   </trkpt>
   <trkpt lat="-21.5775016" lon="-64.7433295">
    <ele>1945</ele>
    <time>2026-03-15T21:16:58Z</time>
    <extensions>
     <gpxdata:hr>134</gpxdata:hr>
     <gpxdata:distance>5801.00</gpxdata:distance>
     <gpxdata:speed>2.139</gpxdata:speed>
    </extensions>
   </trkpt>
   <trkpt lat="-21.5775104" lon="-64.7433482">
    <ele>1945</ele>
    <time>2026-03-15T21:16:59Z</time>
    <extensions>
     <gpxdata:hr>134</gpxdata:hr>
     <gpxdata:distance>5803.00</gpxdata:distance>
     <gpxdata:speed>2.175</gpxdata:speed>
    </extensions>
   </trkpt>
   <trkpt lat="-21.5775188" lon="-64.7433668">
    <ele>1945</ele>
    <time>2026-03-15T21:17:00Z</time>
    <extensions>
     <gpxdata:hr>134</gpxdata:hr>
     <gpxdata:distance>5805.00</gpxdata:distance>
     <gpxdata:speed>2.131</gpxdata:speed>
    </extensions>
   </trkpt>
   <trkpt lat="-21.5775270" lon="-64.7433852">
    <ele>1945</ele>
    <time>2026-03-15T21:17:01Z</time>
    <extensions>
     <gpxdata:hr>134</gpxdata:hr>
     <gpxdata:distance>5807.00</gpxdata:distance>
     <gpxdata:speed>2.111</gpxdata:speed>
    </extensions>
   </trkpt>
   <trkpt lat="-21.5775347" lon="-64.7434032">
    <ele>1945</ele>
    <time>2026-03-15T21:17:02Z</time>
    <extensions>
     <gpxdata:hr>134</gpxdata:hr>
     <gpxdata:distance>5809.00</gpxdata:distance>
     <gpxdata:speed>2.025</gpxdata:speed>
    </extensions>
   </trkpt>
   <trkpt lat="-21.5775430" lon="-64.7434216">
    <ele>1945</ele>
    <time>2026-03-15T21:17:03Z</time>
    <extensions>
     <gpxdata:hr>134</gpxdata:hr>
     <gpxdata:distance>5811.50</gpxdata:distance>
     <gpxdata:speed>2.117</gpxdata:speed>
    </extensions>
   </trkpt>
   <trkpt lat="-21.5775518" lon="-64.7434405">
    <ele>1946</ele>
    <time>2026-03-15T21:17:04Z</time>
    <extensions>
     <gpxdata:hr>134</gpxdata:hr>
     <gpxdata:distance>5814.00</gpxdata:distance>
     <gpxdata:speed>2.222</gpxdata:speed>
    </extensions>
   </trkpt>
   <trkpt lat="-21.5775598" lon="-64.7434585">
    <ele>1946</ele>
    <time>2026-03-15T21:17:05Z</time>
    <extensions>
     <gpxdata:hr>135</gpxdata:hr>
     <gpxdata:distance>5816.00</gpxdata:distance>
     <gpxdata:speed>2.042</gpxdata:speed>
    </extensions>
   </trkpt>
   <trkpt lat="-21.5775681" lon="-64.7434768">
    <ele>1946</ele>
    <time>2026-03-15T21:17:06Z</time>
    <extensions>
     <gpxdata:hr>135</gpxdata:hr>
     <gpxdata:distance>5818.00</gpxdata:distance>
     <gpxdata:speed>2.106</gpxdata:speed>
    </extensions>
   </trkpt>
   <trkpt lat="-21.5775760" lon="-64.7434957">
    <ele>1946</ele>
    <time>2026-03-15T21:17:07Z</time>
    <extensions>
     <gpxdata:hr>135</gpxdata:hr>
     <gpxdata:distance>5820.00</gpxdata:distance>
     <gpxdata:speed>2.150</gpxdata:speed>
    </extensions>
   </trkpt>
   <trkpt lat="-21.5775826" lon="-64.7435145">
    <ele>1946</ele>
    <time>2026-03-15T21:17:08Z</time>
    <extensions>
     <gpxdata:hr>135</gpxdata:hr>
     <gpxdata:distance>5822.00</gpxdata:distance>
     <gpxdata:speed>2.075</gpxdata:speed>
    </extensions>
   </trkpt>
   <trkpt lat="-21.5775893" lon="-64.7435328">
    <ele>1946</ele>
    <time>2026-03-15T21:17:09Z</time>
    <extensions>
     <gpxdata:hr>135</gpxdata:hr>
     <gpxdata:distance>5824.00</gpxdata:distance>
     <gpxdata:speed>2.011</gpxdata:speed>
    </extensions>
   </trkpt>
   <trkpt lat="-21.5775960" lon="-64.7435513">
    <ele>1946</ele>
    <time>2026-03-15T21:17:10Z</time>
    <extensions>
     <gpxdata:hr>135</gpxdata:hr>
     <gpxdata:distance>5826.00</gpxdata:distance>
     <gpxdata:speed>2.058</gpxdata:speed>
    </extensions>
   </trkpt>
   <trkpt lat="-21.5776028" lon="-64.7435704">
    <ele>1946</ele>
    <time>2026-03-15T21:17:11Z</time>
    <extensions>
     <gpxdata:hr>135</gpxdata:hr>
     <gpxdata:distance>5828.00</gpxdata:distance>
     <gpxdata:speed>2.122</gpxdata:speed>
    </extensions>
   </trkpt>
   <trkpt lat="-21.5776100" lon="-64.7435889">
    <ele>1946</ele>
    <time>2026-03-15T21:17:12Z</time>
    <extensions>
     <gpxdata:hr>135</gpxdata:hr>
     <gpxdata:distance>5830.00</gpxdata:distance>
     <gpxdata:speed>2.075</gpxdata:speed>
    </extensions>
   </trkpt>
   <trkpt lat="-21.5776176" lon="-64.7436072">
    <ele>1946</ele>
    <time>2026-03-15T21:17:13Z</time>
    <extensions>
     <gpxdata:hr>135</gpxdata:hr>
     <gpxdata:distance>5832.50</gpxdata:distance>
     <gpxdata:speed>2.078</gpxdata:speed>
    </extensions>
   </trkpt>
   <trkpt lat="-21.5776250" lon="-64.7436255">
    <ele>1946</ele>
    <time>2026-03-15T21:17:14Z</time>
    <extensions>
     <gpxdata:hr>134</gpxdata:hr>
     <gpxdata:distance>5835.00</gpxdata:distance>
     <gpxdata:speed>2.058</gpxdata:speed>
    </extensions>
   </trkpt>
   <trkpt lat="-21.5776322" lon="-64.7436438">
    <ele>1946</ele>
    <time>2026-03-15T21:17:15Z</time>
    <extensions>
     <gpxdata:hr>134</gpxdata:hr>
     <gpxdata:distance>5837.00</gpxdata:distance>
     <gpxdata:speed>2.050</gpxdata:speed>
    </extensions>
   </trkpt>
   <trkpt lat="-21.5776397" lon="-64.7436616">
    <ele>1947</ele>
    <time>2026-03-15T21:17:16Z</time>
    <extensions>
     <gpxdata:hr>134</gpxdata:hr>
     <gpxdata:distance>5839.00</gpxdata:distance>
     <gpxdata:speed>2.011</gpxdata:speed>
    </extensions>
   </trkpt>
   <trkpt lat="-21.5776470" lon="-64.7436795">
    <ele>1947</ele>
    <time>2026-03-15T21:17:17Z</time>
    <extensions>
     <gpxdata:hr>134</gpxdata:hr>
     <gpxdata:distance>5841.00</gpxdata:distance>
     <gpxdata:speed>2.011</gpxdata:speed>
    </extensions>
   </trkpt>
   <trkpt lat="-21.5776545" lon="-64.7436984">
    <ele>1947</ele>
    <time>2026-03-15T21:17:18Z</time>
    <extensions>
     <gpxdata:hr>135</gpxdata:hr>
     <gpxdata:distance>5843.00</gpxdata:distance>
     <gpxdata:speed>2.156</gpxdata:speed>
    </extensions>
   </trkpt>
   <trkpt lat="-21.5776623" lon="-64.7437156">
    <ele>1947</ele>
    <time>2026-03-15T21:17:19Z</time>
    <extensions>
     <gpxdata:hr>135</gpxdata:hr>
     <gpxdata:distance>5845.00</gpxdata:distance>
     <gpxdata:speed>1.956</gpxdata:speed>
    </extensions>
   </trkpt>
   <trkpt lat="-21.5776678" lon="-64.7437283">
    <ele>1947</ele>
    <time>2026-03-15T21:17:20Z</time>
    <extensions>
     <gpxdata:hr>135</gpxdata:hr>
     <gpxdata:distance>5847.00</gpxdata:distance>
     <gpxdata:speed>1.989</gpxdata:speed>
    </extensions>
   </trkpt>
   <trkpt lat="-21.5776744" lon="-64.7437434">
    <ele>1947</ele>
    <time>2026-03-15T21:17:21Z</time>
    <extensions>
     <gpxdata:hr>134</gpxdata:hr>
     <gpxdata:distance>5849.00</gpxdata:distance>
     <gpxdata:speed>2.039</gpxdata:speed>
    </extensions>
   </trkpt>
   <trkpt lat="-21.5776838" lon="-64.7437661">
    <ele>1947</ele>
    <time>2026-03-15T21:17:22Z</time>
    <extensions>
     <gpxdata:hr>134</gpxdata:hr>
     <gpxdata:distance>5851.00</gpxdata:distance>
     <gpxdata:speed>2.050</gpxdata:speed>
    </extensions>
   </trkpt>
   <trkpt lat="-21.5776913" lon="-64.7437861">
    <ele>1947</ele>
    <time>2026-03-15T21:17:23Z</time>
    <extensions>
     <gpxdata:hr>134</gpxdata:hr>
     <gpxdata:distance>5853.00</gpxdata:distance>
     <gpxdata:speed>2.022</gpxdata:speed>
    </extensions>
   </trkpt>
   <trkpt lat="-21.5776976" lon="-64.7438050">
    <ele>1947</ele>
    <time>2026-03-15T21:17:24Z</time>
    <extensions>
     <gpxdata:hr>134</gpxdata:hr>
     <gpxdata:distance>5855.00</gpxdata:distance>
     <gpxdata:speed>2.000</gpxdata:speed>
    </extensions>
   </trkpt>
   <trkpt lat="-21.5777033" lon="-64.7438240">
    <ele>1947</ele>
    <time>2026-03-15T21:17:25Z</time>
    <extensions>
     <gpxdata:hr>133</gpxdata:hr>
     <gpxdata:distance>5857.00</gpxdata:distance>
     <gpxdata:speed>2.044</gpxdata:speed>
    </extensions>
   </trkpt>
   <trkpt lat="-21.5777096" lon="-64.7438434">
    <ele>1947</ele>
    <time>2026-03-15T21:17:26Z</time>
    <extensions>
     <gpxdata:hr>132</gpxdata:hr>
     <gpxdata:distance>5859.00</gpxdata:distance>
     <gpxdata:speed>2.131</gpxdata:speed>
    </extensions>
   </trkpt>
   <trkpt lat="-21.5777162" lon="-64.7438643">
    <ele>1947</ele>
    <time>2026-03-15T21:17:27Z</time>
    <extensions>
     <gpxdata:hr>132</gpxdata:hr>
     <gpxdata:distance>5861.50</gpxdata:distance>
     <gpxdata:speed>2.347</gpxdata:speed>
    </extensions>
   </trkpt>
   <trkpt lat="-21.5777224" lon="-64.7438845">
    <ele>1947</ele>
    <time>2026-03-15T21:17:28Z</time>
    <extensions>
     <gpxdata:hr>131</gpxdata:hr>
     <gpxdata:distance>5864.00</gpxdata:distance>
     <gpxdata:speed>2.214</gpxdata:speed>
    </extensions>
   </trkpt>
   <trkpt lat="-21.5777278" lon="-64.7439045">
    <ele>1947</ele>
    <time>2026-03-15T21:17:29Z</time>
    <extensions>
     <gpxdata:hr>129</gpxdata:hr>
     <gpxdata:distance>5866.00</gpxdata:distance>
     <gpxdata:speed>2.136</gpxdata:speed>
    </extensions>
   </trkpt>
   <trkpt lat="-21.5777328" lon="-64.7439244">
    <ele>1947</ele>
    <time>2026-03-15T21:17:30Z</time>
    <extensions>
     <gpxdata:hr>129</gpxdata:hr>
     <gpxdata:distance>5868.00</gpxdata:distance>
     <gpxdata:speed>2.122</gpxdata:speed>
    </extensions>
   </trkpt>
   <trkpt lat="-21.5777377" lon="-64.7439447">
    <ele>1948</ele>
    <time>2026-03-15T21:17:31Z</time>
    <extensions>
     <gpxdata:hr>128</gpxdata:hr>
     <gpxdata:distance>5870.50</gpxdata:distance>
     <gpxdata:speed>2.183</gpxdata:speed>
    </extensions>
   </trkpt>
   <trkpt lat="-21.5777427" lon="-64.7439656">
    <ele>1948</ele>
    <time>2026-03-15T21:17:32Z</time>
    <extensions>
     <gpxdata:hr>130</gpxdata:hr>
     <gpxdata:distance>5873.00</gpxdata:distance>
     <gpxdata:speed>2.203</gpxdata:speed>
    </extensions>
   </trkpt>
   <trkpt lat="-21.5777470" lon="-64.7439872">
    <ele>1948</ele>
    <time>2026-03-15T21:17:33Z</time>
    <extensions>
     <gpxdata:hr>130</gpxdata:hr>
     <gpxdata:distance>5875.00</gpxdata:distance>
     <gpxdata:speed>2.331</gpxdata:speed>
    </extensions>
   </trkpt>
   <trkpt lat="-21.5777513" lon="-64.7440089">
    <ele>1948</ele>
    <time>2026-03-15T21:17:34Z</time>
    <extensions>
     <gpxdata:hr>130</gpxdata:hr>
     <gpxdata:distance>5877.00</gpxdata:distance>
     <gpxdata:speed>2.339</gpxdata:speed>
    </extensions>
   </trkpt>
   <trkpt lat="-21.5777559" lon="-64.7440313">
    <ele>1948</ele>
    <time>2026-03-15T21:17:35Z</time>
    <extensions>
     <gpxdata:hr>129</gpxdata:hr>
     <gpxdata:distance>5879.50</gpxdata:distance>
     <gpxdata:speed>2.406</gpxdata:speed>
    </extensions>
   </trkpt>
   <trkpt lat="-21.5777609" lon="-64.7440535">
    <ele>1948</ele>
    <time>2026-03-15T21:17:36Z</time>
    <extensions>
     <gpxdata:hr>127</gpxdata:hr>
     <gpxdata:distance>5882.00</gpxdata:distance>
     <gpxdata:speed>2.386</gpxdata:speed>
    </extensions>
   </trkpt>
   <trkpt lat="-21.5777659" lon="-64.7440756">
    <ele>1948</ele>
    <time>2026-03-15T21:17:37Z</time>
    <extensions>
     <gpxdata:hr>126</gpxdata:hr>
     <gpxdata:distance>5884.50</gpxdata:distance>
     <gpxdata:speed>2.356</gpxdata:speed>
    </extensions>
   </trkpt>
   <trkpt lat="-21.5777709" lon="-64.7440975">
    <ele>1948</ele>
    <time>2026-03-15T21:17:38Z</time>
    <extensions>
     <gpxdata:hr>125</gpxdata:hr>
     <gpxdata:distance>5887.00</gpxdata:distance>
     <gpxdata:speed>2.333</gpxdata:speed>
    </extensions>
   </trkpt>
   <trkpt lat="-21.5777764" lon="-64.7441197">
    <ele>1948</ele>
    <time>2026-03-15T21:17:39Z</time>
    <extensions>
     <gpxdata:hr>124</gpxdata:hr>
     <gpxdata:distance>5889.50</gpxdata:distance>
     <gpxdata:speed>2.394</gpxdata:speed>
    </extensions>
   </trkpt>
   <trkpt lat="-21.5777814" lon="-64.7441428">
    <ele>1948</ele>
    <time>2026-03-15T21:17:40Z</time>
    <extensions>
     <gpxdata:hr>125</gpxdata:hr>
     <gpxdata:distance>5892.00</gpxdata:distance>
     <gpxdata:speed>2.481</gpxdata:speed>
    </extensions>
   </trkpt>
   <trkpt lat="-21.5777858" lon="-64.7441666">
    <ele>1948</ele>
    <time>2026-03-15T21:17:41Z</time>
    <extensions>
     <gpxdata:hr>125</gpxdata:hr>
     <gpxdata:distance>5894.50</gpxdata:distance>
     <gpxdata:speed>2.547</gpxdata:speed>
    </extensions>
   </trkpt>
   <trkpt lat="-21.5777898" lon="-64.7441910">
    <ele>1948</ele>
    <time>2026-03-15T21:17:42Z</time>
    <extensions>
     <gpxdata:hr>124</gpxdata:hr>
     <gpxdata:distance>5897.00</gpxdata:distance>
     <gpxdata:speed>2.589</gpxdata:speed>
    </extensions>
   </trkpt>
   <trkpt lat="-21.5777939" lon="-64.7442161">
    <ele>1948</ele>
    <time>2026-03-15T21:17:43Z</time>
    <extensions>
     <gpxdata:hr>124</gpxdata:hr>
     <gpxdata:distance>5900.00</gpxdata:distance>
     <gpxdata:speed>2.681</gpxdata:speed>
    </extensions>
   </trkpt>
   <trkpt lat="-21.5777979" lon="-64.7442422">
    <ele>1948</ele>
    <time>2026-03-15T21:17:44Z</time>
    <extensions>
     <gpxdata:hr>126</gpxdata:hr>
     <gpxdata:distance>5903.00</gpxdata:distance>
     <gpxdata:speed>2.797</gpxdata:speed>
    </extensions>
   </trkpt>
   <trkpt lat="-21.5778017" lon="-64.7442697">
    <ele>1948</ele>
    <time>2026-03-15T21:17:45Z</time>
    <extensions>
     <gpxdata:hr>127</gpxdata:hr>
     <gpxdata:distance>5906.00</gpxdata:distance>
     <gpxdata:speed>2.942</gpxdata:speed>
    </extensions>
   </trkpt>
   <trkpt lat="-21.5778053" lon="-64.7442986">
    <ele>1948</ele>
    <time>2026-03-15T21:17:46Z</time>
    <extensions>
     <gpxdata:hr>127</gpxdata:hr>
     <gpxdata:distance>5909.00</gpxdata:distance>
     <gpxdata:speed>3.106</gpxdata:speed>
    </extensions>
   </trkpt>
   <trkpt lat="-21.5778117" lon="-64.7443511">
    <ele>1948</ele>
    <time>2026-03-15T21:17:47Z</time>
    <extensions>
     <gpxdata:hr>127</gpxdata:hr>
     <gpxdata:distance>5913.00</gpxdata:distance>
     <gpxdata:speed>3.522</gpxdata:speed>
    </extensions>
   </trkpt>
   <trkpt lat="-21.5778160" lon="-64.7443879">
    <ele>1948</ele>
    <time>2026-03-15T21:17:48Z</time>
    <extensions>
     <gpxdata:hr>127</gpxdata:hr>
     <gpxdata:distance>5917.00</gpxdata:distance>
     <gpxdata:speed>3.486</gpxdata:speed>
    </extensions>
   </trkpt>
   <trkpt lat="-21.5778197" lon="-64.7444243">
    <ele>1948</ele>
    <time>2026-03-15T21:17:49Z</time>
    <extensions>
     <gpxdata:hr>127</gpxdata:hr>
     <gpxdata:distance>5921.00</gpxdata:distance>
     <gpxdata:speed>3.714</gpxdata:speed>
    </extensions>
   </trkpt>
   <trkpt lat="-21.5778238" lon="-64.7444623">
    <ele>1948</ele>
    <time>2026-03-15T21:17:50Z</time>
    <extensions>
     <gpxdata:hr>126</gpxdata:hr>
     <gpxdata:distance>5925.00</gpxdata:distance>
     <gpxdata:speed>3.933</gpxdata:speed>
    </extensions>
   </trkpt>
   <trkpt lat="-21.5778284" lon="-64.7445028">
    <ele>1948</ele>
    <time>2026-03-15T21:17:51Z</time>
    <extensions>
     <gpxdata:hr>127</gpxdata:hr>
     <gpxdata:distance>5929.50</gpxdata:distance>
     <gpxdata:speed>4.192</gpxdata:speed>
    </extensions>
   </trkpt>
   <trkpt lat="-21.5778332" lon="-64.7445455">
    <ele>1948</ele>
    <time>2026-03-15T21:17:52Z</time>
    <extensions>
     <gpxdata:hr>125</gpxdata:hr>
     <gpxdata:distance>5934.00</gpxdata:distance>
     <gpxdata:speed>4.433</gpxdata:speed>
    </extensions>
   </trkpt>
   <trkpt lat="-21.5778381" lon="-64.7445903">
    <ele>1948</ele>
    <time>2026-03-15T21:17:53Z</time>
    <extensions>
     <gpxdata:hr>121</gpxdata:hr>
     <gpxdata:distance>5939.00</gpxdata:distance>
     <gpxdata:speed>4.644</gpxdata:speed>
    </extensions>
   </trkpt>
   <trkpt lat="-21.5778444" lon="-64.7446376">
    <ele>1948</ele>
    <time>2026-03-15T21:17:54Z</time>
    <extensions>
     <gpxdata:hr>114</gpxdata:hr>
     <gpxdata:distance>5944.00</gpxdata:distance>
     <gpxdata:speed>4.911</gpxdata:speed>
    </extensions>
   </trkpt>
   <trkpt lat="-21.5778530" lon="-64.7446871">
    <ele>1948</ele>
    <time>2026-03-15T21:17:55Z</time>
    <extensions>
     <gpxdata:hr>115</gpxdata:hr>
     <gpxdata:distance>5950.00</gpxdata:distance>
     <gpxdata:speed>5.178</gpxdata:speed>
    </extensions>
   </trkpt>
   <trkpt lat="-21.5778646" lon="-64.7447392">
    <ele>1948</ele>
    <time>2026-03-15T21:17:56Z</time>
    <extensions>
     <gpxdata:hr>115</gpxdata:hr>
     <gpxdata:distance>5956.00</gpxdata:distance>
     <gpxdata:speed>5.508</gpxdata:speed>
    </extensions>
   </trkpt>
   <trkpt lat="-21.5778813" lon="-64.7447981">
    <ele>1947</ele>
    <time>2026-03-15T21:17:57Z</time>
    <extensions>
     <gpxdata:hr>115</gpxdata:hr>
     <gpxdata:distance>5962.50</gpxdata:distance>
     <gpxdata:speed>6.300</gpxdata:speed>
    </extensions>
   </trkpt>
   <trkpt lat="-21.5779061" lon="-64.7448760">
    <ele>1947</ele>
    <time>2026-03-15T21:17:58Z</time>
    <extensions>
     <gpxdata:hr>115</gpxdata:hr>
     <gpxdata:distance>5969.00</gpxdata:distance>
     <gpxdata:speed>6.350</gpxdata:speed>
    </extensions>
   </trkpt>
   <trkpt lat="-21.5779299" lon="-64.7449399">
    <ele>1947</ele>
    <time>2026-03-15T21:17:59Z</time>
    <extensions>
     <gpxdata:hr>115</gpxdata:hr>
     <gpxdata:distance>5977.00</gpxdata:distance>
     <gpxdata:speed>6.714</gpxdata:speed>
    </extensions>
   </trkpt>
   <trkpt lat="-21.5779579" lon="-64.7450063">
    <ele>1946</ele>
    <time>2026-03-15T21:18:00Z</time>
    <extensions>
     <gpxdata:hr>115</gpxdata:hr>
     <gpxdata:distance>5985.00</gpxdata:distance>
     <gpxdata:speed>7.275</gpxdata:speed>
    </extensions>
   </trkpt>
   <trkpt lat="-21.5779910" lon="-64.7450760">
    <ele>1946</ele>
    <time>2026-03-15T21:18:01Z</time>
    <extensions>
     <gpxdata:hr>115</gpxdata:hr>
     <gpxdata:distance>5994.50</gpxdata:distance>
     <gpxdata:speed>7.831</gpxdata:speed>
    </extensions>
   </trkpt>
   <trkpt lat="-21.5780317" lon="-64.7451561">
    <ele>1946</ele>
    <time>2026-03-15T21:18:02Z</time>
    <extensions>
     <gpxdata:hr>114</gpxdata:hr>
     <gpxdata:distance>6004.00</gpxdata:distance>
     <gpxdata:speed>8.972</gpxdata:speed>
    </extensions>
   </trkpt>
   <trkpt lat="-21.5780722" lon="-64.7452314">
    <ele>1945</ele>
    <time>2026-03-15T21:18:03Z</time>
    <extensions>
     <gpxdata:hr>115</gpxdata:hr>
     <gpxdata:distance>6012.50</gpxdata:distance>
     <gpxdata:speed>8.864</gpxdata:speed>
    </extensions>
   </trkpt>
   <trkpt lat="-21.5781150" lon="-64.7453089">
    <ele>1945</ele>
    <time>2026-03-15T21:18:04Z</time>
    <extensions>
     <gpxdata:hr>115</gpxdata:hr>
     <gpxdata:distance>6021.00</gpxdata:distance>
     <gpxdata:speed>9.175</gpxdata:speed>
    </extensions>
   </trkpt>
   <trkpt lat="-21.5781649" lon="-64.7453966">
    <ele>1945</ele>
    <time>2026-03-15T21:18:05Z</time>
    <extensions>
     <gpxdata:hr>115</gpxdata:hr>
     <gpxdata:distance>6032.50</gpxdata:distance>
     <gpxdata:speed>10.242</gpxdata:speed>
    </extensions>
   </trkpt>
   <trkpt lat="-21.5782164" lon="-64.7454845">
    <ele>1945</ele>
    <time>2026-03-15T21:18:06Z</time>
    <extensions>
     <gpxdata:hr>115</gpxdata:hr>
     <gpxdata:distance>6044.00</gpxdata:distance>
     <gpxdata:speed>10.514</gpxdata:speed>
    </extensions>
   </trkpt>
   <trkpt lat="-21.5782692" lon="-64.7455713">
    <ele>1944</ele>
    <time>2026-03-15T21:18:07Z</time>
    <extensions>
     <gpxdata:hr>115</gpxdata:hr>
     <gpxdata:distance>6053.50</gpxdata:distance>
     <gpxdata:speed>10.614</gpxdata:speed>
    </extensions>
   </trkpt>
   <trkpt lat="-21.5783173" lon="-64.7456494">
    <ele>1944</ele>
    <time>2026-03-15T21:18:08Z</time>
    <extensions>
     <gpxdata:hr>115</gpxdata:hr>
     <gpxdata:distance>6063.00</gpxdata:distance>
     <gpxdata:speed>9.881</gpxdata:speed>
    </extensions>
   </trkpt>
   <trkpt lat="-21.5783669" lon="-64.7457305">
    <ele>1943</ele>
    <time>2026-03-15T21:18:09Z</time>
    <extensions>
     <gpxdata:hr>115</gpxdata:hr>
     <gpxdata:distance>6073.50</gpxdata:distance>
     <gpxdata:speed>10.058</gpxdata:speed>
    </extensions>
   </trkpt>
   <trkpt lat="-21.5784178" lon="-64.7458139">
    <ele>1943</ele>
    <time>2026-03-15T21:18:10Z</time>
    <extensions>
     <gpxdata:hr>113</gpxdata:hr>
     <gpxdata:distance>6084.00</gpxdata:distance>
     <gpxdata:speed>10.264</gpxdata:speed>
    </extensions>
   </trkpt>
   <trkpt lat="-21.5784731" lon="-64.7459055">
    <ele>1942</ele>
    <time>2026-03-15T21:18:11Z</time>
    <extensions>
     <gpxdata:hr>112</gpxdata:hr>
     <gpxdata:distance>6095.00</gpxdata:distance>
     <gpxdata:speed>11.039</gpxdata:speed>
    </extensions>
   </trkpt>
   <trkpt lat="-21.5785262" lon="-64.7459942">
    <ele>1942</ele>
    <time>2026-03-15T21:18:12Z</time>
    <extensions>
     <gpxdata:hr>111</gpxdata:hr>
     <gpxdata:distance>6106.00</gpxdata:distance>
     <gpxdata:speed>10.869</gpxdata:speed>
    </extensions>
   </trkpt>
   <trkpt lat="-21.5785721" lon="-64.7460714">
    <ele>1942</ele>
    <time>2026-03-15T21:18:13Z</time>
    <extensions>
     <gpxdata:hr>110</gpxdata:hr>
     <gpxdata:distance>6115.00</gpxdata:distance>
     <gpxdata:speed>9.806</gpxdata:speed>
    </extensions>
   </trkpt>
   <trkpt lat="-21.5786160" lon="-64.7461460">
    <ele>1942</ele>
    <time>2026-03-15T21:18:14Z</time>
    <extensions>
     <gpxdata:hr>110</gpxdata:hr>
     <gpxdata:distance>6124.00</gpxdata:distance>
     <gpxdata:speed>9.392</gpxdata:speed>
    </extensions>
   </trkpt>
   <trkpt lat="-21.5786638" lon="-64.7462278">
    <ele>1942</ele>
    <time>2026-03-15T21:18:15Z</time>
    <extensions>
     <gpxdata:hr>110</gpxdata:hr>
     <gpxdata:distance>6133.00</gpxdata:distance>
     <gpxdata:speed>9.925</gpxdata:speed>
    </extensions>
   </trkpt>
   <trkpt lat="-21.5787055" lon="-64.7463009">
    <ele>1942</ele>
    <time>2026-03-15T21:18:16Z</time>
    <extensions>
     <gpxdata:hr>110</gpxdata:hr>
     <gpxdata:distance>6142.00</gpxdata:distance>
     <gpxdata:speed>9.108</gpxdata:speed>
    </extensions>
   </trkpt>
   <trkpt lat="-21.5787452" lon="-64.7463715">
    <ele>1941</ele>
    <time>2026-03-15T21:18:17Z</time>
    <extensions>
     <gpxdata:hr>108</gpxdata:hr>
     <gpxdata:distance>6150.50</gpxdata:distance>
     <gpxdata:speed>8.742</gpxdata:speed>
    </extensions>
   </trkpt>
   <trkpt lat="-21.5787845" lon="-64.7464411">
    <ele>1941</ele>
    <time>2026-03-15T21:18:18Z</time>
    <extensions>
     <gpxdata:hr>107</gpxdata:hr>
     <gpxdata:distance>6159.00</gpxdata:distance>
     <gpxdata:speed>8.567</gpxdata:speed>
    </extensions>
   </trkpt>
   <trkpt lat="-21.5788232" lon="-64.7465091">
    <ele>1941</ele>
    <time>2026-03-15T21:18:19Z</time>
    <extensions>
     <gpxdata:hr>106</gpxdata:hr>
     <gpxdata:distance>6167.00</gpxdata:distance>
     <gpxdata:speed>8.364</gpxdata:speed>
    </extensions>
   </trkpt>
   <trkpt lat="-21.5788624" lon="-64.7465745">
    <ele>1942</ele>
    <time>2026-03-15T21:18:20Z</time>
    <extensions>
     <gpxdata:hr>105</gpxdata:hr>
     <gpxdata:distance>6175.00</gpxdata:distance>
     <gpxdata:speed>8.156</gpxdata:speed>
    </extensions>
   </trkpt>
   <trkpt lat="-21.5789043" lon="-64.7466437">
    <ele>1941</ele>
    <time>2026-03-15T21:18:21Z</time>
    <extensions>
     <gpxdata:hr>105</gpxdata:hr>
     <gpxdata:distance>6183.00</gpxdata:distance>
     <gpxdata:speed>8.486</gpxdata:speed>
    </extensions>
   </trkpt>
   <trkpt lat="-21.5789412" lon="-64.7467032">
    <ele>1941</ele>
    <time>2026-03-15T21:18:22Z</time>
    <extensions>
     <gpxdata:hr>105</gpxdata:hr>
     <gpxdata:distance>6191.00</gpxdata:distance>
     <gpxdata:speed>7.647</gpxdata:speed>
    </extensions>
   </trkpt>
   <trkpt lat="-21.5789763" lon="-64.7467609">
    <ele>1941</ele>
    <time>2026-03-15T21:18:23Z</time>
    <extensions>
     <gpxdata:hr>105</gpxdata:hr>
     <gpxdata:distance>6198.00</gpxdata:distance>
     <gpxdata:speed>7.325</gpxdata:speed>
    </extensions>
   </trkpt>
   <trkpt lat="-21.5790092" lon="-64.7468192">
    <ele>1942</ele>
    <time>2026-03-15T21:18:24Z</time>
    <extensions>
     <gpxdata:hr>105</gpxdata:hr>
     <gpxdata:distance>6205.00</gpxdata:distance>
     <gpxdata:speed>7.178</gpxdata:speed>
    </extensions>
   </trkpt>
   <trkpt lat="-21.5790458" lon="-64.7468828">
    <ele>1942</ele>
    <time>2026-03-15T21:18:25Z</time>
    <extensions>
     <gpxdata:hr>105</gpxdata:hr>
     <gpxdata:distance>6212.50</gpxdata:distance>
     <gpxdata:speed>7.642</gpxdata:speed>
    </extensions>
   </trkpt>
   <trkpt lat="-21.5790815" lon="-64.7469436">
    <ele>1942</ele>
    <time>2026-03-15T21:18:26Z</time>
    <extensions>
     <gpxdata:hr>105</gpxdata:hr>
     <gpxdata:distance>6220.00</gpxdata:distance>
     <gpxdata:speed>7.458</gpxdata:speed>
    </extensions>
   </trkpt>
   <trkpt lat="-21.5791136" lon="-64.7469942">
    <ele>1942</ele>
    <time>2026-03-15T21:18:27Z</time>
    <extensions>
     <gpxdata:hr>105</gpxdata:hr>
     <gpxdata:distance>6226.50</gpxdata:distance>
     <gpxdata:speed>6.614</gpxdata:speed>
    </extensions>
   </trkpt>
   <trkpt lat="-21.5791471" lon="-64.7470493">
    <ele>1942</ele>
    <time>2026-03-15T21:18:28Z</time>
    <extensions>
     <gpxdata:hr>105</gpxdata:hr>
     <gpxdata:distance>6233.00</gpxdata:distance>
     <gpxdata:speed>6.844</gpxdata:speed>
    </extensions>
   </trkpt>
   <trkpt lat="-21.5791800" lon="-64.7471036">
    <ele>1942</ele>
    <time>2026-03-15T21:18:29Z</time>
    <extensions>
     <gpxdata:hr>104</gpxdata:hr>
     <gpxdata:distance>6239.00</gpxdata:distance>
     <gpxdata:speed>6.747</gpxdata:speed>
    </extensions>
   </trkpt>
   <trkpt lat="-21.5792075" lon="-64.7471510">
    <ele>1942</ele>
    <time>2026-03-15T21:18:30Z</time>
    <extensions>
     <gpxdata:hr>103</gpxdata:hr>
     <gpxdata:distance>6245.00</gpxdata:distance>
     <gpxdata:speed>6.033</gpxdata:speed>
    </extensions>
   </trkpt>
   <trkpt lat="-21.5792343" lon="-64.7471982">
    <ele>1942</ele>
    <time>2026-03-15T21:18:31Z</time>
    <extensions>
     <gpxdata:hr>101</gpxdata:hr>
     <gpxdata:distance>6251.50</gpxdata:distance>
     <gpxdata:speed>5.864</gpxdata:speed>
    </extensions>
   </trkpt>
   <trkpt lat="-21.5792556" lon="-64.7472354">
    <ele>1942</ele>
    <time>2026-03-15T21:18:32Z</time>
    <extensions>
     <gpxdata:hr>100</gpxdata:hr>
     <gpxdata:distance>6258.00</gpxdata:distance>
     <gpxdata:speed>6.197</gpxdata:speed>
    </extensions>
   </trkpt>
   <trkpt lat="-21.5792889" lon="-64.7472919">
    <ele>1942</ele>
    <time>2026-03-15T21:18:33Z</time>
    <extensions>
     <gpxdata:hr>99</gpxdata:hr>
     <gpxdata:distance>6263.00</gpxdata:distance>
     <gpxdata:speed>5.631</gpxdata:speed>
    </extensions>
   </trkpt>
   <trkpt lat="-21.5793107" lon="-64.7473269">
    <ele>1942</ele>
    <time>2026-03-15T21:18:34Z</time>
    <extensions>
     <gpxdata:hr>99</gpxdata:hr>
     <gpxdata:distance>6268.00</gpxdata:distance>
     <gpxdata:speed>5.797</gpxdata:speed>
    </extensions>
   </trkpt>
   <trkpt lat="-21.5793348" lon="-64.7473651">
    <ele>1942</ele>
    <time>2026-03-15T21:18:35Z</time>
    <extensions>
     <gpxdata:hr>99</gpxdata:hr>
     <gpxdata:distance>6273.00</gpxdata:distance>
     <gpxdata:speed>5.194</gpxdata:speed>
    </extensions>
   </trkpt>
   <trkpt lat="-21.5793592" lon="-64.7474050">
    <ele>1943</ele>
    <time>2026-03-15T21:18:36Z</time>
    <extensions>
     <gpxdata:hr>99</gpxdata:hr>
     <gpxdata:distance>6278.00</gpxdata:distance>
     <gpxdata:speed>5.072</gpxdata:speed>
    </extensions>
   </trkpt>
   <trkpt lat="-21.5793838" lon="-64.7474444">
    <ele>1943</ele>
    <time>2026-03-15T21:18:37Z</time>
    <extensions>
     <gpxdata:hr>100</gpxdata:hr>
     <gpxdata:distance>6282.50</gpxdata:distance>
     <gpxdata:speed>4.958</gpxdata:speed>
    </extensions>
   </trkpt>
   <trkpt lat="-21.5794085" lon="-64.7474826">
    <ele>1943</ele>
    <time>2026-03-15T21:18:38Z</time>
    <extensions>
     <gpxdata:hr>101</gpxdata:hr>
     <gpxdata:distance>6287.00</gpxdata:distance>
     <gpxdata:speed>4.842</gpxdata:speed>
    </extensions>
   </trkpt>
   <trkpt lat="-21.5794333" lon="-64.7475181">
    <ele>1943</ele>
    <time>2026-03-15T21:18:39Z</time>
    <extensions>
     <gpxdata:hr>101</gpxdata:hr>
     <gpxdata:distance>6291.50</gpxdata:distance>
     <gpxdata:speed>4.619</gpxdata:speed>
    </extensions>
   </trkpt>
   <trkpt lat="-21.5794576" lon="-64.7475520">
    <ele>1943</ele>
    <time>2026-03-15T21:18:40Z</time>
    <extensions>
     <gpxdata:hr>103</gpxdata:hr>
     <gpxdata:distance>6296.00</gpxdata:distance>
     <gpxdata:speed>4.458</gpxdata:speed>
    </extensions>
   </trkpt>
   <trkpt lat="-21.5794827" lon="-64.7475841">
    <ele>1943</ele>
    <time>2026-03-15T21:18:41Z</time>
    <extensions>
     <gpxdata:hr>103</gpxdata:hr>
     <gpxdata:distance>6300.00</gpxdata:distance>
     <gpxdata:speed>4.353</gpxdata:speed>
    </extensions>
   </trkpt>
   <trkpt lat="-21.5795073" lon="-64.7476150">
    <ele>1943</ele>
    <time>2026-03-15T21:18:42Z</time>
    <extensions>
     <gpxdata:hr>103</gpxdata:hr>
     <gpxdata:distance>6304.00</gpxdata:distance>
     <gpxdata:speed>4.222</gpxdata:speed>
    </extensions>
   </trkpt>
   <trkpt lat="-21.5795332" lon="-64.7476477">
    <ele>1943</ele>
    <time>2026-03-15T21:18:43Z</time>
    <extensions>
     <gpxdata:hr>102</gpxdata:hr>
     <gpxdata:distance>6308.00</gpxdata:distance>
     <gpxdata:speed>4.442</gpxdata:speed>
    </extensions>
   </trkpt>
   <trkpt lat="-21.5795565" lon="-64.7476773">
    <ele>1943</ele>
    <time>2026-03-15T21:18:44Z</time>
    <extensions>
     <gpxdata:hr>102</gpxdata:hr>
     <gpxdata:distance>6312.00</gpxdata:distance>
     <gpxdata:speed>4.042</gpxdata:speed>
    </extensions>
   </trkpt>
   <trkpt lat="-21.5795793" lon="-64.7477051">
    <ele>1943</ele>
    <time>2026-03-15T21:18:45Z</time>
    <extensions>
     <gpxdata:hr>102</gpxdata:hr>
     <gpxdata:distance>6316.00</gpxdata:distance>
     <gpxdata:speed>3.856</gpxdata:speed>
    </extensions>
   </trkpt>
   <trkpt lat="-21.5796014" lon="-64.7477333">
    <ele>1944</ele>
    <time>2026-03-15T21:18:46Z</time>
    <extensions>
     <gpxdata:hr>101</gpxdata:hr>
     <gpxdata:distance>6320.00</gpxdata:distance>
     <gpxdata:speed>3.831</gpxdata:speed>
    </extensions>
   </trkpt>
   <trkpt lat="-21.5796239" lon="-64.7477609">
    <ele>1944</ele>
    <time>2026-03-15T21:18:47Z</time>
    <extensions>
     <gpxdata:hr>100</gpxdata:hr>
     <gpxdata:distance>6323.50</gpxdata:distance>
     <gpxdata:speed>3.808</gpxdata:speed>
    </extensions>
   </trkpt>
   <trkpt lat="-21.5796462" lon="-64.7477874">
    <ele>1944</ele>
    <time>2026-03-15T21:18:48Z</time>
    <extensions>
     <gpxdata:hr>100</gpxdata:hr>
     <gpxdata:distance>6327.00</gpxdata:distance>
     <gpxdata:speed>3.706</gpxdata:speed>
    </extensions>
   </trkpt>
   <trkpt lat="-21.5796675" lon="-64.7478125">
    <ele>1944</ele>
    <time>2026-03-15T21:18:49Z</time>
    <extensions>
     <gpxdata:hr>99</gpxdata:hr>
     <gpxdata:distance>6330.50</gpxdata:distance>
     <gpxdata:speed>3.533</gpxdata:speed>
    </extensions>
   </trkpt>
   <trkpt lat="-21.5796887" lon="-64.7478372">
    <ele>1944</ele>
    <time>2026-03-15T21:18:50Z</time>
    <extensions>
     <gpxdata:hr>99</gpxdata:hr>
     <gpxdata:distance>6334.00</gpxdata:distance>
     <gpxdata:speed>3.492</gpxdata:speed>
    </extensions>
   </trkpt>
   <trkpt lat="-21.5797051" lon="-64.7478563">
    <ele>1944</ele>
    <time>2026-03-15T21:18:51Z</time>
    <extensions>
     <gpxdata:hr>100</gpxdata:hr>
     <gpxdata:distance>6335.50</gpxdata:distance>
     <gpxdata:speed>2.739</gpxdata:speed>
    </extensions>
   </trkpt>
   <trkpt lat="-21.5797117" lon="-64.7478645">
    <ele>1944</ele>
    <time>2026-03-15T21:18:52Z</time>
    <extensions>
     <gpxdata:hr>100</gpxdata:hr>
     <gpxdata:distance>6337.00</gpxdata:distance>
     <gpxdata:speed>2.033</gpxdata:speed>
    </extensions>
   </trkpt>
   <trkpt lat="-21.5797866" lon="-64.7479371">
    <ele>1945</ele>
    <time>2026-03-15T21:19:16Z</time>
    <extensions>
     <gpxdata:hr>101</gpxdata:hr>
     <gpxdata:distance>6350.50</gpxdata:distance>
     <gpxdata:speed>2.278</gpxdata:speed>
    </extensions>
   </trkpt>
   <trkpt lat="-21.5798058" lon="-64.7479579">
    <ele>1945</ele>
    <time>2026-03-15T21:19:17Z</time>
    <extensions>
     <gpxdata:hr>101</gpxdata:hr>
     <gpxdata:distance>6353.00</gpxdata:distance>
     <gpxdata:speed>2.483</gpxdata:speed>
    </extensions>
   </trkpt>
   <trkpt lat="-21.5798233" lon="-64.7479771">
    <ele>1945</ele>
    <time>2026-03-15T21:19:18Z</time>
    <extensions>
     <gpxdata:hr>101</gpxdata:hr>
     <gpxdata:distance>6356.50</gpxdata:distance>
     <gpxdata:speed>2.681</gpxdata:speed>
    </extensions>
   </trkpt>
   <trkpt lat="-21.5798416" lon="-64.7479976">
    <ele>1945</ele>
    <time>2026-03-15T21:19:19Z</time>
    <extensions>
     <gpxdata:hr>101</gpxdata:hr>
     <gpxdata:distance>6360.00</gpxdata:distance>
     <gpxdata:speed>3.033</gpxdata:speed>
    </extensions>
   </trkpt>
   <trkpt lat="-21.5798695" lon="-64.7480303">
    <ele>1944</ele>
    <time>2026-03-15T21:19:20Z</time>
    <extensions>
     <gpxdata:hr>101</gpxdata:hr>
     <gpxdata:distance>6362.50</gpxdata:distance>
     <gpxdata:speed>2.894</gpxdata:speed>
    </extensions>
   </trkpt>
   <trkpt lat="-21.5798803" lon="-64.7480438">
    <ele>1944</ele>
    <time>2026-03-15T21:19:21Z</time>
    <extensions>
     <gpxdata:hr>102</gpxdata:hr>
     <gpxdata:distance>6365.00</gpxdata:distance>
     <gpxdata:speed>2.869</gpxdata:speed>
    </extensions>
   </trkpt>
   <trkpt lat="-21.5798942" lon="-64.7480618">
    <ele>1944</ele>
    <time>2026-03-15T21:19:22Z</time>
    <extensions>
     <gpxdata:hr>103</gpxdata:hr>
     <gpxdata:distance>6368.50</gpxdata:distance>
     <gpxdata:speed>2.922</gpxdata:speed>
    </extensions>
   </trkpt>
   <trkpt lat="-21.5799104" lon="-64.7480824">
    <ele>1944</ele>
    <time>2026-03-15T21:19:23Z</time>
    <extensions>
     <gpxdata:hr>103</gpxdata:hr>
     <gpxdata:distance>6372.00</gpxdata:distance>
     <gpxdata:speed>3.064</gpxdata:speed>
    </extensions>
   </trkpt>
   <trkpt lat="-21.5799388" lon="-64.7481184">
    <ele>1944</ele>
    <time>2026-03-15T21:19:24Z</time>
    <extensions>
     <gpxdata:hr>103</gpxdata:hr>
     <gpxdata:distance>6375.00</gpxdata:distance>
     <gpxdata:speed>3.131</gpxdata:speed>
    </extensions>
   </trkpt>
   <trkpt lat="-21.5799592" lon="-64.7481448">
    <ele>1944</ele>
    <time>2026-03-15T21:19:25Z</time>
    <extensions>
     <gpxdata:hr>103</gpxdata:hr>
     <gpxdata:distance>6378.00</gpxdata:distance>
     <gpxdata:speed>3.206</gpxdata:speed>
    </extensions>
   </trkpt>
   <trkpt lat="-21.5799774" lon="-64.7481699">
    <ele>1944</ele>
    <time>2026-03-15T21:19:26Z</time>
    <extensions>
     <gpxdata:hr>103</gpxdata:hr>
     <gpxdata:distance>6381.50</gpxdata:distance>
     <gpxdata:speed>3.214</gpxdata:speed>
    </extensions>
   </trkpt>
   <trkpt lat="-21.5799960" lon="-64.7481955">
    <ele>1944</ele>
    <time>2026-03-15T21:19:27Z</time>
    <extensions>
     <gpxdata:hr>103</gpxdata:hr>
     <gpxdata:distance>6385.00</gpxdata:distance>
     <gpxdata:speed>3.333</gpxdata:speed>
    </extensions>
   </trkpt>
   <trkpt lat="-21.5800158" lon="-64.7482229">
    <ele>1944</ele>
    <time>2026-03-15T21:19:28Z</time>
    <extensions>
     <gpxdata:hr>103</gpxdata:hr>
     <gpxdata:distance>6388.00</gpxdata:distance>
     <gpxdata:speed>3.575</gpxdata:speed>
    </extensions>
   </trkpt>
   <trkpt lat="-21.5800336" lon="-64.7482480">
    <ele>1945</ele>
    <time>2026-03-15T21:19:29Z</time>
    <extensions>
     <gpxdata:hr>103</gpxdata:hr>
     <gpxdata:distance>6391.00</gpxdata:distance>
     <gpxdata:speed>3.272</gpxdata:speed>
    </extensions>
   </trkpt>
   <trkpt lat="-21.5800504" lon="-64.7482731">
    <ele>1945</ele>
    <time>2026-03-15T21:19:30Z</time>
    <extensions>
     <gpxdata:hr>103</gpxdata:hr>
     <gpxdata:distance>6394.50</gpxdata:distance>
     <gpxdata:speed>3.211</gpxdata:speed>
    </extensions>
   </trkpt>
   <trkpt lat="-21.5800669" lon="-64.7482988">
    <ele>1945</ele>
    <time>2026-03-15T21:19:31Z</time>
    <extensions>
     <gpxdata:hr>103</gpxdata:hr>
     <gpxdata:distance>6398.00</gpxdata:distance>
     <gpxdata:speed>3.236</gpxdata:speed>
    </extensions>
   </trkpt>
   <trkpt lat="-21.5800828" lon="-64.7483263">
    <ele>1945</ele>
    <time>2026-03-15T21:19:32Z</time>
    <extensions>
     <gpxdata:hr>103</gpxdata:hr>
     <gpxdata:distance>6401.50</gpxdata:distance>
     <gpxdata:speed>3.339</gpxdata:speed>
    </extensions>
   </trkpt>
   <trkpt lat="-21.5800976" lon="-64.7483557">
    <ele>1945</ele>
    <time>2026-03-15T21:19:33Z</time>
    <extensions>
     <gpxdata:hr>103</gpxdata:hr>
     <gpxdata:distance>6405.00</gpxdata:distance>
     <gpxdata:speed>3.456</gpxdata:speed>
    </extensions>
   </trkpt>
   <trkpt lat="-21.5801109" lon="-64.7483859">
    <ele>1945</ele>
    <time>2026-03-15T21:19:34Z</time>
    <extensions>
     <gpxdata:hr>103</gpxdata:hr>
     <gpxdata:distance>6408.50</gpxdata:distance>
     <gpxdata:speed>3.450</gpxdata:speed>
    </extensions>
   </trkpt>
   <trkpt lat="-21.5801226" lon="-64.7484162">
    <ele>1945</ele>
    <time>2026-03-15T21:19:35Z</time>
    <extensions>
     <gpxdata:hr>103</gpxdata:hr>
     <gpxdata:distance>6412.00</gpxdata:distance>
     <gpxdata:speed>3.394</gpxdata:speed>
    </extensions>
   </trkpt>
   <trkpt lat="-21.5801333" lon="-64.7484470">
    <ele>1945</ele>
    <time>2026-03-15T21:19:36Z</time>
    <extensions>
     <gpxdata:hr>103</gpxdata:hr>
     <gpxdata:distance>6415.50</gpxdata:distance>
     <gpxdata:speed>3.400</gpxdata:speed>
    </extensions>
   </trkpt>
   <trkpt lat="-21.5801447" lon="-64.7484808">
    <ele>1945</ele>
    <time>2026-03-15T21:19:37Z</time>
    <extensions>
     <gpxdata:hr>103</gpxdata:hr>
     <gpxdata:distance>6419.00</gpxdata:distance>
     <gpxdata:speed>3.700</gpxdata:speed>
    </extensions>
   </trkpt>
   <trkpt lat="-21.5801545" lon="-64.7485120">
    <ele>1945</ele>
    <time>2026-03-15T21:19:38Z</time>
    <extensions>
     <gpxdata:hr>104</gpxdata:hr>
     <gpxdata:distance>6422.00</gpxdata:distance>
     <gpxdata:speed>3.417</gpxdata:speed>
    </extensions>
   </trkpt>
   <trkpt lat="-21.5801640" lon="-64.7485428">
    <ele>1945</ele>
    <time>2026-03-15T21:19:39Z</time>
    <extensions>
     <gpxdata:hr>105</gpxdata:hr>
     <gpxdata:distance>6425.00</gpxdata:distance>
     <gpxdata:speed>3.361</gpxdata:speed>
    </extensions>
   </trkpt>
   <trkpt lat="-21.5801730" lon="-64.7485750">
    <ele>1945</ele>
    <time>2026-03-15T21:19:40Z</time>
    <extensions>
     <gpxdata:hr>105</gpxdata:hr>
     <gpxdata:distance>6428.50</gpxdata:distance>
     <gpxdata:speed>3.478</gpxdata:speed>
    </extensions>
   </trkpt>
   <trkpt lat="-21.5801803" lon="-64.7486055">
    <ele>1945</ele>
    <time>2026-03-15T21:19:41Z</time>
    <extensions>
     <gpxdata:hr>105</gpxdata:hr>
     <gpxdata:distance>6432.00</gpxdata:distance>
     <gpxdata:speed>3.272</gpxdata:speed>
    </extensions>
   </trkpt>
   <trkpt lat="-21.5801870" lon="-64.7486354">
    <ele>1945</ele>
    <time>2026-03-15T21:19:42Z</time>
    <extensions>
     <gpxdata:hr>105</gpxdata:hr>
     <gpxdata:distance>6435.00</gpxdata:distance>
     <gpxdata:speed>3.194</gpxdata:speed>
    </extensions>
   </trkpt>
   <trkpt lat="-21.5801942" lon="-64.7486652">
    <ele>1945</ele>
    <time>2026-03-15T21:19:43Z</time>
    <extensions>
     <gpxdata:hr>105</gpxdata:hr>
     <gpxdata:distance>6438.00</gpxdata:distance>
     <gpxdata:speed>3.189</gpxdata:speed>
    </extensions>
   </trkpt>
   <trkpt lat="-21.5802012" lon="-64.7486957">
    <ele>1945</ele>
    <time>2026-03-15T21:19:44Z</time>
    <extensions>
     <gpxdata:hr>105</gpxdata:hr>
     <gpxdata:distance>6441.50</gpxdata:distance>
     <gpxdata:speed>3.250</gpxdata:speed>
    </extensions>
   </trkpt>
   <trkpt lat="-21.5802075" lon="-64.7487261">
    <ele>1945</ele>
    <time>2026-03-15T21:19:45Z</time>
    <extensions>
     <gpxdata:hr>105</gpxdata:hr>
     <gpxdata:distance>6445.00</gpxdata:distance>
     <gpxdata:speed>3.228</gpxdata:speed>
    </extensions>
   </trkpt>
   <trkpt lat="-21.5802137" lon="-64.7487589">
    <ele>1945</ele>
    <time>2026-03-15T21:19:46Z</time>
    <extensions>
     <gpxdata:hr>105</gpxdata:hr>
     <gpxdata:distance>6448.50</gpxdata:distance>
     <gpxdata:speed>3.447</gpxdata:speed>
    </extensions>
   </trkpt>
   <trkpt lat="-21.5802201" lon="-64.7487893">
    <ele>1946</ele>
    <time>2026-03-15T21:19:47Z</time>
    <extensions>
     <gpxdata:hr>105</gpxdata:hr>
     <gpxdata:distance>6452.00</gpxdata:distance>
     <gpxdata:speed>3.233</gpxdata:speed>
    </extensions>
   </trkpt>
   <trkpt lat="-21.5802260" lon="-64.7488190">
    <ele>1946</ele>
    <time>2026-03-15T21:19:48Z</time>
    <extensions>
     <gpxdata:hr>105</gpxdata:hr>
     <gpxdata:distance>6455.00</gpxdata:distance>
     <gpxdata:speed>3.150</gpxdata:speed>
    </extensions>
   </trkpt>
   <trkpt lat="-21.5802308" lon="-64.7488512">
    <ele>1946</ele>
    <time>2026-03-15T21:19:49Z</time>
    <extensions>
     <gpxdata:hr>105</gpxdata:hr>
     <gpxdata:distance>6458.00</gpxdata:distance>
     <gpxdata:speed>3.361</gpxdata:speed>
    </extensions>
   </trkpt>
   <trkpt lat="-21.5802354" lon="-64.7488831">
    <ele>1946</ele>
    <time>2026-03-15T21:19:50Z</time>
    <extensions>
     <gpxdata:hr>105</gpxdata:hr>
     <gpxdata:distance>6461.50</gpxdata:distance>
     <gpxdata:speed>3.339</gpxdata:speed>
    </extensions>
   </trkpt>
   <trkpt lat="-21.5802395" lon="-64.7489142">
    <ele>1946</ele>
    <time>2026-03-15T21:19:51Z</time>
    <extensions>
     <gpxdata:hr>105</gpxdata:hr>
     <gpxdata:distance>6465.00</gpxdata:distance>
     <gpxdata:speed>3.258</gpxdata:speed>
    </extensions>
   </trkpt>
   <trkpt lat="-21.5802432" lon="-64.7489423">
    <ele>1946</ele>
    <time>2026-03-15T21:19:52Z</time>
    <extensions>
     <gpxdata:hr>105</gpxdata:hr>
     <gpxdata:distance>6468.00</gpxdata:distance>
     <gpxdata:speed>2.950</gpxdata:speed>
    </extensions>
   </trkpt>
   <trkpt lat="-21.5802452" lon="-64.7489593">
    <ele>1946</ele>
    <time>2026-03-15T21:19:53Z</time>
    <extensions>
     <gpxdata:hr>105</gpxdata:hr>
     <gpxdata:distance>6471.00</gpxdata:distance>
     <gpxdata:speed>3.117</gpxdata:speed>
    </extensions>
   </trkpt>
   <trkpt lat="-21.5802496" lon="-64.7489969">
    <ele>1946</ele>
    <time>2026-03-15T21:19:54Z</time>
    <extensions>
     <gpxdata:hr>107</gpxdata:hr>
     <gpxdata:distance>6473.50</gpxdata:distance>
     <gpxdata:speed>2.922</gpxdata:speed>
    </extensions>
   </trkpt>
   <trkpt lat="-21.5802520" lon="-64.7490138">
    <ele>1946</ele>
    <time>2026-03-15T21:19:55Z</time>
    <extensions>
     <gpxdata:hr>108</gpxdata:hr>
     <gpxdata:distance>6476.00</gpxdata:distance>
     <gpxdata:speed>2.831</gpxdata:speed>
    </extensions>
   </trkpt>
   <trkpt lat="-21.5802560" lon="-64.7490374">
    <ele>1946</ele>
    <time>2026-03-15T21:19:56Z</time>
    <extensions>
     <gpxdata:hr>109</gpxdata:hr>
     <gpxdata:distance>6479.00</gpxdata:distance>
     <gpxdata:speed>3.058</gpxdata:speed>
    </extensions>
   </trkpt>
   <trkpt lat="-21.5802631" lon="-64.7490787">
    <ele>1946</ele>
    <time>2026-03-15T21:19:57Z</time>
    <extensions>
     <gpxdata:hr>111</gpxdata:hr>
     <gpxdata:distance>6482.00</gpxdata:distance>
     <gpxdata:speed>2.833</gpxdata:speed>
    </extensions>
   </trkpt>
   <trkpt lat="-21.5802658" lon="-64.7490975">
    <ele>1946</ele>
    <time>2026-03-15T21:19:58Z</time>
    <extensions>
     <gpxdata:hr>113</gpxdata:hr>
     <gpxdata:distance>6485.00</gpxdata:distance>
     <gpxdata:speed>3.061</gpxdata:speed>
    </extensions>
   </trkpt>
   <trkpt lat="-21.5802710" lon="-64.7491378">
    <ele>1946</ele>
    <time>2026-03-15T21:19:59Z</time>
    <extensions>
     <gpxdata:hr>114</gpxdata:hr>
     <gpxdata:distance>6488.00</gpxdata:distance>
     <gpxdata:speed>3.022</gpxdata:speed>
    </extensions>
   </trkpt>
   <trkpt lat="-21.5802755" lon="-64.7491664">
    <ele>1946</ele>
    <time>2026-03-15T21:20:00Z</time>
    <extensions>
     <gpxdata:hr>115</gpxdata:hr>
     <gpxdata:distance>6490.50</gpxdata:distance>
     <gpxdata:speed>2.758</gpxdata:speed>
    </extensions>
   </trkpt>
   <trkpt lat="-21.5802777" lon="-64.7491811">
    <ele>1946</ele>
    <time>2026-03-15T21:20:01Z</time>
    <extensions>
     <gpxdata:hr>116</gpxdata:hr>
     <gpxdata:distance>6493.00</gpxdata:distance>
     <gpxdata:speed>2.642</gpxdata:speed>
    </extensions>
   </trkpt>
   <trkpt lat="-21.5802807" lon="-64.7492010">
    <ele>1946</ele>
    <time>2026-03-15T21:20:02Z</time>
    <extensions>
     <gpxdata:hr>117</gpxdata:hr>
     <gpxdata:distance>6496.00</gpxdata:distance>
     <gpxdata:speed>2.603</gpxdata:speed>
    </extensions>
   </trkpt>
   <trkpt lat="-21.5802839" lon="-64.7492241">
    <ele>1947</ele>
    <time>2026-03-15T21:20:03Z</time>
    <extensions>
     <gpxdata:hr>118</gpxdata:hr>
     <gpxdata:distance>6499.00</gpxdata:distance>
     <gpxdata:speed>2.656</gpxdata:speed>
    </extensions>
   </trkpt>
   <trkpt lat="-21.5802872" lon="-64.7492481">
    <ele>1947</ele>
    <time>2026-03-15T21:20:04Z</time>
    <extensions>
     <gpxdata:hr>120</gpxdata:hr>
     <gpxdata:distance>6501.50</gpxdata:distance>
     <gpxdata:speed>2.594</gpxdata:speed>
    </extensions>
   </trkpt>
   <trkpt lat="-21.5802901" lon="-64.7492720">
    <ele>1947</ele>
    <time>2026-03-15T21:20:05Z</time>
    <extensions>
     <gpxdata:hr>120</gpxdata:hr>
     <gpxdata:distance>6504.00</gpxdata:distance>
     <gpxdata:speed>2.517</gpxdata:speed>
    </extensions>
   </trkpt>
   <trkpt lat="-21.5802921" lon="-64.7492954">
    <ele>1947</ele>
    <time>2026-03-15T21:20:06Z</time>
    <extensions>
     <gpxdata:hr>121</gpxdata:hr>
     <gpxdata:distance>6506.00</gpxdata:distance>
     <gpxdata:speed>2.397</gpxdata:speed>
    </extensions>
   </trkpt>
   <trkpt lat="-21.5802942" lon="-64.7493181">
    <ele>1947</ele>
    <time>2026-03-15T21:20:07Z</time>
    <extensions>
     <gpxdata:hr>123</gpxdata:hr>
     <gpxdata:distance>6508.00</gpxdata:distance>
     <gpxdata:speed>2.319</gpxdata:speed>
    </extensions>
   </trkpt>
   <trkpt lat="-21.5802962" lon="-64.7493408">
    <ele>1947</ele>
    <time>2026-03-15T21:20:08Z</time>
    <extensions>
     <gpxdata:hr>124</gpxdata:hr>
     <gpxdata:distance>6510.50</gpxdata:distance>
     <gpxdata:speed>2.339</gpxdata:speed>
    </extensions>
   </trkpt>
   <trkpt lat="-21.5802982" lon="-64.7493632">
    <ele>1947</ele>
    <time>2026-03-15T21:20:09Z</time>
    <extensions>
     <gpxdata:hr>125</gpxdata:hr>
     <gpxdata:distance>6513.00</gpxdata:distance>
     <gpxdata:speed>2.308</gpxdata:speed>
    </extensions>
   </trkpt>
   <trkpt lat="-21.5803005" lon="-64.7493858">
    <ele>1947</ele>
    <time>2026-03-15T21:20:10Z</time>
    <extensions>
     <gpxdata:hr>125</gpxdata:hr>
     <gpxdata:distance>6515.50</gpxdata:distance>
     <gpxdata:speed>2.350</gpxdata:speed>
    </extensions>
   </trkpt>
   <trkpt lat="-21.5803027" lon="-64.7494087">
    <ele>1947</ele>
    <time>2026-03-15T21:20:11Z</time>
    <extensions>
     <gpxdata:hr>125</gpxdata:hr>
     <gpxdata:distance>6518.00</gpxdata:distance>
     <gpxdata:speed>2.383</gpxdata:speed>
    </extensions>
   </trkpt>
   <trkpt lat="-21.5803052" lon="-64.7494317">
    <ele>1947</ele>
    <time>2026-03-15T21:20:12Z</time>
    <extensions>
     <gpxdata:hr>125</gpxdata:hr>
     <gpxdata:distance>6520.50</gpxdata:distance>
     <gpxdata:speed>2.411</gpxdata:speed>
    </extensions>
   </trkpt>
   <trkpt lat="-21.5803080" lon="-64.7494558">
    <ele>1948</ele>
    <time>2026-03-15T21:20:13Z</time>
    <extensions>
     <gpxdata:hr>126</gpxdata:hr>
     <gpxdata:distance>6523.00</gpxdata:distance>
     <gpxdata:speed>2.550</gpxdata:speed>
    </extensions>
   </trkpt>
   <trkpt lat="-21.5803105" lon="-64.7494791">
    <ele>1948</ele>
    <time>2026-03-15T21:20:14Z</time>
    <extensions>
     <gpxdata:hr>126</gpxdata:hr>
     <gpxdata:distance>6525.00</gpxdata:distance>
     <gpxdata:speed>2.417</gpxdata:speed>
    </extensions>
   </trkpt>
   <trkpt lat="-21.5803137" lon="-64.7495017">
    <ele>1948</ele>
    <time>2026-03-15T21:20:15Z</time>
    <extensions>
     <gpxdata:hr>127</gpxdata:hr>
     <gpxdata:distance>6527.00</gpxdata:distance>
     <gpxdata:speed>2.344</gpxdata:speed>
    </extensions>
   </trkpt>
   <trkpt lat="-21.5803162" lon="-64.7495239">
    <ele>1948</ele>
    <time>2026-03-15T21:20:16Z</time>
    <extensions>
     <gpxdata:hr>127</gpxdata:hr>
     <gpxdata:distance>6529.50</gpxdata:distance>
     <gpxdata:speed>2.281</gpxdata:speed>
    </extensions>
   </trkpt>
   <trkpt lat="-21.5803182" lon="-64.7495462">
    <ele>1948</ele>
    <time>2026-03-15T21:20:17Z</time>
    <extensions>
     <gpxdata:hr>127</gpxdata:hr>
     <gpxdata:distance>6532.00</gpxdata:distance>
     <gpxdata:speed>2.317</gpxdata:speed>
    </extensions>
   </trkpt>
   <trkpt lat="-21.5803196" lon="-64.7495694">
    <ele>1948</ele>
    <time>2026-03-15T21:20:18Z</time>
    <extensions>
     <gpxdata:hr>127</gpxdata:hr>
     <gpxdata:distance>6534.50</gpxdata:distance>
     <gpxdata:speed>2.419</gpxdata:speed>
    </extensions>
   </trkpt>
   <trkpt lat="-21.5803205" lon="-64.7495928">
    <ele>1948</ele>
    <time>2026-03-15T21:20:19Z</time>
    <extensions>
     <gpxdata:hr>127</gpxdata:hr>
     <gpxdata:distance>6537.00</gpxdata:distance>
     <gpxdata:speed>2.442</gpxdata:speed>
    </extensions>
   </trkpt>
   <trkpt lat="-21.5803210" lon="-64.7496167">
    <ele>1948</ele>
    <time>2026-03-15T21:20:20Z</time>
    <extensions>
     <gpxdata:hr>126</gpxdata:hr>
     <gpxdata:distance>6539.50</gpxdata:distance>
     <gpxdata:speed>2.500</gpxdata:speed>
    </extensions>
   </trkpt>
   <trkpt lat="-21.5803208" lon="-64.7496410">
    <ele>1948</ele>
    <time>2026-03-15T21:20:21Z</time>
    <extensions>
     <gpxdata:hr>126</gpxdata:hr>
     <gpxdata:distance>6542.00</gpxdata:distance>
     <gpxdata:speed>2.544</gpxdata:speed>
    </extensions>
   </trkpt>
   <trkpt lat="-21.5803200" lon="-64.7496656">
    <ele>1948</ele>
    <time>2026-03-15T21:20:22Z</time>
    <extensions>
     <gpxdata:hr>126</gpxdata:hr>
     <gpxdata:distance>6544.50</gpxdata:distance>
     <gpxdata:speed>2.572</gpxdata:speed>
    </extensions>
   </trkpt>
   <trkpt lat="-21.5803184" lon="-64.7496900">
    <ele>1948</ele>
    <time>2026-03-15T21:20:23Z</time>
    <extensions>
     <gpxdata:hr>126</gpxdata:hr>
     <gpxdata:distance>6547.00</gpxdata:distance>
     <gpxdata:speed>2.531</gpxdata:speed>
    </extensions>
   </trkpt>
   <trkpt lat="-21.5803170" lon="-64.7497144">
    <ele>1948</ele>
    <time>2026-03-15T21:20:24Z</time>
    <extensions>
     <gpxdata:hr>126</gpxdata:hr>
     <gpxdata:distance>6549.50</gpxdata:distance>
     <gpxdata:speed>2.536</gpxdata:speed>
    </extensions>
   </trkpt>
   <trkpt lat="-21.5803147" lon="-64.7497390">
    <ele>1948</ele>
    <time>2026-03-15T21:20:25Z</time>
    <extensions>
     <gpxdata:hr>126</gpxdata:hr>
     <gpxdata:distance>6552.00</gpxdata:distance>
     <gpxdata:speed>2.569</gpxdata:speed>
    </extensions>
   </trkpt>
   <trkpt lat="-21.5803124" lon="-64.7497637">
    <ele>1949</ele>
    <time>2026-03-15T21:20:26Z</time>
    <extensions>
     <gpxdata:hr>126</gpxdata:hr>
     <gpxdata:distance>6554.50</gpxdata:distance>
     <gpxdata:speed>2.586</gpxdata:speed>
    </extensions>
   </trkpt>
   <trkpt lat="-21.5803098" lon="-64.7497886">
    <ele>1949</ele>
    <time>2026-03-15T21:20:27Z</time>
    <extensions>
     <gpxdata:hr>126</gpxdata:hr>
     <gpxdata:distance>6557.00</gpxdata:distance>
     <gpxdata:speed>2.600</gpxdata:speed>
    </extensions>
   </trkpt>
   <trkpt lat="-21.5803060" lon="-64.7498140">
    <ele>1949</ele>
    <time>2026-03-15T21:20:28Z</time>
    <extensions>
     <gpxdata:hr>128</gpxdata:hr>
     <gpxdata:distance>6560.00</gpxdata:distance>
     <gpxdata:speed>2.689</gpxdata:speed>
    </extensions>
   </trkpt>
   <trkpt lat="-21.5803011" lon="-64.7498394">
    <ele>1949</ele>
    <time>2026-03-15T21:20:29Z</time>
    <extensions>
     <gpxdata:hr>129</gpxdata:hr>
     <gpxdata:distance>6563.00</gpxdata:distance>
     <gpxdata:speed>2.711</gpxdata:speed>
    </extensions>
   </trkpt>
   <trkpt lat="-21.5802955" lon="-64.7498647">
    <ele>1949</ele>
    <time>2026-03-15T21:20:30Z</time>
    <extensions>
     <gpxdata:hr>129</gpxdata:hr>
     <gpxdata:distance>6565.50</gpxdata:distance>
     <gpxdata:speed>2.711</gpxdata:speed>
    </extensions>
   </trkpt>
   <trkpt lat="-21.5802894" lon="-64.7498899">
    <ele>1949</ele>
    <time>2026-03-15T21:20:31Z</time>
    <extensions>
     <gpxdata:hr>129</gpxdata:hr>
     <gpxdata:distance>6568.00</gpxdata:distance>
     <gpxdata:speed>2.703</gpxdata:speed>
    </extensions>
   </trkpt>
   <trkpt lat="-21.5802821" lon="-64.7499163">
    <ele>1949</ele>
    <time>2026-03-15T21:20:32Z</time>
    <extensions>
     <gpxdata:hr>129</gpxdata:hr>
     <gpxdata:distance>6571.00</gpxdata:distance>
     <gpxdata:speed>2.911</gpxdata:speed>
    </extensions>
   </trkpt>
   <trkpt lat="-21.5802747" lon="-64.7499410">
    <ele>1949</ele>
    <time>2026-03-15T21:20:33Z</time>
    <extensions>
     <gpxdata:hr>129</gpxdata:hr>
     <gpxdata:distance>6574.00</gpxdata:distance>
     <gpxdata:speed>2.650</gpxdata:speed>
    </extensions>
   </trkpt>
   <trkpt lat="-21.5802662" lon="-64.7499647">
    <ele>1949</ele>
    <time>2026-03-15T21:20:34Z</time>
    <extensions>
     <gpxdata:hr>129</gpxdata:hr>
     <gpxdata:distance>6576.50</gpxdata:distance>
     <gpxdata:speed>2.614</gpxdata:speed>
    </extensions>
   </trkpt>
   <trkpt lat="-21.5802565" lon="-64.7499890">
    <ele>1949</ele>
    <time>2026-03-15T21:20:35Z</time>
    <extensions>
     <gpxdata:hr>129</gpxdata:hr>
     <gpxdata:distance>6579.00</gpxdata:distance>
     <gpxdata:speed>2.758</gpxdata:speed>
    </extensions>
   </trkpt>
   <trkpt lat="-21.5802469" lon="-64.7500119">
    <ele>1950</ele>
    <time>2026-03-15T21:20:36Z</time>
    <extensions>
     <gpxdata:hr>129</gpxdata:hr>
     <gpxdata:distance>6581.50</gpxdata:distance>
     <gpxdata:speed>2.569</gpxdata:speed>
    </extensions>
   </trkpt>
   <trkpt lat="-21.5802372" lon="-64.7500340">
    <ele>1950</ele>
    <time>2026-03-15T21:20:37Z</time>
    <extensions>
     <gpxdata:hr>129</gpxdata:hr>
     <gpxdata:distance>6584.00</gpxdata:distance>
     <gpxdata:speed>2.494</gpxdata:speed>
    </extensions>
   </trkpt>
   <trkpt lat="-21.5802270" lon="-64.7500572">
    <ele>1950</ele>
    <time>2026-03-15T21:20:38Z</time>
    <extensions>
     <gpxdata:hr>129</gpxdata:hr>
     <gpxdata:distance>6586.50</gpxdata:distance>
     <gpxdata:speed>2.675</gpxdata:speed>
    </extensions>
   </trkpt>
   <trkpt lat="-21.5802171" lon="-64.7500785">
    <ele>1950</ele>
    <time>2026-03-15T21:20:39Z</time>
    <extensions>
     <gpxdata:hr>129</gpxdata:hr>
     <gpxdata:distance>6589.00</gpxdata:distance>
     <gpxdata:speed>2.411</gpxdata:speed>
    </extensions>
   </trkpt>
   <trkpt lat="-21.5802064" lon="-64.7501016">
    <ele>1950</ele>
    <time>2026-03-15T21:20:40Z</time>
    <extensions>
     <gpxdata:hr>129</gpxdata:hr>
     <gpxdata:distance>6592.00</gpxdata:distance>
     <gpxdata:speed>2.708</gpxdata:speed>
    </extensions>
   </trkpt>
   <trkpt lat="-21.5801948" lon="-64.7501249">
    <ele>1950</ele>
    <time>2026-03-15T21:20:41Z</time>
    <extensions>
     <gpxdata:hr>129</gpxdata:hr>
     <gpxdata:distance>6595.00</gpxdata:distance>
     <gpxdata:speed>2.772</gpxdata:speed>
    </extensions>
   </trkpt>
   <trkpt lat="-21.5801825" lon="-64.7501464">
    <ele>1950</ele>
    <time>2026-03-15T21:20:42Z</time>
    <extensions>
     <gpxdata:hr>128</gpxdata:hr>
     <gpxdata:distance>6597.50</gpxdata:distance>
     <gpxdata:speed>2.600</gpxdata:speed>
    </extensions>
   </trkpt>
   <trkpt lat="-21.5801693" lon="-64.7501688">
    <ele>1950</ele>
    <time>2026-03-15T21:20:43Z</time>
    <extensions>
     <gpxdata:hr>128</gpxdata:hr>
     <gpxdata:distance>6600.00</gpxdata:distance>
     <gpxdata:speed>2.781</gpxdata:speed>
    </extensions>
   </trkpt>
   <trkpt lat="-21.5801553" lon="-64.7501908">
    <ele>1950</ele>
    <time>2026-03-15T21:20:44Z</time>
    <extensions>
     <gpxdata:hr>129</gpxdata:hr>
     <gpxdata:distance>6602.50</gpxdata:distance>
     <gpxdata:speed>2.781</gpxdata:speed>
    </extensions>
   </trkpt>
   <trkpt lat="-21.5801409" lon="-64.7502113">
    <ele>1950</ele>
    <time>2026-03-15T21:20:45Z</time>
    <extensions>
     <gpxdata:hr>131</gpxdata:hr>
     <gpxdata:distance>6605.00</gpxdata:distance>
     <gpxdata:speed>2.642</gpxdata:speed>
    </extensions>
   </trkpt>
   <trkpt lat="-21.5801263" lon="-64.7502317">
    <ele>1951</ele>
    <time>2026-03-15T21:20:46Z</time>
    <extensions>
     <gpxdata:hr>132</gpxdata:hr>
     <gpxdata:distance>6608.00</gpxdata:distance>
     <gpxdata:speed>2.658</gpxdata:speed>
    </extensions>
   </trkpt>
   <trkpt lat="-21.5801124" lon="-64.7502524">
    <ele>1951</ele>
    <time>2026-03-15T21:20:47Z</time>
    <extensions>
     <gpxdata:hr>132</gpxdata:hr>
     <gpxdata:distance>6611.00</gpxdata:distance>
     <gpxdata:speed>2.633</gpxdata:speed>
    </extensions>
   </trkpt>
   <trkpt lat="-21.5800988" lon="-64.7502739">
    <ele>1951</ele>
    <time>2026-03-15T21:20:48Z</time>
    <extensions>
     <gpxdata:hr>133</gpxdata:hr>
     <gpxdata:distance>6614.00</gpxdata:distance>
     <gpxdata:speed>2.697</gpxdata:speed>
    </extensions>
   </trkpt>
   <trkpt lat="-21.5800836" lon="-64.7502966">
    <ele>1951</ele>
    <time>2026-03-15T21:20:49Z</time>
    <extensions>
     <gpxdata:hr>133</gpxdata:hr>
     <gpxdata:distance>6617.00</gpxdata:distance>
     <gpxdata:speed>2.958</gpxdata:speed>
    </extensions>
   </trkpt>
   <trkpt lat="-21.5800681" lon="-64.7503198">
    <ele>1951</ele>
    <time>2026-03-15T21:20:50Z</time>
    <extensions>
     <gpxdata:hr>133</gpxdata:hr>
     <gpxdata:distance>6619.50</gpxdata:distance>
     <gpxdata:speed>3.017</gpxdata:speed>
    </extensions>
   </trkpt>
   <trkpt lat="-21.5800450" lon="-64.7503555">
    <ele>1951</ele>
    <time>2026-03-15T21:20:51Z</time>
    <extensions>
     <gpxdata:hr>133</gpxdata:hr>
     <gpxdata:distance>6622.00</gpxdata:distance>
     <gpxdata:speed>2.739</gpxdata:speed>
    </extensions>
   </trkpt>
   <trkpt lat="-21.5800347" lon="-64.7503703">
    <ele>1951</ele>
    <time>2026-03-15T21:20:52Z</time>
    <extensions>
     <gpxdata:hr>133</gpxdata:hr>
     <gpxdata:distance>6625.00</gpxdata:distance>
     <gpxdata:speed>2.903</gpxdata:speed>
    </extensions>
   </trkpt>
   <trkpt lat="-21.5800215" lon="-64.7503883">
    <ele>1952</ele>
    <time>2026-03-15T21:20:53Z</time>
    <extensions>
     <gpxdata:hr>133</gpxdata:hr>
     <gpxdata:distance>6628.00</gpxdata:distance>
     <gpxdata:speed>2.808</gpxdata:speed>
    </extensions>
   </trkpt>
   <trkpt lat="-21.5800069" lon="-64.7504067">
    <ele>1952</ele>
    <time>2026-03-15T21:20:54Z</time>
    <extensions>
     <gpxdata:hr>133</gpxdata:hr>
     <gpxdata:distance>6630.50</gpxdata:distance>
     <gpxdata:speed>2.642</gpxdata:speed>
    </extensions>
   </trkpt>
   <trkpt lat="-21.5799929" lon="-64.7504256">
    <ele>1952</ele>
    <time>2026-03-15T21:20:55Z</time>
    <extensions>
     <gpxdata:hr>133</gpxdata:hr>
     <gpxdata:distance>6633.00</gpxdata:distance>
     <gpxdata:speed>2.522</gpxdata:speed>
    </extensions>
   </trkpt>
   <trkpt lat="-21.5799778" lon="-64.7504458">
    <ele>1952</ele>
    <time>2026-03-15T21:20:56Z</time>
    <extensions>
     <gpxdata:hr>133</gpxdata:hr>
     <gpxdata:distance>6635.50</gpxdata:distance>
     <gpxdata:speed>2.717</gpxdata:speed>
    </extensions>
   </trkpt>
   <trkpt lat="-21.5799630" lon="-64.7504645">
    <ele>1952</ele>
    <time>2026-03-15T21:20:57Z</time>
    <extensions>
     <gpxdata:hr>133</gpxdata:hr>
     <gpxdata:distance>6638.00</gpxdata:distance>
     <gpxdata:speed>2.517</gpxdata:speed>
    </extensions>
   </trkpt>
   <trkpt lat="-21.5799472" lon="-64.7504849">
    <ele>1952</ele>
    <time>2026-03-15T21:20:58Z</time>
    <extensions>
     <gpxdata:hr>133</gpxdata:hr>
     <gpxdata:distance>6641.00</gpxdata:distance>
     <gpxdata:speed>2.786</gpxdata:speed>
    </extensions>
   </trkpt>
   <trkpt lat="-21.5799315" lon="-64.7505062">
    <ele>1952</ele>
    <time>2026-03-15T21:20:59Z</time>
    <extensions>
     <gpxdata:hr>133</gpxdata:hr>
     <gpxdata:distance>6644.00</gpxdata:distance>
     <gpxdata:speed>2.858</gpxdata:speed>
    </extensions>
   </trkpt>
   <trkpt lat="-21.5799159" lon="-64.7505268">
    <ele>1952</ele>
    <time>2026-03-15T21:21:00Z</time>
    <extensions>
     <gpxdata:hr>131</gpxdata:hr>
     <gpxdata:distance>6647.00</gpxdata:distance>
     <gpxdata:speed>2.756</gpxdata:speed>
    </extensions>
   </trkpt>
   <trkpt lat="-21.5798996" lon="-64.7505490">
    <ele>1952</ele>
    <time>2026-03-15T21:21:01Z</time>
    <extensions>
     <gpxdata:hr>132</gpxdata:hr>
     <gpxdata:distance>6650.00</gpxdata:distance>
     <gpxdata:speed>2.969</gpxdata:speed>
    </extensions>
   </trkpt>
   <trkpt lat="-21.5798831" lon="-64.7505722">
    <ele>1952</ele>
    <time>2026-03-15T21:21:02Z</time>
    <extensions>
     <gpxdata:hr>131</gpxdata:hr>
     <gpxdata:distance>6653.00</gpxdata:distance>
     <gpxdata:speed>3.097</gpxdata:speed>
    </extensions>
   </trkpt>
   <trkpt lat="-21.5798574" lon="-64.7506077">
    <ele>1952</ele>
    <time>2026-03-15T21:21:03Z</time>
    <extensions>
     <gpxdata:hr>131</gpxdata:hr>
     <gpxdata:distance>6656.00</gpxdata:distance>
     <gpxdata:speed>2.839</gpxdata:speed>
    </extensions>
   </trkpt>
   <trkpt lat="-21.5798471" lon="-64.7506220">
    <ele>1952</ele>
    <time>2026-03-15T21:21:04Z</time>
    <extensions>
     <gpxdata:hr>131</gpxdata:hr>
     <gpxdata:distance>6659.00</gpxdata:distance>
     <gpxdata:speed>2.847</gpxdata:speed>
    </extensions>
   </trkpt>
   <trkpt lat="-21.5798332" lon="-64.7506402">
    <ele>1952</ele>
    <time>2026-03-15T21:21:05Z</time>
    <extensions>
     <gpxdata:hr>130</gpxdata:hr>
     <gpxdata:distance>6662.00</gpxdata:distance>
     <gpxdata:speed>2.911</gpxdata:speed>
    </extensions>
   </trkpt>
   <trkpt lat="-21.5798176" lon="-64.7506609">
    <ele>1952</ele>
    <time>2026-03-15T21:21:06Z</time>
    <extensions>
     <gpxdata:hr>129</gpxdata:hr>
     <gpxdata:distance>6665.00</gpxdata:distance>
     <gpxdata:speed>2.975</gpxdata:speed>
    </extensions>
   </trkpt>
   <trkpt lat="-21.5798009" lon="-64.7506824">
    <ele>1952</ele>
    <time>2026-03-15T21:21:07Z</time>
    <extensions>
     <gpxdata:hr>129</gpxdata:hr>
     <gpxdata:distance>6668.00</gpxdata:distance>
     <gpxdata:speed>3.008</gpxdata:speed>
    </extensions>
   </trkpt>
   <trkpt lat="-21.5797724" lon="-64.7507193">
    <ele>1952</ele>
    <time>2026-03-15T21:21:08Z</time>
    <extensions>
     <gpxdata:hr>128</gpxdata:hr>
     <gpxdata:distance>6671.50</gpxdata:distance>
     <gpxdata:speed>3.117</gpxdata:speed>
    </extensions>
   </trkpt>
   <trkpt lat="-21.5797522" lon="-64.7507461">
    <ele>1952</ele>
    <time>2026-03-15T21:21:09Z</time>
    <extensions>
     <gpxdata:hr>126</gpxdata:hr>
     <gpxdata:distance>6675.00</gpxdata:distance>
     <gpxdata:speed>3.208</gpxdata:speed>
    </extensions>
   </trkpt>
   <trkpt lat="-21.5797334" lon="-64.7507714">
    <ele>1952</ele>
    <time>2026-03-15T21:21:10Z</time>
    <extensions>
     <gpxdata:hr>126</gpxdata:hr>
     <gpxdata:distance>6678.00</gpxdata:distance>
     <gpxdata:speed>3.261</gpxdata:speed>
    </extensions>
   </trkpt>
   <trkpt lat="-21.5797143" lon="-64.7507977">
    <ele>1952</ele>
    <time>2026-03-15T21:21:11Z</time>
    <extensions>
     <gpxdata:hr>125</gpxdata:hr>
     <gpxdata:distance>6681.00</gpxdata:distance>
     <gpxdata:speed>3.419</gpxdata:speed>
    </extensions>
   </trkpt>
   <trkpt lat="-21.5796948" lon="-64.7508245">
    <ele>1952</ele>
    <time>2026-03-15T21:21:12Z</time>
    <extensions>
     <gpxdata:hr>124</gpxdata:hr>
     <gpxdata:distance>6685.00</gpxdata:distance>
     <gpxdata:speed>3.506</gpxdata:speed>
    </extensions>
   </trkpt>
   <trkpt lat="-21.5796750" lon="-64.7508519">
    <ele>1952</ele>
    <time>2026-03-15T21:21:13Z</time>
    <extensions>
     <gpxdata:hr>124</gpxdata:hr>
     <gpxdata:distance>6689.00</gpxdata:distance>
     <gpxdata:speed>3.586</gpxdata:speed>
    </extensions>
   </trkpt>
   <trkpt lat="-21.5796537" lon="-64.7508799">
    <ele>1952</ele>
    <time>2026-03-15T21:21:14Z</time>
    <extensions>
     <gpxdata:hr>122</gpxdata:hr>
     <gpxdata:distance>6692.50</gpxdata:distance>
     <gpxdata:speed>3.719</gpxdata:speed>
    </extensions>
   </trkpt>
   <trkpt lat="-21.5796326" lon="-64.7509087">
    <ele>1952</ele>
    <time>2026-03-15T21:21:15Z</time>
    <extensions>
     <gpxdata:hr>122</gpxdata:hr>
     <gpxdata:distance>6696.00</gpxdata:distance>
     <gpxdata:speed>3.786</gpxdata:speed>
    </extensions>
   </trkpt>
   <trkpt lat="-21.5796095" lon="-64.7509408">
    <ele>1952</ele>
    <time>2026-03-15T21:21:16Z</time>
    <extensions>
     <gpxdata:hr>123</gpxdata:hr>
     <gpxdata:distance>6700.00</gpxdata:distance>
     <gpxdata:speed>4.169</gpxdata:speed>
    </extensions>
   </trkpt>
   <trkpt lat="-21.5795882" lon="-64.7509709">
    <ele>1952</ele>
    <time>2026-03-15T21:21:17Z</time>
    <extensions>
     <gpxdata:hr>123</gpxdata:hr>
     <gpxdata:distance>6704.00</gpxdata:distance>
     <gpxdata:speed>3.917</gpxdata:speed>
    </extensions>
   </trkpt>
   <trkpt lat="-21.5795673" lon="-64.7510012">
    <ele>1952</ele>
    <time>2026-03-15T21:21:18Z</time>
    <extensions>
     <gpxdata:hr>123</gpxdata:hr>
     <gpxdata:distance>6708.00</gpxdata:distance>
     <gpxdata:speed>3.906</gpxdata:speed>
    </extensions>
   </trkpt>
   <trkpt lat="-21.5795462" lon="-64.7510314">
    <ele>1952</ele>
    <time>2026-03-15T21:21:19Z</time>
    <extensions>
     <gpxdata:hr>124</gpxdata:hr>
     <gpxdata:distance>6712.00</gpxdata:distance>
     <gpxdata:speed>3.914</gpxdata:speed>
    </extensions>
   </trkpt>
   <trkpt lat="-21.5795242" lon="-64.7510615">
    <ele>1952</ele>
    <time>2026-03-15T21:21:20Z</time>
    <extensions>
     <gpxdata:hr>124</gpxdata:hr>
     <gpxdata:distance>6716.50</gpxdata:distance>
     <gpxdata:speed>3.961</gpxdata:speed>
    </extensions>
   </trkpt>
   <trkpt lat="-21.5795014" lon="-64.7510922">
    <ele>1952</ele>
    <time>2026-03-15T21:21:21Z</time>
    <extensions>
     <gpxdata:hr>124</gpxdata:hr>
     <gpxdata:distance>6721.00</gpxdata:distance>
     <gpxdata:speed>4.050</gpxdata:speed>
    </extensions>
   </trkpt>
   <trkpt lat="-21.5794783" lon="-64.7511234">
    <ele>1952</ele>
    <time>2026-03-15T21:21:22Z</time>
    <extensions>
     <gpxdata:hr>124</gpxdata:hr>
     <gpxdata:distance>6725.00</gpxdata:distance>
     <gpxdata:speed>4.119</gpxdata:speed>
    </extensions>
   </trkpt>
   <trkpt lat="-21.5794550" lon="-64.7511549">
    <ele>1952</ele>
    <time>2026-03-15T21:21:23Z</time>
    <extensions>
     <gpxdata:hr>124</gpxdata:hr>
     <gpxdata:distance>6729.00</gpxdata:distance>
     <gpxdata:speed>4.158</gpxdata:speed>
    </extensions>
   </trkpt>
   <trkpt lat="-21.5794316" lon="-64.7511871">
    <ele>1953</ele>
    <time>2026-03-15T21:21:24Z</time>
    <extensions>
     <gpxdata:hr>125</gpxdata:hr>
     <gpxdata:distance>6734.00</gpxdata:distance>
     <gpxdata:speed>4.225</gpxdata:speed>
    </extensions>
   </trkpt>
   <trkpt lat="-21.5794064" lon="-64.7512225">
    <ele>1953</ele>
    <time>2026-03-15T21:21:25Z</time>
    <extensions>
     <gpxdata:hr>124</gpxdata:hr>
     <gpxdata:distance>6739.00</gpxdata:distance>
     <gpxdata:speed>4.586</gpxdata:speed>
    </extensions>
   </trkpt>
   <trkpt lat="-21.5793827" lon="-64.7512553">
    <ele>1953</ele>
    <time>2026-03-15T21:21:26Z</time>
    <extensions>
     <gpxdata:hr>122</gpxdata:hr>
     <gpxdata:distance>6742.50</gpxdata:distance>
     <gpxdata:speed>4.308</gpxdata:speed>
    </extensions>
   </trkpt>
   <trkpt lat="-21.5793601" lon="-64.7512871">
    <ele>1953</ele>
    <time>2026-03-15T21:21:27Z</time>
    <extensions>
     <gpxdata:hr>121</gpxdata:hr>
     <gpxdata:distance>6746.00</gpxdata:distance>
     <gpxdata:speed>4.153</gpxdata:speed>
    </extensions>
   </trkpt>
   <trkpt lat="-21.5793381" lon="-64.7513193">
    <ele>1953</ele>
    <time>2026-03-15T21:21:28Z</time>
    <extensions>
     <gpxdata:hr>120</gpxdata:hr>
     <gpxdata:distance>6750.50</gpxdata:distance>
     <gpxdata:speed>4.133</gpxdata:speed>
    </extensions>
   </trkpt>
   <trkpt lat="-21.5793170" lon="-64.7513526">
    <ele>1953</ele>
    <time>2026-03-15T21:21:29Z</time>
    <extensions>
     <gpxdata:hr>120</gpxdata:hr>
     <gpxdata:distance>6755.00</gpxdata:distance>
     <gpxdata:speed>4.167</gpxdata:speed>
    </extensions>
   </trkpt>
   <trkpt lat="-21.5792966" lon="-64.7513861">
    <ele>1953</ele>
    <time>2026-03-15T21:21:30Z</time>
    <extensions>
     <gpxdata:hr>120</gpxdata:hr>
     <gpxdata:distance>6759.00</gpxdata:distance>
     <gpxdata:speed>4.153</gpxdata:speed>
    </extensions>
   </trkpt>
   <trkpt lat="-21.5792752" lon="-64.7514197">
    <ele>1953</ele>
    <time>2026-03-15T21:21:31Z</time>
    <extensions>
     <gpxdata:hr>120</gpxdata:hr>
     <gpxdata:distance>6763.00</gpxdata:distance>
     <gpxdata:speed>4.206</gpxdata:speed>
    </extensions>
   </trkpt>
   <trkpt lat="-21.5792541" lon="-64.7514531">
    <ele>1953</ele>
    <time>2026-03-15T21:21:32Z</time>
    <extensions>
     <gpxdata:hr>120</gpxdata:hr>
     <gpxdata:distance>6767.00</gpxdata:distance>
     <gpxdata:speed>4.186</gpxdata:speed>
    </extensions>
   </trkpt>
   <trkpt lat="-21.5792316" lon="-64.7514853">
    <ele>1953</ele>
    <time>2026-03-15T21:21:33Z</time>
    <extensions>
     <gpxdata:hr>118</gpxdata:hr>
     <gpxdata:distance>6771.00</gpxdata:distance>
     <gpxdata:speed>4.167</gpxdata:speed>
    </extensions>
   </trkpt>
   <trkpt lat="-21.5792078" lon="-64.7515157">
    <ele>1953</ele>
    <time>2026-03-15T21:21:34Z</time>
    <extensions>
     <gpxdata:hr>117</gpxdata:hr>
     <gpxdata:distance>6775.50</gpxdata:distance>
     <gpxdata:speed>4.114</gpxdata:speed>
    </extensions>
   </trkpt>
   <trkpt lat="-21.5791833" lon="-64.7515462">
    <ele>1953</ele>
    <time>2026-03-15T21:21:35Z</time>
    <extensions>
     <gpxdata:hr>117</gpxdata:hr>
     <gpxdata:distance>6780.00</gpxdata:distance>
     <gpxdata:speed>4.169</gpxdata:speed>
    </extensions>
   </trkpt>
   <trkpt lat="-21.5791578" lon="-64.7515770">
    <ele>1953</ele>
    <time>2026-03-15T21:21:36Z</time>
    <extensions>
     <gpxdata:hr>117</gpxdata:hr>
     <gpxdata:distance>6784.00</gpxdata:distance>
     <gpxdata:speed>4.267</gpxdata:speed>
    </extensions>
   </trkpt>
   <trkpt lat="-21.5791322" lon="-64.7516083">
    <ele>1952</ele>
    <time>2026-03-15T21:21:37Z</time>
    <extensions>
     <gpxdata:hr>117</gpxdata:hr>
     <gpxdata:distance>6788.00</gpxdata:distance>
     <gpxdata:speed>4.303</gpxdata:speed>
    </extensions>
   </trkpt>
   <trkpt lat="-21.5791069" lon="-64.7516405">
    <ele>1952</ele>
    <time>2026-03-15T21:21:38Z</time>
    <extensions>
     <gpxdata:hr>116</gpxdata:hr>
     <gpxdata:distance>6792.50</gpxdata:distance>
     <gpxdata:speed>4.356</gpxdata:speed>
    </extensions>
   </trkpt>
   <trkpt lat="-21.5790823" lon="-64.7516733">
    <ele>1952</ele>
    <time>2026-03-15T21:21:39Z</time>
    <extensions>
     <gpxdata:hr>115</gpxdata:hr>
     <gpxdata:distance>6797.00</gpxdata:distance>
     <gpxdata:speed>4.358</gpxdata:speed>
    </extensions>
   </trkpt>
   <trkpt lat="-21.5790577" lon="-64.7517065">
    <ele>1952</ele>
    <time>2026-03-15T21:21:40Z</time>
    <extensions>
     <gpxdata:hr>115</gpxdata:hr>
     <gpxdata:distance>6801.50</gpxdata:distance>
     <gpxdata:speed>4.383</gpxdata:speed>
    </extensions>
   </trkpt>
   <trkpt lat="-21.5790330" lon="-64.7517392">
    <ele>1952</ele>
    <time>2026-03-15T21:21:41Z</time>
    <extensions>
     <gpxdata:hr>113</gpxdata:hr>
     <gpxdata:distance>6806.00</gpxdata:distance>
     <gpxdata:speed>4.361</gpxdata:speed>
    </extensions>
   </trkpt>
   <trkpt lat="-21.5790082" lon="-64.7517720">
    <ele>1952</ele>
    <time>2026-03-15T21:21:42Z</time>
    <extensions>
     <gpxdata:hr>112</gpxdata:hr>
     <gpxdata:distance>6811.00</gpxdata:distance>
     <gpxdata:speed>4.378</gpxdata:speed>
    </extensions>
   </trkpt>
   <trkpt lat="-21.5789813" lon="-64.7518075">
    <ele>1953</ele>
    <time>2026-03-15T21:21:43Z</time>
    <extensions>
     <gpxdata:hr>110</gpxdata:hr>
     <gpxdata:distance>6816.00</gpxdata:distance>
     <gpxdata:speed>4.714</gpxdata:speed>
    </extensions>
   </trkpt>
   <trkpt lat="-21.5789579" lon="-64.7518404">
    <ele>1953</ele>
    <time>2026-03-15T21:21:44Z</time>
    <extensions>
     <gpxdata:hr>109</gpxdata:hr>
     <gpxdata:distance>6819.50</gpxdata:distance>
     <gpxdata:speed>4.303</gpxdata:speed>
    </extensions>
   </trkpt>
   <trkpt lat="-21.5789359" lon="-64.7518722">
    <ele>1953</ele>
    <time>2026-03-15T21:21:45Z</time>
    <extensions>
     <gpxdata:hr>108</gpxdata:hr>
     <gpxdata:distance>6823.00</gpxdata:distance>
     <gpxdata:speed>4.119</gpxdata:speed>
    </extensions>
   </trkpt>
   <trkpt lat="-21.5789138" lon="-64.7519043">
    <ele>1953</ele>
    <time>2026-03-15T21:21:46Z</time>
    <extensions>
     <gpxdata:hr>107</gpxdata:hr>
     <gpxdata:distance>6827.50</gpxdata:distance>
     <gpxdata:speed>4.144</gpxdata:speed>
    </extensions>
   </trkpt>
   <trkpt lat="-21.5788918" lon="-64.7519369">
    <ele>1953</ele>
    <time>2026-03-15T21:21:47Z</time>
    <extensions>
     <gpxdata:hr>107</gpxdata:hr>
     <gpxdata:distance>6832.00</gpxdata:distance>
     <gpxdata:speed>4.172</gpxdata:speed>
    </extensions>
   </trkpt>
   <trkpt lat="-21.5788687" lon="-64.7519699">
    <ele>1953</ele>
    <time>2026-03-15T21:21:48Z</time>
    <extensions>
     <gpxdata:hr>106</gpxdata:hr>
     <gpxdata:distance>6836.00</gpxdata:distance>
     <gpxdata:speed>4.269</gpxdata:speed>
    </extensions>
   </trkpt>
   <trkpt lat="-21.5788453" lon="-64.7520032">
    <ele>1953</ele>
    <time>2026-03-15T21:21:49Z</time>
    <extensions>
     <gpxdata:hr>106</gpxdata:hr>
     <gpxdata:distance>6840.00</gpxdata:distance>
     <gpxdata:speed>4.311</gpxdata:speed>
    </extensions>
   </trkpt>
   <trkpt lat="-21.5788224" lon="-64.7520372">
    <ele>1953</ele>
    <time>2026-03-15T21:21:50Z</time>
    <extensions>
     <gpxdata:hr>105</gpxdata:hr>
     <gpxdata:distance>6844.50</gpxdata:distance>
     <gpxdata:speed>4.333</gpxdata:speed>
    </extensions>
   </trkpt>
   <trkpt lat="-21.5787989" lon="-64.7520717">
    <ele>1953</ele>
    <time>2026-03-15T21:21:51Z</time>
    <extensions>
     <gpxdata:hr>105</gpxdata:hr>
     <gpxdata:distance>6849.00</gpxdata:distance>
     <gpxdata:speed>4.422</gpxdata:speed>
    </extensions>
   </trkpt>
   <trkpt lat="-21.5787746" lon="-64.7521052">
    <ele>1953</ele>
    <time>2026-03-15T21:21:52Z</time>
    <extensions>
     <gpxdata:hr>105</gpxdata:hr>
     <gpxdata:distance>6853.50</gpxdata:distance>
     <gpxdata:speed>4.397</gpxdata:speed>
    </extensions>
   </trkpt>
   <trkpt lat="-21.5787493" lon="-64.7521385">
    <ele>1953</ele>
    <time>2026-03-15T21:21:53Z</time>
    <extensions>
     <gpxdata:hr>105</gpxdata:hr>
     <gpxdata:distance>6858.00</gpxdata:distance>
     <gpxdata:speed>4.447</gpxdata:speed>
    </extensions>
   </trkpt>
   <trkpt lat="-21.5787238" lon="-64.7521717">
    <ele>1953</ele>
    <time>2026-03-15T21:21:54Z</time>
    <extensions>
     <gpxdata:hr>105</gpxdata:hr>
     <gpxdata:distance>6862.50</gpxdata:distance>
     <gpxdata:speed>4.453</gpxdata:speed>
    </extensions>
   </trkpt>
   <trkpt lat="-21.5786972" lon="-64.7522044">
    <ele>1953</ele>
    <time>2026-03-15T21:21:55Z</time>
    <extensions>
     <gpxdata:hr>104</gpxdata:hr>
     <gpxdata:distance>6867.00</gpxdata:distance>
     <gpxdata:speed>4.486</gpxdata:speed>
    </extensions>
   </trkpt>
   <trkpt lat="-21.5786703" lon="-64.7522371">
    <ele>1953</ele>
    <time>2026-03-15T21:21:56Z</time>
    <extensions>
     <gpxdata:hr>104</gpxdata:hr>
     <gpxdata:distance>6871.50</gpxdata:distance>
     <gpxdata:speed>4.517</gpxdata:speed>
    </extensions>
   </trkpt>
   <trkpt lat="-21.5786441" lon="-64.7522701">
    <ele>1953</ele>
    <time>2026-03-15T21:21:57Z</time>
    <extensions>
     <gpxdata:hr>104</gpxdata:hr>
     <gpxdata:distance>6876.00</gpxdata:distance>
     <gpxdata:speed>4.492</gpxdata:speed>
    </extensions>
   </trkpt>
   <trkpt lat="-21.5786172" lon="-64.7523033">
    <ele>1953</ele>
    <time>2026-03-15T21:21:58Z</time>
    <extensions>
     <gpxdata:hr>104</gpxdata:hr>
     <gpxdata:distance>6880.50</gpxdata:distance>
     <gpxdata:speed>4.550</gpxdata:speed>
    </extensions>
   </trkpt>
   <trkpt lat="-21.5785902" lon="-64.7523365">
    <ele>1953</ele>
    <time>2026-03-15T21:21:59Z</time>
    <extensions>
     <gpxdata:hr>103</gpxdata:hr>
     <gpxdata:distance>6885.00</gpxdata:distance>
     <gpxdata:speed>4.564</gpxdata:speed>
    </extensions>
   </trkpt>
   <trkpt lat="-21.5785640" lon="-64.7523705">
    <ele>1953</ele>
    <time>2026-03-15T21:22:00Z</time>
    <extensions>
     <gpxdata:hr>103</gpxdata:hr>
     <gpxdata:distance>6889.50</gpxdata:distance>
     <gpxdata:speed>4.567</gpxdata:speed>
    </extensions>
   </trkpt>
   <trkpt lat="-21.5785390" lon="-64.7524050">
    <ele>1952</ele>
    <time>2026-03-15T21:22:01Z</time>
    <extensions>
     <gpxdata:hr>103</gpxdata:hr>
     <gpxdata:distance>6894.00</gpxdata:distance>
     <gpxdata:speed>4.525</gpxdata:speed>
    </extensions>
   </trkpt>
   <trkpt lat="-21.5785137" lon="-64.7524405">
    <ele>1952</ele>
    <time>2026-03-15T21:22:02Z</time>
    <extensions>
     <gpxdata:hr>102</gpxdata:hr>
     <gpxdata:distance>6899.00</gpxdata:distance>
     <gpxdata:speed>4.622</gpxdata:speed>
    </extensions>
   </trkpt>
   <trkpt lat="-21.5784884" lon="-64.7524760">
    <ele>1952</ele>
    <time>2026-03-15T21:22:03Z</time>
    <extensions>
     <gpxdata:hr>102</gpxdata:hr>
     <gpxdata:distance>6904.00</gpxdata:distance>
     <gpxdata:speed>4.625</gpxdata:speed>
    </extensions>
   </trkpt>
   <trkpt lat="-21.5784633" lon="-64.7525114">
    <ele>1952</ele>
    <time>2026-03-15T21:22:04Z</time>
    <extensions>
     <gpxdata:hr>103</gpxdata:hr>
     <gpxdata:distance>6908.50</gpxdata:distance>
     <gpxdata:speed>4.606</gpxdata:speed>
    </extensions>
   </trkpt>
   <trkpt lat="-21.5784382" lon="-64.7525459">
    <ele>1952</ele>
    <time>2026-03-15T21:22:05Z</time>
    <extensions>
     <gpxdata:hr>104</gpxdata:hr>
     <gpxdata:distance>6913.00</gpxdata:distance>
     <gpxdata:speed>4.539</gpxdata:speed>
    </extensions>
   </trkpt>
   <trkpt lat="-21.5784132" lon="-64.7525804">
    <ele>1952</ele>
    <time>2026-03-15T21:22:06Z</time>
    <extensions>
     <gpxdata:hr>103</gpxdata:hr>
     <gpxdata:distance>6917.50</gpxdata:distance>
     <gpxdata:speed>4.531</gpxdata:speed>
    </extensions>
   </trkpt>
   <trkpt lat="-21.5783882" lon="-64.7526151">
    <ele>1953</ele>
    <time>2026-03-15T21:22:07Z</time>
    <extensions>
     <gpxdata:hr>103</gpxdata:hr>
     <gpxdata:distance>6922.00</gpxdata:distance>
     <gpxdata:speed>4.542</gpxdata:speed>
    </extensions>
   </trkpt>
   <trkpt lat="-21.5783632" lon="-64.7526493">
    <ele>1953</ele>
    <time>2026-03-15T21:22:08Z</time>
    <extensions>
     <gpxdata:hr>102</gpxdata:hr>
     <gpxdata:distance>6926.50</gpxdata:distance>
     <gpxdata:speed>4.506</gpxdata:speed>
    </extensions>
   </trkpt>
   <trkpt lat="-21.5783382" lon="-64.7526837">
    <ele>1953</ele>
    <time>2026-03-15T21:22:09Z</time>
    <extensions>
     <gpxdata:hr>105</gpxdata:hr>
     <gpxdata:distance>6931.00</gpxdata:distance>
     <gpxdata:speed>4.517</gpxdata:speed>
    </extensions>
   </trkpt>
   <trkpt lat="-21.5783132" lon="-64.7527190">
    <ele>1953</ele>
    <time>2026-03-15T21:22:10Z</time>
    <extensions>
     <gpxdata:hr>108</gpxdata:hr>
     <gpxdata:distance>6935.50</gpxdata:distance>
     <gpxdata:speed>4.586</gpxdata:speed>
    </extensions>
   </trkpt>
   <trkpt lat="-21.5782876" lon="-64.7527544">
    <ele>1953</ele>
    <time>2026-03-15T21:22:11Z</time>
    <extensions>
     <gpxdata:hr>110</gpxdata:hr>
     <gpxdata:distance>6940.00</gpxdata:distance>
     <gpxdata:speed>4.636</gpxdata:speed>
    </extensions>
   </trkpt>
   <trkpt lat="-21.5782614" lon="-64.7527890">
    <ele>1953</ele>
    <time>2026-03-15T21:22:12Z</time>
    <extensions>
     <gpxdata:hr>111</gpxdata:hr>
     <gpxdata:distance>6944.50</gpxdata:distance>
     <gpxdata:speed>4.617</gpxdata:speed>
    </extensions>
   </trkpt>
   <trkpt lat="-21.5782356" lon="-64.7528236">
    <ele>1953</ele>
    <time>2026-03-15T21:22:13Z</time>
    <extensions>
     <gpxdata:hr>111</gpxdata:hr>
     <gpxdata:distance>6949.00</gpxdata:distance>
     <gpxdata:speed>4.594</gpxdata:speed>
    </extensions>
   </trkpt>
   <trkpt lat="-21.5782101" lon="-64.7528584">
    <ele>1953</ele>
    <time>2026-03-15T21:22:14Z</time>
    <extensions>
     <gpxdata:hr>111</gpxdata:hr>
     <gpxdata:distance>6954.00</gpxdata:distance>
     <gpxdata:speed>4.578</gpxdata:speed>
    </extensions>
   </trkpt>
   <trkpt lat="-21.5781843" lon="-64.7528932">
    <ele>1952</ele>
    <time>2026-03-15T21:22:15Z</time>
    <extensions>
     <gpxdata:hr>110</gpxdata:hr>
     <gpxdata:distance>6959.00</gpxdata:distance>
     <gpxdata:speed>4.611</gpxdata:speed>
    </extensions>
   </trkpt>
   <trkpt lat="-21.5781587" lon="-64.7529276">
    <ele>1952</ele>
    <time>2026-03-15T21:22:16Z</time>
    <extensions>
     <gpxdata:hr>111</gpxdata:hr>
     <gpxdata:distance>6963.50</gpxdata:distance>
     <gpxdata:speed>4.558</gpxdata:speed>
    </extensions>
   </trkpt>
   <trkpt lat="-21.5781327" lon="-64.7529621">
    <ele>1953</ele>
    <time>2026-03-15T21:22:17Z</time>
    <extensions>
     <gpxdata:hr>111</gpxdata:hr>
     <gpxdata:distance>6968.00</gpxdata:distance>
     <gpxdata:speed>4.586</gpxdata:speed>
    </extensions>
   </trkpt>
   <trkpt lat="-21.5781071" lon="-64.7529974">
    <ele>1953</ele>
    <time>2026-03-15T21:22:18Z</time>
    <extensions>
     <gpxdata:hr>112</gpxdata:hr>
     <gpxdata:distance>6972.50</gpxdata:distance>
     <gpxdata:speed>4.633</gpxdata:speed>
    </extensions>
   </trkpt>
   <trkpt lat="-21.5780817" lon="-64.7530321">
    <ele>1953</ele>
    <time>2026-03-15T21:22:19Z</time>
    <extensions>
     <gpxdata:hr>112</gpxdata:hr>
     <gpxdata:distance>6977.00</gpxdata:distance>
     <gpxdata:speed>4.575</gpxdata:speed>
    </extensions>
   </trkpt>
   <trkpt lat="-21.5780566" lon="-64.7530662">
    <ele>1953</ele>
    <time>2026-03-15T21:22:20Z</time>
    <extensions>
     <gpxdata:hr>113</gpxdata:hr>
     <gpxdata:distance>6981.50</gpxdata:distance>
     <gpxdata:speed>4.508</gpxdata:speed>
    </extensions>
   </trkpt>
   <trkpt lat="-21.5780309" lon="-64.7531005">
    <ele>1953</ele>
    <time>2026-03-15T21:22:21Z</time>
    <extensions>
     <gpxdata:hr>113</gpxdata:hr>
     <gpxdata:distance>6986.00</gpxdata:distance>
     <gpxdata:speed>4.556</gpxdata:speed>
    </extensions>
   </trkpt>
   <trkpt lat="-21.5780054" lon="-64.7531345">
    <ele>1953</ele>
    <time>2026-03-15T21:22:22Z</time>
    <extensions>
     <gpxdata:hr>112</gpxdata:hr>
     <gpxdata:distance>6990.50</gpxdata:distance>
     <gpxdata:speed>4.522</gpxdata:speed>
    </extensions>
   </trkpt>
   <trkpt lat="-21.5779801" lon="-64.7531681">
    <ele>1953</ele>
    <time>2026-03-15T21:22:23Z</time>
    <extensions>
     <gpxdata:hr>110</gpxdata:hr>
     <gpxdata:distance>6995.00</gpxdata:distance>
     <gpxdata:speed>4.483</gpxdata:speed>
    </extensions>
   </trkpt>
   <trkpt lat="-21.5779537" lon="-64.7532022">
    <ele>1953</ele>
    <time>2026-03-15T21:22:24Z</time>
    <extensions>
     <gpxdata:hr>108</gpxdata:hr>
     <gpxdata:distance>6999.50</gpxdata:distance>
     <gpxdata:speed>4.586</gpxdata:speed>
    </extensions>
   </trkpt>
   <trkpt lat="-21.5779282" lon="-64.7532361">
    <ele>1953</ele>
    <time>2026-03-15T21:22:25Z</time>
    <extensions>
     <gpxdata:hr>107</gpxdata:hr>
     <gpxdata:distance>7004.00</gpxdata:distance>
     <gpxdata:speed>4.517</gpxdata:speed>
    </extensions>
   </trkpt>
   <trkpt lat="-21.5779030" lon="-64.7532710">
    <ele>1953</ele>
    <time>2026-03-15T21:22:26Z</time>
    <extensions>
     <gpxdata:hr>106</gpxdata:hr>
     <gpxdata:distance>7009.00</gpxdata:distance>
     <gpxdata:speed>4.564</gpxdata:speed>
    </extensions>
   </trkpt>
   <trkpt lat="-21.5778762" lon="-64.7533087">
    <ele>1953</ele>
    <time>2026-03-15T21:22:27Z</time>
    <extensions>
     <gpxdata:hr>106</gpxdata:hr>
     <gpxdata:distance>7014.00</gpxdata:distance>
     <gpxdata:speed>4.889</gpxdata:speed>
    </extensions>
   </trkpt>
   <trkpt lat="-21.5778515" lon="-64.7533429">
    <ele>1953</ele>
    <time>2026-03-15T21:22:28Z</time>
    <extensions>
     <gpxdata:hr>106</gpxdata:hr>
     <gpxdata:distance>7018.00</gpxdata:distance>
     <gpxdata:speed>4.497</gpxdata:speed>
    </extensions>
   </trkpt>
   <trkpt lat="-21.5778272" lon="-64.7533760">
    <ele>1953</ele>
    <time>2026-03-15T21:22:29Z</time>
    <extensions>
     <gpxdata:hr>105</gpxdata:hr>
     <gpxdata:distance>7022.00</gpxdata:distance>
     <gpxdata:speed>4.375</gpxdata:speed>
    </extensions>
   </trkpt>
   <trkpt lat="-21.5778027" lon="-64.7534088">
    <ele>1953</ele>
    <time>2026-03-15T21:22:30Z</time>
    <extensions>
     <gpxdata:hr>106</gpxdata:hr>
     <gpxdata:distance>7026.50</gpxdata:distance>
     <gpxdata:speed>4.367</gpxdata:speed>
    </extensions>
   </trkpt>
   <trkpt lat="-21.5777780" lon="-64.7534419">
    <ele>1953</ele>
    <time>2026-03-15T21:22:31Z</time>
    <extensions>
     <gpxdata:hr>108</gpxdata:hr>
     <gpxdata:distance>7031.00</gpxdata:distance>
     <gpxdata:speed>4.386</gpxdata:speed>
    </extensions>
   </trkpt>
   <trkpt lat="-21.5777532" lon="-64.7534750">
    <ele>1953</ele>
    <time>2026-03-15T21:22:32Z</time>
    <extensions>
     <gpxdata:hr>108</gpxdata:hr>
     <gpxdata:distance>7035.00</gpxdata:distance>
     <gpxdata:speed>4.406</gpxdata:speed>
    </extensions>
   </trkpt>
   <trkpt lat="-21.5777289" lon="-64.7535076">
    <ele>1953</ele>
    <time>2026-03-15T21:22:33Z</time>
    <extensions>
     <gpxdata:hr>108</gpxdata:hr>
     <gpxdata:distance>7039.00</gpxdata:distance>
     <gpxdata:speed>4.333</gpxdata:speed>
    </extensions>
   </trkpt>
   <trkpt lat="-21.5777051" lon="-64.7535404">
    <ele>1953</ele>
    <time>2026-03-15T21:22:34Z</time>
    <extensions>
     <gpxdata:hr>108</gpxdata:hr>
     <gpxdata:distance>7043.50</gpxdata:distance>
     <gpxdata:speed>4.306</gpxdata:speed>
    </extensions>
   </trkpt>
   <trkpt lat="-21.5776815" lon="-64.7535728">
    <ele>1953</ele>
    <time>2026-03-15T21:22:35Z</time>
    <extensions>
     <gpxdata:hr>108</gpxdata:hr>
     <gpxdata:distance>7048.00</gpxdata:distance>
     <gpxdata:speed>4.258</gpxdata:speed>
    </extensions>
   </trkpt>
   <trkpt lat="-21.5776588" lon="-64.7536048">
    <ele>1953</ele>
    <time>2026-03-15T21:22:36Z</time>
    <extensions>
     <gpxdata:hr>108</gpxdata:hr>
     <gpxdata:distance>7052.50</gpxdata:distance>
     <gpxdata:speed>4.178</gpxdata:speed>
    </extensions>
   </trkpt>
   <trkpt lat="-21.5776341" lon="-64.7536391">
    <ele>1953</ele>
    <time>2026-03-15T21:22:37Z</time>
    <extensions>
     <gpxdata:hr>108</gpxdata:hr>
     <gpxdata:distance>7057.00</gpxdata:distance>
     <gpxdata:speed>4.472</gpxdata:speed>
    </extensions>
   </trkpt>
   <trkpt lat="-21.5776126" lon="-64.7536692">
    <ele>1953</ele>
    <time>2026-03-15T21:22:38Z</time>
    <extensions>
     <gpxdata:hr>108</gpxdata:hr>
     <gpxdata:distance>7060.50</gpxdata:distance>
     <gpxdata:speed>3.956</gpxdata:speed>
    </extensions>
   </trkpt>
   <trkpt lat="-21.5775925" lon="-64.7536983">
    <ele>1953</ele>
    <time>2026-03-15T21:22:39Z</time>
    <extensions>
     <gpxdata:hr>108</gpxdata:hr>
     <gpxdata:distance>7064.00</gpxdata:distance>
     <gpxdata:speed>3.778</gpxdata:speed>
    </extensions>
   </trkpt>
   <trkpt lat="-21.5775727" lon="-64.7537274">
    <ele>1953</ele>
    <time>2026-03-15T21:22:40Z</time>
    <extensions>
     <gpxdata:hr>108</gpxdata:hr>
     <gpxdata:distance>7068.00</gpxdata:distance>
     <gpxdata:speed>3.750</gpxdata:speed>
    </extensions>
   </trkpt>
   <trkpt lat="-21.5775529" lon="-64.7537582">
    <ele>1953</ele>
    <time>2026-03-15T21:22:41Z</time>
    <extensions>
     <gpxdata:hr>108</gpxdata:hr>
     <gpxdata:distance>7072.00</gpxdata:distance>
     <gpxdata:speed>3.864</gpxdata:speed>
    </extensions>
   </trkpt>
   <trkpt lat="-21.5775337" lon="-64.7537890">
    <ele>1953</ele>
    <time>2026-03-15T21:22:42Z</time>
    <extensions>
     <gpxdata:hr>106</gpxdata:hr>
     <gpxdata:distance>7076.00</gpxdata:distance>
     <gpxdata:speed>3.842</gpxdata:speed>
    </extensions>
   </trkpt>
   <trkpt lat="-21.5775143" lon="-64.7538233">
    <ele>1953</ele>
    <time>2026-03-15T21:22:43Z</time>
    <extensions>
     <gpxdata:hr>104</gpxdata:hr>
     <gpxdata:distance>7080.00</gpxdata:distance>
     <gpxdata:speed>4.133</gpxdata:speed>
    </extensions>
   </trkpt>
   <trkpt lat="-21.5774966" lon="-64.7538549">
    <ele>1953</ele>
    <time>2026-03-15T21:22:44Z</time>
    <extensions>
     <gpxdata:hr>104</gpxdata:hr>
     <gpxdata:distance>7083.50</gpxdata:distance>
     <gpxdata:speed>3.833</gpxdata:speed>
    </extensions>
   </trkpt>
   <trkpt lat="-21.5774796" lon="-64.7538860">
    <ele>1953</ele>
    <time>2026-03-15T21:22:45Z</time>
    <extensions>
     <gpxdata:hr>104</gpxdata:hr>
     <gpxdata:distance>7087.00</gpxdata:distance>
     <gpxdata:speed>3.736</gpxdata:speed>
    </extensions>
   </trkpt>
   <trkpt lat="-21.5774630" lon="-64.7539177">
    <ele>1953</ele>
    <time>2026-03-15T21:22:46Z</time>
    <extensions>
     <gpxdata:hr>103</gpxdata:hr>
     <gpxdata:distance>7091.00</gpxdata:distance>
     <gpxdata:speed>3.772</gpxdata:speed>
    </extensions>
   </trkpt>
   <trkpt lat="-21.5774470" lon="-64.7539496">
    <ele>1953</ele>
    <time>2026-03-15T21:22:47Z</time>
    <extensions>
     <gpxdata:hr>103</gpxdata:hr>
     <gpxdata:distance>7095.00</gpxdata:distance>
     <gpxdata:speed>3.750</gpxdata:speed>
    </extensions>
   </trkpt>
   <trkpt lat="-21.5774322" lon="-64.7539827">
    <ele>1953</ele>
    <time>2026-03-15T21:22:48Z</time>
    <extensions>
     <gpxdata:hr>103</gpxdata:hr>
     <gpxdata:distance>7098.50</gpxdata:distance>
     <gpxdata:speed>3.797</gpxdata:speed>
    </extensions>
   </trkpt>
   <trkpt lat="-21.5774183" lon="-64.7540162">
    <ele>1953</ele>
    <time>2026-03-15T21:22:49Z</time>
    <extensions>
     <gpxdata:hr>102</gpxdata:hr>
     <gpxdata:distance>7102.00</gpxdata:distance>
     <gpxdata:speed>3.794</gpxdata:speed>
    </extensions>
   </trkpt>
   <trkpt lat="-21.5774054" lon="-64.7540503">
    <ele>1953</ele>
    <time>2026-03-15T21:22:50Z</time>
    <extensions>
     <gpxdata:hr>102</gpxdata:hr>
     <gpxdata:distance>7106.00</gpxdata:distance>
     <gpxdata:speed>3.811</gpxdata:speed>
    </extensions>
   </trkpt>
   <trkpt lat="-21.5773938" lon="-64.7540849">
    <ele>1953</ele>
    <time>2026-03-15T21:22:51Z</time>
    <extensions>
     <gpxdata:hr>102</gpxdata:hr>
     <gpxdata:distance>7110.00</gpxdata:distance>
     <gpxdata:speed>3.806</gpxdata:speed>
    </extensions>
   </trkpt>
   <trkpt lat="-21.5773813" lon="-64.7541223">
    <ele>1953</ele>
    <time>2026-03-15T21:22:52Z</time>
    <extensions>
     <gpxdata:hr>102</gpxdata:hr>
     <gpxdata:distance>7114.00</gpxdata:distance>
     <gpxdata:speed>4.094</gpxdata:speed>
    </extensions>
   </trkpt>
   <trkpt lat="-21.5773701" lon="-64.7541570">
    <ele>1953</ele>
    <time>2026-03-15T21:22:53Z</time>
    <extensions>
     <gpxdata:hr>100</gpxdata:hr>
     <gpxdata:distance>7118.00</gpxdata:distance>
     <gpxdata:speed>3.806</gpxdata:speed>
    </extensions>
   </trkpt>
   <trkpt lat="-21.5773598" lon="-64.7541911">
    <ele>1953</ele>
    <time>2026-03-15T21:22:54Z</time>
    <extensions>
     <gpxdata:hr>100</gpxdata:hr>
     <gpxdata:distance>7121.50</gpxdata:distance>
     <gpxdata:speed>3.728</gpxdata:speed>
    </extensions>
   </trkpt>
   <trkpt lat="-21.5773497" lon="-64.7542248">
    <ele>1954</ele>
    <time>2026-03-15T21:22:55Z</time>
    <extensions>
     <gpxdata:hr>100</gpxdata:hr>
     <gpxdata:distance>7125.00</gpxdata:distance>
     <gpxdata:speed>3.669</gpxdata:speed>
    </extensions>
   </trkpt>
   <trkpt lat="-21.5773410" lon="-64.7542577">
    <ele>1954</ele>
    <time>2026-03-15T21:22:56Z</time>
    <extensions>
     <gpxdata:hr>100</gpxdata:hr>
     <gpxdata:distance>7128.50</gpxdata:distance>
     <gpxdata:speed>3.544</gpxdata:speed>
    </extensions>
   </trkpt>
   <trkpt lat="-21.5773340" lon="-64.7542911">
    <ele>1954</ele>
    <time>2026-03-15T21:22:57Z</time>
    <extensions>
     <gpxdata:hr>100</gpxdata:hr>
     <gpxdata:distance>7132.00</gpxdata:distance>
     <gpxdata:speed>3.550</gpxdata:speed>
    </extensions>
   </trkpt>
   <trkpt lat="-21.5773276" lon="-64.7543240">
    <ele>1954</ele>
    <time>2026-03-15T21:22:58Z</time>
    <extensions>
     <gpxdata:hr>99</gpxdata:hr>
     <gpxdata:distance>7135.50</gpxdata:distance>
     <gpxdata:speed>3.489</gpxdata:speed>
    </extensions>
   </trkpt>
   <trkpt lat="-21.5773212" lon="-64.7543582">
    <ele>1954</ele>
    <time>2026-03-15T21:22:59Z</time>
    <extensions>
     <gpxdata:hr>98</gpxdata:hr>
     <gpxdata:distance>7139.00</gpxdata:distance>
     <gpxdata:speed>3.603</gpxdata:speed>
    </extensions>
   </trkpt>
   <trkpt lat="-21.5773154" lon="-64.7543930">
    <ele>1954</ele>
    <time>2026-03-15T21:23:00Z</time>
    <extensions>
     <gpxdata:hr>97</gpxdata:hr>
     <gpxdata:distance>7142.50</gpxdata:distance>
     <gpxdata:speed>3.653</gpxdata:speed>
    </extensions>
   </trkpt>
   <trkpt lat="-21.5773106" lon="-64.7544274">
    <ele>1954</ele>
    <time>2026-03-15T21:23:01Z</time>
    <extensions>
     <gpxdata:hr>96</gpxdata:hr>
     <gpxdata:distance>7146.00</gpxdata:distance>
     <gpxdata:speed>3.600</gpxdata:speed>
    </extensions>
   </trkpt>
   <trkpt lat="-21.5773054" lon="-64.7544613">
    <ele>1954</ele>
    <time>2026-03-15T21:23:02Z</time>
    <extensions>
     <gpxdata:hr>95</gpxdata:hr>
     <gpxdata:distance>7150.00</gpxdata:distance>
     <gpxdata:speed>3.561</gpxdata:speed>
    </extensions>
   </trkpt>
   <trkpt lat="-21.5772995" lon="-64.7544955">
    <ele>1954</ele>
    <time>2026-03-15T21:23:03Z</time>
    <extensions>
     <gpxdata:hr>94</gpxdata:hr>
     <gpxdata:distance>7154.00</gpxdata:distance>
     <gpxdata:speed>3.597</gpxdata:speed>
    </extensions>
   </trkpt>
   <trkpt lat="-21.5772938" lon="-64.7545307">
    <ele>1954</ele>
    <time>2026-03-15T21:23:04Z</time>
    <extensions>
     <gpxdata:hr>92</gpxdata:hr>
     <gpxdata:distance>7157.50</gpxdata:distance>
     <gpxdata:speed>3.692</gpxdata:speed>
    </extensions>
   </trkpt>
   <trkpt lat="-21.5772890" lon="-64.7545667">
    <ele>1954</ele>
    <time>2026-03-15T21:23:05Z</time>
    <extensions>
     <gpxdata:hr>92</gpxdata:hr>
     <gpxdata:distance>7161.00</gpxdata:distance>
     <gpxdata:speed>3.753</gpxdata:speed>
    </extensions>
   </trkpt>
   <trkpt lat="-21.5772851" lon="-64.7546031">
    <ele>1954</ele>
    <time>2026-03-15T21:23:06Z</time>
    <extensions>
     <gpxdata:hr>92</gpxdata:hr>
     <gpxdata:distance>7165.00</gpxdata:distance>
     <gpxdata:speed>3.789</gpxdata:speed>
    </extensions>
   </trkpt>
   <trkpt lat="-21.5772815" lon="-64.7546404">
    <ele>1954</ele>
    <time>2026-03-15T21:23:07Z</time>
    <extensions>
     <gpxdata:hr>93</gpxdata:hr>
     <gpxdata:distance>7169.00</gpxdata:distance>
     <gpxdata:speed>3.867</gpxdata:speed>
    </extensions>
   </trkpt>
   <trkpt lat="-21.5772781" lon="-64.7546795">
    <ele>1954</ele>
    <time>2026-03-15T21:23:08Z</time>
    <extensions>
     <gpxdata:hr>94</gpxdata:hr>
     <gpxdata:distance>7173.50</gpxdata:distance>
     <gpxdata:speed>4.050</gpxdata:speed>
    </extensions>
   </trkpt>
   <trkpt lat="-21.5772748" lon="-64.7547225">
    <ele>1954</ele>
    <time>2026-03-15T21:23:09Z</time>
    <extensions>
     <gpxdata:hr>94</gpxdata:hr>
     <gpxdata:distance>7178.00</gpxdata:distance>
     <gpxdata:speed>4.433</gpxdata:speed>
    </extensions>
   </trkpt>
   <trkpt lat="-21.5772722" lon="-64.7547635">
    <ele>1954</ele>
    <time>2026-03-15T21:23:10Z</time>
    <extensions>
     <gpxdata:hr>94</gpxdata:hr>
     <gpxdata:distance>7182.00</gpxdata:distance>
     <gpxdata:speed>4.244</gpxdata:speed>
    </extensions>
   </trkpt>
   <trkpt lat="-21.5772700" lon="-64.7548049">
    <ele>1954</ele>
    <time>2026-03-15T21:23:11Z</time>
    <extensions>
     <gpxdata:hr>94</gpxdata:hr>
     <gpxdata:distance>7186.00</gpxdata:distance>
     <gpxdata:speed>4.286</gpxdata:speed>
    </extensions>
   </trkpt>
   <trkpt lat="-21.5772675" lon="-64.7548465">
    <ele>1954</ele>
    <time>2026-03-15T21:23:12Z</time>
    <extensions>
     <gpxdata:hr>96</gpxdata:hr>
     <gpxdata:distance>7190.50</gpxdata:distance>
     <gpxdata:speed>4.308</gpxdata:speed>
    </extensions>
   </trkpt>
   <trkpt lat="-21.5772647" lon="-64.7548888">
    <ele>1954</ele>
    <time>2026-03-15T21:23:13Z</time>
    <extensions>
     <gpxdata:hr>97</gpxdata:hr>
     <gpxdata:distance>7195.00</gpxdata:distance>
     <gpxdata:speed>4.383</gpxdata:speed>
    </extensions>
   </trkpt>
   <trkpt lat="-21.5772615" lon="-64.7549310">
    <ele>1954</ele>
    <time>2026-03-15T21:23:14Z</time>
    <extensions>
     <gpxdata:hr>97</gpxdata:hr>
     <gpxdata:distance>7199.50</gpxdata:distance>
     <gpxdata:speed>4.381</gpxdata:speed>
    </extensions>
   </trkpt>
   <trkpt lat="-21.5772589" lon="-64.7549737">
    <ele>1954</ele>
    <time>2026-03-15T21:23:15Z</time>
    <extensions>
     <gpxdata:hr>97</gpxdata:hr>
     <gpxdata:distance>7204.00</gpxdata:distance>
     <gpxdata:speed>4.419</gpxdata:speed>
    </extensions>
   </trkpt>
   <trkpt lat="-21.5772574" lon="-64.7550173">
    <ele>1954</ele>
    <time>2026-03-15T21:23:16Z</time>
    <extensions>
     <gpxdata:hr>97</gpxdata:hr>
     <gpxdata:distance>7208.50</gpxdata:distance>
     <gpxdata:speed>4.511</gpxdata:speed>
    </extensions>
   </trkpt>
   <trkpt lat="-21.5772554" lon="-64.7550617">
    <ele>1954</ele>
    <time>2026-03-15T21:23:17Z</time>
    <extensions>
     <gpxdata:hr>97</gpxdata:hr>
     <gpxdata:distance>7213.00</gpxdata:distance>
     <gpxdata:speed>4.589</gpxdata:speed>
    </extensions>
   </trkpt>
   <trkpt lat="-21.5772529" lon="-64.7551090">
    <ele>1954</ele>
    <time>2026-03-15T21:23:18Z</time>
    <extensions>
     <gpxdata:hr>97</gpxdata:hr>
     <gpxdata:distance>7218.00</gpxdata:distance>
     <gpxdata:speed>4.878</gpxdata:speed>
    </extensions>
   </trkpt>
   <trkpt lat="-21.5772505" lon="-64.7551530">
    <ele>1954</ele>
    <time>2026-03-15T21:23:19Z</time>
    <extensions>
     <gpxdata:hr>99</gpxdata:hr>
     <gpxdata:distance>7223.00</gpxdata:distance>
     <gpxdata:speed>4.569</gpxdata:speed>
    </extensions>
   </trkpt>
   <trkpt lat="-21.5772484" lon="-64.7551972">
    <ele>1954</ele>
    <time>2026-03-15T21:23:20Z</time>
    <extensions>
     <gpxdata:hr>103</gpxdata:hr>
     <gpxdata:distance>7227.50</gpxdata:distance>
     <gpxdata:speed>4.589</gpxdata:speed>
    </extensions>
   </trkpt>
   <trkpt lat="-21.5772472" lon="-64.7552424">
    <ele>1954</ele>
    <time>2026-03-15T21:23:21Z</time>
    <extensions>
     <gpxdata:hr>105</gpxdata:hr>
     <gpxdata:distance>7232.00</gpxdata:distance>
     <gpxdata:speed>4.672</gpxdata:speed>
    </extensions>
   </trkpt>
   <trkpt lat="-21.5772460" lon="-64.7552890">
    <ele>1953</ele>
    <time>2026-03-15T21:23:22Z</time>
    <extensions>
     <gpxdata:hr>107</gpxdata:hr>
     <gpxdata:distance>7237.00</gpxdata:distance>
     <gpxdata:speed>4.814</gpxdata:speed>
    </extensions>
   </trkpt>
   <trkpt lat="-21.5772441" lon="-64.7553360">
    <ele>1953</ele>
    <time>2026-03-15T21:23:23Z</time>
    <extensions>
     <gpxdata:hr>108</gpxdata:hr>
     <gpxdata:distance>7242.00</gpxdata:distance>
     <gpxdata:speed>4.856</gpxdata:speed>
    </extensions>
   </trkpt>
   <trkpt lat="-21.5772414" lon="-64.7553836">
    <ele>1953</ele>
    <time>2026-03-15T21:23:24Z</time>
    <extensions>
     <gpxdata:hr>109</gpxdata:hr>
     <gpxdata:distance>7247.00</gpxdata:distance>
     <gpxdata:speed>4.925</gpxdata:speed>
    </extensions>
   </trkpt>
   <trkpt lat="-21.5772383" lon="-64.7554316">
    <ele>1953</ele>
    <time>2026-03-15T21:23:25Z</time>
    <extensions>
     <gpxdata:hr>110</gpxdata:hr>
     <gpxdata:distance>7252.00</gpxdata:distance>
     <gpxdata:speed>4.972</gpxdata:speed>
    </extensions>
   </trkpt>
   <trkpt lat="-21.5772344" lon="-64.7554798">
    <ele>1953</ele>
    <time>2026-03-15T21:23:26Z</time>
    <extensions>
     <gpxdata:hr>109</gpxdata:hr>
     <gpxdata:distance>7257.00</gpxdata:distance>
     <gpxdata:speed>5.003</gpxdata:speed>
    </extensions>
   </trkpt>
   <trkpt lat="-21.5772305" lon="-64.7555275">
    <ele>1953</ele>
    <time>2026-03-15T21:23:27Z</time>
    <extensions>
     <gpxdata:hr>109</gpxdata:hr>
     <gpxdata:distance>7262.00</gpxdata:distance>
     <gpxdata:speed>4.956</gpxdata:speed>
    </extensions>
   </trkpt>
   <trkpt lat="-21.5772268" lon="-64.7555760">
    <ele>1953</ele>
    <time>2026-03-15T21:23:28Z</time>
    <extensions>
     <gpxdata:hr>111</gpxdata:hr>
     <gpxdata:distance>7267.00</gpxdata:distance>
     <gpxdata:speed>5.025</gpxdata:speed>
    </extensions>
   </trkpt>
   <trkpt lat="-21.5772233" lon="-64.7556239">
    <ele>1953</ele>
    <time>2026-03-15T21:23:29Z</time>
    <extensions>
     <gpxdata:hr>113</gpxdata:hr>
     <gpxdata:distance>7272.00</gpxdata:distance>
     <gpxdata:speed>4.981</gpxdata:speed>
    </extensions>
   </trkpt>
   <trkpt lat="-21.5772193" lon="-64.7556719">
    <ele>1953</ele>
    <time>2026-03-15T21:23:30Z</time>
    <extensions>
     <gpxdata:hr>114</gpxdata:hr>
     <gpxdata:distance>7277.00</gpxdata:distance>
     <gpxdata:speed>4.986</gpxdata:speed>
    </extensions>
   </trkpt>
   <trkpt lat="-21.5772166" lon="-64.7557200">
    <ele>1953</ele>
    <time>2026-03-15T21:23:31Z</time>
    <extensions>
     <gpxdata:hr>114</gpxdata:hr>
     <gpxdata:distance>7282.00</gpxdata:distance>
     <gpxdata:speed>4.986</gpxdata:speed>
    </extensions>
   </trkpt>
   <trkpt lat="-21.5772134" lon="-64.7557689">
    <ele>1953</ele>
    <time>2026-03-15T21:23:32Z</time>
    <extensions>
     <gpxdata:hr>114</gpxdata:hr>
     <gpxdata:distance>7287.00</gpxdata:distance>
     <gpxdata:speed>5.061</gpxdata:speed>
    </extensions>
   </trkpt>
   <trkpt lat="-21.5772101" lon="-64.7558177">
    <ele>1953</ele>
    <time>2026-03-15T21:23:33Z</time>
    <extensions>
     <gpxdata:hr>113</gpxdata:hr>
     <gpxdata:distance>7292.00</gpxdata:distance>
     <gpxdata:speed>5.067</gpxdata:speed>
    </extensions>
   </trkpt>
   <trkpt lat="-21.5772067" lon="-64.7558664">
    <ele>1953</ele>
    <time>2026-03-15T21:23:34Z</time>
    <extensions>
     <gpxdata:hr>113</gpxdata:hr>
     <gpxdata:distance>7297.50</gpxdata:distance>
     <gpxdata:speed>5.050</gpxdata:speed>
    </extensions>
   </trkpt>
   <trkpt lat="-21.5772033" lon="-64.7559167">
    <ele>1953</ele>
    <time>2026-03-15T21:23:35Z</time>
    <extensions>
     <gpxdata:hr>113</gpxdata:hr>
     <gpxdata:distance>7303.00</gpxdata:distance>
     <gpxdata:speed>5.214</gpxdata:speed>
    </extensions>
   </trkpt>
   <trkpt lat="-21.5771993" lon="-64.7559674">
    <ele>1953</ele>
    <time>2026-03-15T21:23:36Z</time>
    <extensions>
     <gpxdata:hr>113</gpxdata:hr>
     <gpxdata:distance>7308.50</gpxdata:distance>
     <gpxdata:speed>5.250</gpxdata:speed>
    </extensions>
   </trkpt>
   <trkpt lat="-21.5771948" lon="-64.7560191">
    <ele>1953</ele>
    <time>2026-03-15T21:23:37Z</time>
    <extensions>
     <gpxdata:hr>112</gpxdata:hr>
     <gpxdata:distance>7314.00</gpxdata:distance>
     <gpxdata:speed>5.367</gpxdata:speed>
    </extensions>
   </trkpt>
   <trkpt lat="-21.5771899" lon="-64.7560717">
    <ele>1953</ele>
    <time>2026-03-15T21:23:38Z</time>
    <extensions>
     <gpxdata:hr>113</gpxdata:hr>
     <gpxdata:distance>7319.50</gpxdata:distance>
     <gpxdata:speed>5.458</gpxdata:speed>
    </extensions>
   </trkpt>
   <trkpt lat="-21.5771862" lon="-64.7561254">
    <ele>1953</ele>
    <time>2026-03-15T21:23:39Z</time>
    <extensions>
     <gpxdata:hr>112</gpxdata:hr>
     <gpxdata:distance>7325.00</gpxdata:distance>
     <gpxdata:speed>5.561</gpxdata:speed>
    </extensions>
   </trkpt>
   <trkpt lat="-21.5771823" lon="-64.7561792">
    <ele>1953</ele>
    <time>2026-03-15T21:23:40Z</time>
    <extensions>
     <gpxdata:hr>112</gpxdata:hr>
     <gpxdata:distance>7330.50</gpxdata:distance>
     <gpxdata:speed>5.581</gpxdata:speed>
    </extensions>
   </trkpt>
   <trkpt lat="-21.5771785" lon="-64.7562330">
    <ele>1954</ele>
    <time>2026-03-15T21:23:41Z</time>
    <extensions>
     <gpxdata:hr>112</gpxdata:hr>
     <gpxdata:distance>7336.00</gpxdata:distance>
     <gpxdata:speed>5.569</gpxdata:speed>
    </extensions>
   </trkpt>
   <trkpt lat="-21.5771743" lon="-64.7562871">
    <ele>1954</ele>
    <time>2026-03-15T21:23:42Z</time>
    <extensions>
     <gpxdata:hr>113</gpxdata:hr>
     <gpxdata:distance>7341.50</gpxdata:distance>
     <gpxdata:speed>5.619</gpxdata:speed>
    </extensions>
   </trkpt>
   <trkpt lat="-21.5771716" lon="-64.7563411">
    <ele>1953</ele>
    <time>2026-03-15T21:23:43Z</time>
    <extensions>
     <gpxdata:hr>113</gpxdata:hr>
     <gpxdata:distance>7347.00</gpxdata:distance>
     <gpxdata:speed>5.592</gpxdata:speed>
    </extensions>
   </trkpt>
   <trkpt lat="-21.5771684" lon="-64.7563960">
    <ele>1953</ele>
    <time>2026-03-15T21:23:44Z</time>
    <extensions>
     <gpxdata:hr>113</gpxdata:hr>
     <gpxdata:distance>7353.00</gpxdata:distance>
     <gpxdata:speed>5.689</gpxdata:speed>
    </extensions>
   </trkpt>
   <trkpt lat="-21.5771644" lon="-64.7564518">
    <ele>1953</ele>
    <time>2026-03-15T21:23:45Z</time>
    <extensions>
     <gpxdata:hr>113</gpxdata:hr>
     <gpxdata:distance>7359.00</gpxdata:distance>
     <gpxdata:speed>5.783</gpxdata:speed>
    </extensions>
   </trkpt>
   <trkpt lat="-21.5771599" lon="-64.7565082">
    <ele>1953</ele>
    <time>2026-03-15T21:23:46Z</time>
    <extensions>
     <gpxdata:hr>113</gpxdata:hr>
     <gpxdata:distance>7365.00</gpxdata:distance>
     <gpxdata:speed>5.844</gpxdata:speed>
    </extensions>
   </trkpt>
   <trkpt lat="-21.5771569" lon="-64.7565660">
    <ele>1953</ele>
    <time>2026-03-15T21:23:47Z</time>
    <extensions>
     <gpxdata:hr>115</gpxdata:hr>
     <gpxdata:distance>7371.00</gpxdata:distance>
     <gpxdata:speed>5.983</gpxdata:speed>
    </extensions>
   </trkpt>
   <trkpt lat="-21.5771554" lon="-64.7566250">
    <ele>1953</ele>
    <time>2026-03-15T21:23:48Z</time>
    <extensions>
     <gpxdata:hr>114</gpxdata:hr>
     <gpxdata:distance>7377.50</gpxdata:distance>
     <gpxdata:speed>6.097</gpxdata:speed>
    </extensions>
   </trkpt>
   <trkpt lat="-21.5771571" lon="-64.7567055">
    <ele>1953</ele>
    <time>2026-03-15T21:23:49Z</time>
    <extensions>
     <gpxdata:hr>114</gpxdata:hr>
     <gpxdata:distance>7384.00</gpxdata:distance>
     <gpxdata:speed>6.228</gpxdata:speed>
    </extensions>
   </trkpt>
   <trkpt lat="-21.5771626" lon="-64.7567701">
    <ele>1953</ele>
    <time>2026-03-15T21:23:50Z</time>
    <extensions>
     <gpxdata:hr>114</gpxdata:hr>
     <gpxdata:distance>7390.50</gpxdata:distance>
     <gpxdata:speed>6.392</gpxdata:speed>
    </extensions>
   </trkpt>
   <trkpt lat="-21.5771703" lon="-64.7568343">
    <ele>1953</ele>
    <time>2026-03-15T21:23:51Z</time>
    <extensions>
     <gpxdata:hr>115</gpxdata:hr>
     <gpxdata:distance>7397.00</gpxdata:distance>
     <gpxdata:speed>6.575</gpxdata:speed>
    </extensions>
   </trkpt>
   <trkpt lat="-21.5771819" lon="-64.7568991">
    <ele>1953</ele>
    <time>2026-03-15T21:23:52Z</time>
    <extensions>
     <gpxdata:hr>114</gpxdata:hr>
     <gpxdata:distance>7404.00</gpxdata:distance>
     <gpxdata:speed>6.736</gpxdata:speed>
    </extensions>
   </trkpt>
   <trkpt lat="-21.5771960" lon="-64.7569651">
    <ele>1953</ele>
    <time>2026-03-15T21:23:53Z</time>
    <extensions>
     <gpxdata:hr>113</gpxdata:hr>
     <gpxdata:distance>7411.00</gpxdata:distance>
     <gpxdata:speed>6.908</gpxdata:speed>
    </extensions>
   </trkpt>
   <trkpt lat="-21.5772151" lon="-64.7570316">
    <ele>1953</ele>
    <time>2026-03-15T21:23:54Z</time>
    <extensions>
     <gpxdata:hr>112</gpxdata:hr>
     <gpxdata:distance>7418.50</gpxdata:distance>
     <gpxdata:speed>7.097</gpxdata:speed>
    </extensions>
   </trkpt>
   <trkpt lat="-21.5772372" lon="-64.7570999">
    <ele>1953</ele>
    <time>2026-03-15T21:23:55Z</time>
    <extensions>
     <gpxdata:hr>111</gpxdata:hr>
     <gpxdata:distance>7426.00</gpxdata:distance>
     <gpxdata:speed>7.358</gpxdata:speed>
    </extensions>
   </trkpt>
   <trkpt lat="-21.5772638" lon="-64.7571678">
    <ele>1952</ele>
    <time>2026-03-15T21:23:56Z</time>
    <extensions>
     <gpxdata:hr>110</gpxdata:hr>
     <gpxdata:distance>7434.00</gpxdata:distance>
     <gpxdata:speed>7.522</gpxdata:speed>
    </extensions>
   </trkpt>
   <trkpt lat="-21.5772938" lon="-64.7572367">
    <ele>1952</ele>
    <time>2026-03-15T21:23:57Z</time>
    <extensions>
     <gpxdata:hr>110</gpxdata:hr>
     <gpxdata:distance>7442.00</gpxdata:distance>
     <gpxdata:speed>7.753</gpxdata:speed>
    </extensions>
   </trkpt>
   <trkpt lat="-21.5773270" lon="-64.7573048">
    <ele>1952</ele>
    <time>2026-03-15T21:23:58Z</time>
    <extensions>
     <gpxdata:hr>110</gpxdata:hr>
     <gpxdata:distance>7450.00</gpxdata:distance>
     <gpxdata:speed>7.867</gpxdata:speed>
    </extensions>
   </trkpt>
   <trkpt lat="-21.5773642" lon="-64.7573737">
    <ele>1952</ele>
    <time>2026-03-15T21:23:59Z</time>
    <extensions>
     <gpxdata:hr>110</gpxdata:hr>
     <gpxdata:distance>7458.00</gpxdata:distance>
     <gpxdata:speed>8.119</gpxdata:speed>
    </extensions>
   </trkpt>
   <trkpt lat="-21.5774045" lon="-64.7574424">
    <ele>1952</ele>
    <time>2026-03-15T21:24:00Z</time>
    <extensions>
     <gpxdata:hr>110</gpxdata:hr>
     <gpxdata:distance>7466.50</gpxdata:distance>
     <gpxdata:speed>8.300</gpxdata:speed>
    </extensions>
   </trkpt>
   <trkpt lat="-21.5774477" lon="-64.7575109">
    <ele>1952</ele>
    <time>2026-03-15T21:24:01Z</time>
    <extensions>
     <gpxdata:hr>109</gpxdata:hr>
     <gpxdata:distance>7475.00</gpxdata:distance>
     <gpxdata:speed>8.472</gpxdata:speed>
    </extensions>
   </trkpt>
   <trkpt lat="-21.5774979" lon="-64.7575840">
    <ele>1952</ele>
    <time>2026-03-15T21:24:02Z</time>
    <extensions>
     <gpxdata:hr>108</gpxdata:hr>
     <gpxdata:distance>7483.50</gpxdata:distance>
     <gpxdata:speed>9.144</gpxdata:speed>
    </extensions>
   </trkpt>
   <trkpt lat="-21.5775457" lon="-64.7576465">
    <ele>1952</ele>
    <time>2026-03-15T21:24:03Z</time>
    <extensions>
     <gpxdata:hr>108</gpxdata:hr>
     <gpxdata:distance>7492.00</gpxdata:distance>
     <gpxdata:speed>8.483</gpxdata:speed>
    </extensions>
   </trkpt>
   <trkpt lat="-21.5775974" lon="-64.7577042">
    <ele>1952</ele>
    <time>2026-03-15T21:24:04Z</time>
    <extensions>
     <gpxdata:hr>109</gpxdata:hr>
     <gpxdata:distance>7501.00</gpxdata:distance>
     <gpxdata:speed>8.353</gpxdata:speed>
    </extensions>
   </trkpt>
   <trkpt lat="-21.5776545" lon="-64.7577587">
    <ele>1951</ele>
    <time>2026-03-15T21:24:05Z</time>
    <extensions>
     <gpxdata:hr>109</gpxdata:hr>
     <gpxdata:distance>7510.00</gpxdata:distance>
     <gpxdata:speed>8.467</gpxdata:speed>
    </extensions>
   </trkpt>
   <trkpt lat="-21.5777166" lon="-64.7578094">
    <ele>1951</ele>
    <time>2026-03-15T21:24:06Z</time>
    <extensions>
     <gpxdata:hr>108</gpxdata:hr>
     <gpxdata:distance>7518.50</gpxdata:distance>
     <gpxdata:speed>8.603</gpxdata:speed>
    </extensions>
   </trkpt>
   <trkpt lat="-21.5777827" lon="-64.7578543">
    <ele>1951</ele>
    <time>2026-03-15T21:24:07Z</time>
    <extensions>
     <gpxdata:hr>109</gpxdata:hr>
     <gpxdata:distance>7527.00</gpxdata:distance>
     <gpxdata:speed>8.642</gpxdata:speed>
    </extensions>
   </trkpt>
   <trkpt lat="-21.5778517" lon="-64.7578955">
    <ele>1951</ele>
    <time>2026-03-15T21:24:08Z</time>
    <extensions>
     <gpxdata:hr>109</gpxdata:hr>
     <gpxdata:distance>7536.00</gpxdata:distance>
     <gpxdata:speed>8.719</gpxdata:speed>
    </extensions>
   </trkpt>
   <trkpt lat="-21.5779235" lon="-64.7579329">
    <ele>1951</ele>
    <time>2026-03-15T21:24:09Z</time>
    <extensions>
     <gpxdata:hr>110</gpxdata:hr>
     <gpxdata:distance>7545.00</gpxdata:distance>
     <gpxdata:speed>8.806</gpxdata:speed>
    </extensions>
   </trkpt>
   <trkpt lat="-21.5779943" lon="-64.7579698">
    <ele>1951</ele>
    <time>2026-03-15T21:24:10Z</time>
    <extensions>
     <gpxdata:hr>112</gpxdata:hr>
     <gpxdata:distance>7553.50</gpxdata:distance>
     <gpxdata:speed>8.753</gpxdata:speed>
    </extensions>
   </trkpt>
   <trkpt lat="-21.5780640" lon="-64.7580055">
    <ele>1952</ele>
    <time>2026-03-15T21:24:11Z</time>
    <extensions>
     <gpxdata:hr>111</gpxdata:hr>
     <gpxdata:distance>7562.00</gpxdata:distance>
     <gpxdata:speed>8.625</gpxdata:speed>
    </extensions>
   </trkpt>
   <trkpt lat="-21.5781351" lon="-64.7580375">
    <ele>1952</ele>
    <time>2026-03-15T21:24:12Z</time>
    <extensions>
     <gpxdata:hr>110</gpxdata:hr>
     <gpxdata:distance>7570.50</gpxdata:distance>
     <gpxdata:speed>8.597</gpxdata:speed>
    </extensions>
   </trkpt>
   <trkpt lat="-21.5782068" lon="-64.7580653">
    <ele>1952</ele>
    <time>2026-03-15T21:24:13Z</time>
    <extensions>
     <gpxdata:hr>111</gpxdata:hr>
     <gpxdata:distance>7579.00</gpxdata:distance>
     <gpxdata:speed>8.514</gpxdata:speed>
    </extensions>
   </trkpt>
   <trkpt lat="-21.5782787" lon="-64.7580901">
    <ele>1952</ele>
    <time>2026-03-15T21:24:14Z</time>
    <extensions>
     <gpxdata:hr>111</gpxdata:hr>
     <gpxdata:distance>7587.50</gpxdata:distance>
     <gpxdata:speed>8.428</gpxdata:speed>
    </extensions>
   </trkpt>
   <trkpt lat="-21.5783505" lon="-64.7581142">
    <ele>1951</ele>
    <time>2026-03-15T21:24:15Z</time>
    <extensions>
     <gpxdata:hr>111</gpxdata:hr>
     <gpxdata:distance>7596.00</gpxdata:distance>
     <gpxdata:speed>8.394</gpxdata:speed>
    </extensions>
   </trkpt>
   <trkpt lat="-21.5784222" lon="-64.7581377">
    <ele>1951</ele>
    <time>2026-03-15T21:24:16Z</time>
    <extensions>
     <gpxdata:hr>111</gpxdata:hr>
     <gpxdata:distance>7604.50</gpxdata:distance>
     <gpxdata:speed>8.367</gpxdata:speed>
    </extensions>
   </trkpt>
   <trkpt lat="-21.5784939" lon="-64.7581602">
    <ele>1951</ele>
    <time>2026-03-15T21:24:17Z</time>
    <extensions>
     <gpxdata:hr>112</gpxdata:hr>
     <gpxdata:distance>7613.00</gpxdata:distance>
     <gpxdata:speed>8.328</gpxdata:speed>
    </extensions>
   </trkpt>
   <trkpt lat="-21.5785656" lon="-64.7581828">
    <ele>1951</ele>
    <time>2026-03-15T21:24:18Z</time>
    <extensions>
     <gpxdata:hr>111</gpxdata:hr>
     <gpxdata:distance>7621.00</gpxdata:distance>
     <gpxdata:speed>8.322</gpxdata:speed>
    </extensions>
   </trkpt>
   <trkpt lat="-21.5786365" lon="-64.7582057">
    <ele>1951</ele>
    <time>2026-03-15T21:24:19Z</time>
    <extensions>
     <gpxdata:hr>111</gpxdata:hr>
     <gpxdata:distance>7629.00</gpxdata:distance>
     <gpxdata:speed>8.261</gpxdata:speed>
    </extensions>
   </trkpt>
   <trkpt lat="-21.5787060" lon="-64.7582281">
    <ele>1951</ele>
    <time>2026-03-15T21:24:20Z</time>
    <extensions>
     <gpxdata:hr>112</gpxdata:hr>
     <gpxdata:distance>7637.00</gpxdata:distance>
     <gpxdata:speed>8.128</gpxdata:speed>
    </extensions>
   </trkpt>
   <trkpt lat="-21.5787747" lon="-64.7582508">
    <ele>1951</ele>
    <time>2026-03-15T21:24:21Z</time>
    <extensions>
     <gpxdata:hr>112</gpxdata:hr>
     <gpxdata:distance>7645.00</gpxdata:distance>
     <gpxdata:speed>8.044</gpxdata:speed>
    </extensions>
   </trkpt>
   <trkpt lat="-21.5788430" lon="-64.7582738">
    <ele>1950</ele>
    <time>2026-03-15T21:24:22Z</time>
    <extensions>
     <gpxdata:hr>112</gpxdata:hr>
     <gpxdata:distance>7653.00</gpxdata:distance>
     <gpxdata:speed>8.000</gpxdata:speed>
    </extensions>
   </trkpt>
   <trkpt lat="-21.5789112" lon="-64.7582971">
    <ele>1950</ele>
    <time>2026-03-15T21:24:23Z</time>
    <extensions>
     <gpxdata:hr>112</gpxdata:hr>
     <gpxdata:distance>7661.00</gpxdata:distance>
     <gpxdata:speed>7.981</gpxdata:speed>
    </extensions>
   </trkpt>
   <trkpt lat="-21.5789795" lon="-64.7583204">
    <ele>1950</ele>
    <time>2026-03-15T21:24:24Z</time>
    <extensions>
     <gpxdata:hr>112</gpxdata:hr>
     <gpxdata:distance>7669.00</gpxdata:distance>
     <gpxdata:speed>7.978</gpxdata:speed>
    </extensions>
   </trkpt>
   <trkpt lat="-21.5790469" lon="-64.7583461">
    <ele>1950</ele>
    <time>2026-03-15T21:24:25Z</time>
    <extensions>
     <gpxdata:hr>112</gpxdata:hr>
     <gpxdata:distance>7677.00</gpxdata:distance>
     <gpxdata:speed>7.969</gpxdata:speed>
    </extensions>
   </trkpt>
   <trkpt lat="-21.5791147" lon="-64.7583742">
    <ele>1950</ele>
    <time>2026-03-15T21:24:26Z</time>
    <extensions>
     <gpxdata:hr>112</gpxdata:hr>
     <gpxdata:distance>7685.00</gpxdata:distance>
     <gpxdata:speed>8.056</gpxdata:speed>
    </extensions>
   </trkpt>
   <trkpt lat="-21.5791804" lon="-64.7584062">
    <ele>1950</ele>
    <time>2026-03-15T21:24:27Z</time>
    <extensions>
     <gpxdata:hr>113</gpxdata:hr>
     <gpxdata:distance>7693.00</gpxdata:distance>
     <gpxdata:speed>8.019</gpxdata:speed>
    </extensions>
   </trkpt>
   <trkpt lat="-21.5792445" lon="-64.7584427">
    <ele>1950</ele>
    <time>2026-03-15T21:24:28Z</time>
    <extensions>
     <gpxdata:hr>112</gpxdata:hr>
     <gpxdata:distance>7702.00</gpxdata:distance>
     <gpxdata:speed>8.058</gpxdata:speed>
    </extensions>
   </trkpt>
   <trkpt lat="-21.5793126" lon="-64.7584889">
    <ele>1950</ele>
    <time>2026-03-15T21:24:29Z</time>
    <extensions>
     <gpxdata:hr>112</gpxdata:hr>
     <gpxdata:distance>7711.00</gpxdata:distance>
     <gpxdata:speed>8.725</gpxdata:speed>
    </extensions>
   </trkpt>
   <trkpt lat="-21.5793700" lon="-64.7585359">
    <ele>1949</ele>
    <time>2026-03-15T21:24:30Z</time>
    <extensions>
     <gpxdata:hr>112</gpxdata:hr>
     <gpxdata:distance>7718.50</gpxdata:distance>
     <gpxdata:speed>8.114</gpxdata:speed>
    </extensions>
   </trkpt>
   <trkpt lat="-21.5794217" lon="-64.7585879">
    <ele>1949</ele>
    <time>2026-03-15T21:24:31Z</time>
    <extensions>
     <gpxdata:hr>112</gpxdata:hr>
     <gpxdata:distance>7726.00</gpxdata:distance>
     <gpxdata:speed>7.933</gpxdata:speed>
    </extensions>
   </trkpt>
   <trkpt lat="-21.5794697" lon="-64.7586455">
    <ele>1949</ele>
    <time>2026-03-15T21:24:32Z</time>
    <extensions>
     <gpxdata:hr>112</gpxdata:hr>
     <gpxdata:distance>7734.00</gpxdata:distance>
     <gpxdata:speed>7.989</gpxdata:speed>
    </extensions>
   </trkpt>
   <trkpt lat="-21.5795146" lon="-64.7587071">
    <ele>1949</ele>
    <time>2026-03-15T21:24:33Z</time>
    <extensions>
     <gpxdata:hr>112</gpxdata:hr>
     <gpxdata:distance>7742.00</gpxdata:distance>
     <gpxdata:speed>8.053</gpxdata:speed>
    </extensions>
   </trkpt>
   <trkpt lat="-21.5795595" lon="-64.7587768">
    <ele>1949</ele>
    <time>2026-03-15T21:24:34Z</time>
    <extensions>
     <gpxdata:hr>113</gpxdata:hr>
     <gpxdata:distance>7750.00</gpxdata:distance>
     <gpxdata:speed>8.572</gpxdata:speed>
    </extensions>
   </trkpt>
   <trkpt lat="-21.5795973" lon="-64.7588392">
    <ele>1949</ele>
    <time>2026-03-15T21:24:35Z</time>
    <extensions>
     <gpxdata:hr>112</gpxdata:hr>
     <gpxdata:distance>7758.00</gpxdata:distance>
     <gpxdata:speed>7.856</gpxdata:speed>
    </extensions>
   </trkpt>
   <trkpt lat="-21.5796353" lon="-64.7589007">
    <ele>1949</ele>
    <time>2026-03-15T21:24:36Z</time>
    <extensions>
     <gpxdata:hr>113</gpxdata:hr>
     <gpxdata:distance>7766.00</gpxdata:distance>
     <gpxdata:speed>7.736</gpxdata:speed>
    </extensions>
   </trkpt>
   <trkpt lat="-21.5796734" lon="-64.7589629">
    <ele>1949</ele>
    <time>2026-03-15T21:24:37Z</time>
    <extensions>
     <gpxdata:hr>113</gpxdata:hr>
     <gpxdata:distance>7774.00</gpxdata:distance>
     <gpxdata:speed>7.742</gpxdata:speed>
    </extensions>
   </trkpt>
   <trkpt lat="-21.5797107" lon="-64.7590265">
    <ele>1949</ele>
    <time>2026-03-15T21:24:38Z</time>
    <extensions>
     <gpxdata:hr>112</gpxdata:hr>
     <gpxdata:distance>7781.50</gpxdata:distance>
     <gpxdata:speed>7.783</gpxdata:speed>
    </extensions>
   </trkpt>
   <trkpt lat="-21.5797445" lon="-64.7590918">
    <ele>1949</ele>
    <time>2026-03-15T21:24:39Z</time>
    <extensions>
     <gpxdata:hr>112</gpxdata:hr>
     <gpxdata:distance>7789.00</gpxdata:distance>
     <gpxdata:speed>7.739</gpxdata:speed>
    </extensions>
   </trkpt>
   <trkpt lat="-21.5797756" lon="-64.7591589">
    <ele>1949</ele>
    <time>2026-03-15T21:24:40Z</time>
    <extensions>
     <gpxdata:hr>112</gpxdata:hr>
     <gpxdata:distance>7797.00</gpxdata:distance>
     <gpxdata:speed>7.758</gpxdata:speed>
    </extensions>
   </trkpt>
   <trkpt lat="-21.5798065" lon="-64.7592263">
    <ele>1949</ele>
    <time>2026-03-15T21:24:41Z</time>
    <extensions>
     <gpxdata:hr>112</gpxdata:hr>
     <gpxdata:distance>7805.00</gpxdata:distance>
     <gpxdata:speed>7.761</gpxdata:speed>
    </extensions>
   </trkpt>
   <trkpt lat="-21.5798383" lon="-64.7592942">
    <ele>1949</ele>
    <time>2026-03-15T21:24:42Z</time>
    <extensions>
     <gpxdata:hr>112</gpxdata:hr>
     <gpxdata:distance>7813.00</gpxdata:distance>
     <gpxdata:speed>7.842</gpxdata:speed>
    </extensions>
   </trkpt>
   <trkpt lat="-21.5798717" lon="-64.7593616">
    <ele>1948</ele>
    <time>2026-03-15T21:24:43Z</time>
    <extensions>
     <gpxdata:hr>112</gpxdata:hr>
     <gpxdata:distance>7821.00</gpxdata:distance>
     <gpxdata:speed>7.886</gpxdata:speed>
    </extensions>
   </trkpt>
   <trkpt lat="-21.5799062" lon="-64.7594287">
    <ele>1948</ele>
    <time>2026-03-15T21:24:44Z</time>
    <extensions>
     <gpxdata:hr>112</gpxdata:hr>
     <gpxdata:distance>7828.50</gpxdata:distance>
     <gpxdata:speed>7.911</gpxdata:speed>
    </extensions>
   </trkpt>
   <trkpt lat="-21.5799412" lon="-64.7594947">
    <ele>1948</ele>
    <time>2026-03-15T21:24:45Z</time>
    <extensions>
     <gpxdata:hr>112</gpxdata:hr>
     <gpxdata:distance>7836.00</gpxdata:distance>
     <gpxdata:speed>7.869</gpxdata:speed>
    </extensions>
   </trkpt>
   <trkpt lat="-21.5799763" lon="-64.7595608">
    <ele>1948</ele>
    <time>2026-03-15T21:24:46Z</time>
    <extensions>
     <gpxdata:hr>114</gpxdata:hr>
     <gpxdata:distance>7844.00</gpxdata:distance>
     <gpxdata:speed>7.881</gpxdata:speed>
    </extensions>
   </trkpt>
   <trkpt lat="-21.5800114" lon="-64.7596279">
    <ele>1948</ele>
    <time>2026-03-15T21:24:47Z</time>
    <extensions>
     <gpxdata:hr>116</gpxdata:hr>
     <gpxdata:distance>7852.00</gpxdata:distance>
     <gpxdata:speed>7.950</gpxdata:speed>
    </extensions>
   </trkpt>
   <trkpt lat="-21.5800458" lon="-64.7596950">
    <ele>1948</ele>
    <time>2026-03-15T21:24:48Z</time>
    <extensions>
     <gpxdata:hr>117</gpxdata:hr>
     <gpxdata:distance>7860.00</gpxdata:distance>
     <gpxdata:speed>7.928</gpxdata:speed>
    </extensions>
   </trkpt>
   <trkpt lat="-21.5800795" lon="-64.7597627">
    <ele>1948</ele>
    <time>2026-03-15T21:24:49Z</time>
    <extensions>
     <gpxdata:hr>118</gpxdata:hr>
     <gpxdata:distance>7868.00</gpxdata:distance>
     <gpxdata:speed>7.942</gpxdata:speed>
    </extensions>
   </trkpt>
   <trkpt lat="-21.5801144" lon="-64.7598301">
    <ele>1948</ele>
    <time>2026-03-15T21:24:50Z</time>
    <extensions>
     <gpxdata:hr>118</gpxdata:hr>
     <gpxdata:distance>7876.00</gpxdata:distance>
     <gpxdata:speed>7.972</gpxdata:speed>
    </extensions>
   </trkpt>
   <trkpt lat="-21.5801496" lon="-64.7598970">
    <ele>1948</ele>
    <time>2026-03-15T21:24:51Z</time>
    <extensions>
     <gpxdata:hr>118</gpxdata:hr>
     <gpxdata:distance>7884.00</gpxdata:distance>
     <gpxdata:speed>7.961</gpxdata:speed>
    </extensions>
   </trkpt>
   <trkpt lat="-21.5801840" lon="-64.7599638">
    <ele>1948</ele>
    <time>2026-03-15T21:24:52Z</time>
    <extensions>
     <gpxdata:hr>118</gpxdata:hr>
     <gpxdata:distance>7892.00</gpxdata:distance>
     <gpxdata:speed>7.914</gpxdata:speed>
    </extensions>
   </trkpt>
   <trkpt lat="-21.5802193" lon="-64.7600305">
    <ele>1948</ele>
    <time>2026-03-15T21:24:53Z</time>
    <extensions>
     <gpxdata:hr>119</gpxdata:hr>
     <gpxdata:distance>7900.00</gpxdata:distance>
     <gpxdata:speed>7.939</gpxdata:speed>
    </extensions>
   </trkpt>
   <trkpt lat="-21.5802554" lon="-64.7600971">
    <ele>1948</ele>
    <time>2026-03-15T21:24:54Z</time>
    <extensions>
     <gpxdata:hr>119</gpxdata:hr>
     <gpxdata:distance>7908.00</gpxdata:distance>
     <gpxdata:speed>7.969</gpxdata:speed>
    </extensions>
   </trkpt>
   <trkpt lat="-21.5802912" lon="-64.7601637">
    <ele>1948</ele>
    <time>2026-03-15T21:24:55Z</time>
    <extensions>
     <gpxdata:hr>119</gpxdata:hr>
     <gpxdata:distance>7916.00</gpxdata:distance>
     <gpxdata:speed>7.961</gpxdata:speed>
    </extensions>
   </trkpt>
   <trkpt lat="-21.5803258" lon="-64.7602296">
    <ele>1948</ele>
    <time>2026-03-15T21:24:56Z</time>
    <extensions>
     <gpxdata:hr>119</gpxdata:hr>
     <gpxdata:distance>7924.00</gpxdata:distance>
     <gpxdata:speed>7.861</gpxdata:speed>
    </extensions>
   </trkpt>
   <trkpt lat="-21.5803604" lon="-64.7602957">
    <ele>1948</ele>
    <time>2026-03-15T21:24:57Z</time>
    <extensions>
     <gpxdata:hr>118</gpxdata:hr>
     <gpxdata:distance>7932.00</gpxdata:distance>
     <gpxdata:speed>7.861</gpxdata:speed>
    </extensions>
   </trkpt>
   <trkpt lat="-21.5803951" lon="-64.7603613">
    <ele>1947</ele>
    <time>2026-03-15T21:24:58Z</time>
    <extensions>
     <gpxdata:hr>119</gpxdata:hr>
     <gpxdata:distance>7939.50</gpxdata:distance>
     <gpxdata:speed>7.831</gpxdata:speed>
    </extensions>
   </trkpt>
   <trkpt lat="-21.5804292" lon="-64.7604265">
    <ele>1947</ele>
    <time>2026-03-15T21:24:59Z</time>
    <extensions>
     <gpxdata:hr>119</gpxdata:hr>
     <gpxdata:distance>7947.00</gpxdata:distance>
     <gpxdata:speed>7.769</gpxdata:speed>
    </extensions>
   </trkpt>
   <trkpt lat="-21.5804643" lon="-64.7604916">
    <ele>1947</ele>
    <time>2026-03-15T21:25:00Z</time>
    <extensions>
     <gpxdata:hr>119</gpxdata:hr>
     <gpxdata:distance>7955.00</gpxdata:distance>
     <gpxdata:speed>7.789</gpxdata:speed>
    </extensions>
   </trkpt>
   <trkpt lat="-21.5804997" lon="-64.7605565">
    <ele>1947</ele>
    <time>2026-03-15T21:25:01Z</time>
    <extensions>
     <gpxdata:hr>119</gpxdata:hr>
     <gpxdata:distance>7963.00</gpxdata:distance>
     <gpxdata:speed>7.789</gpxdata:speed>
    </extensions>
   </trkpt>
   <trkpt lat="-21.5805364" lon="-64.7606199">
    <ele>1947</ele>
    <time>2026-03-15T21:25:02Z</time>
    <extensions>
     <gpxdata:hr>118</gpxdata:hr>
     <gpxdata:distance>7970.50</gpxdata:distance>
     <gpxdata:speed>7.744</gpxdata:speed>
    </extensions>
   </trkpt>
   <trkpt lat="-21.5805742" lon="-64.7606814">
    <ele>1947</ele>
    <time>2026-03-15T21:25:03Z</time>
    <extensions>
     <gpxdata:hr>117</gpxdata:hr>
     <gpxdata:distance>7978.00</gpxdata:distance>
     <gpxdata:speed>7.656</gpxdata:speed>
    </extensions>
   </trkpt>
   <trkpt lat="-21.5806132" lon="-64.7607410">
    <ele>1947</ele>
    <time>2026-03-15T21:25:04Z</time>
    <extensions>
     <gpxdata:hr>116</gpxdata:hr>
     <gpxdata:distance>7985.50</gpxdata:distance>
     <gpxdata:speed>7.581</gpxdata:speed>
    </extensions>
   </trkpt>
   <trkpt lat="-21.5806538" lon="-64.7607980">
    <ele>1947</ele>
    <time>2026-03-15T21:25:05Z</time>
    <extensions>
     <gpxdata:hr>115</gpxdata:hr>
     <gpxdata:distance>7993.00</gpxdata:distance>
     <gpxdata:speed>7.475</gpxdata:speed>
    </extensions>
   </trkpt>
   <trkpt lat="-21.5806968" lon="-64.7608512">
    <ele>1947</ele>
    <time>2026-03-15T21:25:06Z</time>
    <extensions>
     <gpxdata:hr>115</gpxdata:hr>
     <gpxdata:distance>8000.00</gpxdata:distance>
     <gpxdata:speed>7.342</gpxdata:speed>
    </extensions>
   </trkpt>
   <trkpt lat="-21.5807428" lon="-64.7609004">
    <ele>1947</ele>
    <time>2026-03-15T21:25:07Z</time>
    <extensions>
     <gpxdata:hr>115</gpxdata:hr>
     <gpxdata:distance>8007.00</gpxdata:distance>
     <gpxdata:speed>7.258</gpxdata:speed>
    </extensions>
   </trkpt>
   <trkpt lat="-21.5807907" lon="-64.7609452">
    <ele>1947</ele>
    <time>2026-03-15T21:25:08Z</time>
    <extensions>
     <gpxdata:hr>114</gpxdata:hr>
     <gpxdata:distance>8014.00</gpxdata:distance>
     <gpxdata:speed>7.106</gpxdata:speed>
    </extensions>
   </trkpt>
   <trkpt lat="-21.5808400" lon="-64.7609867">
    <ele>1947</ele>
    <time>2026-03-15T21:25:09Z</time>
    <extensions>
     <gpxdata:hr>114</gpxdata:hr>
     <gpxdata:distance>8021.00</gpxdata:distance>
     <gpxdata:speed>7.008</gpxdata:speed>
    </extensions>
   </trkpt>
   <trkpt lat="-21.5808915" lon="-64.7610243">
    <ele>1947</ele>
    <time>2026-03-15T21:25:10Z</time>
    <extensions>
     <gpxdata:hr>113</gpxdata:hr>
     <gpxdata:distance>8028.00</gpxdata:distance>
     <gpxdata:speed>6.956</gpxdata:speed>
    </extensions>
   </trkpt>
   <trkpt lat="-21.5809452" lon="-64.7610590">
    <ele>1947</ele>
    <time>2026-03-15T21:25:11Z</time>
    <extensions>
     <gpxdata:hr>113</gpxdata:hr>
     <gpxdata:distance>8035.00</gpxdata:distance>
     <gpxdata:speed>6.964</gpxdata:speed>
    </extensions>
   </trkpt>
   <trkpt lat="-21.5809993" lon="-64.7610923">
    <ele>1947</ele>
    <time>2026-03-15T21:25:12Z</time>
    <extensions>
     <gpxdata:hr>113</gpxdata:hr>
     <gpxdata:distance>8042.00</gpxdata:distance>
     <gpxdata:speed>6.936</gpxdata:speed>
    </extensions>
   </trkpt>
   <trkpt lat="-21.5810532" lon="-64.7611237">
    <ele>1947</ele>
    <time>2026-03-15T21:25:13Z</time>
    <extensions>
     <gpxdata:hr>112</gpxdata:hr>
     <gpxdata:distance>8049.00</gpxdata:distance>
     <gpxdata:speed>6.847</gpxdata:speed>
    </extensions>
   </trkpt>
   <trkpt lat="-21.5811068" lon="-64.7611539">
    <ele>1947</ele>
    <time>2026-03-15T21:25:14Z</time>
    <extensions>
     <gpxdata:hr>111</gpxdata:hr>
     <gpxdata:distance>8055.50</gpxdata:distance>
     <gpxdata:speed>6.772</gpxdata:speed>
    </extensions>
   </trkpt>
   <trkpt lat="-21.5811602" lon="-64.7611821">
    <ele>1947</ele>
    <time>2026-03-15T21:25:15Z</time>
    <extensions>
     <gpxdata:hr>111</gpxdata:hr>
     <gpxdata:distance>8062.00</gpxdata:distance>
     <gpxdata:speed>6.669</gpxdata:speed>
    </extensions>
   </trkpt>
   <trkpt lat="-21.5812128" lon="-64.7612107">
    <ele>1947</ele>
    <time>2026-03-15T21:25:16Z</time>
    <extensions>
     <gpxdata:hr>110</gpxdata:hr>
     <gpxdata:distance>8068.50</gpxdata:distance>
     <gpxdata:speed>6.597</gpxdata:speed>
    </extensions>
   </trkpt>
   <trkpt lat="-21.5812664" lon="-64.7612399">
    <ele>1946</ele>
    <time>2026-03-15T21:25:17Z</time>
    <extensions>
     <gpxdata:hr>109</gpxdata:hr>
     <gpxdata:distance>8075.00</gpxdata:distance>
     <gpxdata:speed>6.675</gpxdata:speed>
    </extensions>
   </trkpt>
   <trkpt lat="-21.5813192" lon="-64.7612681">
    <ele>1946</ele>
    <time>2026-03-15T21:25:18Z</time>
    <extensions>
     <gpxdata:hr>108</gpxdata:hr>
     <gpxdata:distance>8081.50</gpxdata:distance>
     <gpxdata:speed>6.589</gpxdata:speed>
    </extensions>
   </trkpt>
   <trkpt lat="-21.5813722" lon="-64.7612953">
    <ele>1946</ele>
    <time>2026-03-15T21:25:19Z</time>
    <extensions>
     <gpxdata:hr>107</gpxdata:hr>
     <gpxdata:distance>8088.00</gpxdata:distance>
     <gpxdata:speed>6.553</gpxdata:speed>
    </extensions>
   </trkpt>
   <trkpt lat="-21.5814253" lon="-64.7613221">
    <ele>1946</ele>
    <time>2026-03-15T21:25:20Z</time>
    <extensions>
     <gpxdata:hr>107</gpxdata:hr>
     <gpxdata:distance>8094.50</gpxdata:distance>
     <gpxdata:speed>6.539</gpxdata:speed>
    </extensions>
   </trkpt>
   <trkpt lat="-21.5814786" lon="-64.7613479">
    <ele>1946</ele>
    <time>2026-03-15T21:25:21Z</time>
    <extensions>
     <gpxdata:hr>108</gpxdata:hr>
     <gpxdata:distance>8101.00</gpxdata:distance>
     <gpxdata:speed>6.514</gpxdata:speed>
    </extensions>
   </trkpt>
   <trkpt lat="-21.5815373" lon="-64.7613754">
    <ele>1946</ele>
    <time>2026-03-15T21:25:22Z</time>
    <extensions>
     <gpxdata:hr>109</gpxdata:hr>
     <gpxdata:distance>8108.00</gpxdata:distance>
     <gpxdata:speed>6.986</gpxdata:speed>
    </extensions>
   </trkpt>
   <trkpt lat="-21.5815909" lon="-64.7614013">
    <ele>1946</ele>
    <time>2026-03-15T21:25:23Z</time>
    <extensions>
     <gpxdata:hr>110</gpxdata:hr>
     <gpxdata:distance>8115.00</gpxdata:distance>
     <gpxdata:speed>6.603</gpxdata:speed>
    </extensions>
   </trkpt>
   <trkpt lat="-21.5816441" lon="-64.7614273">
    <ele>1946</ele>
    <time>2026-03-15T21:25:24Z</time>
    <extensions>
     <gpxdata:hr>110</gpxdata:hr>
     <gpxdata:distance>8121.50</gpxdata:distance>
     <gpxdata:speed>6.544</gpxdata:speed>
    </extensions>
   </trkpt>
   <trkpt lat="-21.5816964" lon="-64.7614543">
    <ele>1946</ele>
    <time>2026-03-15T21:25:25Z</time>
    <extensions>
     <gpxdata:hr>110</gpxdata:hr>
     <gpxdata:distance>8128.00</gpxdata:distance>
     <gpxdata:speed>6.497</gpxdata:speed>
    </extensions>
   </trkpt>
   <trkpt lat="-21.5817483" lon="-64.7614814">
    <ele>1946</ele>
    <time>2026-03-15T21:25:26Z</time>
    <extensions>
     <gpxdata:hr>110</gpxdata:hr>
     <gpxdata:distance>8134.50</gpxdata:distance>
     <gpxdata:speed>6.442</gpxdata:speed>
    </extensions>
   </trkpt>
   <trkpt lat="-21.5817999" lon="-64.7615091">
    <ele>1945</ele>
    <time>2026-03-15T21:25:27Z</time>
    <extensions>
     <gpxdata:hr>110</gpxdata:hr>
     <gpxdata:distance>8141.00</gpxdata:distance>
     <gpxdata:speed>6.436</gpxdata:speed>
    </extensions>
   </trkpt>
   <trkpt lat="-21.5818499" lon="-64.7615388">
    <ele>1945</ele>
    <time>2026-03-15T21:25:28Z</time>
    <extensions>
     <gpxdata:hr>110</gpxdata:hr>
     <gpxdata:distance>8147.50</gpxdata:distance>
     <gpxdata:speed>6.378</gpxdata:speed>
    </extensions>
   </trkpt>
   <trkpt lat="-21.5819004" lon="-64.7615713">
    <ele>1945</ele>
    <time>2026-03-15T21:25:29Z</time>
    <extensions>
     <gpxdata:hr>110</gpxdata:hr>
     <gpxdata:distance>8154.00</gpxdata:distance>
     <gpxdata:speed>6.511</gpxdata:speed>
    </extensions>
   </trkpt>
   <trkpt lat="-21.5819499" lon="-64.7616057">
    <ele>1945</ele>
    <time>2026-03-15T21:25:30Z</time>
    <extensions>
     <gpxdata:hr>110</gpxdata:hr>
     <gpxdata:distance>8160.50</gpxdata:distance>
     <gpxdata:speed>6.533</gpxdata:speed>
    </extensions>
   </trkpt>
   <trkpt lat="-21.5819979" lon="-64.7616431">
    <ele>1945</ele>
    <time>2026-03-15T21:25:31Z</time>
    <extensions>
     <gpxdata:hr>111</gpxdata:hr>
     <gpxdata:distance>8167.00</gpxdata:distance>
     <gpxdata:speed>6.572</gpxdata:speed>
    </extensions>
   </trkpt>
   <trkpt lat="-21.5820433" lon="-64.7616840">
    <ele>1945</ele>
    <time>2026-03-15T21:25:32Z</time>
    <extensions>
     <gpxdata:hr>111</gpxdata:hr>
     <gpxdata:distance>8174.00</gpxdata:distance>
     <gpxdata:speed>6.578</gpxdata:speed>
    </extensions>
   </trkpt>
   <trkpt lat="-21.5820880" lon="-64.7617323">
    <ele>1945</ele>
    <time>2026-03-15T21:25:33Z</time>
    <extensions>
     <gpxdata:hr>109</gpxdata:hr>
     <gpxdata:distance>8181.00</gpxdata:distance>
     <gpxdata:speed>6.917</gpxdata:speed>
    </extensions>
   </trkpt>
   <trkpt lat="-21.5821256" lon="-64.7617776">
    <ele>1945</ele>
    <time>2026-03-15T21:25:34Z</time>
    <extensions>
     <gpxdata:hr>108</gpxdata:hr>
     <gpxdata:distance>8186.50</gpxdata:distance>
     <gpxdata:speed>6.394</gpxdata:speed>
    </extensions>
   </trkpt>
   <trkpt lat="-21.5821597" lon="-64.7618239">
    <ele>1945</ele>
    <time>2026-03-15T21:25:35Z</time>
    <extensions>
     <gpxdata:hr>107</gpxdata:hr>
     <gpxdata:distance>8192.00</gpxdata:distance>
     <gpxdata:speed>6.200</gpxdata:speed>
    </extensions>
   </trkpt>
   <trkpt lat="-21.5821910" lon="-64.7618721">
    <ele>1945</ele>
    <time>2026-03-15T21:25:36Z</time>
    <extensions>
     <gpxdata:hr>104</gpxdata:hr>
     <gpxdata:distance>8198.50</gpxdata:distance>
     <gpxdata:speed>6.133</gpxdata:speed>
    </extensions>
   </trkpt>
   <trkpt lat="-21.5822202" lon="-64.7619217">
    <ele>1945</ele>
    <time>2026-03-15T21:25:37Z</time>
    <extensions>
     <gpxdata:hr>102</gpxdata:hr>
     <gpxdata:distance>8205.00</gpxdata:distance>
     <gpxdata:speed>6.092</gpxdata:speed>
    </extensions>
   </trkpt>
   <trkpt lat="-21.5822484" lon="-64.7619717">
    <ele>1945</ele>
    <time>2026-03-15T21:25:38Z</time>
    <extensions>
     <gpxdata:hr>102</gpxdata:hr>
     <gpxdata:distance>8211.00</gpxdata:distance>
     <gpxdata:speed>6.072</gpxdata:speed>
    </extensions>
   </trkpt>
   <trkpt lat="-21.5822757" lon="-64.7620219">
    <ele>1945</ele>
    <time>2026-03-15T21:25:39Z</time>
    <extensions>
     <gpxdata:hr>101</gpxdata:hr>
     <gpxdata:distance>8217.00</gpxdata:distance>
     <gpxdata:speed>6.031</gpxdata:speed>
    </extensions>
   </trkpt>
   <trkpt lat="-21.5823023" lon="-64.7620729">
    <ele>1944</ele>
    <time>2026-03-15T21:25:40Z</time>
    <extensions>
     <gpxdata:hr>101</gpxdata:hr>
     <gpxdata:distance>8223.00</gpxdata:distance>
     <gpxdata:speed>6.050</gpxdata:speed>
    </extensions>
   </trkpt>
   <trkpt lat="-21.5823280" lon="-64.7621236">
    <ele>1944</ele>
    <time>2026-03-15T21:25:41Z</time>
    <extensions>
     <gpxdata:hr>100</gpxdata:hr>
     <gpxdata:distance>8229.00</gpxdata:distance>
     <gpxdata:speed>5.992</gpxdata:speed>
    </extensions>
   </trkpt>
   <trkpt lat="-21.5823462" lon="-64.7621606">
    <ele>1944</ele>
    <time>2026-03-15T21:25:42Z</time>
    <extensions>
     <gpxdata:hr>100</gpxdata:hr>
     <gpxdata:distance>8235.00</gpxdata:distance>
     <gpxdata:speed>5.992</gpxdata:speed>
    </extensions>
   </trkpt>
   <trkpt lat="-21.5823692" lon="-64.7622086">
    <ele>1944</ele>
    <time>2026-03-15T21:25:43Z</time>
    <extensions>
     <gpxdata:hr>100</gpxdata:hr>
     <gpxdata:distance>8241.00</gpxdata:distance>
     <gpxdata:speed>6.058</gpxdata:speed>
    </extensions>
   </trkpt>
   <trkpt lat="-21.5824026" lon="-64.7622769">
    <ele>1944</ele>
    <time>2026-03-15T21:25:44Z</time>
    <extensions>
     <gpxdata:hr>100</gpxdata:hr>
     <gpxdata:distance>8247.00</gpxdata:distance>
     <gpxdata:speed>6.094</gpxdata:speed>
    </extensions>
   </trkpt>
   <trkpt lat="-21.5824299" lon="-64.7623316">
    <ele>1944</ele>
    <time>2026-03-15T21:25:45Z</time>
    <extensions>
     <gpxdata:hr>100</gpxdata:hr>
     <gpxdata:distance>8253.00</gpxdata:distance>
     <gpxdata:speed>6.164</gpxdata:speed>
    </extensions>
   </trkpt>
   <trkpt lat="-21.5824558" lon="-64.7623850">
    <ele>1944</ele>
    <time>2026-03-15T21:25:46Z</time>
    <extensions>
     <gpxdata:hr>102</gpxdata:hr>
     <gpxdata:distance>8259.00</gpxdata:distance>
     <gpxdata:speed>6.186</gpxdata:speed>
    </extensions>
   </trkpt>
   <trkpt lat="-21.5824812" lon="-64.7624376">
    <ele>1944</ele>
    <time>2026-03-15T21:25:47Z</time>
    <extensions>
     <gpxdata:hr>102</gpxdata:hr>
     <gpxdata:distance>8265.00</gpxdata:distance>
     <gpxdata:speed>6.136</gpxdata:speed>
    </extensions>
   </trkpt>
   <trkpt lat="-21.5825070" lon="-64.7624904">
    <ele>1944</ele>
    <time>2026-03-15T21:25:48Z</time>
    <extensions>
     <gpxdata:hr>102</gpxdata:hr>
     <gpxdata:distance>8271.50</gpxdata:distance>
     <gpxdata:speed>6.167</gpxdata:speed>
    </extensions>
   </trkpt>
   <trkpt lat="-21.5825341" lon="-64.7625436">
    <ele>1944</ele>
    <time>2026-03-15T21:25:49Z</time>
    <extensions>
     <gpxdata:hr>106</gpxdata:hr>
     <gpxdata:distance>8278.00</gpxdata:distance>
     <gpxdata:speed>6.244</gpxdata:speed>
    </extensions>
   </trkpt>
   <trkpt lat="-21.5825629" lon="-64.7625961">
    <ele>1944</ele>
    <time>2026-03-15T21:25:50Z</time>
    <extensions>
     <gpxdata:hr>107</gpxdata:hr>
     <gpxdata:distance>8284.00</gpxdata:distance>
     <gpxdata:speed>6.281</gpxdata:speed>
    </extensions>
   </trkpt>
   <trkpt lat="-21.5825933" lon="-64.7626457">
    <ele>1944</ele>
    <time>2026-03-15T21:25:51Z</time>
    <extensions>
     <gpxdata:hr>108</gpxdata:hr>
     <gpxdata:distance>8290.00</gpxdata:distance>
     <gpxdata:speed>6.178</gpxdata:speed>
    </extensions>
   </trkpt>
   <trkpt lat="-21.5826270" lon="-64.7626950">
    <ele>1944</ele>
    <time>2026-03-15T21:25:52Z</time>
    <extensions>
     <gpxdata:hr>108</gpxdata:hr>
     <gpxdata:distance>8296.50</gpxdata:distance>
     <gpxdata:speed>6.294</gpxdata:speed>
    </extensions>
   </trkpt>
   <trkpt lat="-21.5826629" lon="-64.7627429">
    <ele>1944</ele>
    <time>2026-03-15T21:25:53Z</time>
    <extensions>
     <gpxdata:hr>110</gpxdata:hr>
     <gpxdata:distance>8303.00</gpxdata:distance>
     <gpxdata:speed>6.333</gpxdata:speed>
    </extensions>
   </trkpt>
   <trkpt lat="-21.5827012" lon="-64.7627891">
    <ele>1944</ele>
    <time>2026-03-15T21:25:54Z</time>
    <extensions>
     <gpxdata:hr>111</gpxdata:hr>
     <gpxdata:distance>8309.50</gpxdata:distance>
     <gpxdata:speed>6.378</gpxdata:speed>
    </extensions>
   </trkpt>
   <trkpt lat="-21.5827425" lon="-64.7628336">
    <ele>1944</ele>
    <time>2026-03-15T21:25:55Z</time>
    <extensions>
     <gpxdata:hr>111</gpxdata:hr>
     <gpxdata:distance>8316.00</gpxdata:distance>
     <gpxdata:speed>6.456</gpxdata:speed>
    </extensions>
   </trkpt>
   <trkpt lat="-21.5827861" lon="-64.7628756">
    <ele>1944</ele>
    <time>2026-03-15T21:25:56Z</time>
    <extensions>
     <gpxdata:hr>111</gpxdata:hr>
     <gpxdata:distance>8322.50</gpxdata:distance>
     <gpxdata:speed>6.486</gpxdata:speed>
    </extensions>
   </trkpt>
   <trkpt lat="-21.5828318" lon="-64.7629145">
    <ele>1943</ele>
    <time>2026-03-15T21:25:57Z</time>
    <extensions>
     <gpxdata:hr>111</gpxdata:hr>
     <gpxdata:distance>8329.00</gpxdata:distance>
     <gpxdata:speed>6.472</gpxdata:speed>
    </extensions>
   </trkpt>
   <trkpt lat="-21.5828793" lon="-64.7629532">
    <ele>1943</ele>
    <time>2026-03-15T21:25:58Z</time>
    <extensions>
     <gpxdata:hr>111</gpxdata:hr>
     <gpxdata:distance>8336.50</gpxdata:distance>
     <gpxdata:speed>6.581</gpxdata:speed>
    </extensions>
   </trkpt>
   <trkpt lat="-21.5829315" lon="-64.7629947">
    <ele>1943</ele>
    <time>2026-03-15T21:25:59Z</time>
    <extensions>
     <gpxdata:hr>112</gpxdata:hr>
     <gpxdata:distance>8344.00</gpxdata:distance>
     <gpxdata:speed>7.056</gpxdata:speed>
    </extensions>
   </trkpt>
   <trkpt lat="-21.5829806" lon="-64.7630298">
    <ele>1943</ele>
    <time>2026-03-15T21:26:00Z</time>
    <extensions>
     <gpxdata:hr>112</gpxdata:hr>
     <gpxdata:distance>8350.00</gpxdata:distance>
     <gpxdata:speed>6.631</gpxdata:speed>
    </extensions>
   </trkpt>
   <trkpt lat="-21.5830296" lon="-64.7630628">
    <ele>1943</ele>
    <time>2026-03-15T21:26:01Z</time>
    <extensions>
     <gpxdata:hr>112</gpxdata:hr>
     <gpxdata:distance>8356.00</gpxdata:distance>
     <gpxdata:speed>6.500</gpxdata:speed>
    </extensions>
   </trkpt>
   <trkpt lat="-21.5830814" lon="-64.7630939">
    <ele>1943</ele>
    <time>2026-03-15T21:26:02Z</time>
    <extensions>
     <gpxdata:hr>112</gpxdata:hr>
     <gpxdata:distance>8363.00</gpxdata:distance>
     <gpxdata:speed>6.589</gpxdata:speed>
    </extensions>
   </trkpt>
   <trkpt lat="-21.5831353" lon="-64.7631223">
    <ele>1943</ele>
    <time>2026-03-15T21:26:03Z</time>
    <extensions>
     <gpxdata:hr>110</gpxdata:hr>
     <gpxdata:distance>8370.00</gpxdata:distance>
     <gpxdata:speed>6.650</gpxdata:speed>
    </extensions>
   </trkpt>
   <trkpt lat="-21.5831901" lon="-64.7631478">
    <ele>1943</ele>
    <time>2026-03-15T21:26:04Z</time>
    <extensions>
     <gpxdata:hr>109</gpxdata:hr>
     <gpxdata:distance>8376.50</gpxdata:distance>
     <gpxdata:speed>6.639</gpxdata:speed>
    </extensions>
   </trkpt>
   <trkpt lat="-21.5832454" lon="-64.7631731">
    <ele>1943</ele>
    <time>2026-03-15T21:26:05Z</time>
    <extensions>
     <gpxdata:hr>108</gpxdata:hr>
     <gpxdata:distance>8383.00</gpxdata:distance>
     <gpxdata:speed>6.664</gpxdata:speed>
    </extensions>
   </trkpt>
   <trkpt lat="-21.5833014" lon="-64.7631974">
    <ele>1943</ele>
    <time>2026-03-15T21:26:06Z</time>
    <extensions>
     <gpxdata:hr>107</gpxdata:hr>
     <gpxdata:distance>8389.50</gpxdata:distance>
     <gpxdata:speed>6.703</gpxdata:speed>
    </extensions>
   </trkpt>
   <trkpt lat="-21.5833564" lon="-64.7632194">
    <ele>1943</ele>
    <time>2026-03-15T21:26:07Z</time>
    <extensions>
     <gpxdata:hr>107</gpxdata:hr>
     <gpxdata:distance>8396.00</gpxdata:distance>
     <gpxdata:speed>6.564</gpxdata:speed>
    </extensions>
   </trkpt>
   <trkpt lat="-21.5834127" lon="-64.7632384">
    <ele>1943</ele>
    <time>2026-03-15T21:26:08Z</time>
    <extensions>
     <gpxdata:hr>107</gpxdata:hr>
     <gpxdata:distance>8402.50</gpxdata:distance>
     <gpxdata:speed>6.575</gpxdata:speed>
    </extensions>
   </trkpt>
   <trkpt lat="-21.5834687" lon="-64.7632556">
    <ele>1943</ele>
    <time>2026-03-15T21:26:09Z</time>
    <extensions>
     <gpxdata:hr>107</gpxdata:hr>
     <gpxdata:distance>8409.00</gpxdata:distance>
     <gpxdata:speed>6.503</gpxdata:speed>
    </extensions>
   </trkpt>
   <trkpt lat="-21.5835234" lon="-64.7632721">
    <ele>1943</ele>
    <time>2026-03-15T21:26:10Z</time>
    <extensions>
     <gpxdata:hr>107</gpxdata:hr>
     <gpxdata:distance>8415.50</gpxdata:distance>
     <gpxdata:speed>6.375</gpxdata:speed>
    </extensions>
   </trkpt>
   <trkpt lat="-21.5835780" lon="-64.7632877">
    <ele>1943</ele>
    <time>2026-03-15T21:26:11Z</time>
    <extensions>
     <gpxdata:hr>107</gpxdata:hr>
     <gpxdata:distance>8422.00</gpxdata:distance>
     <gpxdata:speed>6.322</gpxdata:speed>
    </extensions>
   </trkpt>
   <trkpt lat="-21.5836312" lon="-64.7633020">
    <ele>1943</ele>
    <time>2026-03-15T21:26:12Z</time>
    <extensions>
     <gpxdata:hr>107</gpxdata:hr>
     <gpxdata:distance>8428.00</gpxdata:distance>
     <gpxdata:speed>6.161</gpxdata:speed>
    </extensions>
   </trkpt>
   <trkpt lat="-21.5836857" lon="-64.7633171">
    <ele>1943</ele>
    <time>2026-03-15T21:26:13Z</time>
    <extensions>
     <gpxdata:hr>107</gpxdata:hr>
     <gpxdata:distance>8434.00</gpxdata:distance>
     <gpxdata:speed>6.256</gpxdata:speed>
    </extensions>
   </trkpt>
   <trkpt lat="-21.5837398" lon="-64.7633314">
    <ele>1943</ele>
    <time>2026-03-15T21:26:14Z</time>
    <extensions>
     <gpxdata:hr>107</gpxdata:hr>
     <gpxdata:distance>8440.00</gpxdata:distance>
     <gpxdata:speed>6.219</gpxdata:speed>
    </extensions>
   </trkpt>
   <trkpt lat="-21.5837936" lon="-64.7633452">
    <ele>1943</ele>
    <time>2026-03-15T21:26:15Z</time>
    <extensions>
     <gpxdata:hr>107</gpxdata:hr>
     <gpxdata:distance>8446.00</gpxdata:distance>
     <gpxdata:speed>6.169</gpxdata:speed>
    </extensions>
   </trkpt>
   <trkpt lat="-21.5838463" lon="-64.7633593">
    <ele>1942</ele>
    <time>2026-03-15T21:26:16Z</time>
    <extensions>
     <gpxdata:hr>106</gpxdata:hr>
     <gpxdata:distance>8452.00</gpxdata:distance>
     <gpxdata:speed>6.078</gpxdata:speed>
    </extensions>
   </trkpt>
   <trkpt lat="-21.5838998" lon="-64.7633739">
    <ele>1942</ele>
    <time>2026-03-15T21:26:17Z</time>
    <extensions>
     <gpxdata:hr>105</gpxdata:hr>
     <gpxdata:distance>8458.00</gpxdata:distance>
     <gpxdata:speed>6.139</gpxdata:speed>
    </extensions>
   </trkpt>
   <trkpt lat="-21.5839534" lon="-64.7633873">
    <ele>1942</ele>
    <time>2026-03-15T21:26:18Z</time>
    <extensions>
     <gpxdata:hr>104</gpxdata:hr>
     <gpxdata:distance>8464.50</gpxdata:distance>
     <gpxdata:speed>6.128</gpxdata:speed>
    </extensions>
   </trkpt>
   <trkpt lat="-21.5840077" lon="-64.7633988">
    <ele>1942</ele>
    <time>2026-03-15T21:26:19Z</time>
    <extensions>
     <gpxdata:hr>102</gpxdata:hr>
     <gpxdata:distance>8471.00</gpxdata:distance>
     <gpxdata:speed>6.150</gpxdata:speed>
    </extensions>
   </trkpt>
   <trkpt lat="-21.5840609" lon="-64.7634100">
    <ele>1942</ele>
    <time>2026-03-15T21:26:20Z</time>
    <extensions>
     <gpxdata:hr>102</gpxdata:hr>
     <gpxdata:distance>8476.50</gpxdata:distance>
     <gpxdata:speed>6.058</gpxdata:speed>
    </extensions>
   </trkpt>
   <trkpt lat="-21.5841123" lon="-64.7634221">
    <ele>1942</ele>
    <time>2026-03-15T21:26:21Z</time>
    <extensions>
     <gpxdata:hr>103</gpxdata:hr>
     <gpxdata:distance>8482.00</gpxdata:distance>
     <gpxdata:speed>5.919</gpxdata:speed>
    </extensions>
   </trkpt>
   <trkpt lat="-21.5841483" lon="-64.7634319">
    <ele>1942</ele>
    <time>2026-03-15T21:26:22Z</time>
    <extensions>
     <gpxdata:hr>105</gpxdata:hr>
     <gpxdata:distance>8487.50</gpxdata:distance>
     <gpxdata:speed>5.772</gpxdata:speed>
    </extensions>
   </trkpt>
   <trkpt lat="-21.5841932" lon="-64.7634434">
    <ele>1942</ele>
    <time>2026-03-15T21:26:23Z</time>
    <extensions>
     <gpxdata:hr>105</gpxdata:hr>
     <gpxdata:distance>8493.00</gpxdata:distance>
     <gpxdata:speed>5.628</gpxdata:speed>
    </extensions>
   </trkpt>
   <trkpt lat="-21.5842406" lon="-64.7634532">
    <ele>1942</ele>
    <time>2026-03-15T21:26:24Z</time>
    <extensions>
     <gpxdata:hr>106</gpxdata:hr>
     <gpxdata:distance>8498.50</gpxdata:distance>
     <gpxdata:speed>5.514</gpxdata:speed>
    </extensions>
   </trkpt>
   <trkpt lat="-21.5842892" lon="-64.7634613">
    <ele>1942</ele>
    <time>2026-03-15T21:26:25Z</time>
    <extensions>
     <gpxdata:hr>106</gpxdata:hr>
     <gpxdata:distance>8504.00</gpxdata:distance>
     <gpxdata:speed>5.517</gpxdata:speed>
    </extensions>
   </trkpt>
   <trkpt lat="-21.5843379" lon="-64.7634666">
    <ele>1942</ele>
    <time>2026-03-15T21:26:26Z</time>
    <extensions>
     <gpxdata:hr>106</gpxdata:hr>
     <gpxdata:distance>8509.50</gpxdata:distance>
     <gpxdata:speed>5.467</gpxdata:speed>
    </extensions>
   </trkpt>
   <trkpt lat="-21.5843865" lon="-64.7634698">
    <ele>1942</ele>
    <time>2026-03-15T21:26:27Z</time>
    <extensions>
     <gpxdata:hr>106</gpxdata:hr>
     <gpxdata:distance>8515.00</gpxdata:distance>
     <gpxdata:speed>5.422</gpxdata:speed>
    </extensions>
   </trkpt>
   <trkpt lat="-21.5844349" lon="-64.7634713">
    <ele>1942</ele>
    <time>2026-03-15T21:26:28Z</time>
    <extensions>
     <gpxdata:hr>106</gpxdata:hr>
     <gpxdata:distance>8520.50</gpxdata:distance>
     <gpxdata:speed>5.394</gpxdata:speed>
    </extensions>
   </trkpt>
   <trkpt lat="-21.5844833" lon="-64.7634718">
    <ele>1942</ele>
    <time>2026-03-15T21:26:29Z</time>
    <extensions>
     <gpxdata:hr>106</gpxdata:hr>
     <gpxdata:distance>8526.00</gpxdata:distance>
     <gpxdata:speed>5.386</gpxdata:speed>
    </extensions>
   </trkpt>
   <trkpt lat="-21.5845310" lon="-64.7634713">
    <ele>1942</ele>
    <time>2026-03-15T21:26:30Z</time>
    <extensions>
     <gpxdata:hr>106</gpxdata:hr>
     <gpxdata:distance>8531.00</gpxdata:distance>
     <gpxdata:speed>5.314</gpxdata:speed>
    </extensions>
   </trkpt>
   <trkpt lat="-21.5845781" lon="-64.7634706">
    <ele>1942</ele>
    <time>2026-03-15T21:26:31Z</time>
    <extensions>
     <gpxdata:hr>106</gpxdata:hr>
     <gpxdata:distance>8536.00</gpxdata:distance>
     <gpxdata:speed>5.256</gpxdata:speed>
    </extensions>
   </trkpt>
   <trkpt lat="-21.5846256" lon="-64.7634702">
    <ele>1942</ele>
    <time>2026-03-15T21:26:32Z</time>
    <extensions>
     <gpxdata:hr>106</gpxdata:hr>
     <gpxdata:distance>8541.50</gpxdata:distance>
     <gpxdata:speed>5.283</gpxdata:speed>
    </extensions>
   </trkpt>
   <trkpt lat="-21.5846728" lon="-64.7634688">
    <ele>1942</ele>
    <time>2026-03-15T21:26:33Z</time>
    <extensions>
     <gpxdata:hr>106</gpxdata:hr>
     <gpxdata:distance>8547.00</gpxdata:distance>
     <gpxdata:speed>5.261</gpxdata:speed>
    </extensions>
   </trkpt>
   <trkpt lat="-21.5847217" lon="-64.7634670">
    <ele>1942</ele>
    <time>2026-03-15T21:26:34Z</time>
    <extensions>
     <gpxdata:hr>106</gpxdata:hr>
     <gpxdata:distance>8552.50</gpxdata:distance>
     <gpxdata:speed>5.431</gpxdata:speed>
    </extensions>
   </trkpt>
   <trkpt lat="-21.5847707" lon="-64.7634645">
    <ele>1942</ele>
    <time>2026-03-15T21:26:35Z</time>
    <extensions>
     <gpxdata:hr>106</gpxdata:hr>
     <gpxdata:distance>8558.00</gpxdata:distance>
     <gpxdata:speed>5.456</gpxdata:speed>
    </extensions>
   </trkpt>
   <trkpt lat="-21.5848189" lon="-64.7634622">
    <ele>1942</ele>
    <time>2026-03-15T21:26:36Z</time>
    <extensions>
     <gpxdata:hr>103</gpxdata:hr>
     <gpxdata:distance>8563.00</gpxdata:distance>
     <gpxdata:speed>5.372</gpxdata:speed>
    </extensions>
   </trkpt>
   <trkpt lat="-21.5848663" lon="-64.7634589">
    <ele>1942</ele>
    <time>2026-03-15T21:26:37Z</time>
    <extensions>
     <gpxdata:hr>103</gpxdata:hr>
     <gpxdata:distance>8568.00</gpxdata:distance>
     <gpxdata:speed>5.294</gpxdata:speed>
    </extensions>
   </trkpt>
   <trkpt lat="-21.5849133" lon="-64.7634547">
    <ele>1941</ele>
    <time>2026-03-15T21:26:38Z</time>
    <extensions>
     <gpxdata:hr>102</gpxdata:hr>
     <gpxdata:distance>8573.50</gpxdata:distance>
     <gpxdata:speed>5.247</gpxdata:speed>
    </extensions>
   </trkpt>
   <trkpt lat="-21.5849606" lon="-64.7634506">
    <ele>1941</ele>
    <time>2026-03-15T21:26:39Z</time>
    <extensions>
     <gpxdata:hr>101</gpxdata:hr>
     <gpxdata:distance>8579.00</gpxdata:distance>
     <gpxdata:speed>5.286</gpxdata:speed>
    </extensions>
   </trkpt>
   <trkpt lat="-21.5850084" lon="-64.7634475">
    <ele>1941</ele>
    <time>2026-03-15T21:26:40Z</time>
    <extensions>
     <gpxdata:hr>101</gpxdata:hr>
     <gpxdata:distance>8584.50</gpxdata:distance>
     <gpxdata:speed>5.331</gpxdata:speed>
    </extensions>
   </trkpt>
   <trkpt lat="-21.5850572" lon="-64.7634451">
    <ele>1941</ele>
    <time>2026-03-15T21:26:41Z</time>
    <extensions>
     <gpxdata:hr>101</gpxdata:hr>
     <gpxdata:distance>8590.00</gpxdata:distance>
     <gpxdata:speed>5.425</gpxdata:speed>
    </extensions>
   </trkpt>
   <trkpt lat="-21.5851073" lon="-64.7634438">
    <ele>1941</ele>
    <time>2026-03-15T21:26:42Z</time>
    <extensions>
     <gpxdata:hr>101</gpxdata:hr>
     <gpxdata:distance>8596.00</gpxdata:distance>
     <gpxdata:speed>5.558</gpxdata:speed>
    </extensions>
   </trkpt>
   <trkpt lat="-21.5851583" lon="-64.7634426">
    <ele>1941</ele>
    <time>2026-03-15T21:26:43Z</time>
    <extensions>
     <gpxdata:hr>101</gpxdata:hr>
     <gpxdata:distance>8602.00</gpxdata:distance>
     <gpxdata:speed>5.664</gpxdata:speed>
    </extensions>
   </trkpt>
   <trkpt lat="-21.5852103" lon="-64.7634413">
    <ele>1941</ele>
    <time>2026-03-15T21:26:44Z</time>
    <extensions>
     <gpxdata:hr>101</gpxdata:hr>
     <gpxdata:distance>8607.50</gpxdata:distance>
     <gpxdata:speed>5.783</gpxdata:speed>
    </extensions>
   </trkpt>
   <trkpt lat="-21.5852632" lon="-64.7634404">
    <ele>1941</ele>
    <time>2026-03-15T21:26:45Z</time>
    <extensions>
     <gpxdata:hr>101</gpxdata:hr>
     <gpxdata:distance>8613.00</gpxdata:distance>
     <gpxdata:speed>5.869</gpxdata:speed>
    </extensions>
   </trkpt>
   <trkpt lat="-21.5853176" lon="-64.7634400">
    <ele>1941</ele>
    <time>2026-03-15T21:26:46Z</time>
    <extensions>
     <gpxdata:hr>101</gpxdata:hr>
     <gpxdata:distance>8620.00</gpxdata:distance>
     <gpxdata:speed>6.042</gpxdata:speed>
    </extensions>
   </trkpt>
   <trkpt lat="-21.5853961" lon="-64.7634407">
    <ele>1941</ele>
    <time>2026-03-15T21:26:47Z</time>
    <extensions>
     <gpxdata:hr>101</gpxdata:hr>
     <gpxdata:distance>8627.00</gpxdata:distance>
     <gpxdata:speed>6.506</gpxdata:speed>
    </extensions>
   </trkpt>
   <trkpt lat="-21.5854522" lon="-64.7634436">
    <ele>1941</ele>
    <time>2026-03-15T21:26:48Z</time>
    <extensions>
     <gpxdata:hr>101</gpxdata:hr>
     <gpxdata:distance>8632.50</gpxdata:distance>
     <gpxdata:speed>6.097</gpxdata:speed>
    </extensions>
   </trkpt>
   <trkpt lat="-21.5855058" lon="-64.7634487">
    <ele>1940</ele>
    <time>2026-03-15T21:26:49Z</time>
    <extensions>
     <gpxdata:hr>101</gpxdata:hr>
     <gpxdata:distance>8638.00</gpxdata:distance>
     <gpxdata:speed>6.017</gpxdata:speed>
    </extensions>
   </trkpt>
   <trkpt lat="-21.5855613" lon="-64.7634573">
    <ele>1940</ele>
    <time>2026-03-15T21:26:50Z</time>
    <extensions>
     <gpxdata:hr>101</gpxdata:hr>
     <gpxdata:distance>8644.50</gpxdata:distance>
     <gpxdata:speed>6.200</gpxdata:speed>
    </extensions>
   </trkpt>
   <trkpt lat="-21.5856178" lon="-64.7634682">
    <ele>1940</ele>
    <time>2026-03-15T21:26:51Z</time>
    <extensions>
     <gpxdata:hr>101</gpxdata:hr>
     <gpxdata:distance>8651.00</gpxdata:distance>
     <gpxdata:speed>6.322</gpxdata:speed>
    </extensions>
   </trkpt>
   <trkpt lat="-21.5856737" lon="-64.7634831">
    <ele>1940</ele>
    <time>2026-03-15T21:26:52Z</time>
    <extensions>
     <gpxdata:hr>101</gpxdata:hr>
     <gpxdata:distance>8657.50</gpxdata:distance>
     <gpxdata:speed>6.372</gpxdata:speed>
    </extensions>
   </trkpt>
   <trkpt lat="-21.5857284" lon="-64.7635013">
    <ele>1940</ele>
    <time>2026-03-15T21:26:53Z</time>
    <extensions>
     <gpxdata:hr>101</gpxdata:hr>
     <gpxdata:distance>8664.00</gpxdata:distance>
     <gpxdata:speed>6.353</gpxdata:speed>
    </extensions>
   </trkpt>
   <trkpt lat="-21.5857838" lon="-64.7635220">
    <ele>1940</ele>
    <time>2026-03-15T21:26:54Z</time>
    <extensions>
     <gpxdata:hr>101</gpxdata:hr>
     <gpxdata:distance>8670.50</gpxdata:distance>
     <gpxdata:speed>6.469</gpxdata:speed>
    </extensions>
   </trkpt>
   <trkpt lat="-21.5858383" lon="-64.7635476">
    <ele>1940</ele>
    <time>2026-03-15T21:26:55Z</time>
    <extensions>
     <gpxdata:hr>100</gpxdata:hr>
     <gpxdata:distance>8677.00</gpxdata:distance>
     <gpxdata:speed>6.564</gpxdata:speed>
    </extensions>
   </trkpt>
   <trkpt lat="-21.5858913" lon="-64.7635788">
    <ele>1940</ele>
    <time>2026-03-15T21:26:56Z</time>
    <extensions>
     <gpxdata:hr>100</gpxdata:hr>
     <gpxdata:distance>8684.00</gpxdata:distance>
     <gpxdata:speed>6.656</gpxdata:speed>
    </extensions>
   </trkpt>
   <trkpt lat="-21.5859419" lon="-64.7636145">
    <ele>1940</ele>
    <time>2026-03-15T21:26:57Z</time>
    <extensions>
     <gpxdata:hr>100</gpxdata:hr>
     <gpxdata:distance>8691.00</gpxdata:distance>
     <gpxdata:speed>6.681</gpxdata:speed>
    </extensions>
   </trkpt>
   <trkpt lat="-21.5859916" lon="-64.7636534">
    <ele>1940</ele>
    <time>2026-03-15T21:26:58Z</time>
    <extensions>
     <gpxdata:hr>100</gpxdata:hr>
     <gpxdata:distance>8698.50</gpxdata:distance>
     <gpxdata:speed>6.781</gpxdata:speed>
    </extensions>
   </trkpt>
   <trkpt lat="-21.5860458" lon="-64.7636991">
    <ele>1940</ele>
    <time>2026-03-15T21:26:59Z</time>
    <extensions>
     <gpxdata:hr>100</gpxdata:hr>
     <gpxdata:distance>8706.00</gpxdata:distance>
     <gpxdata:speed>7.433</gpxdata:speed>
    </extensions>
   </trkpt>
   <trkpt lat="-21.5860928" lon="-64.7637437">
    <ele>1940</ele>
    <time>2026-03-15T21:27:00Z</time>
    <extensions>
     <gpxdata:hr>100</gpxdata:hr>
     <gpxdata:distance>8712.50</gpxdata:distance>
     <gpxdata:speed>7.011</gpxdata:speed>
    </extensions>
   </trkpt>
   <trkpt lat="-21.5861374" lon="-64.7637908">
    <ele>1940</ele>
    <time>2026-03-15T21:27:01Z</time>
    <extensions>
     <gpxdata:hr>100</gpxdata:hr>
     <gpxdata:distance>8719.00</gpxdata:distance>
     <gpxdata:speed>6.972</gpxdata:speed>
    </extensions>
   </trkpt>
   <trkpt lat="-21.5861800" lon="-64.7638406">
    <ele>1939</ele>
    <time>2026-03-15T21:27:02Z</time>
    <extensions>
     <gpxdata:hr>99</gpxdata:hr>
     <gpxdata:distance>8726.50</gpxdata:distance>
     <gpxdata:speed>6.994</gpxdata:speed>
    </extensions>
   </trkpt>
   <trkpt lat="-21.5862232" lon="-64.7638934">
    <ele>1939</ele>
    <time>2026-03-15T21:27:03Z</time>
    <extensions>
     <gpxdata:hr>99</gpxdata:hr>
     <gpxdata:distance>8734.00</gpxdata:distance>
     <gpxdata:speed>7.211</gpxdata:speed>
    </extensions>
   </trkpt>
   <trkpt lat="-21.5862673" lon="-64.7639496">
    <ele>1939</ele>
    <time>2026-03-15T21:27:04Z</time>
    <extensions>
     <gpxdata:hr>99</gpxdata:hr>
     <gpxdata:distance>8742.00</gpxdata:distance>
     <gpxdata:speed>7.489</gpxdata:speed>
    </extensions>
   </trkpt>
   <trkpt lat="-21.5863128" lon="-64.7640076">
    <ele>1938</ele>
    <time>2026-03-15T21:27:05Z</time>
    <extensions>
     <gpxdata:hr>99</gpxdata:hr>
     <gpxdata:distance>8750.00</gpxdata:distance>
     <gpxdata:speed>7.728</gpxdata:speed>
    </extensions>
   </trkpt>
   <trkpt lat="-21.5863591" lon="-64.7640678">
    <ele>1938</ele>
    <time>2026-03-15T21:27:06Z</time>
    <extensions>
     <gpxdata:hr>99</gpxdata:hr>
     <gpxdata:distance>8758.50</gpxdata:distance>
     <gpxdata:speed>7.961</gpxdata:speed>
    </extensions>
   </trkpt>
   <trkpt lat="-21.5864073" lon="-64.7641315">
    <ele>1938</ele>
    <time>2026-03-15T21:27:07Z</time>
    <extensions>
     <gpxdata:hr>99</gpxdata:hr>
     <gpxdata:distance>8767.00</gpxdata:distance>
     <gpxdata:speed>8.336</gpxdata:speed>
    </extensions>
   </trkpt>
   <trkpt lat="-21.5864598" lon="-64.7642060">
    <ele>1938</ele>
    <time>2026-03-15T21:27:08Z</time>
    <extensions>
     <gpxdata:hr>99</gpxdata:hr>
     <gpxdata:distance>8776.00</gpxdata:distance>
     <gpxdata:speed>9.303</gpxdata:speed>
    </extensions>
   </trkpt>
   <trkpt lat="-21.5865076" lon="-64.7642761">
    <ele>1938</ele>
    <time>2026-03-15T21:27:09Z</time>
    <extensions>
     <gpxdata:hr>99</gpxdata:hr>
     <gpxdata:distance>8785.00</gpxdata:distance>
     <gpxdata:speed>8.958</gpxdata:speed>
    </extensions>
   </trkpt>
   <trkpt lat="-21.5865531" lon="-64.7643486">
    <ele>1938</ele>
    <time>2026-03-15T21:27:10Z</time>
    <extensions>
     <gpxdata:hr>99</gpxdata:hr>
     <gpxdata:distance>8794.50</gpxdata:distance>
     <gpxdata:speed>9.019</gpxdata:speed>
    </extensions>
   </trkpt>
   <trkpt lat="-21.5865971" lon="-64.7644243">
    <ele>1937</ele>
    <time>2026-03-15T21:27:11Z</time>
    <extensions>
     <gpxdata:hr>99</gpxdata:hr>
     <gpxdata:distance>8804.00</gpxdata:distance>
     <gpxdata:speed>9.175</gpxdata:speed>
    </extensions>
   </trkpt>
   <trkpt lat="-21.5866388" lon="-64.7645028">
    <ele>1937</ele>
    <time>2026-03-15T21:27:12Z</time>
    <extensions>
     <gpxdata:hr>99</gpxdata:hr>
     <gpxdata:distance>8813.50</gpxdata:distance>
     <gpxdata:speed>9.292</gpxdata:speed>
    </extensions>
   </trkpt>
   <trkpt lat="-21.5866793" lon="-64.7645835">
    <ele>1936</ele>
    <time>2026-03-15T21:27:13Z</time>
    <extensions>
     <gpxdata:hr>98</gpxdata:hr>
     <gpxdata:distance>8823.00</gpxdata:distance>
     <gpxdata:speed>9.414</gpxdata:speed>
    </extensions>
   </trkpt>
   <trkpt lat="-21.5867184" lon="-64.7646636">
    <ele>1936</ele>
    <time>2026-03-15T21:27:14Z</time>
    <extensions>
     <gpxdata:hr>97</gpxdata:hr>
     <gpxdata:distance>8832.50</gpxdata:distance>
     <gpxdata:speed>9.356</gpxdata:speed>
    </extensions>
   </trkpt>
   <trkpt lat="-21.5867568" lon="-64.7647436">
    <ele>1936</ele>
    <time>2026-03-15T21:27:15Z</time>
    <extensions>
     <gpxdata:hr>97</gpxdata:hr>
     <gpxdata:distance>8842.00</gpxdata:distance>
     <gpxdata:speed>9.328</gpxdata:speed>
    </extensions>
   </trkpt>
   <trkpt lat="-21.5867949" lon="-64.7648236">
    <ele>1935</ele>
    <time>2026-03-15T21:27:16Z</time>
    <extensions>
     <gpxdata:hr>97</gpxdata:hr>
     <gpxdata:distance>8851.00</gpxdata:distance>
     <gpxdata:speed>9.314</gpxdata:speed>
    </extensions>
   </trkpt>
   <trkpt lat="-21.5868331" lon="-64.7649022">
    <ele>1935</ele>
    <time>2026-03-15T21:27:17Z</time>
    <extensions>
     <gpxdata:hr>97</gpxdata:hr>
     <gpxdata:distance>8860.00</gpxdata:distance>
     <gpxdata:speed>9.206</gpxdata:speed>
    </extensions>
   </trkpt>
   <trkpt lat="-21.5868736" lon="-64.7649795">
    <ele>1934</ele>
    <time>2026-03-15T21:27:18Z</time>
    <extensions>
     <gpxdata:hr>97</gpxdata:hr>
     <gpxdata:distance>8869.00</gpxdata:distance>
     <gpxdata:speed>9.203</gpxdata:speed>
    </extensions>
   </trkpt>
   <trkpt lat="-21.5869167" lon="-64.7650539">
    <ele>1934</ele>
    <time>2026-03-15T21:27:19Z</time>
    <extensions>
     <gpxdata:hr>97</gpxdata:hr>
     <gpxdata:distance>8878.00</gpxdata:distance>
     <gpxdata:speed>9.106</gpxdata:speed>
    </extensions>
   </trkpt>
   <trkpt lat="-21.5869675" lon="-64.7651311">
    <ele>1933</ele>
    <time>2026-03-15T21:27:20Z</time>
    <extensions>
     <gpxdata:hr>97</gpxdata:hr>
     <gpxdata:distance>8887.00</gpxdata:distance>
     <gpxdata:speed>9.619</gpxdata:speed>
    </extensions>
   </trkpt>
   <trkpt lat="-21.5870165" lon="-64.7651961">
    <ele>1933</ele>
    <time>2026-03-15T21:27:21Z</time>
    <extensions>
     <gpxdata:hr>97</gpxdata:hr>
     <gpxdata:distance>8896.00</gpxdata:distance>
     <gpxdata:speed>8.839</gpxdata:speed>
    </extensions>
   </trkpt>
   <trkpt lat="-21.5870704" lon="-64.7652563">
    <ele>1932</ele>
    <time>2026-03-15T21:27:22Z</time>
    <extensions>
     <gpxdata:hr>97</gpxdata:hr>
     <gpxdata:distance>8905.00</gpxdata:distance>
     <gpxdata:speed>8.728</gpxdata:speed>
    </extensions>
   </trkpt>
   <trkpt lat="-21.5871282" lon="-64.7653151">
    <ele>1931</ele>
    <time>2026-03-15T21:27:23Z</time>
    <extensions>
     <gpxdata:hr>97</gpxdata:hr>
     <gpxdata:distance>8914.00</gpxdata:distance>
     <gpxdata:speed>8.844</gpxdata:speed>
    </extensions>
   </trkpt>
   <trkpt lat="-21.5871903" lon="-64.7653732">
    <ele>1931</ele>
    <time>2026-03-15T21:27:24Z</time>
    <extensions>
     <gpxdata:hr>97</gpxdata:hr>
     <gpxdata:distance>8924.50</gpxdata:distance>
     <gpxdata:speed>9.075</gpxdata:speed>
    </extensions>
   </trkpt>
   <trkpt lat="-21.5872602" lon="-64.7654382">
    <ele>1930</ele>
    <time>2026-03-15T21:27:25Z</time>
    <extensions>
     <gpxdata:hr>97</gpxdata:hr>
     <gpxdata:distance>8935.00</gpxdata:distance>
     <gpxdata:speed>9.961</gpxdata:speed>
    </extensions>
   </trkpt>
   <trkpt lat="-21.5873242" lon="-64.7654983">
    <ele>1930</ele>
    <time>2026-03-15T21:27:26Z</time>
    <extensions>
     <gpxdata:hr>97</gpxdata:hr>
     <gpxdata:distance>8944.00</gpxdata:distance>
     <gpxdata:speed>9.489</gpxdata:speed>
    </extensions>
   </trkpt>
   <trkpt lat="-21.5873877" lon="-64.7655597">
    <ele>1930</ele>
    <time>2026-03-15T21:27:27Z</time>
    <extensions>
     <gpxdata:hr>97</gpxdata:hr>
     <gpxdata:distance>8953.00</gpxdata:distance>
     <gpxdata:speed>9.508</gpxdata:speed>
    </extensions>
   </trkpt>
   <trkpt lat="-21.5874509" lon="-64.7656238">
    <ele>1930</ele>
    <time>2026-03-15T21:27:28Z</time>
    <extensions>
     <gpxdata:hr>97</gpxdata:hr>
     <gpxdata:distance>8963.50</gpxdata:distance>
     <gpxdata:speed>9.636</gpxdata:speed>
    </extensions>
   </trkpt>
   <trkpt lat="-21.5875181" lon="-64.7656974">
    <ele>1929</ele>
    <time>2026-03-15T21:27:29Z</time>
    <extensions>
     <gpxdata:hr>97</gpxdata:hr>
     <gpxdata:distance>8974.00</gpxdata:distance>
     <gpxdata:speed>10.408</gpxdata:speed>
    </extensions>
   </trkpt>
   <trkpt lat="-21.5875819" lon="-64.7657714">
    <ele>1929</ele>
    <time>2026-03-15T21:27:30Z</time>
    <extensions>
     <gpxdata:hr>97</gpxdata:hr>
     <gpxdata:distance>8984.00</gpxdata:distance>
     <gpxdata:speed>10.358</gpxdata:speed>
    </extensions>
   </trkpt>
   <trkpt lat="-21.5876418" lon="-64.7658438">
    <ele>1929</ele>
    <time>2026-03-15T21:27:31Z</time>
    <extensions>
     <gpxdata:hr>97</gpxdata:hr>
     <gpxdata:distance>8994.00</gpxdata:distance>
     <gpxdata:speed>10.081</gpxdata:speed>
    </extensions>
   </trkpt>
   <trkpt lat="-21.5876923" lon="-64.7659102">
    <ele>1929</ele>
    <time>2026-03-15T21:27:32Z</time>
    <extensions>
     <gpxdata:hr>97</gpxdata:hr>
     <gpxdata:distance>9002.50</gpxdata:distance>
     <gpxdata:speed>9.183</gpxdata:speed>
    </extensions>
   </trkpt>
   <trkpt lat="-21.5877429" lon="-64.7659786">
    <ele>1928</ele>
    <time>2026-03-15T21:27:33Z</time>
    <extensions>
     <gpxdata:hr>97</gpxdata:hr>
     <gpxdata:distance>9011.00</gpxdata:distance>
     <gpxdata:speed>9.164</gpxdata:speed>
    </extensions>
   </trkpt>
   <trkpt lat="-21.5877953" lon="-64.7660497">
    <ele>1928</ele>
    <time>2026-03-15T21:27:34Z</time>
    <extensions>
     <gpxdata:hr>97</gpxdata:hr>
     <gpxdata:distance>9022.00</gpxdata:distance>
     <gpxdata:speed>9.364</gpxdata:speed>
    </extensions>
   </trkpt>
   <trkpt lat="-21.5878523" lon="-64.7661300">
    <ele>1928</ele>
    <time>2026-03-15T21:27:35Z</time>
    <extensions>
     <gpxdata:hr>97</gpxdata:hr>
     <gpxdata:distance>9033.00</gpxdata:distance>
     <gpxdata:speed>10.192</gpxdata:speed>
    </extensions>
   </trkpt>
   <trkpt lat="-21.5879048" lon="-64.7662031">
    <ele>1928</ele>
    <time>2026-03-15T21:27:36Z</time>
    <extensions>
     <gpxdata:hr>97</gpxdata:hr>
     <gpxdata:distance>9041.50</gpxdata:distance>
     <gpxdata:speed>9.581</gpxdata:speed>
    </extensions>
   </trkpt>
   <trkpt lat="-21.5879614" lon="-64.7662755">
    <ele>1928</ele>
    <time>2026-03-15T21:27:37Z</time>
    <extensions>
     <gpxdata:hr>97</gpxdata:hr>
     <gpxdata:distance>9050.00</gpxdata:distance>
     <gpxdata:speed>9.428</gpxdata:speed>
    </extensions>
   </trkpt>
   <trkpt lat="-21.5880181" lon="-64.7663480">
    <ele>1928</ele>
    <time>2026-03-15T21:27:38Z</time>
    <extensions>
     <gpxdata:hr>97</gpxdata:hr>
     <gpxdata:distance>9060.50</gpxdata:distance>
     <gpxdata:speed>10.117</gpxdata:speed>
    </extensions>
   </trkpt>
   <trkpt lat="-21.5880794" lon="-64.7664208">
    <ele>1928</ele>
    <time>2026-03-15T21:27:39Z</time>
    <extensions>
     <gpxdata:hr>97</gpxdata:hr>
     <gpxdata:distance>9071.00</gpxdata:distance>
     <gpxdata:speed>10.106</gpxdata:speed>
    </extensions>
   </trkpt>
   <trkpt lat="-21.5881388" lon="-64.7664904">
    <ele>1928</ele>
    <time>2026-03-15T21:27:40Z</time>
    <extensions>
     <gpxdata:hr>97</gpxdata:hr>
     <gpxdata:distance>9079.50</gpxdata:distance>
     <gpxdata:speed>9.836</gpxdata:speed>
    </extensions>
   </trkpt>
   <trkpt lat="-21.5881936" lon="-64.7665502">
    <ele>1928</ele>
    <time>2026-03-15T21:27:41Z</time>
    <extensions>
     <gpxdata:hr>97</gpxdata:hr>
     <gpxdata:distance>9088.00</gpxdata:distance>
     <gpxdata:speed>8.975</gpxdata:speed>
    </extensions>
   </trkpt>
   <trkpt lat="-21.5882505" lon="-64.7666079">
    <ele>1927</ele>
    <time>2026-03-15T21:27:42Z</time>
    <extensions>
     <gpxdata:hr>97</gpxdata:hr>
     <gpxdata:distance>9098.00</gpxdata:distance>
     <gpxdata:speed>8.858</gpxdata:speed>
    </extensions>
   </trkpt>
   <trkpt lat="-21.5883178" lon="-64.7666676">
    <ele>1927</ele>
    <time>2026-03-15T21:27:43Z</time>
    <extensions>
     <gpxdata:hr>97</gpxdata:hr>
     <gpxdata:distance>9108.00</gpxdata:distance>
     <gpxdata:speed>9.536</gpxdata:speed>
    </extensions>
   </trkpt>
   <trkpt lat="-21.5883870" lon="-64.7667208">
    <ele>1927</ele>
    <time>2026-03-15T21:27:44Z</time>
    <extensions>
     <gpxdata:hr>97</gpxdata:hr>
     <gpxdata:distance>9116.00</gpxdata:distance>
     <gpxdata:speed>9.419</gpxdata:speed>
    </extensions>
   </trkpt>
   <trkpt lat="-21.5884502" lon="-64.7667625">
    <ele>1927</ele>
    <time>2026-03-15T21:27:45Z</time>
    <extensions>
     <gpxdata:hr>97</gpxdata:hr>
     <gpxdata:distance>9124.00</gpxdata:distance>
     <gpxdata:speed>8.511</gpxdata:speed>
    </extensions>
   </trkpt>
   <trkpt lat="-21.5885154" lon="-64.7668001">
    <ele>1926</ele>
    <time>2026-03-15T21:27:46Z</time>
    <extensions>
     <gpxdata:hr>97</gpxdata:hr>
     <gpxdata:distance>9133.00</gpxdata:distance>
     <gpxdata:speed>8.364</gpxdata:speed>
    </extensions>
   </trkpt>
   <trkpt lat="-21.5885855" lon="-64.7668362">
    <ele>1926</ele>
    <time>2026-03-15T21:27:47Z</time>
    <extensions>
     <gpxdata:hr>97</gpxdata:hr>
     <gpxdata:distance>9142.00</gpxdata:distance>
     <gpxdata:speed>8.611</gpxdata:speed>
    </extensions>
   </trkpt>
   <trkpt lat="-21.5886667" lon="-64.7668750">
    <ele>1926</ele>
    <time>2026-03-15T21:27:48Z</time>
    <extensions>
     <gpxdata:hr>97</gpxdata:hr>
     <gpxdata:distance>9152.00</gpxdata:distance>
     <gpxdata:speed>9.567</gpxdata:speed>
    </extensions>
   </trkpt>
   <trkpt lat="-21.5887490" lon="-64.7669125">
    <ele>1926</ele>
    <time>2026-03-15T21:27:49Z</time>
    <extensions>
     <gpxdata:hr>97</gpxdata:hr>
     <gpxdata:distance>9162.00</gpxdata:distance>
     <gpxdata:speed>9.761</gpxdata:speed>
    </extensions>
   </trkpt>
   <trkpt lat="-21.5888238" lon="-64.7669447">
    <ele>1925</ele>
    <time>2026-03-15T21:27:50Z</time>
    <extensions>
     <gpxdata:hr>97</gpxdata:hr>
     <gpxdata:distance>9172.00</gpxdata:distance>
     <gpxdata:speed>9.100</gpxdata:speed>
    </extensions>
   </trkpt>
   <trkpt lat="-21.5889080" lon="-64.7669817">
    <ele>1925</ele>
    <time>2026-03-15T21:27:51Z</time>
    <extensions>
     <gpxdata:hr>97</gpxdata:hr>
     <gpxdata:distance>9182.00</gpxdata:distance>
     <gpxdata:speed>9.919</gpxdata:speed>
    </extensions>
   </trkpt>
   <trkpt lat="-21.5889914" lon="-64.7670194">
    <ele>1924</ele>
    <time>2026-03-15T21:27:52Z</time>
    <extensions>
     <gpxdata:hr>98</gpxdata:hr>
     <gpxdata:distance>9190.50</gpxdata:distance>
     <gpxdata:speed>9.975</gpxdata:speed>
    </extensions>
   </trkpt>
   <trkpt lat="-21.5890663" lon="-64.7670530">
    <ele>1923</ele>
    <time>2026-03-15T21:27:53Z</time>
    <extensions>
     <gpxdata:hr>97</gpxdata:hr>
     <gpxdata:distance>9199.00</gpxdata:distance>
     <gpxdata:speed>9.225</gpxdata:speed>
    </extensions>
   </trkpt>
   <trkpt lat="-21.5891402" lon="-64.7670871">
    <ele>1923</ele>
    <time>2026-03-15T21:27:54Z</time>
    <extensions>
     <gpxdata:hr>97</gpxdata:hr>
     <gpxdata:distance>9208.50</gpxdata:distance>
     <gpxdata:speed>9.078</gpxdata:speed>
    </extensions>
   </trkpt>
   <trkpt lat="-21.5892151" lon="-64.7671225">
    <ele>1922</ele>
    <time>2026-03-15T21:27:55Z</time>
    <extensions>
     <gpxdata:hr>97</gpxdata:hr>
     <gpxdata:distance>9218.00</gpxdata:distance>
     <gpxdata:speed>9.136</gpxdata:speed>
    </extensions>
   </trkpt>
   <trkpt lat="-21.5892918" lon="-64.7671587">
    <ele>1921</ele>
    <time>2026-03-15T21:27:56Z</time>
    <extensions>
     <gpxdata:hr>97</gpxdata:hr>
     <gpxdata:distance>9228.50</gpxdata:distance>
     <gpxdata:speed>9.281</gpxdata:speed>
    </extensions>
   </trkpt>
   <trkpt lat="-21.5893772" lon="-64.7671976">
    <ele>1921</ele>
    <time>2026-03-15T21:27:57Z</time>
    <extensions>
     <gpxdata:hr>97</gpxdata:hr>
     <gpxdata:distance>9239.00</gpxdata:distance>
     <gpxdata:speed>10.069</gpxdata:speed>
    </extensions>
   </trkpt>
   <trkpt lat="-21.5894621" lon="-64.7672369">
    <ele>1920</ele>
    <time>2026-03-15T21:27:58Z</time>
    <extensions>
     <gpxdata:hr>97</gpxdata:hr>
     <gpxdata:distance>9248.00</gpxdata:distance>
     <gpxdata:speed>10.153</gpxdata:speed>
    </extensions>
   </trkpt>
   <trkpt lat="-21.5895377" lon="-64.7672704">
    <ele>1920</ele>
    <time>2026-03-15T21:27:59Z</time>
    <extensions>
     <gpxdata:hr>97</gpxdata:hr>
     <gpxdata:distance>9257.00</gpxdata:distance>
     <gpxdata:speed>9.322</gpxdata:speed>
    </extensions>
   </trkpt>
   <trkpt lat="-21.5896228" lon="-64.7673057">
    <ele>1919</ele>
    <time>2026-03-15T21:28:00Z</time>
    <extensions>
     <gpxdata:hr>97</gpxdata:hr>
     <gpxdata:distance>9267.50</gpxdata:distance>
     <gpxdata:speed>10.014</gpxdata:speed>
    </extensions>
   </trkpt>
   <trkpt lat="-21.5897082" lon="-64.7673389">
    <ele>1918</ele>
    <time>2026-03-15T21:28:01Z</time>
    <extensions>
     <gpxdata:hr>97</gpxdata:hr>
     <gpxdata:distance>9278.00</gpxdata:distance>
     <gpxdata:speed>10.042</gpxdata:speed>
    </extensions>
   </trkpt>
   <trkpt lat="-21.5897835" lon="-64.7673663">
    <ele>1917</ele>
    <time>2026-03-15T21:28:02Z</time>
    <extensions>
     <gpxdata:hr>97</gpxdata:hr>
     <gpxdata:distance>9286.50</gpxdata:distance>
     <gpxdata:speed>9.114</gpxdata:speed>
    </extensions>
   </trkpt>
   <trkpt lat="-21.5898604" lon="-64.7673936">
    <ele>1916</ele>
    <time>2026-03-15T21:28:03Z</time>
    <extensions>
     <gpxdata:hr>97</gpxdata:hr>
     <gpxdata:distance>9295.00</gpxdata:distance>
     <gpxdata:speed>9.119</gpxdata:speed>
    </extensions>
   </trkpt>
   <trkpt lat="-21.5899514" lon="-64.7674228">
    <ele>1916</ele>
    <time>2026-03-15T21:28:04Z</time>
    <extensions>
     <gpxdata:hr>97</gpxdata:hr>
     <gpxdata:distance>9305.50</gpxdata:distance>
     <gpxdata:speed>10.244</gpxdata:speed>
    </extensions>
   </trkpt>
   <trkpt lat="-21.5900379" lon="-64.7674465">
    <ele>1915</ele>
    <time>2026-03-15T21:28:05Z</time>
    <extensions>
     <gpxdata:hr>97</gpxdata:hr>
     <gpxdata:distance>9316.00</gpxdata:distance>
     <gpxdata:speed>9.911</gpxdata:speed>
    </extensions>
   </trkpt>
   <trkpt lat="-21.5901376" lon="-64.7674666">
    <ele>1914</ele>
    <time>2026-03-15T21:28:06Z</time>
    <extensions>
     <gpxdata:hr>97</gpxdata:hr>
     <gpxdata:distance>9327.00</gpxdata:distance>
     <gpxdata:speed>10.950</gpxdata:speed>
    </extensions>
   </trkpt>
   <trkpt lat="-21.5902318" lon="-64.7674795">
    <ele>1914</ele>
    <time>2026-03-15T21:28:07Z</time>
    <extensions>
     <gpxdata:hr>97</gpxdata:hr>
     <gpxdata:distance>9338.00</gpxdata:distance>
     <gpxdata:speed>10.550</gpxdata:speed>
    </extensions>
   </trkpt>
   <trkpt lat="-21.5903270" lon="-64.7674880">
    <ele>1913</ele>
    <time>2026-03-15T21:28:08Z</time>
    <extensions>
     <gpxdata:hr>97</gpxdata:hr>
     <gpxdata:distance>9350.50</gpxdata:distance>
     <gpxdata:speed>10.600</gpxdata:speed>
    </extensions>
   </trkpt>
   <trkpt lat="-21.5904348" lon="-64.7674929">
    <ele>1912</ele>
    <time>2026-03-15T21:28:09Z</time>
    <extensions>
     <gpxdata:hr>97</gpxdata:hr>
     <gpxdata:distance>9363.00</gpxdata:distance>
     <gpxdata:speed>11.647</gpxdata:speed>
    </extensions>
   </trkpt>
   <trkpt lat="-21.5905424" lon="-64.7674946">
    <ele>1912</ele>
    <time>2026-03-15T21:28:10Z</time>
    <extensions>
     <gpxdata:hr>97</gpxdata:hr>
     <gpxdata:distance>9374.00</gpxdata:distance>
     <gpxdata:speed>11.792</gpxdata:speed>
    </extensions>
   </trkpt>
   <trkpt lat="-21.5906467" lon="-64.7674947">
    <ele>1912</ele>
    <time>2026-03-15T21:28:11Z</time>
    <extensions>
     <gpxdata:hr>97</gpxdata:hr>
     <gpxdata:distance>9385.00</gpxdata:distance>
     <gpxdata:speed>11.597</gpxdata:speed>
    </extensions>
   </trkpt>
   <trkpt lat="-21.5907383" lon="-64.7674942">
    <ele>1911</ele>
    <time>2026-03-15T21:28:12Z</time>
    <extensions>
     <gpxdata:hr>97</gpxdata:hr>
     <gpxdata:distance>9395.50</gpxdata:distance>
     <gpxdata:speed>10.533</gpxdata:speed>
    </extensions>
   </trkpt>
   <trkpt lat="-21.5908358" lon="-64.7674953">
    <ele>1910</ele>
    <time>2026-03-15T21:28:13Z</time>
    <extensions>
     <gpxdata:hr>97</gpxdata:hr>
     <gpxdata:distance>9406.00</gpxdata:distance>
     <gpxdata:speed>10.872</gpxdata:speed>
    </extensions>
   </trkpt>
   <trkpt lat="-21.5909208" lon="-64.7674962">
    <ele>1909</ele>
    <time>2026-03-15T21:28:14Z</time>
    <extensions>
     <gpxdata:hr>97</gpxdata:hr>
     <gpxdata:distance>9414.50</gpxdata:distance>
     <gpxdata:speed>9.808</gpxdata:speed>
    </extensions>
   </trkpt>
   <trkpt lat="-21.5910016" lon="-64.7674951">
    <ele>1909</ele>
    <time>2026-03-15T21:28:15Z</time>
    <extensions>
     <gpxdata:hr>97</gpxdata:hr>
     <gpxdata:distance>9423.00</gpxdata:distance>
     <gpxdata:speed>9.286</gpxdata:speed>
    </extensions>
   </trkpt>
   <trkpt lat="-21.5910770" lon="-64.7674940">
    <ele>1908</ele>
    <time>2026-03-15T21:28:16Z</time>
    <extensions>
     <gpxdata:hr>97</gpxdata:hr>
     <gpxdata:distance>9431.00</gpxdata:distance>
     <gpxdata:speed>8.697</gpxdata:speed>
    </extensions>
   </trkpt>
   <trkpt lat="-21.5911486" lon="-64.7674934">
    <ele>1907</ele>
    <time>2026-03-15T21:28:17Z</time>
    <extensions>
     <gpxdata:hr>97</gpxdata:hr>
     <gpxdata:distance>9439.00</gpxdata:distance>
     <gpxdata:speed>8.231</gpxdata:speed>
    </extensions>
   </trkpt>
   <trkpt lat="-21.5912177" lon="-64.7674924">
    <ele>1906</ele>
    <time>2026-03-15T21:28:18Z</time>
    <extensions>
     <gpxdata:hr>96</gpxdata:hr>
     <gpxdata:distance>9446.00</gpxdata:distance>
     <gpxdata:speed>7.894</gpxdata:speed>
    </extensions>
   </trkpt>
   <trkpt lat="-21.5912834" lon="-64.7674926">
    <ele>1905</ele>
    <time>2026-03-15T21:28:19Z</time>
    <extensions>
     <gpxdata:hr>97</gpxdata:hr>
     <gpxdata:distance>9453.00</gpxdata:distance>
     <gpxdata:speed>7.514</gpxdata:speed>
    </extensions>
   </trkpt>
   <trkpt lat="-21.5913471" lon="-64.7674944">
    <ele>1904</ele>
    <time>2026-03-15T21:28:20Z</time>
    <extensions>
     <gpxdata:hr>97</gpxdata:hr>
     <gpxdata:distance>9460.50</gpxdata:distance>
     <gpxdata:speed>7.256</gpxdata:speed>
    </extensions>
   </trkpt>
   <trkpt lat="-21.5914117" lon="-64.7674958">
    <ele>1904</ele>
    <time>2026-03-15T21:28:21Z</time>
    <extensions>
     <gpxdata:hr>98</gpxdata:hr>
     <gpxdata:distance>9468.00</gpxdata:distance>
     <gpxdata:speed>7.250</gpxdata:speed>
    </extensions>
   </trkpt>
   <trkpt lat="-21.5914773" lon="-64.7674949">
    <ele>1903</ele>
    <time>2026-03-15T21:28:22Z</time>
    <extensions>
     <gpxdata:hr>97</gpxdata:hr>
     <gpxdata:distance>9475.00</gpxdata:distance>
     <gpxdata:speed>7.306</gpxdata:speed>
    </extensions>
   </trkpt>
   <trkpt lat="-21.5915428" lon="-64.7674924">
    <ele>1903</ele>
    <time>2026-03-15T21:28:23Z</time>
    <extensions>
     <gpxdata:hr>97</gpxdata:hr>
     <gpxdata:distance>9482.00</gpxdata:distance>
     <gpxdata:speed>7.297</gpxdata:speed>
    </extensions>
   </trkpt>
   <trkpt lat="-21.5916143" lon="-64.7674899">
    <ele>1903</ele>
    <time>2026-03-15T21:28:24Z</time>
    <extensions>
     <gpxdata:hr>97</gpxdata:hr>
     <gpxdata:distance>9490.00</gpxdata:distance>
     <gpxdata:speed>7.800</gpxdata:speed>
    </extensions>
   </trkpt>
   <trkpt lat="-21.5916824" lon="-64.7674894">
    <ele>1902</ele>
    <time>2026-03-15T21:28:25Z</time>
    <extensions>
     <gpxdata:hr>98</gpxdata:hr>
     <gpxdata:distance>9498.00</gpxdata:distance>
     <gpxdata:speed>7.589</gpxdata:speed>
    </extensions>
   </trkpt>
   <trkpt lat="-21.5917423" lon="-64.7674902">
    <ele>1902</ele>
    <time>2026-03-15T21:28:26Z</time>
    <extensions>
     <gpxdata:hr>97</gpxdata:hr>
     <gpxdata:distance>9505.00</gpxdata:distance>
     <gpxdata:speed>6.892</gpxdata:speed>
    </extensions>
   </trkpt>
   <trkpt lat="-21.5918059" lon="-64.7674917">
    <ele>1902</ele>
    <time>2026-03-15T21:28:27Z</time>
    <extensions>
     <gpxdata:hr>97</gpxdata:hr>
     <gpxdata:distance>9512.00</gpxdata:distance>
     <gpxdata:speed>7.103</gpxdata:speed>
    </extensions>
   </trkpt>
   <trkpt lat="-21.5918677" lon="-64.7674927">
    <ele>1902</ele>
    <time>2026-03-15T21:28:28Z</time>
    <extensions>
     <gpxdata:hr>97</gpxdata:hr>
     <gpxdata:distance>9517.50</gpxdata:distance>
     <gpxdata:speed>6.939</gpxdata:speed>
    </extensions>
   </trkpt>
   <trkpt lat="-21.5919221" lon="-64.7674932">
    <ele>1902</ele>
    <time>2026-03-15T21:28:29Z</time>
    <extensions>
     <gpxdata:hr>97</gpxdata:hr>
     <gpxdata:distance>9523.00</gpxdata:distance>
     <gpxdata:speed>6.283</gpxdata:speed>
    </extensions>
   </trkpt>
   <trkpt lat="-21.5919759" lon="-64.7674933">
    <ele>1901</ele>
    <time>2026-03-15T21:28:30Z</time>
    <extensions>
     <gpxdata:hr>97</gpxdata:hr>
     <gpxdata:distance>9530.00</gpxdata:distance>
     <gpxdata:speed>6.125</gpxdata:speed>
    </extensions>
   </trkpt>
   <trkpt lat="-21.5920339" lon="-64.7674933">
    <ele>1901</ele>
    <time>2026-03-15T21:28:31Z</time>
    <extensions>
     <gpxdata:hr>98</gpxdata:hr>
     <gpxdata:distance>9537.00</gpxdata:distance>
     <gpxdata:speed>6.414</gpxdata:speed>
    </extensions>
   </trkpt>
   <trkpt lat="-21.5920867" lon="-64.7674949">
    <ele>1901</ele>
    <time>2026-03-15T21:28:32Z</time>
    <extensions>
     <gpxdata:hr>98</gpxdata:hr>
     <gpxdata:distance>9543.00</gpxdata:distance>
     <gpxdata:speed>5.992</gpxdata:speed>
    </extensions>
   </trkpt>
   <trkpt lat="-21.5921287" lon="-64.7674962">
    <ele>1901</ele>
    <time>2026-03-15T21:28:33Z</time>
    <extensions>
     <gpxdata:hr>98</gpxdata:hr>
     <gpxdata:distance>9549.00</gpxdata:distance>
     <gpxdata:speed>6.389</gpxdata:speed>
    </extensions>
   </trkpt>
   <trkpt lat="-21.5921947" lon="-64.7674986">
    <ele>1901</ele>
    <time>2026-03-15T21:28:34Z</time>
    <extensions>
     <gpxdata:hr>97</gpxdata:hr>
     <gpxdata:distance>9554.50</gpxdata:distance>
     <gpxdata:speed>5.939</gpxdata:speed>
    </extensions>
   </trkpt>
   <trkpt lat="-21.5922336" lon="-64.7674999">
    <ele>1901</ele>
    <time>2026-03-15T21:28:35Z</time>
    <extensions>
     <gpxdata:hr>97</gpxdata:hr>
     <gpxdata:distance>9560.00</gpxdata:distance>
     <gpxdata:speed>5.825</gpxdata:speed>
    </extensions>
   </trkpt>
   <trkpt lat="-21.5922852" lon="-64.7675022">
    <ele>1901</ele>
    <time>2026-03-15T21:28:36Z</time>
    <extensions>
     <gpxdata:hr>97</gpxdata:hr>
     <gpxdata:distance>9566.00</gpxdata:distance>
     <gpxdata:speed>6.167</gpxdata:speed>
    </extensions>
   </trkpt>
   <trkpt lat="-21.5923522" lon="-64.7675052">
    <ele>1901</ele>
    <time>2026-03-15T21:28:37Z</time>
    <extensions>
     <gpxdata:hr>97</gpxdata:hr>
     <gpxdata:distance>9572.00</gpxdata:distance>
     <gpxdata:speed>5.711</gpxdata:speed>
    </extensions>
   </trkpt>
   <trkpt lat="-21.5923889" lon="-64.7675061">
    <ele>1901</ele>
    <time>2026-03-15T21:28:38Z</time>
    <extensions>
     <gpxdata:hr>97</gpxdata:hr>
     <gpxdata:distance>9577.00</gpxdata:distance>
     <gpxdata:speed>5.483</gpxdata:speed>
    </extensions>
   </trkpt>
   <trkpt lat="-21.5924336" lon="-64.7675059">
    <ele>1901</ele>
    <time>2026-03-15T21:28:39Z</time>
    <extensions>
     <gpxdata:hr>97</gpxdata:hr>
     <gpxdata:distance>9582.00</gpxdata:distance>
     <gpxdata:speed>5.386</gpxdata:speed>
    </extensions>
   </trkpt>
   <trkpt lat="-21.5924807" lon="-64.7675049">
    <ele>1901</ele>
    <time>2026-03-15T21:28:40Z</time>
    <extensions>
     <gpxdata:hr>97</gpxdata:hr>
     <gpxdata:distance>9587.50</gpxdata:distance>
     <gpxdata:speed>5.361</gpxdata:speed>
    </extensions>
   </trkpt>
   <trkpt lat="-21.5925279" lon="-64.7675028">
    <ele>1901</ele>
    <time>2026-03-15T21:28:41Z</time>
    <extensions>
     <gpxdata:hr>97</gpxdata:hr>
     <gpxdata:distance>9593.00</gpxdata:distance>
     <gpxdata:speed>5.300</gpxdata:speed>
    </extensions>
   </trkpt>
   <trkpt lat="-21.5925736" lon="-64.7675006">
    <ele>1901</ele>
    <time>2026-03-15T21:28:42Z</time>
    <extensions>
     <gpxdata:hr>97</gpxdata:hr>
     <gpxdata:distance>9597.50</gpxdata:distance>
     <gpxdata:speed>5.117</gpxdata:speed>
    </extensions>
   </trkpt>
   <trkpt lat="-21.5926174" lon="-64.7674991">
    <ele>1901</ele>
    <time>2026-03-15T21:28:43Z</time>
    <extensions>
     <gpxdata:hr>97</gpxdata:hr>
     <gpxdata:distance>9602.00</gpxdata:distance>
     <gpxdata:speed>4.903</gpxdata:speed>
    </extensions>
   </trkpt>
   <trkpt lat="-21.5926593" lon="-64.7674978">
    <ele>1901</ele>
    <time>2026-03-15T21:28:44Z</time>
    <extensions>
     <gpxdata:hr>97</gpxdata:hr>
     <gpxdata:distance>9606.50</gpxdata:distance>
     <gpxdata:speed>4.692</gpxdata:speed>
    </extensions>
   </trkpt>
   <trkpt lat="-21.5927000" lon="-64.7674970">
    <ele>1901</ele>
    <time>2026-03-15T21:28:45Z</time>
    <extensions>
     <gpxdata:hr>94</gpxdata:hr>
     <gpxdata:distance>9611.00</gpxdata:distance>
     <gpxdata:speed>4.553</gpxdata:speed>
    </extensions>
   </trkpt>
   <trkpt lat="-21.5927402" lon="-64.7674967">
    <ele>1901</ele>
    <time>2026-03-15T21:28:46Z</time>
    <extensions>
     <gpxdata:hr>94</gpxdata:hr>
     <gpxdata:distance>9615.50</gpxdata:distance>
     <gpxdata:speed>4.483</gpxdata:speed>
    </extensions>
   </trkpt>
   <trkpt lat="-21.5927795" lon="-64.7674972">
    <ele>1901</ele>
    <time>2026-03-15T21:28:47Z</time>
    <extensions>
     <gpxdata:hr>95</gpxdata:hr>
     <gpxdata:distance>9620.00</gpxdata:distance>
     <gpxdata:speed>4.389</gpxdata:speed>
    </extensions>
   </trkpt>
   <trkpt lat="-21.5928176" lon="-64.7674977">
    <ele>1901</ele>
    <time>2026-03-15T21:28:48Z</time>
    <extensions>
     <gpxdata:hr>95</gpxdata:hr>
     <gpxdata:distance>9624.50</gpxdata:distance>
     <gpxdata:speed>4.258</gpxdata:speed>
    </extensions>
   </trkpt>
   <trkpt lat="-21.5928561" lon="-64.7674980">
    <ele>1901</ele>
    <time>2026-03-15T21:28:49Z</time>
    <extensions>
     <gpxdata:hr>95</gpxdata:hr>
     <gpxdata:distance>9629.00</gpxdata:distance>
     <gpxdata:speed>4.294</gpxdata:speed>
    </extensions>
   </trkpt>
   <trkpt lat="-21.5928941" lon="-64.7674981">
    <ele>1901</ele>
    <time>2026-03-15T21:28:50Z</time>
    <extensions>
     <gpxdata:hr>95</gpxdata:hr>
     <gpxdata:distance>9633.00</gpxdata:distance>
     <gpxdata:speed>4.228</gpxdata:speed>
    </extensions>
   </trkpt>
   <trkpt lat="-21.5929314" lon="-64.7674982">
    <ele>1901</ele>
    <time>2026-03-15T21:28:51Z</time>
    <extensions>
     <gpxdata:hr>95</gpxdata:hr>
     <gpxdata:distance>9637.00</gpxdata:distance>
     <gpxdata:speed>4.158</gpxdata:speed>
    </extensions>
   </trkpt>
   <trkpt lat="-21.5929683" lon="-64.7674982">
    <ele>1901</ele>
    <time>2026-03-15T21:28:52Z</time>
    <extensions>
     <gpxdata:hr>95</gpxdata:hr>
     <gpxdata:distance>9641.00</gpxdata:distance>
     <gpxdata:speed>4.114</gpxdata:speed>
    </extensions>
   </trkpt>
   <trkpt lat="-21.5930050" lon="-64.7674976">
    <ele>1901</ele>
    <time>2026-03-15T21:28:53Z</time>
    <extensions>
     <gpxdata:hr>95</gpxdata:hr>
     <gpxdata:distance>9645.00</gpxdata:distance>
     <gpxdata:speed>4.092</gpxdata:speed>
    </extensions>
   </trkpt>
   <trkpt lat="-21.5930410" lon="-64.7674958">
    <ele>1901</ele>
    <time>2026-03-15T21:28:54Z</time>
    <extensions>
     <gpxdata:hr>94</gpxdata:hr>
     <gpxdata:distance>9649.00</gpxdata:distance>
     <gpxdata:speed>4.022</gpxdata:speed>
    </extensions>
   </trkpt>
   <trkpt lat="-21.5930765" lon="-64.7674944">
    <ele>1901</ele>
    <time>2026-03-15T21:28:55Z</time>
    <extensions>
     <gpxdata:hr>94</gpxdata:hr>
     <gpxdata:distance>9653.00</gpxdata:distance>
     <gpxdata:speed>3.958</gpxdata:speed>
    </extensions>
   </trkpt>
   <trkpt lat="-21.5931104" lon="-64.7674936">
    <ele>1901</ele>
    <time>2026-03-15T21:28:56Z</time>
    <extensions>
     <gpxdata:hr>94</gpxdata:hr>
     <gpxdata:distance>9656.50</gpxdata:distance>
     <gpxdata:speed>3.786</gpxdata:speed>
    </extensions>
   </trkpt>
   <trkpt lat="-21.5931443" lon="-64.7674932">
    <ele>1901</ele>
    <time>2026-03-15T21:28:57Z</time>
    <extensions>
     <gpxdata:hr>94</gpxdata:hr>
     <gpxdata:distance>9660.00</gpxdata:distance>
     <gpxdata:speed>3.781</gpxdata:speed>
    </extensions>
   </trkpt>
   <trkpt lat="-21.5931774" lon="-64.7674931">
    <ele>1901</ele>
    <time>2026-03-15T21:28:58Z</time>
    <extensions>
     <gpxdata:hr>93</gpxdata:hr>
     <gpxdata:distance>9663.50</gpxdata:distance>
     <gpxdata:speed>3.692</gpxdata:speed>
    </extensions>
   </trkpt>
   <trkpt lat="-21.5932097" lon="-64.7674925">
    <ele>1901</ele>
    <time>2026-03-15T21:28:59Z</time>
    <extensions>
     <gpxdata:hr>91</gpxdata:hr>
     <gpxdata:distance>9667.00</gpxdata:distance>
     <gpxdata:speed>3.611</gpxdata:speed>
    </extensions>
   </trkpt>
   <trkpt lat="-21.5932416" lon="-64.7674914">
    <ele>1901</ele>
    <time>2026-03-15T21:29:00Z</time>
    <extensions>
     <gpxdata:hr>91</gpxdata:hr>
     <gpxdata:distance>9670.50</gpxdata:distance>
     <gpxdata:speed>3.558</gpxdata:speed>
    </extensions>
   </trkpt>
   <trkpt lat="-21.5932721" lon="-64.7674906">
    <ele>1901</ele>
    <time>2026-03-15T21:29:01Z</time>
    <extensions>
     <gpxdata:hr>91</gpxdata:hr>
     <gpxdata:distance>9674.00</gpxdata:distance>
     <gpxdata:speed>3.406</gpxdata:speed>
    </extensions>
   </trkpt>
   <trkpt lat="-21.5933014" lon="-64.7674907">
    <ele>1901</ele>
    <time>2026-03-15T21:29:02Z</time>
    <extensions>
     <gpxdata:hr>91</gpxdata:hr>
     <gpxdata:distance>9677.00</gpxdata:distance>
     <gpxdata:speed>3.275</gpxdata:speed>
    </extensions>
   </trkpt>
   <trkpt lat="-21.5933294" lon="-64.7674911">
    <ele>1901</ele>
    <time>2026-03-15T21:29:03Z</time>
    <extensions>
     <gpxdata:hr>91</gpxdata:hr>
     <gpxdata:distance>9680.00</gpxdata:distance>
     <gpxdata:speed>3.136</gpxdata:speed>
    </extensions>
   </trkpt>
   <trkpt lat="-21.5933566" lon="-64.7674914">
    <ele>1901</ele>
    <time>2026-03-15T21:29:04Z</time>
    <extensions>
     <gpxdata:hr>91</gpxdata:hr>
     <gpxdata:distance>9683.00</gpxdata:distance>
     <gpxdata:speed>3.039</gpxdata:speed>
    </extensions>
   </trkpt>
   <trkpt lat="-21.5933834" lon="-64.7674934">
    <ele>1900</ele>
    <time>2026-03-15T21:29:05Z</time>
    <extensions>
     <gpxdata:hr>91</gpxdata:hr>
     <gpxdata:distance>9686.00</gpxdata:distance>
     <gpxdata:speed>2.997</gpxdata:speed>
    </extensions>
   </trkpt>
   <trkpt lat="-21.5933976" lon="-64.7674962">
    <ele>1900</ele>
    <time>2026-03-15T21:29:06Z</time>
    <extensions>
     <gpxdata:hr>91</gpxdata:hr>
     <gpxdata:distance>9688.50</gpxdata:distance>
     <gpxdata:speed>2.817</gpxdata:speed>
    </extensions>
   </trkpt>
   <trkpt lat="-21.5934170" lon="-64.7675009">
    <ele>1900</ele>
    <time>2026-03-15T21:29:07Z</time>
    <extensions>
     <gpxdata:hr>91</gpxdata:hr>
     <gpxdata:distance>9691.00</gpxdata:distance>
     <gpxdata:speed>2.794</gpxdata:speed>
    </extensions>
   </trkpt>
   <trkpt lat="-21.5934393" lon="-64.7675063">
    <ele>1900</ele>
    <time>2026-03-15T21:29:08Z</time>
    <extensions>
     <gpxdata:hr>90</gpxdata:hr>
     <gpxdata:distance>9694.00</gpxdata:distance>
     <gpxdata:speed>2.800</gpxdata:speed>
    </extensions>
   </trkpt>
   <trkpt lat="-21.5934625" lon="-64.7675113">
    <ele>1900</ele>
    <time>2026-03-15T21:29:09Z</time>
    <extensions>
     <gpxdata:hr>90</gpxdata:hr>
     <gpxdata:distance>9697.00</gpxdata:distance>
     <gpxdata:speed>2.733</gpxdata:speed>
    </extensions>
   </trkpt>
   <trkpt lat="-21.5934865" lon="-64.7675149">
    <ele>1900</ele>
    <time>2026-03-15T21:29:10Z</time>
    <extensions>
     <gpxdata:hr>90</gpxdata:hr>
     <gpxdata:distance>9699.50</gpxdata:distance>
     <gpxdata:speed>2.725</gpxdata:speed>
    </extensions>
   </trkpt>
   <trkpt lat="-21.5935113" lon="-64.7675171">
    <ele>1900</ele>
    <time>2026-03-15T21:29:11Z</time>
    <extensions>
     <gpxdata:hr>88</gpxdata:hr>
     <gpxdata:distance>9702.00</gpxdata:distance>
     <gpxdata:speed>2.808</gpxdata:speed>
    </extensions>
   </trkpt>
   <trkpt lat="-21.5935364" lon="-64.7675192">
    <ele>1900</ele>
    <time>2026-03-15T21:29:12Z</time>
    <extensions>
     <gpxdata:hr>88</gpxdata:hr>
     <gpxdata:distance>9705.00</gpxdata:distance>
     <gpxdata:speed>2.828</gpxdata:speed>
    </extensions>
   </trkpt>
   <trkpt lat="-21.5935616" lon="-64.7675208">
    <ele>1900</ele>
    <time>2026-03-15T21:29:13Z</time>
    <extensions>
     <gpxdata:hr>88</gpxdata:hr>
     <gpxdata:distance>9708.00</gpxdata:distance>
     <gpxdata:speed>2.814</gpxdata:speed>
    </extensions>
   </trkpt>
   <trkpt lat="-21.5935862" lon="-64.7675218">
    <ele>1900</ele>
    <time>2026-03-15T21:29:14Z</time>
    <extensions>
     <gpxdata:hr>88</gpxdata:hr>
     <gpxdata:distance>9710.50</gpxdata:distance>
     <gpxdata:speed>2.733</gpxdata:speed>
    </extensions>
   </trkpt>
   <trkpt lat="-21.5936099" lon="-64.7675219">
    <ele>1900</ele>
    <time>2026-03-15T21:29:15Z</time>
    <extensions>
     <gpxdata:hr>88</gpxdata:hr>
     <gpxdata:distance>9713.00</gpxdata:distance>
     <gpxdata:speed>2.600</gpxdata:speed>
    </extensions>
   </trkpt>
   <trkpt lat="-21.5936324" lon="-64.7675223">
    <ele>1900</ele>
    <time>2026-03-15T21:29:16Z</time>
    <extensions>
     <gpxdata:hr>88</gpxdata:hr>
     <gpxdata:distance>9715.50</gpxdata:distance>
     <gpxdata:speed>2.436</gpxdata:speed>
    </extensions>
   </trkpt>
   <trkpt lat="-21.5936543" lon="-64.7675226">
    <ele>1901</ele>
    <time>2026-03-15T21:29:17Z</time>
    <extensions>
     <gpxdata:hr>88</gpxdata:hr>
     <gpxdata:distance>9718.00</gpxdata:distance>
     <gpxdata:speed>2.383</gpxdata:speed>
    </extensions>
   </trkpt>
   <trkpt lat="-21.5936756" lon="-64.7675237">
    <ele>1901</ele>
    <time>2026-03-15T21:29:18Z</time>
    <extensions>
     <gpxdata:hr>88</gpxdata:hr>
     <gpxdata:distance>9720.00</gpxdata:distance>
     <gpxdata:speed>2.319</gpxdata:speed>
    </extensions>
   </trkpt>
   <trkpt lat="-21.5936959" lon="-64.7675252">
    <ele>1901</ele>
    <time>2026-03-15T21:29:19Z</time>
    <extensions>
     <gpxdata:hr>87</gpxdata:hr>
     <gpxdata:distance>9722.00</gpxdata:distance>
     <gpxdata:speed>2.211</gpxdata:speed>
    </extensions>
   </trkpt>
   <trkpt lat="-21.5937172" lon="-64.7675264">
    <ele>1901</ele>
    <time>2026-03-15T21:29:20Z</time>
    <extensions>
     <gpxdata:hr>87</gpxdata:hr>
     <gpxdata:distance>9725.00</gpxdata:distance>
     <gpxdata:speed>2.383</gpxdata:speed>
    </extensions>
   </trkpt>
   <trkpt lat="-21.5937399" lon="-64.7675281">
    <ele>1901</ele>
    <time>2026-03-15T21:29:21Z</time>
    <extensions>
     <gpxdata:hr>87</gpxdata:hr>
     <gpxdata:distance>9728.00</gpxdata:distance>
     <gpxdata:speed>2.572</gpxdata:speed>
    </extensions>
   </trkpt>
   <trkpt lat="-21.5937630" lon="-64.7675299">
    <ele>1901</ele>
    <time>2026-03-15T21:29:22Z</time>
    <extensions>
     <gpxdata:hr>87</gpxdata:hr>
     <gpxdata:distance>9730.50</gpxdata:distance>
     <gpxdata:speed>2.628</gpxdata:speed>
    </extensions>
   </trkpt>
   <trkpt lat="-21.5937873" lon="-64.7675313">
    <ele>1901</ele>
    <time>2026-03-15T21:29:23Z</time>
    <extensions>
     <gpxdata:hr>86</gpxdata:hr>
     <gpxdata:distance>9733.00</gpxdata:distance>
     <gpxdata:speed>2.761</gpxdata:speed>
    </extensions>
   </trkpt>
   <trkpt lat="-21.5938120" lon="-64.7675326">
    <ele>1901</ele>
    <time>2026-03-15T21:29:24Z</time>
    <extensions>
     <gpxdata:hr>86</gpxdata:hr>
     <gpxdata:distance>9736.00</gpxdata:distance>
     <gpxdata:speed>2.803</gpxdata:speed>
    </extensions>
   </trkpt>
   <trkpt lat="-21.5938369" lon="-64.7675335">
    <ele>1901</ele>
    <time>2026-03-15T21:29:25Z</time>
    <extensions>
     <gpxdata:hr>86</gpxdata:hr>
     <gpxdata:distance>9739.00</gpxdata:distance>
     <gpxdata:speed>2.806</gpxdata:speed>
    </extensions>
   </trkpt>
   <trkpt lat="-21.5938619" lon="-64.7675346">
    <ele>1901</ele>
    <time>2026-03-15T21:29:26Z</time>
    <extensions>
     <gpxdata:hr>84</gpxdata:hr>
     <gpxdata:distance>9741.50</gpxdata:distance>
     <gpxdata:speed>2.800</gpxdata:speed>
    </extensions>
   </trkpt>
   <trkpt lat="-21.5938869" lon="-64.7675358">
    <ele>1901</ele>
    <time>2026-03-15T21:29:27Z</time>
    <extensions>
     <gpxdata:hr>83</gpxdata:hr>
     <gpxdata:distance>9744.00</gpxdata:distance>
     <gpxdata:speed>2.794</gpxdata:speed>
    </extensions>
   </trkpt>
   <trkpt lat="-21.5939123" lon="-64.7675377">
    <ele>1901</ele>
    <time>2026-03-15T21:29:28Z</time>
    <extensions>
     <gpxdata:hr>84</gpxdata:hr>
     <gpxdata:distance>9747.00</gpxdata:distance>
     <gpxdata:speed>2.856</gpxdata:speed>
    </extensions>
   </trkpt>
   <trkpt lat="-21.5939386" lon="-64.7675392">
    <ele>1901</ele>
    <time>2026-03-15T21:29:29Z</time>
    <extensions>
     <gpxdata:hr>84</gpxdata:hr>
     <gpxdata:distance>9750.00</gpxdata:distance>
     <gpxdata:speed>2.978</gpxdata:speed>
    </extensions>
   </trkpt>
   <trkpt lat="-21.5939662" lon="-64.7675407">
    <ele>1901</ele>
    <time>2026-03-15T21:29:30Z</time>
    <extensions>
     <gpxdata:hr>84</gpxdata:hr>
     <gpxdata:distance>9753.50</gpxdata:distance>
     <gpxdata:speed>3.136</gpxdata:speed>
    </extensions>
   </trkpt>
   <trkpt lat="-21.5940126" lon="-64.7675424">
    <ele>1901</ele>
    <time>2026-03-15T21:29:31Z</time>
    <extensions>
     <gpxdata:hr>83</gpxdata:hr>
     <gpxdata:distance>9757.00</gpxdata:distance>
     <gpxdata:speed>3.247</gpxdata:speed>
    </extensions>
   </trkpt>
   <trkpt lat="-21.5940450" lon="-64.7675436">
    <ele>1901</ele>
    <time>2026-03-15T21:29:32Z</time>
    <extensions>
     <gpxdata:hr>83</gpxdata:hr>
     <gpxdata:distance>9760.50</gpxdata:distance>
     <gpxdata:speed>3.242</gpxdata:speed>
    </extensions>
   </trkpt>
   <trkpt lat="-21.5940751" lon="-64.7675444">
    <ele>1901</ele>
    <time>2026-03-15T21:29:33Z</time>
    <extensions>
     <gpxdata:hr>83</gpxdata:hr>
     <gpxdata:distance>9764.00</gpxdata:distance>
     <gpxdata:speed>3.272</gpxdata:speed>
    </extensions>
   </trkpt>
   <trkpt lat="-21.5941038" lon="-64.7675454">
    <ele>1901</ele>
    <time>2026-03-15T21:29:34Z</time>
    <extensions>
     <gpxdata:hr>84</gpxdata:hr>
     <gpxdata:distance>9767.00</gpxdata:distance>
     <gpxdata:speed>3.175</gpxdata:speed>
    </extensions>
   </trkpt>
   <trkpt lat="-21.5941326" lon="-64.7675461">
    <ele>1901</ele>
    <time>2026-03-15T21:29:35Z</time>
    <extensions>
     <gpxdata:hr>82</gpxdata:hr>
     <gpxdata:distance>9770.00</gpxdata:distance>
     <gpxdata:speed>3.208</gpxdata:speed>
    </extensions>
   </trkpt>
   <trkpt lat="-21.5941613" lon="-64.7675465">
    <ele>1901</ele>
    <time>2026-03-15T21:29:36Z</time>
    <extensions>
     <gpxdata:hr>82</gpxdata:hr>
     <gpxdata:distance>9773.00</gpxdata:distance>
     <gpxdata:speed>3.194</gpxdata:speed>
    </extensions>
   </trkpt>
   <trkpt lat="-21.5941886" lon="-64.7675466">
    <ele>1901</ele>
    <time>2026-03-15T21:29:37Z</time>
    <extensions>
     <gpxdata:hr>82</gpxdata:hr>
     <gpxdata:distance>9776.00</gpxdata:distance>
     <gpxdata:speed>3.047</gpxdata:speed>
    </extensions>
   </trkpt>
   <trkpt lat="-21.5942159" lon="-64.7675479">
    <ele>1901</ele>
    <time>2026-03-15T21:29:38Z</time>
    <extensions>
     <gpxdata:hr>80</gpxdata:hr>
     <gpxdata:distance>9779.00</gpxdata:distance>
     <gpxdata:speed>3.047</gpxdata:speed>
    </extensions>
   </trkpt>
   <trkpt lat="-21.5942417" lon="-64.7675496">
    <ele>1901</ele>
    <time>2026-03-15T21:29:39Z</time>
    <extensions>
     <gpxdata:hr>79</gpxdata:hr>
     <gpxdata:distance>9782.00</gpxdata:distance>
     <gpxdata:speed>2.894</gpxdata:speed>
    </extensions>
   </trkpt>
   <trkpt lat="-21.5942558" lon="-64.7675503">
    <ele>1901</ele>
    <time>2026-03-15T21:29:40Z</time>
    <extensions>
     <gpxdata:hr>78</gpxdata:hr>
     <gpxdata:distance>9784.50</gpxdata:distance>
     <gpxdata:speed>2.747</gpxdata:speed>
    </extensions>
   </trkpt>
   <trkpt lat="-21.5942751" lon="-64.7675504">
    <ele>1901</ele>
    <time>2026-03-15T21:29:41Z</time>
    <extensions>
     <gpxdata:hr>78</gpxdata:hr>
     <gpxdata:distance>9787.00</gpxdata:distance>
     <gpxdata:speed>2.722</gpxdata:speed>
    </extensions>
   </trkpt>
   <trkpt lat="-21.5942975" lon="-64.7675503">
    <ele>1901</ele>
    <time>2026-03-15T21:29:42Z</time>
    <extensions>
     <gpxdata:hr>78</gpxdata:hr>
     <gpxdata:distance>9790.00</gpxdata:distance>
     <gpxdata:speed>2.739</gpxdata:speed>
    </extensions>
   </trkpt>
   <trkpt lat="-21.5943212" lon="-64.7675493">
    <ele>1901</ele>
    <time>2026-03-15T21:29:43Z</time>
    <extensions>
     <gpxdata:hr>78</gpxdata:hr>
     <gpxdata:distance>9793.00</gpxdata:distance>
     <gpxdata:speed>2.761</gpxdata:speed>
    </extensions>
   </trkpt>
   <trkpt lat="-21.5943452" lon="-64.7675478">
    <ele>1901</ele>
    <time>2026-03-15T21:29:44Z</time>
    <extensions>
     <gpxdata:hr>77</gpxdata:hr>
     <gpxdata:distance>9795.50</gpxdata:distance>
     <gpxdata:speed>2.711</gpxdata:speed>
    </extensions>
   </trkpt>
   <trkpt lat="-21.5943695" lon="-64.7675462">
    <ele>1901</ele>
    <time>2026-03-15T21:29:45Z</time>
    <extensions>
     <gpxdata:hr>77</gpxdata:hr>
     <gpxdata:distance>9798.00</gpxdata:distance>
     <gpxdata:speed>2.725</gpxdata:speed>
    </extensions>
   </trkpt>
   <trkpt lat="-21.5943940" lon="-64.7675436">
    <ele>1901</ele>
    <time>2026-03-15T21:29:46Z</time>
    <extensions>
     <gpxdata:hr>77</gpxdata:hr>
     <gpxdata:distance>9800.50</gpxdata:distance>
     <gpxdata:speed>2.761</gpxdata:speed>
    </extensions>
   </trkpt>
   <trkpt lat="-21.5944174" lon="-64.7675410">
    <ele>1901</ele>
    <time>2026-03-15T21:29:47Z</time>
    <extensions>
     <gpxdata:hr>77</gpxdata:hr>
     <gpxdata:distance>9803.00</gpxdata:distance>
     <gpxdata:speed>2.583</gpxdata:speed>
    </extensions>
   </trkpt>
   <trkpt lat="-21.5944395" lon="-64.7675383">
    <ele>1901</ele>
    <time>2026-03-15T21:29:48Z</time>
    <extensions>
     <gpxdata:hr>77</gpxdata:hr>
     <gpxdata:distance>9805.00</gpxdata:distance>
     <gpxdata:speed>2.422</gpxdata:speed>
    </extensions>
   </trkpt>
   <trkpt lat="-21.5944604" lon="-64.7675344">
    <ele>1901</ele>
    <time>2026-03-15T21:29:49Z</time>
    <extensions>
     <gpxdata:hr>79</gpxdata:hr>
     <gpxdata:distance>9807.00</gpxdata:distance>
     <gpxdata:speed>2.281</gpxdata:speed>
    </extensions>
   </trkpt>
   <trkpt lat="-21.5944802" lon="-64.7675291">
    <ele>1901</ele>
    <time>2026-03-15T21:29:50Z</time>
    <extensions>
     <gpxdata:hr>80</gpxdata:hr>
     <gpxdata:distance>9809.50</gpxdata:distance>
     <gpxdata:speed>2.214</gpxdata:speed>
    </extensions>
   </trkpt>
   <trkpt lat="-21.5944993" lon="-64.7675216">
    <ele>1901</ele>
    <time>2026-03-15T21:29:51Z</time>
    <extensions>
     <gpxdata:hr>80</gpxdata:hr>
     <gpxdata:distance>9812.00</gpxdata:distance>
     <gpxdata:speed>2.242</gpxdata:speed>
    </extensions>
   </trkpt>
   <trkpt lat="-21.5945190" lon="-64.7675129">
    <ele>1901</ele>
    <time>2026-03-15T21:29:52Z</time>
    <extensions>
     <gpxdata:hr>80</gpxdata:hr>
     <gpxdata:distance>9814.50</gpxdata:distance>
     <gpxdata:speed>2.389</gpxdata:speed>
    </extensions>
   </trkpt>
   <trkpt lat="-21.5945389" lon="-64.7675040">
    <ele>1901</ele>
    <time>2026-03-15T21:29:53Z</time>
    <extensions>
     <gpxdata:hr>80</gpxdata:hr>
     <gpxdata:distance>9817.00</gpxdata:distance>
     <gpxdata:speed>2.425</gpxdata:speed>
    </extensions>
   </trkpt>
   <trkpt lat="-21.5945594" lon="-64.7674935">
    <ele>1901</ele>
    <time>2026-03-15T21:29:54Z</time>
    <extensions>
     <gpxdata:hr>80</gpxdata:hr>
     <gpxdata:distance>9819.00</gpxdata:distance>
     <gpxdata:speed>2.583</gpxdata:speed>
    </extensions>
   </trkpt>
   <trkpt lat="-21.5945772" lon="-64.7674822">
    <ele>1901</ele>
    <time>2026-03-15T21:29:55Z</time>
    <extensions>
     <gpxdata:hr>80</gpxdata:hr>
     <gpxdata:distance>9821.00</gpxdata:distance>
     <gpxdata:speed>2.267</gpxdata:speed>
    </extensions>
   </trkpt>
   <trkpt lat="-21.5945931" lon="-64.7674702">
    <ele>1902</ele>
    <time>2026-03-15T21:29:56Z</time>
    <extensions>
     <gpxdata:hr>81</gpxdata:hr>
     <gpxdata:distance>9823.00</gpxdata:distance>
     <gpxdata:speed>2.106</gpxdata:speed>
    </extensions>
   </trkpt>
   <trkpt lat="-21.5946073" lon="-64.7674581">
    <ele>1902</ele>
    <time>2026-03-15T21:29:57Z</time>
    <extensions>
     <gpxdata:hr>81</gpxdata:hr>
     <gpxdata:distance>9825.00</gpxdata:distance>
     <gpxdata:speed>1.950</gpxdata:speed>
    </extensions>
   </trkpt>
   <trkpt lat="-21.5946168" lon="-64.7674498">
    <ele>1902</ele>
    <time>2026-03-15T21:29:58Z</time>
    <extensions>
     <gpxdata:hr>81</gpxdata:hr>
     <gpxdata:distance>9826.50</gpxdata:distance>
     <gpxdata:speed>1.806</gpxdata:speed>
    </extensions>
   </trkpt>
   <trkpt lat="-21.5946271" lon="-64.7674408">
    <ele>1902</ele>
    <time>2026-03-15T21:29:59Z</time>
    <extensions>
     <gpxdata:hr>81</gpxdata:hr>
     <gpxdata:distance>9828.00</gpxdata:distance>
     <gpxdata:speed>1.631</gpxdata:speed>
    </extensions>
   </trkpt>
   <trkpt lat="-21.5946372" lon="-64.7674328">
    <ele>1902</ele>
    <time>2026-03-15T21:30:00Z</time>
    <extensions>
     <gpxdata:hr>81</gpxdata:hr>
     <gpxdata:distance>9829.00</gpxdata:distance>
     <gpxdata:speed>1.347</gpxdata:speed>
    </extensions>
   </trkpt>
   <trkpt lat="-21.5946466" lon="-64.7674258">
    <ele>1902</ele>
    <time>2026-03-15T21:30:01Z</time>
    <extensions>
     <gpxdata:hr>81</gpxdata:hr>
     <gpxdata:distance>9830.00</gpxdata:distance>
     <gpxdata:speed>1.119</gpxdata:speed>
    </extensions>
   </trkpt>
   <trkpt lat="-21.5946551" lon="-64.7674191">
    <ele>1902</ele>
    <time>2026-03-15T21:30:02Z</time>
    <extensions>
     <gpxdata:hr>81</gpxdata:hr>
     <gpxdata:distance>9831.00</gpxdata:distance>
     <gpxdata:speed>1.025</gpxdata:speed>
    </extensions>
   </trkpt>
   <trkpt lat="-21.5946634" lon="-64.7674133">
    <ele>1902</ele>
    <time>2026-03-15T21:30:03Z</time>
    <extensions>
     <gpxdata:hr>81</gpxdata:hr>
     <gpxdata:distance>9832.00</gpxdata:distance>
     <gpxdata:speed>0.978</gpxdata:speed>
    </extensions>
   </trkpt>
   <trkpt lat="-21.5946717" lon="-64.7674082">
    <ele>1902</ele>
    <time>2026-03-15T21:30:04Z</time>
    <extensions>
     <gpxdata:hr>81</gpxdata:hr>
     <gpxdata:distance>9833.00</gpxdata:distance>
     <gpxdata:speed>0.969</gpxdata:speed>
    </extensions>
   </trkpt>
   <trkpt lat="-21.5946106" lon="-64.7674203">
    <ele>1902</ele>
    <time>2026-03-15T21:32:10Z</time>
    <extensions>
     <gpxdata:hr>98</gpxdata:hr>
     <gpxdata:distance>9848.00</gpxdata:distance>
     <gpxdata:speed>3.103</gpxdata:speed>
    </extensions>
   </trkpt>
   <trkpt lat="-21.5945712" lon="-64.7674492">
    <ele>1902</ele>
    <time>2026-03-15T21:32:11Z</time>
    <extensions>
     <gpxdata:hr>97</gpxdata:hr>
     <gpxdata:distance>9852.50</gpxdata:distance>
     <gpxdata:speed>3.597</gpxdata:speed>
    </extensions>
   </trkpt>
   <trkpt lat="-21.5945390" lon="-64.7674711">
    <ele>1902</ele>
    <time>2026-03-15T21:32:12Z</time>
    <extensions>
     <gpxdata:hr>96</gpxdata:hr>
     <gpxdata:distance>9857.00</gpxdata:distance>
     <gpxdata:speed>3.997</gpxdata:speed>
    </extensions>
   </trkpt>
   <trkpt lat="-21.5945046" lon="-64.7674891">
    <ele>1902</ele>
    <time>2026-03-15T21:32:13Z</time>
    <extensions>
     <gpxdata:hr>94</gpxdata:hr>
     <gpxdata:distance>9861.50</gpxdata:distance>
     <gpxdata:speed>4.242</gpxdata:speed>
    </extensions>
   </trkpt>
   <trkpt lat="-21.5944680" lon="-64.7675040">
    <ele>1902</ele>
    <time>2026-03-15T21:32:14Z</time>
    <extensions>
     <gpxdata:hr>94</gpxdata:hr>
     <gpxdata:distance>9866.00</gpxdata:distance>
     <gpxdata:speed>4.364</gpxdata:speed>
    </extensions>
   </trkpt>
   <trkpt lat="-21.5944302" lon="-64.7675150">
    <ele>1902</ele>
    <time>2026-03-15T21:32:15Z</time>
    <extensions>
     <gpxdata:hr>92</gpxdata:hr>
     <gpxdata:distance>9870.00</gpxdata:distance>
     <gpxdata:speed>4.369</gpxdata:speed>
    </extensions>
   </trkpt>
   <trkpt lat="-21.5943925" lon="-64.7675240">
    <ele>1902</ele>
    <time>2026-03-15T21:32:16Z</time>
    <extensions>
     <gpxdata:hr>92</gpxdata:hr>
     <gpxdata:distance>9874.00</gpxdata:distance>
     <gpxdata:speed>4.308</gpxdata:speed>
    </extensions>
   </trkpt>
   <trkpt lat="-21.5943546" lon="-64.7675310">
    <ele>1901</ele>
    <time>2026-03-15T21:32:17Z</time>
    <extensions>
     <gpxdata:hr>91</gpxdata:hr>
     <gpxdata:distance>9878.50</gpxdata:distance>
     <gpxdata:speed>4.286</gpxdata:speed>
    </extensions>
   </trkpt>
   <trkpt lat="-21.5943165" lon="-64.7675355">
    <ele>1901</ele>
    <time>2026-03-15T21:32:18Z</time>
    <extensions>
     <gpxdata:hr>90</gpxdata:hr>
     <gpxdata:distance>9883.00</gpxdata:distance>
     <gpxdata:speed>4.272</gpxdata:speed>
    </extensions>
   </trkpt>
   <trkpt lat="-21.5942776" lon="-64.7675390">
    <ele>1901</ele>
    <time>2026-03-15T21:32:19Z</time>
    <extensions>
     <gpxdata:hr>90</gpxdata:hr>
     <gpxdata:distance>9887.50</gpxdata:distance>
     <gpxdata:speed>4.339</gpxdata:speed>
    </extensions>
   </trkpt>
   <trkpt lat="-21.5942381" lon="-64.7675408">
    <ele>1901</ele>
    <time>2026-03-15T21:32:20Z</time>
    <extensions>
     <gpxdata:hr>90</gpxdata:hr>
     <gpxdata:distance>9892.00</gpxdata:distance>
     <gpxdata:speed>4.394</gpxdata:speed>
    </extensions>
   </trkpt>
   <trkpt lat="-21.5941989" lon="-64.7675416">
    <ele>1901</ele>
    <time>2026-03-15T21:32:21Z</time>
    <extensions>
     <gpxdata:hr>90</gpxdata:hr>
     <gpxdata:distance>9896.00</gpxdata:distance>
     <gpxdata:speed>4.361</gpxdata:speed>
    </extensions>
   </trkpt>
   <trkpt lat="-21.5941601" lon="-64.7675418">
    <ele>1901</ele>
    <time>2026-03-15T21:32:22Z</time>
    <extensions>
     <gpxdata:hr>89</gpxdata:hr>
     <gpxdata:distance>9900.00</gpxdata:distance>
     <gpxdata:speed>4.319</gpxdata:speed>
    </extensions>
   </trkpt>
   <trkpt lat="-21.5941222" lon="-64.7675418">
    <ele>1901</ele>
    <time>2026-03-15T21:32:23Z</time>
    <extensions>
     <gpxdata:hr>89</gpxdata:hr>
     <gpxdata:distance>9904.00</gpxdata:distance>
     <gpxdata:speed>4.225</gpxdata:speed>
    </extensions>
   </trkpt>
   <trkpt lat="-21.5940856" lon="-64.7675405">
    <ele>1901</ele>
    <time>2026-03-15T21:32:24Z</time>
    <extensions>
     <gpxdata:hr>91</gpxdata:hr>
     <gpxdata:distance>9908.00</gpxdata:distance>
     <gpxdata:speed>4.089</gpxdata:speed>
    </extensions>
   </trkpt>
   <trkpt lat="-21.5940493" lon="-64.7675393">
    <ele>1901</ele>
    <time>2026-03-15T21:32:25Z</time>
    <extensions>
     <gpxdata:hr>90</gpxdata:hr>
     <gpxdata:distance>9912.50</gpxdata:distance>
     <gpxdata:speed>4.053</gpxdata:speed>
    </extensions>
   </trkpt>
   <trkpt lat="-21.5940129" lon="-64.7675386">
    <ele>1901</ele>
    <time>2026-03-15T21:32:26Z</time>
    <extensions>
     <gpxdata:hr>92</gpxdata:hr>
     <gpxdata:distance>9917.00</gpxdata:distance>
     <gpxdata:speed>4.050</gpxdata:speed>
    </extensions>
   </trkpt>
   <trkpt lat="-21.5939771" lon="-64.7675383">
    <ele>1901</ele>
    <time>2026-03-15T21:32:27Z</time>
    <extensions>
     <gpxdata:hr>92</gpxdata:hr>
     <gpxdata:distance>9921.00</gpxdata:distance>
     <gpxdata:speed>3.994</gpxdata:speed>
    </extensions>
   </trkpt>
   <trkpt lat="-21.5939404" lon="-64.7675394">
    <ele>1901</ele>
    <time>2026-03-15T21:32:28Z</time>
    <extensions>
     <gpxdata:hr>92</gpxdata:hr>
     <gpxdata:distance>9925.00</gpxdata:distance>
     <gpxdata:speed>4.081</gpxdata:speed>
    </extensions>
   </trkpt>
   <trkpt lat="-21.5939036" lon="-64.7675405">
    <ele>1901</ele>
    <time>2026-03-15T21:32:29Z</time>
    <extensions>
     <gpxdata:hr>93</gpxdata:hr>
     <gpxdata:distance>9928.50</gpxdata:distance>
     <gpxdata:speed>4.100</gpxdata:speed>
    </extensions>
   </trkpt>
   <trkpt lat="-21.5938680" lon="-64.7675418">
    <ele>1901</ele>
    <time>2026-03-15T21:32:30Z</time>
    <extensions>
     <gpxdata:hr>93</gpxdata:hr>
     <gpxdata:distance>9932.00</gpxdata:distance>
     <gpxdata:speed>3.969</gpxdata:speed>
    </extensions>
   </trkpt>
   <trkpt lat="-21.5938329" lon="-64.7675420">
    <ele>1901</ele>
    <time>2026-03-15T21:32:31Z</time>
    <extensions>
     <gpxdata:hr>93</gpxdata:hr>
     <gpxdata:distance>9936.00</gpxdata:distance>
     <gpxdata:speed>3.911</gpxdata:speed>
    </extensions>
   </trkpt>
   <trkpt lat="-21.5937974" lon="-64.7675407">
    <ele>1901</ele>
    <time>2026-03-15T21:32:32Z</time>
    <extensions>
     <gpxdata:hr>93</gpxdata:hr>
     <gpxdata:distance>9940.00</gpxdata:distance>
     <gpxdata:speed>3.956</gpxdata:speed>
    </extensions>
   </trkpt>
   <trkpt lat="-21.5937632" lon="-64.7675382">
    <ele>1901</ele>
    <time>2026-03-15T21:32:33Z</time>
    <extensions>
     <gpxdata:hr>93</gpxdata:hr>
     <gpxdata:distance>9944.00</gpxdata:distance>
     <gpxdata:speed>3.822</gpxdata:speed>
    </extensions>
   </trkpt>
   <trkpt lat="-21.5937290" lon="-64.7675332">
    <ele>1901</ele>
    <time>2026-03-15T21:32:34Z</time>
    <extensions>
     <gpxdata:hr>93</gpxdata:hr>
     <gpxdata:distance>9948.00</gpxdata:distance>
     <gpxdata:speed>3.839</gpxdata:speed>
    </extensions>
   </trkpt>
   <trkpt lat="-21.5936952" lon="-64.7675264">
    <ele>1901</ele>
    <time>2026-03-15T21:32:35Z</time>
    <extensions>
     <gpxdata:hr>94</gpxdata:hr>
     <gpxdata:distance>9952.00</gpxdata:distance>
     <gpxdata:speed>3.831</gpxdata:speed>
    </extensions>
   </trkpt>
   <trkpt lat="-21.5936610" lon="-64.7675210">
    <ele>1901</ele>
    <time>2026-03-15T21:32:36Z</time>
    <extensions>
     <gpxdata:hr>96</gpxdata:hr>
     <gpxdata:distance>9956.00</gpxdata:distance>
     <gpxdata:speed>3.844</gpxdata:speed>
    </extensions>
   </trkpt>
   <trkpt lat="-21.5936264" lon="-64.7675174">
    <ele>1901</ele>
    <time>2026-03-15T21:32:37Z</time>
    <extensions>
     <gpxdata:hr>96</gpxdata:hr>
     <gpxdata:distance>9959.50</gpxdata:distance>
     <gpxdata:speed>3.864</gpxdata:speed>
    </extensions>
   </trkpt>
   <trkpt lat="-21.5935922" lon="-64.7675168">
    <ele>1901</ele>
    <time>2026-03-15T21:32:38Z</time>
    <extensions>
     <gpxdata:hr>96</gpxdata:hr>
     <gpxdata:distance>9963.00</gpxdata:distance>
     <gpxdata:speed>3.811</gpxdata:speed>
    </extensions>
   </trkpt>
   <trkpt lat="-21.5935596" lon="-64.7675209">
    <ele>1901</ele>
    <time>2026-03-15T21:32:39Z</time>
    <extensions>
     <gpxdata:hr>96</gpxdata:hr>
     <gpxdata:distance>9966.50</gpxdata:distance>
     <gpxdata:speed>3.656</gpxdata:speed>
    </extensions>
   </trkpt>
   <trkpt lat="-21.5935297" lon="-64.7675284">
    <ele>1901</ele>
    <time>2026-03-15T21:32:40Z</time>
    <extensions>
     <gpxdata:hr>96</gpxdata:hr>
     <gpxdata:distance>9970.00</gpxdata:distance>
     <gpxdata:speed>3.431</gpxdata:speed>
    </extensions>
   </trkpt>
   <trkpt lat="-21.5935054" lon="-64.7675408">
    <ele>1901</ele>
    <time>2026-03-15T21:32:41Z</time>
    <extensions>
     <gpxdata:hr>96</gpxdata:hr>
     <gpxdata:distance>9972.00</gpxdata:distance>
     <gpxdata:speed>3.017</gpxdata:speed>
    </extensions>
   </trkpt>
   <trkpt lat="-21.5934885" lon="-64.7675541">
    <ele>1900</ele>
    <time>2026-03-15T21:32:42Z</time>
    <extensions>
     <gpxdata:hr>96</gpxdata:hr>
     <gpxdata:distance>9974.00</gpxdata:distance>
     <gpxdata:speed>2.378</gpxdata:speed>
    </extensions>
   </trkpt>
   <trkpt lat="-21.5934828" lon="-64.7675622">
    <ele>1900</ele>
    <time>2026-03-15T21:32:43Z</time>
    <extensions>
     <gpxdata:hr>96</gpxdata:hr>
     <gpxdata:distance>9975.50</gpxdata:distance>
     <gpxdata:speed>1.881</gpxdata:speed>
    </extensions>
   </trkpt>
   <trkpt lat="-21.5934790" lon="-64.7675705">
    <ele>1900</ele>
    <time>2026-03-15T21:32:44Z</time>
    <extensions>
     <gpxdata:hr>96</gpxdata:hr>
     <gpxdata:distance>9977.00</gpxdata:distance>
     <gpxdata:speed>1.672</gpxdata:speed>
    </extensions>
   </trkpt>
   <trkpt lat="-21.5934754" lon="-64.7675824">
    <ele>1900</ele>
    <time>2026-03-15T21:32:45Z</time>
    <extensions>
     <gpxdata:hr>96</gpxdata:hr>
     <gpxdata:distance>9979.00</gpxdata:distance>
     <gpxdata:speed>1.731</gpxdata:speed>
    </extensions>
   </trkpt>
   <trkpt lat="-21.5934718" lon="-64.7675968">
    <ele>1900</ele>
    <time>2026-03-15T21:32:46Z</time>
    <extensions>
     <gpxdata:hr>96</gpxdata:hr>
     <gpxdata:distance>9981.00</gpxdata:distance>
     <gpxdata:speed>1.822</gpxdata:speed>
    </extensions>
   </trkpt>
   <trkpt lat="-21.5934683" lon="-64.7676129">
    <ele>1900</ele>
    <time>2026-03-15T21:32:47Z</time>
    <extensions>
     <gpxdata:hr>95</gpxdata:hr>
     <gpxdata:distance>9983.00</gpxdata:distance>
     <gpxdata:speed>1.883</gpxdata:speed>
    </extensions>
   </trkpt>
   <trkpt lat="-21.5934649" lon="-64.7676300">
    <ele>1900</ele>
    <time>2026-03-15T21:32:48Z</time>
    <extensions>
     <gpxdata:hr>95</gpxdata:hr>
     <gpxdata:distance>9985.00</gpxdata:distance>
     <gpxdata:speed>1.919</gpxdata:speed>
    </extensions>
   </trkpt>
   <trkpt lat="-21.5934615" lon="-64.7676480">
    <ele>1899</ele>
    <time>2026-03-15T21:32:49Z</time>
    <extensions>
     <gpxdata:hr>95</gpxdata:hr>
     <gpxdata:distance>9987.00</gpxdata:distance>
     <gpxdata:speed>1.992</gpxdata:speed>
    </extensions>
   </trkpt>
   <trkpt lat="-21.5934569" lon="-64.7676663">
    <ele>1899</ele>
    <time>2026-03-15T21:32:50Z</time>
    <extensions>
     <gpxdata:hr>95</gpxdata:hr>
     <gpxdata:distance>9989.00</gpxdata:distance>
     <gpxdata:speed>2.033</gpxdata:speed>
    </extensions>
   </trkpt>
   <trkpt lat="-21.5934492" lon="-64.7676918">
    <ele>1899</ele>
    <time>2026-03-15T21:32:51Z</time>
    <extensions>
     <gpxdata:hr>95</gpxdata:hr>
     <gpxdata:distance>9991.50</gpxdata:distance>
     <gpxdata:speed>2.125</gpxdata:speed>
    </extensions>
   </trkpt>
   <trkpt lat="-21.5934421" lon="-64.7677145">
    <ele>1899</ele>
    <time>2026-03-15T21:32:52Z</time>
    <extensions>
     <gpxdata:hr>95</gpxdata:hr>
     <gpxdata:distance>9994.00</gpxdata:distance>
     <gpxdata:speed>2.289</gpxdata:speed>
    </extensions>
   </trkpt>
   <trkpt lat="-21.5934361" lon="-64.7677368">
    <ele>1899</ele>
    <time>2026-03-15T21:32:53Z</time>
    <extensions>
     <gpxdata:hr>95</gpxdata:hr>
     <gpxdata:distance>9996.00</gpxdata:distance>
     <gpxdata:speed>2.375</gpxdata:speed>
    </extensions>
   </trkpt>
   <trkpt lat="-21.5934311" lon="-64.7677585">
    <ele>1898</ele>
    <time>2026-03-15T21:32:54Z</time>
    <extensions>
     <gpxdata:hr>95</gpxdata:hr>
     <gpxdata:distance>9998.00</gpxdata:distance>
     <gpxdata:speed>2.300</gpxdata:speed>
    </extensions>
   </trkpt>
   <trkpt lat="-21.5934264" lon="-64.7677791">
    <ele>1898</ele>
    <time>2026-03-15T21:32:55Z</time>
    <extensions>
     <gpxdata:hr>95</gpxdata:hr>
     <gpxdata:distance>10000.00</gpxdata:distance>
     <gpxdata:speed>2.167</gpxdata:speed>
    </extensions>
   </trkpt>
   <trkpt lat="-21.5934213" lon="-64.7677997">
    <ele>1898</ele>
    <time>2026-03-15T21:32:56Z</time>
    <extensions>
     <gpxdata:hr>95</gpxdata:hr>
     <gpxdata:distance>10002.00</gpxdata:distance>
     <gpxdata:speed>2.200</gpxdata:speed>
    </extensions>
   </trkpt>
   <trkpt lat="-21.5934161" lon="-64.7678210">
    <ele>1898</ele>
    <time>2026-03-15T21:32:57Z</time>
    <extensions>
     <gpxdata:hr>95</gpxdata:hr>
     <gpxdata:distance>10004.50</gpxdata:distance>
     <gpxdata:speed>2.306</gpxdata:speed>
    </extensions>
   </trkpt>
   <trkpt lat="-21.5934113" lon="-64.7678431">
    <ele>1898</ele>
    <time>2026-03-15T21:32:58Z</time>
    <extensions>
     <gpxdata:hr>95</gpxdata:hr>
     <gpxdata:distance>10007.00</gpxdata:distance>
     <gpxdata:speed>2.375</gpxdata:speed>
    </extensions>
   </trkpt>
   <trkpt lat="-21.5934075" lon="-64.7678634">
    <ele>1898</ele>
    <time>2026-03-15T21:32:59Z</time>
    <extensions>
     <gpxdata:hr>95</gpxdata:hr>
     <gpxdata:distance>10009.00</gpxdata:distance>
     <gpxdata:speed>2.106</gpxdata:speed>
    </extensions>
   </trkpt>
   <trkpt lat="-21.5934045" lon="-64.7678832">
    <ele>1898</ele>
    <time>2026-03-15T21:33:00Z</time>
    <extensions>
     <gpxdata:hr>95</gpxdata:hr>
     <gpxdata:distance>10011.00</gpxdata:distance>
     <gpxdata:speed>2.028</gpxdata:speed>
    </extensions>
   </trkpt>
   <trkpt lat="-21.5934021" lon="-64.7679020">
    <ele>1898</ele>
    <time>2026-03-15T21:33:01Z</time>
    <extensions>
     <gpxdata:hr>95</gpxdata:hr>
     <gpxdata:distance>10012.50</gpxdata:distance>
     <gpxdata:speed>1.906</gpxdata:speed>
    </extensions>
   </trkpt>
   <trkpt lat="-21.5934007" lon="-64.7679150">
    <ele>1897</ele>
    <time>2026-03-15T21:33:02Z</time>
    <extensions>
     <gpxdata:hr>94</gpxdata:hr>
     <gpxdata:distance>10014.00</gpxdata:distance>
     <gpxdata:speed>1.817</gpxdata:speed>
    </extensions>
   </trkpt>
   <trkpt lat="-21.5933994" lon="-64.7679288">
    <ele>1897</ele>
    <time>2026-03-15T21:33:03Z</time>
    <extensions>
     <gpxdata:hr>93</gpxdata:hr>
     <gpxdata:distance>10015.50</gpxdata:distance>
     <gpxdata:speed>1.575</gpxdata:speed>
    </extensions>
   </trkpt>
   <trkpt lat="-21.5933532" lon="-64.7680407">
    <ele>1897</ele>
    <time>2026-03-15T21:33:46Z</time>
    <extensions>
     <gpxdata:hr>99</gpxdata:hr>
     <gpxdata:distance>10028.00</gpxdata:distance>
     <gpxdata:speed>1.014</gpxdata:speed>
    </extensions>
   </trkpt>
   <trkpt lat="-21.5933554" lon="-64.7680487">
    <ele>1897</ele>
    <time>2026-03-15T21:33:47Z</time>
    <extensions>
     <gpxdata:hr>99</gpxdata:hr>
     <gpxdata:distance>10028.50</gpxdata:distance>
     <gpxdata:speed>0.917</gpxdata:speed>
    </extensions>
   </trkpt>
   <trkpt lat="-21.5933582" lon="-64.7680562">
    <ele>1897</ele>
    <time>2026-03-15T21:33:48Z</time>
    <extensions>
     <gpxdata:hr>99</gpxdata:hr>
     <gpxdata:distance>10029.00</gpxdata:distance>
     <gpxdata:speed>0.847</gpxdata:speed>
    </extensions>
   </trkpt>
   <trkpt lat="-21.5934512" lon="-64.7680872">
    <ele>1897</ele>
    <time>2026-03-15T21:34:30Z</time>
    <extensions>
     <gpxdata:hr>91</gpxdata:hr>
     <gpxdata:distance>10043.00</gpxdata:distance>
     <gpxdata:speed>1.286</gpxdata:speed>
    </extensions>
   </trkpt>
   <trkpt lat="-21.5934594" lon="-64.7680798">
    <ele>1897</ele>
    <time>2026-03-15T21:34:31Z</time>
    <extensions>
     <gpxdata:hr>91</gpxdata:hr>
     <gpxdata:distance>10044.00</gpxdata:distance>
     <gpxdata:speed>1.278</gpxdata:speed>
    </extensions>
   </trkpt>
   <trkpt lat="-21.5934671" lon="-64.7680715">
    <ele>1897</ele>
    <time>2026-03-15T21:34:32Z</time>
    <extensions>
     <gpxdata:hr>92</gpxdata:hr>
     <gpxdata:distance>10045.00</gpxdata:distance>
     <gpxdata:speed>1.275</gpxdata:speed>
    </extensions>
   </trkpt>
   <trkpt lat="-21.5934737" lon="-64.7680627">
    <ele>1897</ele>
    <time>2026-03-15T21:34:33Z</time>
    <extensions>
     <gpxdata:hr>92</gpxdata:hr>
     <gpxdata:distance>10046.00</gpxdata:distance>
     <gpxdata:speed>1.197</gpxdata:speed>
    </extensions>
   </trkpt>
   <trkpt lat="-21.5934800" lon="-64.7680535">
    <ele>1897</ele>
    <time>2026-03-15T21:34:34Z</time>
    <extensions>
     <gpxdata:hr>92</gpxdata:hr>
     <gpxdata:distance>10047.00</gpxdata:distance>
     <gpxdata:speed>1.208</gpxdata:speed>
    </extensions>
   </trkpt>
   <trkpt lat="-21.5934863" lon="-64.7680452">
    <ele>1896</ele>
    <time>2026-03-15T21:34:35Z</time>
    <extensions>
     <gpxdata:hr>92</gpxdata:hr>
     <gpxdata:distance>10048.00</gpxdata:distance>
     <gpxdata:speed>1.083</gpxdata:speed>
    </extensions>
   </trkpt>
   <trkpt lat="-21.5934924" lon="-64.7680379">
    <ele>1896</ele>
    <time>2026-03-15T21:34:36Z</time>
    <extensions>
     <gpxdata:hr>92</gpxdata:hr>
     <gpxdata:distance>10049.00</gpxdata:distance>
     <gpxdata:speed>0.942</gpxdata:speed>
    </extensions>
   </trkpt>
   <trkpt lat="-21.5934993" lon="-64.7680317">
    <ele>1896</ele>
    <time>2026-03-15T21:34:37Z</time>
    <extensions>
     <gpxdata:hr>92</gpxdata:hr>
     <gpxdata:distance>10050.00</gpxdata:distance>
     <gpxdata:speed>0.958</gpxdata:speed>
    </extensions>
   </trkpt>
   <trkpt lat="-21.5935060" lon="-64.7680265">
    <ele>1896</ele>
    <time>2026-03-15T21:34:38Z</time>
    <extensions>
     <gpxdata:hr>92</gpxdata:hr>
     <gpxdata:distance>10051.00</gpxdata:distance>
     <gpxdata:speed>0.864</gpxdata:speed>
    </extensions>
   </trkpt>
   <trkpt lat="-21.5935130" lon="-64.7680220">
    <ele>1896</ele>
    <time>2026-03-15T21:34:39Z</time>
    <extensions>
     <gpxdata:hr>92</gpxdata:hr>
     <gpxdata:distance>10052.00</gpxdata:distance>
     <gpxdata:speed>0.881</gpxdata:speed>
    </extensions>
   </trkpt>
   <trkpt lat="-21.5935207" lon="-64.7680182">
    <ele>1896</ele>
    <time>2026-03-15T21:34:40Z</time>
    <extensions>
     <gpxdata:hr>92</gpxdata:hr>
     <gpxdata:distance>10053.00</gpxdata:distance>
     <gpxdata:speed>0.967</gpxdata:speed>
    </extensions>
   </trkpt>
   <trkpt lat="-21.5935288" lon="-64.7680151">
    <ele>1896</ele>
    <time>2026-03-15T21:34:41Z</time>
    <extensions>
     <gpxdata:hr>92</gpxdata:hr>
     <gpxdata:distance>10054.00</gpxdata:distance>
     <gpxdata:speed>0.981</gpxdata:speed>
    </extensions>
   </trkpt>
   <trkpt lat="-21.5935371" lon="-64.7680125">
    <ele>1896</ele>
    <time>2026-03-15T21:34:42Z</time>
    <extensions>
     <gpxdata:hr>92</gpxdata:hr>
     <gpxdata:distance>10055.00</gpxdata:distance>
     <gpxdata:speed>0.972</gpxdata:speed>
    </extensions>
   </trkpt>
   <trkpt lat="-21.5935453" lon="-64.7680106">
    <ele>1897</ele>
    <time>2026-03-15T21:34:43Z</time>
    <extensions>
     <gpxdata:hr>92</gpxdata:hr>
     <gpxdata:distance>10056.00</gpxdata:distance>
     <gpxdata:speed>0.950</gpxdata:speed>
    </extensions>
   </trkpt>
   <trkpt lat="-21.5935540" lon="-64.7680085">
    <ele>1897</ele>
    <time>2026-03-15T21:34:44Z</time>
    <extensions>
     <gpxdata:hr>92</gpxdata:hr>
     <gpxdata:distance>10057.00</gpxdata:distance>
     <gpxdata:speed>1.017</gpxdata:speed>
    </extensions>
   </trkpt>
   <trkpt lat="-21.5935623" lon="-64.7680069">
    <ele>1897</ele>
    <time>2026-03-15T21:34:45Z</time>
    <extensions>
     <gpxdata:hr>92</gpxdata:hr>
     <gpxdata:distance>10058.00</gpxdata:distance>
     <gpxdata:speed>0.933</gpxdata:speed>
    </extensions>
   </trkpt>
   <trkpt lat="-21.5935705" lon="-64.7680064">
    <ele>1897</ele>
    <time>2026-03-15T21:34:46Z</time>
    <extensions>
     <gpxdata:hr>92</gpxdata:hr>
     <gpxdata:distance>10058.50</gpxdata:distance>
     <gpxdata:speed>0.906</gpxdata:speed>
    </extensions>
   </trkpt>
   <trkpt lat="-21.5935784" lon="-64.7680064">
    <ele>1897</ele>
    <time>2026-03-15T21:34:47Z</time>
    <extensions>
     <gpxdata:hr>92</gpxdata:hr>
     <gpxdata:distance>10059.00</gpxdata:distance>
     <gpxdata:speed>0.847</gpxdata:speed>
    </extensions>
   </trkpt>
   <trkpt lat="-21.5935866" lon="-64.7680065">
    <ele>1897</ele>
    <time>2026-03-15T21:34:48Z</time>
    <extensions>
     <gpxdata:hr>92</gpxdata:hr>
     <gpxdata:distance>10060.00</gpxdata:distance>
     <gpxdata:speed>0.925</gpxdata:speed>
    </extensions>
   </trkpt>
   <trkpt lat="-21.5935950" lon="-64.7680069">
    <ele>1897</ele>
    <time>2026-03-15T21:34:49Z</time>
    <extensions>
     <gpxdata:hr>94</gpxdata:hr>
     <gpxdata:distance>10061.00</gpxdata:distance>
     <gpxdata:speed>0.947</gpxdata:speed>
    </extensions>
   </trkpt>
   <trkpt lat="-21.5936037" lon="-64.7680074">
    <ele>1897</ele>
    <time>2026-03-15T21:34:50Z</time>
    <extensions>
     <gpxdata:hr>95</gpxdata:hr>
     <gpxdata:distance>10062.50</gpxdata:distance>
     <gpxdata:speed>1.008</gpxdata:speed>
    </extensions>
   </trkpt>
   <trkpt lat="-21.5936129" lon="-64.7680077">
    <ele>1897</ele>
    <time>2026-03-15T21:34:51Z</time>
    <extensions>
     <gpxdata:hr>96</gpxdata:hr>
     <gpxdata:distance>10064.00</gpxdata:distance>
     <gpxdata:speed>1.061</gpxdata:speed>
    </extensions>
   </trkpt>
   <trkpt lat="-21.5936223" lon="-64.7680079">
    <ele>1897</ele>
    <time>2026-03-15T21:34:52Z</time>
    <extensions>
     <gpxdata:hr>96</gpxdata:hr>
     <gpxdata:distance>10065.00</gpxdata:distance>
     <gpxdata:speed>1.092</gpxdata:speed>
    </extensions>
   </trkpt>
   <trkpt lat="-21.5936316" lon="-64.7680080">
    <ele>1897</ele>
    <time>2026-03-15T21:34:53Z</time>
    <extensions>
     <gpxdata:hr>96</gpxdata:hr>
     <gpxdata:distance>10066.00</gpxdata:distance>
     <gpxdata:speed>1.039</gpxdata:speed>
    </extensions>
   </trkpt>
   <trkpt lat="-21.5936402" lon="-64.7680084">
    <ele>1897</ele>
    <time>2026-03-15T21:34:54Z</time>
    <extensions>
     <gpxdata:hr>96</gpxdata:hr>
     <gpxdata:distance>10066.50</gpxdata:distance>
     <gpxdata:speed>0.925</gpxdata:speed>
    </extensions>
   </trkpt>
   <trkpt lat="-21.5936485" lon="-64.7680089">
    <ele>1897</ele>
    <time>2026-03-15T21:34:55Z</time>
    <extensions>
     <gpxdata:hr>96</gpxdata:hr>
     <gpxdata:distance>10067.00</gpxdata:distance>
     <gpxdata:speed>0.894</gpxdata:speed>
    </extensions>
   </trkpt>
   <trkpt lat="-21.5936565" lon="-64.7680092">
    <ele>1897</ele>
    <time>2026-03-15T21:34:56Z</time>
    <extensions>
     <gpxdata:hr>96</gpxdata:hr>
     <gpxdata:distance>10068.00</gpxdata:distance>
     <gpxdata:speed>0.833</gpxdata:speed>
    </extensions>
   </trkpt>
   <trkpt lat="-21.5936640" lon="-64.7680091">
    <ele>1897</ele>
    <time>2026-03-15T21:34:57Z</time>
    <extensions>
     <gpxdata:hr>96</gpxdata:hr>
     <gpxdata:distance>10069.00</gpxdata:distance>
     <gpxdata:speed>0.789</gpxdata:speed>
    </extensions>
   </trkpt>
   <trkpt lat="-21.5936720" lon="-64.7680085">
    <ele>1897</ele>
    <time>2026-03-15T21:34:58Z</time>
    <extensions>
     <gpxdata:hr>96</gpxdata:hr>
     <gpxdata:distance>10070.00</gpxdata:distance>
     <gpxdata:speed>0.897</gpxdata:speed>
    </extensions>
   </trkpt>
   <trkpt lat="-21.5936806" lon="-64.7680071">
    <ele>1897</ele>
    <time>2026-03-15T21:34:59Z</time>
    <extensions>
     <gpxdata:hr>96</gpxdata:hr>
     <gpxdata:distance>10071.00</gpxdata:distance>
     <gpxdata:speed>1.017</gpxdata:speed>
    </extensions>
   </trkpt>
   <trkpt lat="-21.5936897" lon="-64.7680047">
    <ele>1896</ele>
    <time>2026-03-15T21:35:00Z</time>
    <extensions>
     <gpxdata:hr>96</gpxdata:hr>
     <gpxdata:distance>10072.00</gpxdata:distance>
     <gpxdata:speed>1.117</gpxdata:speed>
    </extensions>
   </trkpt>
   <trkpt lat="-21.5936987" lon="-64.7680019">
    <ele>1896</ele>
    <time>2026-03-15T21:35:01Z</time>
    <extensions>
     <gpxdata:hr>96</gpxdata:hr>
     <gpxdata:distance>10073.00</gpxdata:distance>
     <gpxdata:speed>1.094</gpxdata:speed>
    </extensions>
   </trkpt>
   <trkpt lat="-21.5937083" lon="-64.7679992">
    <ele>1896</ele>
    <time>2026-03-15T21:35:02Z</time>
    <extensions>
     <gpxdata:hr>97</gpxdata:hr>
     <gpxdata:distance>10074.50</gpxdata:distance>
     <gpxdata:speed>1.161</gpxdata:speed>
    </extensions>
   </trkpt>
   <trkpt lat="-21.5937185" lon="-64.7679968">
    <ele>1896</ele>
    <time>2026-03-15T21:35:03Z</time>
    <extensions>
     <gpxdata:hr>97</gpxdata:hr>
     <gpxdata:distance>10076.00</gpxdata:distance>
     <gpxdata:speed>1.225</gpxdata:speed>
    </extensions>
   </trkpt>
   <trkpt lat="-21.5937284" lon="-64.7679943">
    <ele>1896</ele>
    <time>2026-03-15T21:35:04Z</time>
    <extensions>
     <gpxdata:hr>97</gpxdata:hr>
     <gpxdata:distance>10077.00</gpxdata:distance>
     <gpxdata:speed>1.158</gpxdata:speed>
    </extensions>
   </trkpt>
   <trkpt lat="-21.5937383" lon="-64.7679923">
    <ele>1897</ele>
    <time>2026-03-15T21:35:05Z</time>
    <extensions>
     <gpxdata:hr>97</gpxdata:hr>
     <gpxdata:distance>10078.00</gpxdata:distance>
     <gpxdata:speed>1.117</gpxdata:speed>
    </extensions>
   </trkpt>
   <trkpt lat="-21.5937478" lon="-64.7679909">
    <ele>1897</ele>
    <time>2026-03-15T21:35:06Z</time>
    <extensions>
     <gpxdata:hr>97</gpxdata:hr>
     <gpxdata:distance>10079.00</gpxdata:distance>
     <gpxdata:speed>1.039</gpxdata:speed>
    </extensions>
   </trkpt>
   <trkpt lat="-21.5937573" lon="-64.7679900">
    <ele>1897</ele>
    <time>2026-03-15T21:35:07Z</time>
    <extensions>
     <gpxdata:hr>98</gpxdata:hr>
     <gpxdata:distance>10080.00</gpxdata:distance>
     <gpxdata:speed>1.044</gpxdata:speed>
    </extensions>
   </trkpt>
   <trkpt lat="-21.5937669" lon="-64.7679894">
    <ele>1897</ele>
    <time>2026-03-15T21:35:08Z</time>
    <extensions>
     <gpxdata:hr>100</gpxdata:hr>
     <gpxdata:distance>10081.00</gpxdata:distance>
     <gpxdata:speed>1.069</gpxdata:speed>
    </extensions>
   </trkpt>
   <trkpt lat="-21.5937767" lon="-64.7679890">
    <ele>1896</ele>
    <time>2026-03-15T21:35:09Z</time>
    <extensions>
     <gpxdata:hr>99</gpxdata:hr>
     <gpxdata:distance>10082.00</gpxdata:distance>
     <gpxdata:speed>1.092</gpxdata:speed>
    </extensions>
   </trkpt>
   <trkpt lat="-21.5937858" lon="-64.7679895">
    <ele>1896</ele>
    <time>2026-03-15T21:35:10Z</time>
    <extensions>
     <gpxdata:hr>99</gpxdata:hr>
     <gpxdata:distance>10083.00</gpxdata:distance>
     <gpxdata:speed>0.983</gpxdata:speed>
    </extensions>
   </trkpt>
   <trkpt lat="-21.5937949" lon="-64.7679894">
    <ele>1896</ele>
    <time>2026-03-15T21:35:11Z</time>
    <extensions>
     <gpxdata:hr>99</gpxdata:hr>
     <gpxdata:distance>10084.00</gpxdata:distance>
     <gpxdata:speed>0.994</gpxdata:speed>
    </extensions>
   </trkpt>
   <trkpt lat="-21.5938038" lon="-64.7679891">
    <ele>1896</ele>
    <time>2026-03-15T21:35:12Z</time>
    <extensions>
     <gpxdata:hr>99</gpxdata:hr>
     <gpxdata:distance>10085.00</gpxdata:distance>
     <gpxdata:speed>0.975</gpxdata:speed>
    </extensions>
   </trkpt>
   <trkpt lat="-21.5938122" lon="-64.7679874">
    <ele>1896</ele>
    <time>2026-03-15T21:35:13Z</time>
    <extensions>
     <gpxdata:hr>100</gpxdata:hr>
     <gpxdata:distance>10086.00</gpxdata:distance>
     <gpxdata:speed>0.931</gpxdata:speed>
    </extensions>
   </trkpt>
   <trkpt lat="-21.5938204" lon="-64.7679837">
    <ele>1896</ele>
    <time>2026-03-15T21:35:14Z</time>
    <extensions>
     <gpxdata:hr>100</gpxdata:hr>
     <gpxdata:distance>10087.00</gpxdata:distance>
     <gpxdata:speed>1.033</gpxdata:speed>
    </extensions>
   </trkpt>
   <trkpt lat="-21.5938286" lon="-64.7679796">
    <ele>1897</ele>
    <time>2026-03-15T21:35:15Z</time>
    <extensions>
     <gpxdata:hr>99</gpxdata:hr>
     <gpxdata:distance>10088.00</gpxdata:distance>
     <gpxdata:speed>1.042</gpxdata:speed>
    </extensions>
   </trkpt>
   <trkpt lat="-21.5938369" lon="-64.7679748">
    <ele>1897</ele>
    <time>2026-03-15T21:35:16Z</time>
    <extensions>
     <gpxdata:hr>99</gpxdata:hr>
     <gpxdata:distance>10089.00</gpxdata:distance>
     <gpxdata:speed>1.086</gpxdata:speed>
    </extensions>
   </trkpt>
   <trkpt lat="-21.5938448" lon="-64.7679695">
    <ele>1897</ele>
    <time>2026-03-15T21:35:17Z</time>
    <extensions>
     <gpxdata:hr>99</gpxdata:hr>
     <gpxdata:distance>10090.00</gpxdata:distance>
     <gpxdata:speed>1.064</gpxdata:speed>
    </extensions>
   </trkpt>
   <trkpt lat="-21.5938527" lon="-64.7679638">
    <ele>1897</ele>
    <time>2026-03-15T21:35:18Z</time>
    <extensions>
     <gpxdata:hr>101</gpxdata:hr>
     <gpxdata:distance>10091.00</gpxdata:distance>
     <gpxdata:speed>1.094</gpxdata:speed>
    </extensions>
   </trkpt>
   <trkpt lat="-21.5938600" lon="-64.7679577">
    <ele>1897</ele>
    <time>2026-03-15T21:35:19Z</time>
    <extensions>
     <gpxdata:hr>102</gpxdata:hr>
     <gpxdata:distance>10092.00</gpxdata:distance>
     <gpxdata:speed>1.022</gpxdata:speed>
    </extensions>
   </trkpt>
   <trkpt lat="-21.5938666" lon="-64.7679518">
    <ele>1897</ele>
    <time>2026-03-15T21:35:20Z</time>
    <extensions>
     <gpxdata:hr>102</gpxdata:hr>
     <gpxdata:distance>10093.00</gpxdata:distance>
     <gpxdata:speed>0.914</gpxdata:speed>
    </extensions>
   </trkpt>
   <trkpt lat="-21.5938726" lon="-64.7679458">
    <ele>1897</ele>
    <time>2026-03-15T21:35:21Z</time>
    <extensions>
     <gpxdata:hr>102</gpxdata:hr>
     <gpxdata:distance>10094.00</gpxdata:distance>
     <gpxdata:speed>0.872</gpxdata:speed>
    </extensions>
   </trkpt>
   <trkpt lat="-21.5938787" lon="-64.7679393">
    <ele>1897</ele>
    <time>2026-03-15T21:35:22Z</time>
    <extensions>
     <gpxdata:hr>104</gpxdata:hr>
     <gpxdata:distance>10095.00</gpxdata:distance>
     <gpxdata:speed>0.956</gpxdata:speed>
    </extensions>
   </trkpt>
   <trkpt lat="-21.5938849" lon="-64.7679326">
    <ele>1897</ele>
    <time>2026-03-15T21:35:23Z</time>
    <extensions>
     <gpxdata:hr>104</gpxdata:hr>
     <gpxdata:distance>10096.00</gpxdata:distance>
     <gpxdata:speed>0.994</gpxdata:speed>
    </extensions>
   </trkpt>
   <trkpt lat="-21.5938909" lon="-64.7679258">
    <ele>1897</ele>
    <time>2026-03-15T21:35:24Z</time>
    <extensions>
     <gpxdata:hr>105</gpxdata:hr>
     <gpxdata:distance>10097.00</gpxdata:distance>
     <gpxdata:speed>0.967</gpxdata:speed>
    </extensions>
   </trkpt>
   <trkpt lat="-21.5938970" lon="-64.7679191">
    <ele>1897</ele>
    <time>2026-03-15T21:35:25Z</time>
    <extensions>
     <gpxdata:hr>106</gpxdata:hr>
     <gpxdata:distance>10098.00</gpxdata:distance>
     <gpxdata:speed>0.975</gpxdata:speed>
    </extensions>
   </trkpt>
   <trkpt lat="-21.5939032" lon="-64.7679124">
    <ele>1897</ele>
    <time>2026-03-15T21:35:26Z</time>
    <extensions>
     <gpxdata:hr>107</gpxdata:hr>
     <gpxdata:distance>10099.00</gpxdata:distance>
     <gpxdata:speed>0.986</gpxdata:speed>
    </extensions>
   </trkpt>
   <trkpt lat="-21.5939096" lon="-64.7679057">
    <ele>1897</ele>
    <time>2026-03-15T21:35:27Z</time>
    <extensions>
     <gpxdata:hr>107</gpxdata:hr>
     <gpxdata:distance>10100.00</gpxdata:distance>
     <gpxdata:speed>1.000</gpxdata:speed>
    </extensions>
   </trkpt>
   <trkpt lat="-21.5939157" lon="-64.7678990">
    <ele>1897</ele>
    <time>2026-03-15T21:35:28Z</time>
    <extensions>
     <gpxdata:hr>107</gpxdata:hr>
     <gpxdata:distance>10100.50</gpxdata:distance>
     <gpxdata:speed>0.961</gpxdata:speed>
    </extensions>
   </trkpt>
   <trkpt lat="-21.5939211" lon="-64.7678927">
    <ele>1897</ele>
    <time>2026-03-15T21:35:29Z</time>
    <extensions>
     <gpxdata:hr>107</gpxdata:hr>
     <gpxdata:distance>10101.00</gpxdata:distance>
     <gpxdata:speed>0.836</gpxdata:speed>
    </extensions>
   </trkpt>
   <trkpt lat="-21.5939266" lon="-64.7678865">
    <ele>1897</ele>
    <time>2026-03-15T21:35:30Z</time>
    <extensions>
     <gpxdata:hr>107</gpxdata:hr>
     <gpxdata:distance>10102.00</gpxdata:distance>
     <gpxdata:speed>0.864</gpxdata:speed>
    </extensions>
   </trkpt>
   <trkpt lat="-21.5939324" lon="-64.7678809">
    <ele>1897</ele>
    <time>2026-03-15T21:35:31Z</time>
    <extensions>
     <gpxdata:hr>107</gpxdata:hr>
     <gpxdata:distance>10103.00</gpxdata:distance>
     <gpxdata:speed>0.844</gpxdata:speed>
    </extensions>
   </trkpt>
   <trkpt lat="-21.5939385" lon="-64.7678752">
    <ele>1897</ele>
    <time>2026-03-15T21:35:32Z</time>
    <extensions>
     <gpxdata:hr>107</gpxdata:hr>
     <gpxdata:distance>10104.00</gpxdata:distance>
     <gpxdata:speed>0.897</gpxdata:speed>
    </extensions>
   </trkpt>
   <trkpt lat="-21.5939448" lon="-64.7678689">
    <ele>1897</ele>
    <time>2026-03-15T21:35:33Z</time>
    <extensions>
     <gpxdata:hr>107</gpxdata:hr>
     <gpxdata:distance>10105.00</gpxdata:distance>
     <gpxdata:speed>0.992</gpxdata:speed>
    </extensions>
   </trkpt>
   <trkpt lat="-21.5939509" lon="-64.7678627">
    <ele>1897</ele>
    <time>2026-03-15T21:35:34Z</time>
    <extensions>
     <gpxdata:hr>109</gpxdata:hr>
     <gpxdata:distance>10106.00</gpxdata:distance>
     <gpxdata:speed>0.933</gpxdata:speed>
    </extensions>
   </trkpt>
   <trkpt lat="-21.5939570" lon="-64.7678565">
    <ele>1897</ele>
    <time>2026-03-15T21:35:35Z</time>
    <extensions>
     <gpxdata:hr>110</gpxdata:hr>
     <gpxdata:distance>10107.00</gpxdata:distance>
     <gpxdata:speed>0.947</gpxdata:speed>
    </extensions>
   </trkpt>
   <trkpt lat="-21.5939632" lon="-64.7678505">
    <ele>1897</ele>
    <time>2026-03-15T21:35:36Z</time>
    <extensions>
     <gpxdata:hr>110</gpxdata:hr>
     <gpxdata:distance>10108.00</gpxdata:distance>
     <gpxdata:speed>0.931</gpxdata:speed>
    </extensions>
   </trkpt>
   <trkpt lat="-21.5939692" lon="-64.7678448">
    <ele>1897</ele>
    <time>2026-03-15T21:35:37Z</time>
    <extensions>
     <gpxdata:hr>110</gpxdata:hr>
     <gpxdata:distance>10109.00</gpxdata:distance>
     <gpxdata:speed>0.867</gpxdata:speed>
    </extensions>
   </trkpt>
   <trkpt lat="-21.5939753" lon="-64.7678397">
    <ele>1897</ele>
    <time>2026-03-15T21:35:38Z</time>
    <extensions>
     <gpxdata:hr>110</gpxdata:hr>
     <gpxdata:distance>10109.50</gpxdata:distance>
     <gpxdata:speed>0.828</gpxdata:speed>
    </extensions>
   </trkpt>
   <trkpt lat="-21.5939816" lon="-64.7678355">
    <ele>1897</ele>
    <time>2026-03-15T21:35:39Z</time>
    <extensions>
     <gpxdata:hr>110</gpxdata:hr>
     <gpxdata:distance>10110.00</gpxdata:distance>
     <gpxdata:speed>0.786</gpxdata:speed>
    </extensions>
   </trkpt>
   <trkpt lat="-21.5939876" lon="-64.7678326">
    <ele>1897</ele>
    <time>2026-03-15T21:35:40Z</time>
    <extensions>
     <gpxdata:hr>110</gpxdata:hr>
     <gpxdata:distance>10110.50</gpxdata:distance>
     <gpxdata:speed>0.686</gpxdata:speed>
    </extensions>
   </trkpt>
   <trkpt lat="-21.5939933" lon="-64.7678309">
    <ele>1897</ele>
    <time>2026-03-15T21:35:41Z</time>
    <extensions>
     <gpxdata:hr>110</gpxdata:hr>
     <gpxdata:distance>10111.00</gpxdata:distance>
     <gpxdata:speed>0.611</gpxdata:speed>
    </extensions>
   </trkpt>
   <trkpt lat="-21.5940332" lon="-64.7679119">
    <ele>1897</ele>
    <time>2026-03-15T21:38:01Z</time>
    <extensions>
     <gpxdata:hr>92</gpxdata:hr>
     <gpxdata:distance>10122.00</gpxdata:distance>
     <gpxdata:speed>0.847</gpxdata:speed>
    </extensions>
   </trkpt>
   <trkpt lat="-21.5940381" lon="-64.7679209">
    <ele>1897</ele>
    <time>2026-03-15T21:38:02Z</time>
    <extensions>
     <gpxdata:hr>92</gpxdata:hr>
     <gpxdata:distance>10123.00</gpxdata:distance>
     <gpxdata:speed>0.992</gpxdata:speed>
    </extensions>
   </trkpt>
   <trkpt lat="-21.5940430" lon="-64.7679306">
    <ele>1897</ele>
    <time>2026-03-15T21:38:03Z</time>
    <extensions>
     <gpxdata:hr>92</gpxdata:hr>
     <gpxdata:distance>10124.50</gpxdata:distance>
     <gpxdata:speed>1.144</gpxdata:speed>
    </extensions>
   </trkpt>
   <trkpt lat="-21.5940480" lon="-64.7679403">
    <ele>1897</ele>
    <time>2026-03-15T21:38:04Z</time>
    <extensions>
     <gpxdata:hr>92</gpxdata:hr>
     <gpxdata:distance>10126.00</gpxdata:distance>
     <gpxdata:speed>1.139</gpxdata:speed>
    </extensions>
   </trkpt>
   <trkpt lat="-21.5940527" lon="-64.7679500">
    <ele>1898</ele>
    <time>2026-03-15T21:38:05Z</time>
    <extensions>
     <gpxdata:hr>92</gpxdata:hr>
     <gpxdata:distance>10127.00</gpxdata:distance>
     <gpxdata:speed>1.119</gpxdata:speed>
    </extensions>
   </trkpt>
   <trkpt lat="-21.5940573" lon="-64.7679598">
    <ele>1898</ele>
    <time>2026-03-15T21:38:06Z</time>
    <extensions>
     <gpxdata:hr>93</gpxdata:hr>
     <gpxdata:distance>10128.00</gpxdata:distance>
     <gpxdata:speed>1.133</gpxdata:speed>
    </extensions>
   </trkpt>
   <trkpt lat="-21.5940619" lon="-64.7679697">
    <ele>1898</ele>
    <time>2026-03-15T21:38:07Z</time>
    <extensions>
     <gpxdata:hr>92</gpxdata:hr>
     <gpxdata:distance>10129.00</gpxdata:distance>
     <gpxdata:speed>1.150</gpxdata:speed>
    </extensions>
   </trkpt>
   <trkpt lat="-21.5940667" lon="-64.7679796">
    <ele>1898</ele>
    <time>2026-03-15T21:38:08Z</time>
    <extensions>
     <gpxdata:hr>92</gpxdata:hr>
     <gpxdata:distance>10130.00</gpxdata:distance>
     <gpxdata:speed>1.164</gpxdata:speed>
    </extensions>
   </trkpt>
   <trkpt lat="-21.5940716" lon="-64.7679896">
    <ele>1898</ele>
    <time>2026-03-15T21:38:09Z</time>
    <extensions>
     <gpxdata:hr>92</gpxdata:hr>
     <gpxdata:distance>10131.00</gpxdata:distance>
     <gpxdata:speed>1.169</gpxdata:speed>
    </extensions>
   </trkpt>
   <trkpt lat="-21.5940762" lon="-64.7679992">
    <ele>1898</ele>
    <time>2026-03-15T21:38:10Z</time>
    <extensions>
     <gpxdata:hr>91</gpxdata:hr>
     <gpxdata:distance>10132.00</gpxdata:distance>
     <gpxdata:speed>1.092</gpxdata:speed>
    </extensions>
   </trkpt>
   <trkpt lat="-21.5940811" lon="-64.7680091">
    <ele>1898</ele>
    <time>2026-03-15T21:38:11Z</time>
    <extensions>
     <gpxdata:hr>91</gpxdata:hr>
     <gpxdata:distance>10133.00</gpxdata:distance>
     <gpxdata:speed>1.183</gpxdata:speed>
    </extensions>
   </trkpt>
   <trkpt lat="-21.5940854" lon="-64.7680185">
    <ele>1898</ele>
    <time>2026-03-15T21:38:12Z</time>
    <extensions>
     <gpxdata:hr>91</gpxdata:hr>
     <gpxdata:distance>10134.00</gpxdata:distance>
     <gpxdata:speed>1.036</gpxdata:speed>
    </extensions>
   </trkpt>
   <trkpt lat="-21.5940897" lon="-64.7680274">
    <ele>1898</ele>
    <time>2026-03-15T21:38:13Z</time>
    <extensions>
     <gpxdata:hr>91</gpxdata:hr>
     <gpxdata:distance>10135.50</gpxdata:distance>
     <gpxdata:speed>0.992</gpxdata:speed>
    </extensions>
   </trkpt>
   <trkpt lat="-21.5940941" lon="-64.7680365">
    <ele>1898</ele>
    <time>2026-03-15T21:38:14Z</time>
    <extensions>
     <gpxdata:hr>91</gpxdata:hr>
     <gpxdata:distance>10137.00</gpxdata:distance>
     <gpxdata:speed>1.044</gpxdata:speed>
    </extensions>
   </trkpt>
   <trkpt lat="-21.5940987" lon="-64.7680454">
    <ele>1898</ele>
    <time>2026-03-15T21:38:15Z</time>
    <extensions>
     <gpxdata:hr>90</gpxdata:hr>
     <gpxdata:distance>10138.00</gpxdata:distance>
     <gpxdata:speed>1.053</gpxdata:speed>
    </extensions>
   </trkpt>
   <trkpt lat="-21.5941039" lon="-64.7680542">
    <ele>1898</ele>
    <time>2026-03-15T21:38:16Z</time>
    <extensions>
     <gpxdata:hr>90</gpxdata:hr>
     <gpxdata:distance>10139.00</gpxdata:distance>
     <gpxdata:speed>1.081</gpxdata:speed>
    </extensions>
   </trkpt>
   <trkpt lat="-21.5941088" lon="-64.7680632">
    <ele>1898</ele>
    <time>2026-03-15T21:38:17Z</time>
    <extensions>
     <gpxdata:hr>91</gpxdata:hr>
     <gpxdata:distance>10140.00</gpxdata:distance>
     <gpxdata:speed>1.083</gpxdata:speed>
    </extensions>
   </trkpt>
   <trkpt lat="-21.5941132" lon="-64.7680725">
    <ele>1898</ele>
    <time>2026-03-15T21:38:18Z</time>
    <extensions>
     <gpxdata:hr>90</gpxdata:hr>
     <gpxdata:distance>10141.00</gpxdata:distance>
     <gpxdata:speed>1.086</gpxdata:speed>
    </extensions>
   </trkpt>
   <trkpt lat="-21.5941169" lon="-64.7680809">
    <ele>1898</ele>
    <time>2026-03-15T21:38:19Z</time>
    <extensions>
     <gpxdata:hr>91</gpxdata:hr>
     <gpxdata:distance>10141.50</gpxdata:distance>
     <gpxdata:speed>0.900</gpxdata:speed>
    </extensions>
   </trkpt>
   <trkpt lat="-21.5941203" lon="-64.7680891">
    <ele>1898</ele>
    <time>2026-03-15T21:38:20Z</time>
    <extensions>
     <gpxdata:hr>92</gpxdata:hr>
     <gpxdata:distance>10142.00</gpxdata:distance>
     <gpxdata:speed>0.864</gpxdata:speed>
    </extensions>
   </trkpt>
   <trkpt lat="-21.5941236" lon="-64.7680968">
    <ele>1898</ele>
    <time>2026-03-15T21:38:21Z</time>
    <extensions>
     <gpxdata:hr>93</gpxdata:hr>
     <gpxdata:distance>10142.50</gpxdata:distance>
     <gpxdata:speed>0.828</gpxdata:speed>
    </extensions>
   </trkpt>
   <trkpt lat="-21.5941245" lon="-64.7680991">
    <ele>1898</ele>
    <time>2026-03-15T21:38:22Z</time>
    <extensions>
     <gpxdata:hr>94</gpxdata:hr>
     <gpxdata:distance>10143.00</gpxdata:distance>
     <gpxdata:speed>0.828</gpxdata:speed>
    </extensions>
   </trkpt>
   <trkpt lat="-21.5941255" lon="-64.7681014">
    <ele>1898</ele>
    <time>2026-03-15T21:38:23Z</time>
    <extensions>
     <gpxdata:hr>94</gpxdata:hr>
     <gpxdata:distance>10143.00</gpxdata:distance>
     <gpxdata:speed>0.828</gpxdata:speed>
    </extensions>
   </trkpt>
   <trkpt lat="-21.5941265" lon="-64.7681037">
    <ele>1898</ele>
    <time>2026-03-15T21:38:24Z</time>
    <extensions>
     <gpxdata:hr>95</gpxdata:hr>
     <gpxdata:distance>10143.00</gpxdata:distance>
     <gpxdata:speed>0.828</gpxdata:speed>
    </extensions>
   </trkpt>
   <trkpt lat="-21.5941275" lon="-64.7681060">
    <ele>1898</ele>
    <time>2026-03-15T21:38:25Z</time>
    <extensions>
     <gpxdata:hr>95</gpxdata:hr>
     <gpxdata:distance>10143.00</gpxdata:distance>
     <gpxdata:speed>0.828</gpxdata:speed>
    </extensions>
   </trkpt>
   <trkpt lat="-21.5941285" lon="-64.7681083">
    <ele>1898</ele>
    <time>2026-03-15T21:38:26Z</time>
    <extensions>
     <gpxdata:hr>95</gpxdata:hr>
     <gpxdata:distance>10143.00</gpxdata:distance>
    </extensions>
   </trkpt>
   <trkpt lat="-21.5941331" lon="-64.7681180">
    <ele>1898</ele>
    <time>2026-03-15T21:38:27Z</time>
    <extensions>
     <gpxdata:hr>95</gpxdata:hr>
     <gpxdata:distance>10143.00</gpxdata:distance>
    </extensions>
   </trkpt>
   <trkpt lat="-21.5940590" lon="-64.7681369">
    <ele>1897</ele>
    <time>2026-03-15T21:39:05Z</time>
    <extensions>
     <gpxdata:hr>99</gpxdata:hr>
     <gpxdata:distance>10169.00</gpxdata:distance>
     <gpxdata:speed>1.319</gpxdata:speed>
    </extensions>
   </trkpt>
   <trkpt lat="-21.5940482" lon="-64.7681387">
    <ele>1897</ele>
    <time>2026-03-15T21:39:06Z</time>
    <extensions>
     <gpxdata:hr>99</gpxdata:hr>
     <gpxdata:distance>10170.00</gpxdata:distance>
     <gpxdata:speed>1.247</gpxdata:speed>
    </extensions>
   </trkpt>
   <trkpt lat="-21.5940385" lon="-64.7681409">
    <ele>1897</ele>
    <time>2026-03-15T21:39:07Z</time>
    <extensions>
     <gpxdata:hr>99</gpxdata:hr>
     <gpxdata:distance>10171.00</gpxdata:distance>
     <gpxdata:speed>1.069</gpxdata:speed>
    </extensions>
   </trkpt>
   <trkpt lat="-21.5940293" lon="-64.7681435">
    <ele>1897</ele>
    <time>2026-03-15T21:39:08Z</time>
    <extensions>
     <gpxdata:hr>99</gpxdata:hr>
     <gpxdata:distance>10172.00</gpxdata:distance>
     <gpxdata:speed>1.003</gpxdata:speed>
    </extensions>
   </trkpt>
   <trkpt lat="-21.5940206" lon="-64.7681464">
    <ele>1897</ele>
    <time>2026-03-15T21:39:09Z</time>
    <extensions>
     <gpxdata:hr>99</gpxdata:hr>
     <gpxdata:distance>10173.00</gpxdata:distance>
     <gpxdata:speed>0.978</gpxdata:speed>
    </extensions>
   </trkpt>
   <trkpt lat="-21.5940116" lon="-64.7681494">
    <ele>1897</ele>
    <time>2026-03-15T21:39:10Z</time>
    <extensions>
     <gpxdata:hr>99</gpxdata:hr>
     <gpxdata:distance>10174.00</gpxdata:distance>
     <gpxdata:speed>1.039</gpxdata:speed>
    </extensions>
   </trkpt>
   <trkpt lat="-21.5940019" lon="-64.7681521">
    <ele>1897</ele>
    <time>2026-03-15T21:39:11Z</time>
    <extensions>
     <gpxdata:hr>99</gpxdata:hr>
     <gpxdata:distance>10175.00</gpxdata:distance>
     <gpxdata:speed>1.144</gpxdata:speed>
    </extensions>
   </trkpt>
   <trkpt lat="-21.5939916" lon="-64.7681553">
    <ele>1897</ele>
    <time>2026-03-15T21:39:12Z</time>
    <extensions>
     <gpxdata:hr>98</gpxdata:hr>
     <gpxdata:distance>10176.50</gpxdata:distance>
     <gpxdata:speed>1.256</gpxdata:speed>
    </extensions>
   </trkpt>
   <trkpt lat="-21.5939805" lon="-64.7681582">
    <ele>1897</ele>
    <time>2026-03-15T21:39:13Z</time>
    <extensions>
     <gpxdata:hr>98</gpxdata:hr>
     <gpxdata:distance>10178.00</gpxdata:distance>
     <gpxdata:speed>1.364</gpxdata:speed>
    </extensions>
   </trkpt>
   <trkpt lat="-21.5939690" lon="-64.7681608">
    <ele>1897</ele>
    <time>2026-03-15T21:39:14Z</time>
    <extensions>
     <gpxdata:hr>98</gpxdata:hr>
     <gpxdata:distance>10179.50</gpxdata:distance>
     <gpxdata:speed>1.369</gpxdata:speed>
    </extensions>
   </trkpt>
   <trkpt lat="-21.5939574" lon="-64.7681627">
    <ele>1897</ele>
    <time>2026-03-15T21:39:15Z</time>
    <extensions>
     <gpxdata:hr>98</gpxdata:hr>
     <gpxdata:distance>10181.00</gpxdata:distance>
     <gpxdata:speed>1.342</gpxdata:speed>
    </extensions>
   </trkpt>
   <trkpt lat="-21.5939461" lon="-64.7681644">
    <ele>1897</ele>
    <time>2026-03-15T21:39:16Z</time>
    <extensions>
     <gpxdata:hr>98</gpxdata:hr>
     <gpxdata:distance>10182.00</gpxdata:distance>
     <gpxdata:speed>1.258</gpxdata:speed>
    </extensions>
   </trkpt>
   <trkpt lat="-21.5939352" lon="-64.7681664">
    <ele>1897</ele>
    <time>2026-03-15T21:39:17Z</time>
    <extensions>
     <gpxdata:hr>98</gpxdata:hr>
     <gpxdata:distance>10183.00</gpxdata:distance>
     <gpxdata:speed>1.200</gpxdata:speed>
    </extensions>
   </trkpt>
   <trkpt lat="-21.5939247" lon="-64.7681684">
    <ele>1896</ele>
    <time>2026-03-15T21:39:18Z</time>
    <extensions>
     <gpxdata:hr>98</gpxdata:hr>
     <gpxdata:distance>10184.00</gpxdata:distance>
     <gpxdata:speed>1.158</gpxdata:speed>
    </extensions>
   </trkpt>
   <trkpt lat="-21.5939139" lon="-64.7681707">
    <ele>1896</ele>
    <time>2026-03-15T21:39:19Z</time>
    <extensions>
     <gpxdata:hr>98</gpxdata:hr>
     <gpxdata:distance>10185.00</gpxdata:distance>
     <gpxdata:speed>1.214</gpxdata:speed>
    </extensions>
   </trkpt>
   <trkpt lat="-21.5939030" lon="-64.7681734">
    <ele>1896</ele>
    <time>2026-03-15T21:39:20Z</time>
    <extensions>
     <gpxdata:hr>98</gpxdata:hr>
     <gpxdata:distance>10186.50</gpxdata:distance>
     <gpxdata:speed>1.269</gpxdata:speed>
    </extensions>
   </trkpt>
   <trkpt lat="-21.5938921" lon="-64.7681762">
    <ele>1896</ele>
    <time>2026-03-15T21:39:21Z</time>
    <extensions>
     <gpxdata:hr>98</gpxdata:hr>
     <gpxdata:distance>10188.00</gpxdata:distance>
     <gpxdata:speed>1.247</gpxdata:speed>
    </extensions>
   </trkpt>
   <trkpt lat="-21.5938804" lon="-64.7681789">
    <ele>1896</ele>
    <time>2026-03-15T21:39:22Z</time>
    <extensions>
     <gpxdata:hr>96</gpxdata:hr>
     <gpxdata:distance>10189.00</gpxdata:distance>
     <gpxdata:speed>1.389</gpxdata:speed>
    </extensions>
   </trkpt>
   <trkpt lat="-21.5938692" lon="-64.7681813">
    <ele>1896</ele>
    <time>2026-03-15T21:39:23Z</time>
    <extensions>
     <gpxdata:hr>96</gpxdata:hr>
     <gpxdata:distance>10190.00</gpxdata:distance>
     <gpxdata:speed>1.269</gpxdata:speed>
    </extensions>
   </trkpt>
   <trkpt lat="-21.5938584" lon="-64.7681834">
    <ele>1896</ele>
    <time>2026-03-15T21:39:24Z</time>
    <extensions>
     <gpxdata:hr>95</gpxdata:hr>
     <gpxdata:distance>10191.50</gpxdata:distance>
     <gpxdata:speed>1.189</gpxdata:speed>
    </extensions>
   </trkpt>
   <trkpt lat="-21.5938475" lon="-64.7681857">
    <ele>1896</ele>
    <time>2026-03-15T21:39:25Z</time>
    <extensions>
     <gpxdata:hr>96</gpxdata:hr>
     <gpxdata:distance>10193.00</gpxdata:distance>
     <gpxdata:speed>1.219</gpxdata:speed>
    </extensions>
   </trkpt>
   <trkpt lat="-21.5938368" lon="-64.7681880">
    <ele>1896</ele>
    <time>2026-03-15T21:39:26Z</time>
    <extensions>
     <gpxdata:hr>95</gpxdata:hr>
     <gpxdata:distance>10194.00</gpxdata:distance>
     <gpxdata:speed>1.192</gpxdata:speed>
    </extensions>
   </trkpt>
   <trkpt lat="-21.5938263" lon="-64.7681901">
    <ele>1896</ele>
    <time>2026-03-15T21:39:27Z</time>
    <extensions>
     <gpxdata:hr>95</gpxdata:hr>
     <gpxdata:distance>10195.00</gpxdata:distance>
     <gpxdata:speed>1.164</gpxdata:speed>
    </extensions>
   </trkpt>
   <trkpt lat="-21.5938152" lon="-64.7681920">
    <ele>1896</ele>
    <time>2026-03-15T21:39:28Z</time>
    <extensions>
     <gpxdata:hr>95</gpxdata:hr>
     <gpxdata:distance>10196.50</gpxdata:distance>
     <gpxdata:speed>1.275</gpxdata:speed>
    </extensions>
   </trkpt>
   <trkpt lat="-21.5938038" lon="-64.7681943">
    <ele>1896</ele>
    <time>2026-03-15T21:39:29Z</time>
    <extensions>
     <gpxdata:hr>95</gpxdata:hr>
     <gpxdata:distance>10198.00</gpxdata:distance>
     <gpxdata:speed>1.319</gpxdata:speed>
    </extensions>
   </trkpt>
   <trkpt lat="-21.5937931" lon="-64.7681965">
    <ele>1896</ele>
    <time>2026-03-15T21:39:30Z</time>
    <extensions>
     <gpxdata:hr>94</gpxdata:hr>
     <gpxdata:distance>10199.00</gpxdata:distance>
     <gpxdata:speed>1.203</gpxdata:speed>
    </extensions>
   </trkpt>
   <trkpt lat="-21.5937826" lon="-64.7681985">
    <ele>1896</ele>
    <time>2026-03-15T21:39:31Z</time>
    <extensions>
     <gpxdata:hr>94</gpxdata:hr>
     <gpxdata:distance>10200.00</gpxdata:distance>
     <gpxdata:speed>1.144</gpxdata:speed>
    </extensions>
   </trkpt>
   <trkpt lat="-21.5937720" lon="-64.7682004">
    <ele>1896</ele>
    <time>2026-03-15T21:39:32Z</time>
    <extensions>
     <gpxdata:hr>94</gpxdata:hr>
     <gpxdata:distance>10201.00</gpxdata:distance>
     <gpxdata:speed>1.186</gpxdata:speed>
    </extensions>
   </trkpt>
   <trkpt lat="-21.5937619" lon="-64.7682019">
    <ele>1896</ele>
    <time>2026-03-15T21:39:33Z</time>
    <extensions>
     <gpxdata:hr>94</gpxdata:hr>
     <gpxdata:distance>10202.00</gpxdata:distance>
     <gpxdata:speed>1.106</gpxdata:speed>
    </extensions>
   </trkpt>
   <trkpt lat="-21.5937522" lon="-64.7682033">
    <ele>1896</ele>
    <time>2026-03-15T21:39:34Z</time>
    <extensions>
     <gpxdata:hr>95</gpxdata:hr>
     <gpxdata:distance>10203.00</gpxdata:distance>
     <gpxdata:speed>1.025</gpxdata:speed>
    </extensions>
   </trkpt>
   <trkpt lat="-21.5937434" lon="-64.7682055">
    <ele>1896</ele>
    <time>2026-03-15T21:39:35Z</time>
    <extensions>
     <gpxdata:hr>96</gpxdata:hr>
     <gpxdata:distance>10204.00</gpxdata:distance>
     <gpxdata:speed>0.939</gpxdata:speed>
    </extensions>
   </trkpt>
   <trkpt lat="-21.5937349" lon="-64.7682081">
    <ele>1896</ele>
    <time>2026-03-15T21:39:36Z</time>
    <extensions>
     <gpxdata:hr>98</gpxdata:hr>
     <gpxdata:distance>10205.00</gpxdata:distance>
     <gpxdata:speed>0.939</gpxdata:speed>
    </extensions>
   </trkpt>
   <trkpt lat="-21.5937262" lon="-64.7682107">
    <ele>1896</ele>
    <time>2026-03-15T21:39:37Z</time>
    <extensions>
     <gpxdata:hr>99</gpxdata:hr>
     <gpxdata:distance>10206.00</gpxdata:distance>
     <gpxdata:speed>1.000</gpxdata:speed>
    </extensions>
   </trkpt>
   <trkpt lat="-21.5937170" lon="-64.7682127">
    <ele>1896</ele>
    <time>2026-03-15T21:39:38Z</time>
    <extensions>
     <gpxdata:hr>99</gpxdata:hr>
     <gpxdata:distance>10207.00</gpxdata:distance>
     <gpxdata:speed>1.044</gpxdata:speed>
    </extensions>
   </trkpt>
   <trkpt lat="-21.5937076" lon="-64.7682140">
    <ele>1896</ele>
    <time>2026-03-15T21:39:39Z</time>
    <extensions>
     <gpxdata:hr>99</gpxdata:hr>
     <gpxdata:distance>10208.00</gpxdata:distance>
     <gpxdata:speed>1.081</gpxdata:speed>
    </extensions>
   </trkpt>
   <trkpt lat="-21.5936972" lon="-64.7682153">
    <ele>1896</ele>
    <time>2026-03-15T21:39:40Z</time>
    <extensions>
     <gpxdata:hr>100</gpxdata:hr>
     <gpxdata:distance>10209.50</gpxdata:distance>
     <gpxdata:speed>1.233</gpxdata:speed>
    </extensions>
   </trkpt>
   <trkpt lat="-21.5936863" lon="-64.7682166">
    <ele>1896</ele>
    <time>2026-03-15T21:39:41Z</time>
    <extensions>
     <gpxdata:hr>100</gpxdata:hr>
     <gpxdata:distance>10211.00</gpxdata:distance>
     <gpxdata:speed>1.300</gpxdata:speed>
    </extensions>
   </trkpt>
   <trkpt lat="-21.5936747" lon="-64.7682184">
    <ele>1896</ele>
    <time>2026-03-15T21:39:42Z</time>
    <extensions>
     <gpxdata:hr>100</gpxdata:hr>
     <gpxdata:distance>10212.50</gpxdata:distance>
     <gpxdata:speed>1.392</gpxdata:speed>
    </extensions>
   </trkpt>
   <trkpt lat="-21.5936625" lon="-64.7682203">
    <ele>1896</ele>
    <time>2026-03-15T21:39:43Z</time>
    <extensions>
     <gpxdata:hr>100</gpxdata:hr>
     <gpxdata:distance>10214.00</gpxdata:distance>
     <gpxdata:speed>1.453</gpxdata:speed>
    </extensions>
   </trkpt>
   <trkpt lat="-21.5936506" lon="-64.7682222">
    <ele>1896</ele>
    <time>2026-03-15T21:39:44Z</time>
    <extensions>
     <gpxdata:hr>99</gpxdata:hr>
     <gpxdata:distance>10215.50</gpxdata:distance>
     <gpxdata:speed>1.353</gpxdata:speed>
    </extensions>
   </trkpt>
   <trkpt lat="-21.5936390" lon="-64.7682244">
    <ele>1896</ele>
    <time>2026-03-15T21:39:45Z</time>
    <extensions>
     <gpxdata:hr>99</gpxdata:hr>
     <gpxdata:distance>10217.00</gpxdata:distance>
     <gpxdata:speed>1.319</gpxdata:speed>
    </extensions>
   </trkpt>
   <trkpt lat="-21.5936281" lon="-64.7682266">
    <ele>1896</ele>
    <time>2026-03-15T21:39:46Z</time>
    <extensions>
     <gpxdata:hr>99</gpxdata:hr>
     <gpxdata:distance>10218.00</gpxdata:distance>
     <gpxdata:speed>1.181</gpxdata:speed>
    </extensions>
   </trkpt>
   <trkpt lat="-21.5936177" lon="-64.7682282">
    <ele>1896</ele>
    <time>2026-03-15T21:39:47Z</time>
    <extensions>
     <gpxdata:hr>99</gpxdata:hr>
     <gpxdata:distance>10219.00</gpxdata:distance>
     <gpxdata:speed>1.117</gpxdata:speed>
    </extensions>
   </trkpt>
   <trkpt lat="-21.5936071" lon="-64.7682290">
    <ele>1896</ele>
    <time>2026-03-15T21:39:48Z</time>
    <extensions>
     <gpxdata:hr>99</gpxdata:hr>
     <gpxdata:distance>10220.00</gpxdata:distance>
     <gpxdata:speed>1.158</gpxdata:speed>
    </extensions>
   </trkpt>
   <trkpt lat="-21.5935973" lon="-64.7682293">
    <ele>1896</ele>
    <time>2026-03-15T21:39:49Z</time>
    <extensions>
     <gpxdata:hr>99</gpxdata:hr>
     <gpxdata:distance>10221.00</gpxdata:distance>
     <gpxdata:speed>1.025</gpxdata:speed>
    </extensions>
   </trkpt>
   <trkpt lat="-21.5935869" lon="-64.7682295">
    <ele>1896</ele>
    <time>2026-03-15T21:39:50Z</time>
    <extensions>
     <gpxdata:hr>99</gpxdata:hr>
     <gpxdata:distance>10222.00</gpxdata:distance>
     <gpxdata:speed>1.153</gpxdata:speed>
    </extensions>
   </trkpt>
   <trkpt lat="-21.5935765" lon="-64.7682300">
    <ele>1896</ele>
    <time>2026-03-15T21:39:51Z</time>
    <extensions>
     <gpxdata:hr>99</gpxdata:hr>
     <gpxdata:distance>10223.00</gpxdata:distance>
     <gpxdata:speed>1.169</gpxdata:speed>
    </extensions>
   </trkpt>
   <trkpt lat="-21.5935657" lon="-64.7682305">
    <ele>1896</ele>
    <time>2026-03-15T21:39:52Z</time>
    <extensions>
     <gpxdata:hr>99</gpxdata:hr>
     <gpxdata:distance>10224.00</gpxdata:distance>
     <gpxdata:speed>1.222</gpxdata:speed>
    </extensions>
   </trkpt>
   <trkpt lat="-21.5935558" lon="-64.7682312">
    <ele>1896</ele>
    <time>2026-03-15T21:39:53Z</time>
    <extensions>
     <gpxdata:hr>99</gpxdata:hr>
     <gpxdata:distance>10225.00</gpxdata:distance>
     <gpxdata:speed>1.069</gpxdata:speed>
    </extensions>
   </trkpt>
   <trkpt lat="-21.5935465" lon="-64.7682318">
    <ele>1896</ele>
    <time>2026-03-15T21:39:54Z</time>
    <extensions>
     <gpxdata:hr>99</gpxdata:hr>
     <gpxdata:distance>10226.00</gpxdata:distance>
     <gpxdata:speed>0.978</gpxdata:speed>
    </extensions>
   </trkpt>
   <trkpt lat="-21.5935375" lon="-64.7682334">
    <ele>1896</ele>
    <time>2026-03-15T21:39:55Z</time>
    <extensions>
     <gpxdata:hr>99</gpxdata:hr>
     <gpxdata:distance>10227.00</gpxdata:distance>
     <gpxdata:speed>0.961</gpxdata:speed>
    </extensions>
   </trkpt>
   <trkpt lat="-21.5935285" lon="-64.7682357">
    <ele>1896</ele>
    <time>2026-03-15T21:39:56Z</time>
    <extensions>
     <gpxdata:hr>99</gpxdata:hr>
     <gpxdata:distance>10228.00</gpxdata:distance>
     <gpxdata:speed>1.033</gpxdata:speed>
    </extensions>
   </trkpt>
   <trkpt lat="-21.5935199" lon="-64.7682380">
    <ele>1896</ele>
    <time>2026-03-15T21:39:57Z</time>
    <extensions>
     <gpxdata:hr>99</gpxdata:hr>
     <gpxdata:distance>10229.00</gpxdata:distance>
     <gpxdata:speed>0.956</gpxdata:speed>
    </extensions>
   </trkpt>
   <trkpt lat="-21.5935111" lon="-64.7682401">
    <ele>1896</ele>
    <time>2026-03-15T21:39:58Z</time>
    <extensions>
     <gpxdata:hr>99</gpxdata:hr>
     <gpxdata:distance>10230.50</gpxdata:distance>
     <gpxdata:speed>0.994</gpxdata:speed>
    </extensions>
   </trkpt>
   <trkpt lat="-21.5935019" lon="-64.7682424">
    <ele>1896</ele>
    <time>2026-03-15T21:39:59Z</time>
    <extensions>
     <gpxdata:hr>99</gpxdata:hr>
     <gpxdata:distance>10232.00</gpxdata:distance>
     <gpxdata:speed>1.064</gpxdata:speed>
    </extensions>
   </trkpt>
   <trkpt lat="-21.5934929" lon="-64.7682447">
    <ele>1896</ele>
    <time>2026-03-15T21:40:00Z</time>
    <extensions>
     <gpxdata:hr>99</gpxdata:hr>
     <gpxdata:distance>10233.00</gpxdata:distance>
     <gpxdata:speed>1.036</gpxdata:speed>
    </extensions>
   </trkpt>
   <trkpt lat="-21.5934837" lon="-64.7682475">
    <ele>1896</ele>
    <time>2026-03-15T21:40:01Z</time>
    <extensions>
     <gpxdata:hr>99</gpxdata:hr>
     <gpxdata:distance>10234.00</gpxdata:distance>
     <gpxdata:speed>1.092</gpxdata:speed>
    </extensions>
   </trkpt>
   <trkpt lat="-21.5934742" lon="-64.7682503">
    <ele>1896</ele>
    <time>2026-03-15T21:40:02Z</time>
    <extensions>
     <gpxdata:hr>99</gpxdata:hr>
     <gpxdata:distance>10235.00</gpxdata:distance>
     <gpxdata:speed>1.114</gpxdata:speed>
    </extensions>
   </trkpt>
   <trkpt lat="-21.5934646" lon="-64.7682524">
    <ele>1896</ele>
    <time>2026-03-15T21:40:03Z</time>
    <extensions>
     <gpxdata:hr>99</gpxdata:hr>
     <gpxdata:distance>10236.00</gpxdata:distance>
     <gpxdata:speed>1.111</gpxdata:speed>
    </extensions>
   </trkpt>
   <trkpt lat="-21.5934548" lon="-64.7682538">
    <ele>1896</ele>
    <time>2026-03-15T21:40:04Z</time>
    <extensions>
     <gpxdata:hr>99</gpxdata:hr>
     <gpxdata:distance>10237.00</gpxdata:distance>
     <gpxdata:speed>1.111</gpxdata:speed>
    </extensions>
   </trkpt>
   <trkpt lat="-21.5934446" lon="-64.7682551">
    <ele>1896</ele>
    <time>2026-03-15T21:40:05Z</time>
    <extensions>
     <gpxdata:hr>100</gpxdata:hr>
     <gpxdata:distance>10238.00</gpxdata:distance>
     <gpxdata:speed>1.181</gpxdata:speed>
    </extensions>
   </trkpt>
   <trkpt lat="-21.5934343" lon="-64.7682569">
    <ele>1896</ele>
    <time>2026-03-15T21:40:06Z</time>
    <extensions>
     <gpxdata:hr>99</gpxdata:hr>
     <gpxdata:distance>10239.50</gpxdata:distance>
     <gpxdata:speed>1.186</gpxdata:speed>
    </extensions>
   </trkpt>
   <trkpt lat="-21.5934241" lon="-64.7682587">
    <ele>1896</ele>
    <time>2026-03-15T21:40:07Z</time>
    <extensions>
     <gpxdata:hr>100</gpxdata:hr>
     <gpxdata:distance>10241.00</gpxdata:distance>
     <gpxdata:speed>1.167</gpxdata:speed>
    </extensions>
   </trkpt>
   <trkpt lat="-21.5934135" lon="-64.7682606">
    <ele>1896</ele>
    <time>2026-03-15T21:40:08Z</time>
    <extensions>
     <gpxdata:hr>100</gpxdata:hr>
     <gpxdata:distance>10242.00</gpxdata:distance>
     <gpxdata:speed>1.214</gpxdata:speed>
    </extensions>
   </trkpt>
   <trkpt lat="-21.5934034" lon="-64.7682627">
    <ele>1896</ele>
    <time>2026-03-15T21:40:09Z</time>
    <extensions>
     <gpxdata:hr>101</gpxdata:hr>
     <gpxdata:distance>10243.00</gpxdata:distance>
     <gpxdata:speed>1.139</gpxdata:speed>
    </extensions>
   </trkpt>
   <trkpt lat="-21.5933930" lon="-64.7682653">
    <ele>1896</ele>
    <time>2026-03-15T21:40:10Z</time>
    <extensions>
     <gpxdata:hr>101</gpxdata:hr>
     <gpxdata:distance>10244.00</gpxdata:distance>
     <gpxdata:speed>1.194</gpxdata:speed>
    </extensions>
   </trkpt>
   <trkpt lat="-21.5933831" lon="-64.7682677">
    <ele>1896</ele>
    <time>2026-03-15T21:40:11Z</time>
    <extensions>
     <gpxdata:hr>101</gpxdata:hr>
     <gpxdata:distance>10245.00</gpxdata:distance>
     <gpxdata:speed>1.117</gpxdata:speed>
    </extensions>
   </trkpt>
   <trkpt lat="-21.5933728" lon="-64.7682692">
    <ele>1896</ele>
    <time>2026-03-15T21:40:12Z</time>
    <extensions>
     <gpxdata:hr>101</gpxdata:hr>
     <gpxdata:distance>10246.00</gpxdata:distance>
     <gpxdata:speed>1.150</gpxdata:speed>
    </extensions>
   </trkpt>
   <trkpt lat="-21.5933626" lon="-64.7682697">
    <ele>1896</ele>
    <time>2026-03-15T21:40:13Z</time>
    <extensions>
     <gpxdata:hr>100</gpxdata:hr>
     <gpxdata:distance>10247.00</gpxdata:distance>
     <gpxdata:speed>1.147</gpxdata:speed>
    </extensions>
   </trkpt>
   <trkpt lat="-21.5933520" lon="-64.7682698">
    <ele>1896</ele>
    <time>2026-03-15T21:40:14Z</time>
    <extensions>
     <gpxdata:hr>100</gpxdata:hr>
     <gpxdata:distance>10248.50</gpxdata:distance>
     <gpxdata:speed>1.200</gpxdata:speed>
    </extensions>
   </trkpt>
   <trkpt lat="-21.5933411" lon="-64.7682702">
    <ele>1896</ele>
    <time>2026-03-15T21:40:15Z</time>
    <extensions>
     <gpxdata:hr>100</gpxdata:hr>
     <gpxdata:distance>10250.00</gpxdata:distance>
     <gpxdata:speed>1.247</gpxdata:speed>
    </extensions>
   </trkpt>
   <trkpt lat="-21.5933299" lon="-64.7682706">
    <ele>1896</ele>
    <time>2026-03-15T21:40:16Z</time>
    <extensions>
     <gpxdata:hr>100</gpxdata:hr>
     <gpxdata:distance>10251.50</gpxdata:distance>
     <gpxdata:speed>1.278</gpxdata:speed>
    </extensions>
   </trkpt>
   <trkpt lat="-21.5933189" lon="-64.7682716">
    <ele>1896</ele>
    <time>2026-03-15T21:40:17Z</time>
    <extensions>
     <gpxdata:hr>99</gpxdata:hr>
     <gpxdata:distance>10253.00</gpxdata:distance>
     <gpxdata:speed>1.236</gpxdata:speed>
    </extensions>
   </trkpt>
   <trkpt lat="-21.5933090" lon="-64.7682730">
    <ele>1896</ele>
    <time>2026-03-15T21:40:18Z</time>
    <extensions>
     <gpxdata:hr>100</gpxdata:hr>
     <gpxdata:distance>10254.00</gpxdata:distance>
     <gpxdata:speed>1.056</gpxdata:speed>
    </extensions>
   </trkpt>
   <trkpt lat="-21.5932990" lon="-64.7682738">
    <ele>1896</ele>
    <time>2026-03-15T21:40:19Z</time>
    <extensions>
     <gpxdata:hr>100</gpxdata:hr>
     <gpxdata:distance>10255.00</gpxdata:distance>
     <gpxdata:speed>1.089</gpxdata:speed>
    </extensions>
   </trkpt>
   <trkpt lat="-21.5932893" lon="-64.7682746">
    <ele>1896</ele>
    <time>2026-03-15T21:40:20Z</time>
    <extensions>
     <gpxdata:hr>101</gpxdata:hr>
     <gpxdata:distance>10255.50</gpxdata:distance>
     <gpxdata:speed>1.042</gpxdata:speed>
    </extensions>
   </trkpt>
   <trkpt lat="-21.5932800" lon="-64.7682753">
    <ele>1896</ele>
    <time>2026-03-15T21:40:21Z</time>
    <extensions>
     <gpxdata:hr>102</gpxdata:hr>
     <gpxdata:distance>10256.00</gpxdata:distance>
     <gpxdata:speed>0.992</gpxdata:speed>
    </extensions>
   </trkpt>
   <trkpt lat="-21.5932706" lon="-64.7682764">
    <ele>1896</ele>
    <time>2026-03-15T21:40:22Z</time>
    <extensions>
     <gpxdata:hr>103</gpxdata:hr>
     <gpxdata:distance>10257.50</gpxdata:distance>
     <gpxdata:speed>1.031</gpxdata:speed>
    </extensions>
   </trkpt>
   <trkpt lat="-21.5932615" lon="-64.7682783">
    <ele>1896</ele>
    <time>2026-03-15T21:40:23Z</time>
    <extensions>
     <gpxdata:hr>103</gpxdata:hr>
     <gpxdata:distance>10259.00</gpxdata:distance>
     <gpxdata:speed>1.022</gpxdata:speed>
    </extensions>
   </trkpt>
   <trkpt lat="-21.5932522" lon="-64.7682810">
    <ele>1896</ele>
    <time>2026-03-15T21:40:24Z</time>
    <extensions>
     <gpxdata:hr>103</gpxdata:hr>
     <gpxdata:distance>10260.00</gpxdata:distance>
     <gpxdata:speed>1.089</gpxdata:speed>
    </extensions>
   </trkpt>
   <trkpt lat="-21.5932430" lon="-64.7682844">
    <ele>1896</ele>
    <time>2026-03-15T21:40:25Z</time>
    <extensions>
     <gpxdata:hr>103</gpxdata:hr>
     <gpxdata:distance>10261.00</gpxdata:distance>
     <gpxdata:speed>1.094</gpxdata:speed>
    </extensions>
   </trkpt>
   <trkpt lat="-21.5932338" lon="-64.7682892">
    <ele>1896</ele>
    <time>2026-03-15T21:40:26Z</time>
    <extensions>
     <gpxdata:hr>103</gpxdata:hr>
     <gpxdata:distance>10262.50</gpxdata:distance>
     <gpxdata:speed>1.203</gpxdata:speed>
    </extensions>
   </trkpt>
   <trkpt lat="-21.5932239" lon="-64.7682947">
    <ele>1896</ele>
    <time>2026-03-15T21:40:27Z</time>
    <extensions>
     <gpxdata:hr>103</gpxdata:hr>
     <gpxdata:distance>10264.00</gpxdata:distance>
     <gpxdata:speed>1.325</gpxdata:speed>
    </extensions>
   </trkpt>
   <trkpt lat="-21.5932131" lon="-64.7682995">
    <ele>1896</ele>
    <time>2026-03-15T21:40:28Z</time>
    <extensions>
     <gpxdata:hr>102</gpxdata:hr>
     <gpxdata:distance>10265.00</gpxdata:distance>
     <gpxdata:speed>1.383</gpxdata:speed>
    </extensions>
   </trkpt>
   <trkpt lat="-21.5932026" lon="-64.7683049">
    <ele>1896</ele>
    <time>2026-03-15T21:40:29Z</time>
    <extensions>
     <gpxdata:hr>102</gpxdata:hr>
     <gpxdata:distance>10266.00</gpxdata:distance>
     <gpxdata:speed>1.336</gpxdata:speed>
    </extensions>
   </trkpt>
   <trkpt lat="-21.5931923" lon="-64.7683103">
    <ele>1896</ele>
    <time>2026-03-15T21:40:30Z</time>
    <extensions>
     <gpxdata:hr>102</gpxdata:hr>
     <gpxdata:distance>10267.00</gpxdata:distance>
     <gpxdata:speed>1.289</gpxdata:speed>
    </extensions>
   </trkpt>
   <trkpt lat="-21.5931829" lon="-64.7683161">
    <ele>1896</ele>
    <time>2026-03-15T21:40:31Z</time>
    <extensions>
     <gpxdata:hr>102</gpxdata:hr>
     <gpxdata:distance>10268.00</gpxdata:distance>
     <gpxdata:speed>1.167</gpxdata:speed>
    </extensions>
   </trkpt>
   <trkpt lat="-21.5931744" lon="-64.7683225">
    <ele>1896</ele>
    <time>2026-03-15T21:40:32Z</time>
    <extensions>
     <gpxdata:hr>102</gpxdata:hr>
     <gpxdata:distance>10269.50</gpxdata:distance>
     <gpxdata:speed>1.119</gpxdata:speed>
    </extensions>
   </trkpt>
   <trkpt lat="-21.5931665" lon="-64.7683295">
    <ele>1896</ele>
    <time>2026-03-15T21:40:33Z</time>
    <extensions>
     <gpxdata:hr>102</gpxdata:hr>
     <gpxdata:distance>10271.00</gpxdata:distance>
     <gpxdata:speed>1.119</gpxdata:speed>
    </extensions>
   </trkpt>
   <trkpt lat="-21.5931590" lon="-64.7683362">
    <ele>1896</ele>
    <time>2026-03-15T21:40:34Z</time>
    <extensions>
     <gpxdata:hr>102</gpxdata:hr>
     <gpxdata:distance>10272.00</gpxdata:distance>
     <gpxdata:speed>1.036</gpxdata:speed>
    </extensions>
   </trkpt>
   <trkpt lat="-21.5931515" lon="-64.7683420">
    <ele>1896</ele>
    <time>2026-03-15T21:40:35Z</time>
    <extensions>
     <gpxdata:hr>100</gpxdata:hr>
     <gpxdata:distance>10273.00</gpxdata:distance>
     <gpxdata:speed>0.983</gpxdata:speed>
    </extensions>
   </trkpt>
   <trkpt lat="-21.5931437" lon="-64.7683474">
    <ele>1896</ele>
    <time>2026-03-15T21:40:36Z</time>
    <extensions>
     <gpxdata:hr>100</gpxdata:hr>
     <gpxdata:distance>10273.50</gpxdata:distance>
     <gpxdata:speed>1.000</gpxdata:speed>
    </extensions>
   </trkpt>
   <trkpt lat="-21.5931361" lon="-64.7683523">
    <ele>1896</ele>
    <time>2026-03-15T21:40:37Z</time>
    <extensions>
     <gpxdata:hr>100</gpxdata:hr>
     <gpxdata:distance>10274.00</gpxdata:distance>
     <gpxdata:speed>0.942</gpxdata:speed>
    </extensions>
   </trkpt>
   <trkpt lat="-21.5931284" lon="-64.7683562">
    <ele>1896</ele>
    <time>2026-03-15T21:40:38Z</time>
    <extensions>
     <gpxdata:hr>100</gpxdata:hr>
     <gpxdata:distance>10275.50</gpxdata:distance>
     <gpxdata:speed>0.919</gpxdata:speed>
    </extensions>
   </trkpt>
   <trkpt lat="-21.5931197" lon="-64.7683602">
    <ele>1896</ele>
    <time>2026-03-15T21:40:39Z</time>
    <extensions>
     <gpxdata:hr>100</gpxdata:hr>
     <gpxdata:distance>10277.00</gpxdata:distance>
     <gpxdata:speed>1.083</gpxdata:speed>
    </extensions>
   </trkpt>
   <trkpt lat="-21.5931113" lon="-64.7683652">
    <ele>1895</ele>
    <time>2026-03-15T21:40:40Z</time>
    <extensions>
     <gpxdata:hr>100</gpxdata:hr>
     <gpxdata:distance>10278.00</gpxdata:distance>
     <gpxdata:speed>1.106</gpxdata:speed>
    </extensions>
   </trkpt>
   <trkpt lat="-21.5931029" lon="-64.7683719">
    <ele>1895</ele>
    <time>2026-03-15T21:40:41Z</time>
    <extensions>
     <gpxdata:hr>100</gpxdata:hr>
     <gpxdata:distance>10279.00</gpxdata:distance>
     <gpxdata:speed>1.250</gpxdata:speed>
    </extensions>
   </trkpt>
   <trkpt lat="-21.5930957" lon="-64.7683799">
    <ele>1895</ele>
    <time>2026-03-15T21:40:42Z</time>
    <extensions>
     <gpxdata:hr>100</gpxdata:hr>
     <gpxdata:distance>10280.50</gpxdata:distance>
     <gpxdata:speed>1.214</gpxdata:speed>
    </extensions>
   </trkpt>
   <trkpt lat="-21.5930889" lon="-64.7683894">
    <ele>1895</ele>
    <time>2026-03-15T21:40:43Z</time>
    <extensions>
     <gpxdata:hr>100</gpxdata:hr>
     <gpxdata:distance>10282.00</gpxdata:distance>
     <gpxdata:speed>1.336</gpxdata:speed>
    </extensions>
   </trkpt>
   <trkpt lat="-21.5930827" lon="-64.7683994">
    <ele>1895</ele>
    <time>2026-03-15T21:40:44Z</time>
    <extensions>
     <gpxdata:hr>100</gpxdata:hr>
     <gpxdata:distance>10283.00</gpxdata:distance>
     <gpxdata:speed>1.311</gpxdata:speed>
    </extensions>
   </trkpt>
   <trkpt lat="-21.5930765" lon="-64.7684088">
    <ele>1896</ele>
    <time>2026-03-15T21:40:45Z</time>
    <extensions>
     <gpxdata:hr>100</gpxdata:hr>
     <gpxdata:distance>10284.00</gpxdata:distance>
     <gpxdata:speed>1.186</gpxdata:speed>
    </extensions>
   </trkpt>
   <trkpt lat="-21.5930705" lon="-64.7684181">
    <ele>1896</ele>
    <time>2026-03-15T21:40:46Z</time>
    <extensions>
     <gpxdata:hr>100</gpxdata:hr>
     <gpxdata:distance>10285.00</gpxdata:distance>
     <gpxdata:speed>1.150</gpxdata:speed>
    </extensions>
   </trkpt>
   <trkpt lat="-21.5930649" lon="-64.7684279">
    <ele>1896</ele>
    <time>2026-03-15T21:40:47Z</time>
    <extensions>
     <gpxdata:hr>100</gpxdata:hr>
     <gpxdata:distance>10286.00</gpxdata:distance>
     <gpxdata:speed>1.203</gpxdata:speed>
    </extensions>
   </trkpt>
   <trkpt lat="-21.5930598" lon="-64.7684375">
    <ele>1896</ele>
    <time>2026-03-15T21:40:48Z</time>
    <extensions>
     <gpxdata:hr>100</gpxdata:hr>
     <gpxdata:distance>10287.00</gpxdata:distance>
     <gpxdata:speed>1.122</gpxdata:speed>
    </extensions>
   </trkpt>
   <trkpt lat="-21.5930556" lon="-64.7684467">
    <ele>1896</ele>
    <time>2026-03-15T21:40:49Z</time>
    <extensions>
     <gpxdata:hr>100</gpxdata:hr>
     <gpxdata:distance>10288.00</gpxdata:distance>
     <gpxdata:speed>1.008</gpxdata:speed>
    </extensions>
   </trkpt>
   <trkpt lat="-21.5930811" lon="-64.7685545">
    <ele>1896</ele>
    <time>2026-03-15T21:41:07Z</time>
    <extensions>
     <gpxdata:hr>100</gpxdata:hr>
     <gpxdata:distance>10301.00</gpxdata:distance>
     <gpxdata:speed>1.322</gpxdata:speed>
    </extensions>
   </trkpt>
   <trkpt lat="-21.5930871" lon="-64.7685663">
    <ele>1896</ele>
    <time>2026-03-15T21:41:08Z</time>
    <extensions>
     <gpxdata:hr>102</gpxdata:hr>
     <gpxdata:distance>10302.50</gpxdata:distance>
     <gpxdata:speed>1.428</gpxdata:speed>
    </extensions>
   </trkpt>
   <trkpt lat="-21.5930930" lon="-64.7685778">
    <ele>1896</ele>
    <time>2026-03-15T21:41:09Z</time>
    <extensions>
     <gpxdata:hr>102</gpxdata:hr>
     <gpxdata:distance>10304.00</gpxdata:distance>
     <gpxdata:speed>1.364</gpxdata:speed>
    </extensions>
   </trkpt>
   <trkpt lat="-21.5930989" lon="-64.7685886">
    <ele>1896</ele>
    <time>2026-03-15T21:41:10Z</time>
    <extensions>
     <gpxdata:hr>102</gpxdata:hr>
     <gpxdata:distance>10305.00</gpxdata:distance>
     <gpxdata:speed>1.261</gpxdata:speed>
    </extensions>
   </trkpt>
   <trkpt lat="-21.5931066" lon="-64.7685982">
    <ele>1897</ele>
    <time>2026-03-15T21:41:11Z</time>
    <extensions>
     <gpxdata:hr>103</gpxdata:hr>
     <gpxdata:distance>10306.00</gpxdata:distance>
     <gpxdata:speed>1.319</gpxdata:speed>
    </extensions>
   </trkpt>
   <trkpt lat="-21.5931153" lon="-64.7686065">
    <ele>1897</ele>
    <time>2026-03-15T21:41:12Z</time>
    <extensions>
     <gpxdata:hr>103</gpxdata:hr>
     <gpxdata:distance>10307.50</gpxdata:distance>
     <gpxdata:speed>1.308</gpxdata:speed>
    </extensions>
   </trkpt>
   <trkpt lat="-21.5931252" lon="-64.7686137">
    <ele>1897</ele>
    <time>2026-03-15T21:41:13Z</time>
    <extensions>
     <gpxdata:hr>105</gpxdata:hr>
     <gpxdata:distance>10309.00</gpxdata:distance>
     <gpxdata:speed>1.397</gpxdata:speed>
    </extensions>
   </trkpt>
   <trkpt lat="-21.5931359" lon="-64.7686197">
    <ele>1897</ele>
    <time>2026-03-15T21:41:14Z</time>
    <extensions>
     <gpxdata:hr>106</gpxdata:hr>
     <gpxdata:distance>10310.50</gpxdata:distance>
     <gpxdata:speed>1.403</gpxdata:speed>
    </extensions>
   </trkpt>
   <trkpt lat="-21.5931469" lon="-64.7686249">
    <ele>1897</ele>
    <time>2026-03-15T21:41:15Z</time>
    <extensions>
     <gpxdata:hr>107</gpxdata:hr>
     <gpxdata:distance>10312.00</gpxdata:distance>
     <gpxdata:speed>1.381</gpxdata:speed>
    </extensions>
   </trkpt>
   <trkpt lat="-21.5931582" lon="-64.7686294">
    <ele>1897</ele>
    <time>2026-03-15T21:41:16Z</time>
    <extensions>
     <gpxdata:hr>107</gpxdata:hr>
     <gpxdata:distance>10313.50</gpxdata:distance>
     <gpxdata:speed>1.364</gpxdata:speed>
    </extensions>
   </trkpt>
   <trkpt lat="-21.5931703" lon="-64.7686335">
    <ele>1898</ele>
    <time>2026-03-15T21:41:17Z</time>
    <extensions>
     <gpxdata:hr>107</gpxdata:hr>
     <gpxdata:distance>10315.00</gpxdata:distance>
     <gpxdata:speed>1.481</gpxdata:speed>
    </extensions>
   </trkpt>
   <trkpt lat="-21.5931822" lon="-64.7686370">
    <ele>1898</ele>
    <time>2026-03-15T21:41:18Z</time>
    <extensions>
     <gpxdata:hr>107</gpxdata:hr>
     <gpxdata:distance>10316.00</gpxdata:distance>
     <gpxdata:speed>1.383</gpxdata:speed>
    </extensions>
   </trkpt>
   <trkpt lat="-21.5931943" lon="-64.7686403">
    <ele>1898</ele>
    <time>2026-03-15T21:41:19Z</time>
    <extensions>
     <gpxdata:hr>107</gpxdata:hr>
     <gpxdata:distance>10317.00</gpxdata:distance>
     <gpxdata:speed>1.406</gpxdata:speed>
    </extensions>
   </trkpt>
   <trkpt lat="-21.5932060" lon="-64.7686432">
    <ele>1898</ele>
    <time>2026-03-15T21:41:20Z</time>
    <extensions>
     <gpxdata:hr>107</gpxdata:hr>
     <gpxdata:distance>10318.50</gpxdata:distance>
     <gpxdata:speed>1.314</gpxdata:speed>
    </extensions>
   </trkpt>
   <trkpt lat="-21.5932183" lon="-64.7686458">
    <ele>1898</ele>
    <time>2026-03-15T21:41:21Z</time>
    <extensions>
     <gpxdata:hr>107</gpxdata:hr>
     <gpxdata:distance>10320.00</gpxdata:distance>
     <gpxdata:speed>1.417</gpxdata:speed>
    </extensions>
   </trkpt>
   <trkpt lat="-21.5932310" lon="-64.7686473">
    <ele>1898</ele>
    <time>2026-03-15T21:41:22Z</time>
    <extensions>
     <gpxdata:hr>107</gpxdata:hr>
     <gpxdata:distance>10321.50</gpxdata:distance>
     <gpxdata:speed>1.461</gpxdata:speed>
    </extensions>
   </trkpt>
   <trkpt lat="-21.5932444" lon="-64.7686482">
    <ele>1898</ele>
    <time>2026-03-15T21:41:23Z</time>
    <extensions>
     <gpxdata:hr>108</gpxdata:hr>
     <gpxdata:distance>10323.00</gpxdata:distance>
     <gpxdata:speed>1.547</gpxdata:speed>
    </extensions>
   </trkpt>
   <trkpt lat="-21.5932579" lon="-64.7686495">
    <ele>1898</ele>
    <time>2026-03-15T21:41:24Z</time>
    <extensions>
     <gpxdata:hr>108</gpxdata:hr>
     <gpxdata:distance>10324.50</gpxdata:distance>
     <gpxdata:speed>1.550</gpxdata:speed>
    </extensions>
   </trkpt>
   <trkpt lat="-21.5932717" lon="-64.7686502">
    <ele>1898</ele>
    <time>2026-03-15T21:41:25Z</time>
    <extensions>
     <gpxdata:hr>108</gpxdata:hr>
     <gpxdata:distance>10326.00</gpxdata:distance>
     <gpxdata:speed>1.589</gpxdata:speed>
    </extensions>
   </trkpt>
   <trkpt lat="-21.5932852" lon="-64.7686514">
    <ele>1898</ele>
    <time>2026-03-15T21:41:26Z</time>
    <extensions>
     <gpxdata:hr>108</gpxdata:hr>
     <gpxdata:distance>10327.50</gpxdata:distance>
     <gpxdata:speed>1.503</gpxdata:speed>
    </extensions>
   </trkpt>
   <trkpt lat="-21.5932985" lon="-64.7686525">
    <ele>1898</ele>
    <time>2026-03-15T21:41:27Z</time>
    <extensions>
     <gpxdata:hr>108</gpxdata:hr>
     <gpxdata:distance>10329.00</gpxdata:distance>
     <gpxdata:speed>1.472</gpxdata:speed>
    </extensions>
   </trkpt>
   <trkpt lat="-21.5933118" lon="-64.7686533">
    <ele>1898</ele>
    <time>2026-03-15T21:41:28Z</time>
    <extensions>
     <gpxdata:hr>108</gpxdata:hr>
     <gpxdata:distance>10330.50</gpxdata:distance>
     <gpxdata:speed>1.467</gpxdata:speed>
    </extensions>
   </trkpt>
   <trkpt lat="-21.5933254" lon="-64.7686546">
    <ele>1898</ele>
    <time>2026-03-15T21:41:29Z</time>
    <extensions>
     <gpxdata:hr>108</gpxdata:hr>
     <gpxdata:distance>10332.00</gpxdata:distance>
     <gpxdata:speed>1.544</gpxdata:speed>
    </extensions>
   </trkpt>
   <trkpt lat="-21.5933383" lon="-64.7686568">
    <ele>1898</ele>
    <time>2026-03-15T21:41:30Z</time>
    <extensions>
     <gpxdata:hr>108</gpxdata:hr>
     <gpxdata:distance>10333.50</gpxdata:distance>
     <gpxdata:speed>1.436</gpxdata:speed>
    </extensions>
   </trkpt>
   <trkpt lat="-21.5933515" lon="-64.7686585">
    <ele>1898</ele>
    <time>2026-03-15T21:41:31Z</time>
    <extensions>
     <gpxdata:hr>108</gpxdata:hr>
     <gpxdata:distance>10335.00</gpxdata:distance>
     <gpxdata:speed>1.475</gpxdata:speed>
    </extensions>
   </trkpt>
   <trkpt lat="-21.5933649" lon="-64.7686581">
    <ele>1898</ele>
    <time>2026-03-15T21:41:32Z</time>
    <extensions>
     <gpxdata:hr>108</gpxdata:hr>
     <gpxdata:distance>10336.50</gpxdata:distance>
     <gpxdata:speed>1.497</gpxdata:speed>
    </extensions>
   </trkpt>
   <trkpt lat="-21.5933786" lon="-64.7686568">
    <ele>1899</ele>
    <time>2026-03-15T21:41:33Z</time>
    <extensions>
     <gpxdata:hr>109</gpxdata:hr>
     <gpxdata:distance>10338.00</gpxdata:distance>
     <gpxdata:speed>1.578</gpxdata:speed>
    </extensions>
   </trkpt>
   <trkpt lat="-21.5933927" lon="-64.7686553">
    <ele>1899</ele>
    <time>2026-03-15T21:41:34Z</time>
    <extensions>
     <gpxdata:hr>111</gpxdata:hr>
     <gpxdata:distance>10339.50</gpxdata:distance>
     <gpxdata:speed>1.633</gpxdata:speed>
    </extensions>
   </trkpt>
   <trkpt lat="-21.5934064" lon="-64.7686536">
    <ele>1899</ele>
    <time>2026-03-15T21:41:35Z</time>
    <extensions>
     <gpxdata:hr>111</gpxdata:hr>
     <gpxdata:distance>10341.00</gpxdata:distance>
     <gpxdata:speed>1.531</gpxdata:speed>
    </extensions>
   </trkpt>
   <trkpt lat="-21.5934199" lon="-64.7686531">
    <ele>1899</ele>
    <time>2026-03-15T21:41:36Z</time>
    <extensions>
     <gpxdata:hr>111</gpxdata:hr>
     <gpxdata:distance>10342.50</gpxdata:distance>
     <gpxdata:speed>1.481</gpxdata:speed>
    </extensions>
   </trkpt>
   <trkpt lat="-21.5934332" lon="-64.7686534">
    <ele>1899</ele>
    <time>2026-03-15T21:41:37Z</time>
    <extensions>
     <gpxdata:hr>111</gpxdata:hr>
     <gpxdata:distance>10344.00</gpxdata:distance>
     <gpxdata:speed>1.475</gpxdata:speed>
    </extensions>
   </trkpt>
   <trkpt lat="-21.5934462" lon="-64.7686553">
    <ele>1899</ele>
    <time>2026-03-15T21:41:38Z</time>
    <extensions>
     <gpxdata:hr>111</gpxdata:hr>
     <gpxdata:distance>10345.50</gpxdata:distance>
     <gpxdata:speed>1.450</gpxdata:speed>
    </extensions>
   </trkpt>
   <trkpt lat="-21.5934591" lon="-64.7686584">
    <ele>1899</ele>
    <time>2026-03-15T21:41:39Z</time>
    <extensions>
     <gpxdata:hr>111</gpxdata:hr>
     <gpxdata:distance>10347.00</gpxdata:distance>
     <gpxdata:speed>1.492</gpxdata:speed>
    </extensions>
   </trkpt>
   <trkpt lat="-21.5934722" lon="-64.7686626">
    <ele>1899</ele>
    <time>2026-03-15T21:41:40Z</time>
    <extensions>
     <gpxdata:hr>113</gpxdata:hr>
     <gpxdata:distance>10348.50</gpxdata:distance>
     <gpxdata:speed>1.550</gpxdata:speed>
    </extensions>
   </trkpt>
   <trkpt lat="-21.5934853" lon="-64.7686672">
    <ele>1899</ele>
    <time>2026-03-15T21:41:41Z</time>
    <extensions>
     <gpxdata:hr>114</gpxdata:hr>
     <gpxdata:distance>10350.00</gpxdata:distance>
     <gpxdata:speed>1.575</gpxdata:speed>
    </extensions>
   </trkpt>
   <trkpt lat="-21.5934981" lon="-64.7686724">
    <ele>1900</ele>
    <time>2026-03-15T21:41:42Z</time>
    <extensions>
     <gpxdata:hr>114</gpxdata:hr>
     <gpxdata:distance>10352.00</gpxdata:distance>
     <gpxdata:speed>1.539</gpxdata:speed>
    </extensions>
   </trkpt>
   <trkpt lat="-21.5935106" lon="-64.7686787">
    <ele>1900</ele>
    <time>2026-03-15T21:41:43Z</time>
    <extensions>
     <gpxdata:hr>116</gpxdata:hr>
     <gpxdata:distance>10354.00</gpxdata:distance>
     <gpxdata:speed>1.564</gpxdata:speed>
    </extensions>
   </trkpt>
   <trkpt lat="-21.5935228" lon="-64.7686862">
    <ele>1900</ele>
    <time>2026-03-15T21:41:44Z</time>
    <extensions>
     <gpxdata:hr>116</gpxdata:hr>
     <gpxdata:distance>10355.00</gpxdata:distance>
     <gpxdata:speed>1.606</gpxdata:speed>
    </extensions>
   </trkpt>
   <trkpt lat="-21.5935345" lon="-64.7686935">
    <ele>1900</ele>
    <time>2026-03-15T21:41:45Z</time>
    <extensions>
     <gpxdata:hr>117</gpxdata:hr>
     <gpxdata:distance>10356.00</gpxdata:distance>
     <gpxdata:speed>1.478</gpxdata:speed>
    </extensions>
   </trkpt>
   <trkpt lat="-21.5935456" lon="-64.7687001">
    <ele>1900</ele>
    <time>2026-03-15T21:41:46Z</time>
    <extensions>
     <gpxdata:hr>117</gpxdata:hr>
     <gpxdata:distance>10357.50</gpxdata:distance>
     <gpxdata:speed>1.356</gpxdata:speed>
    </extensions>
   </trkpt>
   <trkpt lat="-21.5935564" lon="-64.7687069">
    <ele>1900</ele>
    <time>2026-03-15T21:41:47Z</time>
    <extensions>
     <gpxdata:hr>117</gpxdata:hr>
     <gpxdata:distance>10359.00</gpxdata:distance>
     <gpxdata:speed>1.339</gpxdata:speed>
    </extensions>
   </trkpt>
   <trkpt lat="-21.5935672" lon="-64.7687137">
    <ele>1900</ele>
    <time>2026-03-15T21:41:48Z</time>
    <extensions>
     <gpxdata:hr>117</gpxdata:hr>
     <gpxdata:distance>10360.50</gpxdata:distance>
     <gpxdata:speed>1.378</gpxdata:speed>
    </extensions>
   </trkpt>
   <trkpt lat="-21.5935787" lon="-64.7687205">
    <ele>1900</ele>
    <time>2026-03-15T21:41:49Z</time>
    <extensions>
     <gpxdata:hr>117</gpxdata:hr>
     <gpxdata:distance>10362.00</gpxdata:distance>
     <gpxdata:speed>1.481</gpxdata:speed>
    </extensions>
   </trkpt>
   <trkpt lat="-21.5935903" lon="-64.7687269">
    <ele>1900</ele>
    <time>2026-03-15T21:41:50Z</time>
    <extensions>
     <gpxdata:hr>118</gpxdata:hr>
     <gpxdata:distance>10363.50</gpxdata:distance>
     <gpxdata:speed>1.472</gpxdata:speed>
    </extensions>
   </trkpt>
   <trkpt lat="-21.5936021" lon="-64.7687332">
    <ele>1900</ele>
    <time>2026-03-15T21:41:51Z</time>
    <extensions>
     <gpxdata:hr>118</gpxdata:hr>
     <gpxdata:distance>10365.00</gpxdata:distance>
     <gpxdata:speed>1.469</gpxdata:speed>
    </extensions>
   </trkpt>
   <trkpt lat="-21.5936138" lon="-64.7687400">
    <ele>1900</ele>
    <time>2026-03-15T21:41:52Z</time>
    <extensions>
     <gpxdata:hr>118</gpxdata:hr>
     <gpxdata:distance>10366.50</gpxdata:distance>
     <gpxdata:speed>1.500</gpxdata:speed>
    </extensions>
   </trkpt>
   <trkpt lat="-21.5936252" lon="-64.7687476">
    <ele>1900</ele>
    <time>2026-03-15T21:41:53Z</time>
    <extensions>
     <gpxdata:hr>118</gpxdata:hr>
     <gpxdata:distance>10368.00</gpxdata:distance>
     <gpxdata:speed>1.506</gpxdata:speed>
    </extensions>
   </trkpt>
   <trkpt lat="-21.5936361" lon="-64.7687556">
    <ele>1901</ele>
    <time>2026-03-15T21:41:54Z</time>
    <extensions>
     <gpxdata:hr>118</gpxdata:hr>
     <gpxdata:distance>10369.50</gpxdata:distance>
     <gpxdata:speed>1.472</gpxdata:speed>
    </extensions>
   </trkpt>
   <trkpt lat="-21.5936467" lon="-64.7687646">
    <ele>1901</ele>
    <time>2026-03-15T21:41:55Z</time>
    <extensions>
     <gpxdata:hr>118</gpxdata:hr>
     <gpxdata:distance>10371.00</gpxdata:distance>
     <gpxdata:speed>1.522</gpxdata:speed>
    </extensions>
   </trkpt>
   <trkpt lat="-21.5936574" lon="-64.7687736">
    <ele>1901</ele>
    <time>2026-03-15T21:41:56Z</time>
    <extensions>
     <gpxdata:hr>118</gpxdata:hr>
     <gpxdata:distance>10372.50</gpxdata:distance>
     <gpxdata:speed>1.539</gpxdata:speed>
    </extensions>
   </trkpt>
   <trkpt lat="-21.5936684" lon="-64.7687825">
    <ele>1901</ele>
    <time>2026-03-15T21:41:57Z</time>
    <extensions>
     <gpxdata:hr>118</gpxdata:hr>
     <gpxdata:distance>10374.00</gpxdata:distance>
     <gpxdata:speed>1.550</gpxdata:speed>
    </extensions>
   </trkpt>
   <trkpt lat="-21.5936786" lon="-64.7687908">
    <ele>1901</ele>
    <time>2026-03-15T21:41:58Z</time>
    <extensions>
     <gpxdata:hr>118</gpxdata:hr>
     <gpxdata:distance>10375.50</gpxdata:distance>
     <gpxdata:speed>1.364</gpxdata:speed>
    </extensions>
   </trkpt>
   <trkpt lat="-21.5936884" lon="-64.7687990">
    <ele>1901</ele>
    <time>2026-03-15T21:41:59Z</time>
    <extensions>
     <gpxdata:hr>118</gpxdata:hr>
     <gpxdata:distance>10377.00</gpxdata:distance>
     <gpxdata:speed>1.331</gpxdata:speed>
    </extensions>
   </trkpt>
   <trkpt lat="-21.5936982" lon="-64.7688075">
    <ele>1901</ele>
    <time>2026-03-15T21:42:00Z</time>
    <extensions>
     <gpxdata:hr>118</gpxdata:hr>
     <gpxdata:distance>10378.00</gpxdata:distance>
     <gpxdata:speed>1.389</gpxdata:speed>
    </extensions>
   </trkpt>
   <trkpt lat="-21.5937077" lon="-64.7688165">
    <ele>1902</ele>
    <time>2026-03-15T21:42:01Z</time>
    <extensions>
     <gpxdata:hr>117</gpxdata:hr>
     <gpxdata:distance>10379.00</gpxdata:distance>
     <gpxdata:speed>1.400</gpxdata:speed>
    </extensions>
   </trkpt>
   <trkpt lat="-21.5937172" lon="-64.7688258">
    <ele>1902</ele>
    <time>2026-03-15T21:42:02Z</time>
    <extensions>
     <gpxdata:hr>117</gpxdata:hr>
     <gpxdata:distance>10380.50</gpxdata:distance>
     <gpxdata:speed>1.444</gpxdata:speed>
    </extensions>
   </trkpt>
   <trkpt lat="-21.5937268" lon="-64.7688346">
    <ele>1902</ele>
    <time>2026-03-15T21:42:03Z</time>
    <extensions>
     <gpxdata:hr>118</gpxdata:hr>
     <gpxdata:distance>10382.00</gpxdata:distance>
     <gpxdata:speed>1.403</gpxdata:speed>
    </extensions>
   </trkpt>
   <trkpt lat="-21.5937366" lon="-64.7688436">
    <ele>1902</ele>
    <time>2026-03-15T21:42:04Z</time>
    <extensions>
     <gpxdata:hr>118</gpxdata:hr>
     <gpxdata:distance>10383.50</gpxdata:distance>
     <gpxdata:speed>1.433</gpxdata:speed>
    </extensions>
   </trkpt>
   <trkpt lat="-21.5937461" lon="-64.7688531">
    <ele>1902</ele>
    <time>2026-03-15T21:42:05Z</time>
    <extensions>
     <gpxdata:hr>119</gpxdata:hr>
     <gpxdata:distance>10385.00</gpxdata:distance>
     <gpxdata:speed>1.464</gpxdata:speed>
    </extensions>
   </trkpt>
   <trkpt lat="-21.5937552" lon="-64.7688630">
    <ele>1902</ele>
    <time>2026-03-15T21:42:06Z</time>
    <extensions>
     <gpxdata:hr>120</gpxdata:hr>
     <gpxdata:distance>10386.50</gpxdata:distance>
     <gpxdata:speed>1.447</gpxdata:speed>
    </extensions>
   </trkpt>
   <trkpt lat="-21.5937648" lon="-64.7688726">
    <ele>1902</ele>
    <time>2026-03-15T21:42:07Z</time>
    <extensions>
     <gpxdata:hr>120</gpxdata:hr>
     <gpxdata:distance>10388.00</gpxdata:distance>
     <gpxdata:speed>1.469</gpxdata:speed>
    </extensions>
   </trkpt>
   <trkpt lat="-21.5937747" lon="-64.7688826">
    <ele>1902</ele>
    <time>2026-03-15T21:42:08Z</time>
    <extensions>
     <gpxdata:hr>120</gpxdata:hr>
     <gpxdata:distance>10389.50</gpxdata:distance>
     <gpxdata:speed>1.536</gpxdata:speed>
    </extensions>
   </trkpt>
   <trkpt lat="-21.5937842" lon="-64.7688930">
    <ele>1903</ele>
    <time>2026-03-15T21:42:09Z</time>
    <extensions>
     <gpxdata:hr>120</gpxdata:hr>
     <gpxdata:distance>10391.00</gpxdata:distance>
     <gpxdata:speed>1.542</gpxdata:speed>
    </extensions>
   </trkpt>
   <trkpt lat="-21.5937938" lon="-64.7689027">
    <ele>1903</ele>
    <time>2026-03-15T21:42:10Z</time>
    <extensions>
     <gpxdata:hr>120</gpxdata:hr>
     <gpxdata:distance>10392.50</gpxdata:distance>
     <gpxdata:speed>1.450</gpxdata:speed>
    </extensions>
   </trkpt>
   <trkpt lat="-21.5938039" lon="-64.7689123">
    <ele>1903</ele>
    <time>2026-03-15T21:42:11Z</time>
    <extensions>
     <gpxdata:hr>121</gpxdata:hr>
     <gpxdata:distance>10394.00</gpxdata:distance>
     <gpxdata:speed>1.500</gpxdata:speed>
    </extensions>
   </trkpt>
   <trkpt lat="-21.5938137" lon="-64.7689216">
    <ele>1903</ele>
    <time>2026-03-15T21:42:12Z</time>
    <extensions>
     <gpxdata:hr>121</gpxdata:hr>
     <gpxdata:distance>10395.50</gpxdata:distance>
     <gpxdata:speed>1.431</gpxdata:speed>
    </extensions>
   </trkpt>
   <trkpt lat="-21.5938238" lon="-64.7689313">
    <ele>1903</ele>
    <time>2026-03-15T21:42:13Z</time>
    <extensions>
     <gpxdata:hr>120</gpxdata:hr>
     <gpxdata:distance>10397.00</gpxdata:distance>
     <gpxdata:speed>1.533</gpxdata:speed>
    </extensions>
   </trkpt>
   <trkpt lat="-21.5938336" lon="-64.7689412">
    <ele>1903</ele>
    <time>2026-03-15T21:42:14Z</time>
    <extensions>
     <gpxdata:hr>120</gpxdata:hr>
     <gpxdata:distance>10398.50</gpxdata:distance>
     <gpxdata:speed>1.508</gpxdata:speed>
    </extensions>
   </trkpt>
   <trkpt lat="-21.5938434" lon="-64.7689512">
    <ele>1903</ele>
    <time>2026-03-15T21:42:15Z</time>
    <extensions>
     <gpxdata:hr>120</gpxdata:hr>
     <gpxdata:distance>10400.00</gpxdata:distance>
     <gpxdata:speed>1.506</gpxdata:speed>
    </extensions>
   </trkpt>
   <trkpt lat="-21.5938536" lon="-64.7689608">
    <ele>1903</ele>
    <time>2026-03-15T21:42:16Z</time>
    <extensions>
     <gpxdata:hr>120</gpxdata:hr>
     <gpxdata:distance>10401.50</gpxdata:distance>
     <gpxdata:speed>1.514</gpxdata:speed>
    </extensions>
   </trkpt>
   <trkpt lat="-21.5938639" lon="-64.7689708">
    <ele>1903</ele>
    <time>2026-03-15T21:42:17Z</time>
    <extensions>
     <gpxdata:hr>120</gpxdata:hr>
     <gpxdata:distance>10403.00</gpxdata:distance>
     <gpxdata:speed>1.558</gpxdata:speed>
    </extensions>
   </trkpt>
   <trkpt lat="-21.5938737" lon="-64.7689813">
    <ele>1904</ele>
    <time>2026-03-15T21:42:18Z</time>
    <extensions>
     <gpxdata:hr>122</gpxdata:hr>
     <gpxdata:distance>10404.50</gpxdata:distance>
     <gpxdata:speed>1.556</gpxdata:speed>
    </extensions>
   </trkpt>
   <trkpt lat="-21.5938827" lon="-64.7689925">
    <ele>1904</ele>
    <time>2026-03-15T21:42:19Z</time>
    <extensions>
     <gpxdata:hr>123</gpxdata:hr>
     <gpxdata:distance>10406.00</gpxdata:distance>
     <gpxdata:speed>1.544</gpxdata:speed>
    </extensions>
   </trkpt>
   <trkpt lat="-21.5938914" lon="-64.7690044">
    <ele>1904</ele>
    <time>2026-03-15T21:42:20Z</time>
    <extensions>
     <gpxdata:hr>123</gpxdata:hr>
     <gpxdata:distance>10407.50</gpxdata:distance>
     <gpxdata:speed>1.589</gpxdata:speed>
    </extensions>
   </trkpt>
   <trkpt lat="-21.5938994" lon="-64.7690161">
    <ele>1904</ele>
    <time>2026-03-15T21:42:21Z</time>
    <extensions>
     <gpxdata:hr>124</gpxdata:hr>
     <gpxdata:distance>10409.00</gpxdata:distance>
     <gpxdata:speed>1.486</gpxdata:speed>
    </extensions>
   </trkpt>
   <trkpt lat="-21.5939075" lon="-64.7690273">
    <ele>1904</ele>
    <time>2026-03-15T21:42:22Z</time>
    <extensions>
     <gpxdata:hr>123</gpxdata:hr>
     <gpxdata:distance>10410.50</gpxdata:distance>
     <gpxdata:speed>1.425</gpxdata:speed>
    </extensions>
   </trkpt>
   <trkpt lat="-21.5939159" lon="-64.7690380">
    <ele>1904</ele>
    <time>2026-03-15T21:42:23Z</time>
    <extensions>
     <gpxdata:hr>123</gpxdata:hr>
     <gpxdata:distance>10412.00</gpxdata:distance>
     <gpxdata:speed>1.439</gpxdata:speed>
    </extensions>
   </trkpt>
   <trkpt lat="-21.5939249" lon="-64.7690482">
    <ele>1904</ele>
    <time>2026-03-15T21:42:24Z</time>
    <extensions>
     <gpxdata:hr>123</gpxdata:hr>
     <gpxdata:distance>10413.50</gpxdata:distance>
     <gpxdata:speed>1.431</gpxdata:speed>
    </extensions>
   </trkpt>
   <trkpt lat="-21.5939338" lon="-64.7690585">
    <ele>1904</ele>
    <time>2026-03-15T21:42:25Z</time>
    <extensions>
     <gpxdata:hr>124</gpxdata:hr>
     <gpxdata:distance>10415.00</gpxdata:distance>
     <gpxdata:speed>1.453</gpxdata:speed>
    </extensions>
   </trkpt>
   <trkpt lat="-21.5939422" lon="-64.7690695">
    <ele>1904</ele>
    <time>2026-03-15T21:42:26Z</time>
    <extensions>
     <gpxdata:hr>124</gpxdata:hr>
     <gpxdata:distance>10416.50</gpxdata:distance>
     <gpxdata:speed>1.489</gpxdata:speed>
    </extensions>
   </trkpt>
   <trkpt lat="-21.5939505" lon="-64.7690809">
    <ele>1904</ele>
    <time>2026-03-15T21:42:27Z</time>
    <extensions>
     <gpxdata:hr>124</gpxdata:hr>
     <gpxdata:distance>10418.00</gpxdata:distance>
     <gpxdata:speed>1.511</gpxdata:speed>
    </extensions>
   </trkpt>
   <trkpt lat="-21.5939587" lon="-64.7690928">
    <ele>1904</ele>
    <time>2026-03-15T21:42:28Z</time>
    <extensions>
     <gpxdata:hr>124</gpxdata:hr>
     <gpxdata:distance>10420.00</gpxdata:distance>
     <gpxdata:speed>1.569</gpxdata:speed>
    </extensions>
   </trkpt>
   <trkpt lat="-21.5939673" lon="-64.7691056">
    <ele>1904</ele>
    <time>2026-03-15T21:42:29Z</time>
    <extensions>
     <gpxdata:hr>124</gpxdata:hr>
     <gpxdata:distance>10422.00</gpxdata:distance>
     <gpxdata:speed>1.706</gpxdata:speed>
    </extensions>
   </trkpt>
   <trkpt lat="-21.5939756" lon="-64.7691176">
    <ele>1904</ele>
    <time>2026-03-15T21:42:30Z</time>
    <extensions>
     <gpxdata:hr>124</gpxdata:hr>
     <gpxdata:distance>10423.00</gpxdata:distance>
     <gpxdata:speed>1.536</gpxdata:speed>
    </extensions>
   </trkpt>
   <trkpt lat="-21.5939834" lon="-64.7691292">
    <ele>1904</ele>
    <time>2026-03-15T21:42:31Z</time>
    <extensions>
     <gpxdata:hr>124</gpxdata:hr>
     <gpxdata:distance>10424.00</gpxdata:distance>
     <gpxdata:speed>1.453</gpxdata:speed>
    </extensions>
   </trkpt>
   <trkpt lat="-21.5939913" lon="-64.7691408">
    <ele>1905</ele>
    <time>2026-03-15T21:42:32Z</time>
    <extensions>
     <gpxdata:hr>125</gpxdata:hr>
     <gpxdata:distance>10426.00</gpxdata:distance>
     <gpxdata:speed>1.453</gpxdata:speed>
    </extensions>
   </trkpt>
   <trkpt lat="-21.5939992" lon="-64.7691528">
    <ele>1905</ele>
    <time>2026-03-15T21:42:33Z</time>
    <extensions>
     <gpxdata:hr>126</gpxdata:hr>
     <gpxdata:distance>10428.00</gpxdata:distance>
     <gpxdata:speed>1.528</gpxdata:speed>
    </extensions>
   </trkpt>
   <trkpt lat="-21.5940073" lon="-64.7691648">
    <ele>1905</ele>
    <time>2026-03-15T21:42:34Z</time>
    <extensions>
     <gpxdata:hr>126</gpxdata:hr>
     <gpxdata:distance>10429.50</gpxdata:distance>
     <gpxdata:speed>1.544</gpxdata:speed>
    </extensions>
   </trkpt>
   <trkpt lat="-21.5940154" lon="-64.7691771">
    <ele>1905</ele>
    <time>2026-03-15T21:42:35Z</time>
    <extensions>
     <gpxdata:hr>126</gpxdata:hr>
     <gpxdata:distance>10431.00</gpxdata:distance>
     <gpxdata:speed>1.589</gpxdata:speed>
    </extensions>
   </trkpt>
   <trkpt lat="-21.5940240" lon="-64.7691893">
    <ele>1905</ele>
    <time>2026-03-15T21:42:36Z</time>
    <extensions>
     <gpxdata:hr>126</gpxdata:hr>
     <gpxdata:distance>10432.50</gpxdata:distance>
     <gpxdata:speed>1.614</gpxdata:speed>
    </extensions>
   </trkpt>
   <trkpt lat="-21.5940320" lon="-64.7692018">
    <ele>1905</ele>
    <time>2026-03-15T21:42:37Z</time>
    <extensions>
     <gpxdata:hr>126</gpxdata:hr>
     <gpxdata:distance>10434.00</gpxdata:distance>
     <gpxdata:speed>1.564</gpxdata:speed>
    </extensions>
   </trkpt>
   <trkpt lat="-21.5940398" lon="-64.7692145">
    <ele>1905</ele>
    <time>2026-03-15T21:42:38Z</time>
    <extensions>
     <gpxdata:hr>125</gpxdata:hr>
     <gpxdata:distance>10435.50</gpxdata:distance>
     <gpxdata:speed>1.583</gpxdata:speed>
    </extensions>
   </trkpt>
   <trkpt lat="-21.5940473" lon="-64.7692274">
    <ele>1905</ele>
    <time>2026-03-15T21:42:39Z</time>
    <extensions>
     <gpxdata:hr>126</gpxdata:hr>
     <gpxdata:distance>10437.00</gpxdata:distance>
     <gpxdata:speed>1.583</gpxdata:speed>
    </extensions>
   </trkpt>
   <trkpt lat="-21.5940546" lon="-64.7692405">
    <ele>1905</ele>
    <time>2026-03-15T21:42:40Z</time>
    <extensions>
     <gpxdata:hr>126</gpxdata:hr>
     <gpxdata:distance>10438.50</gpxdata:distance>
     <gpxdata:speed>1.578</gpxdata:speed>
    </extensions>
   </trkpt>
   <trkpt lat="-21.5940613" lon="-64.7692540">
    <ele>1906</ele>
    <time>2026-03-15T21:42:41Z</time>
    <extensions>
     <gpxdata:hr>127</gpxdata:hr>
     <gpxdata:distance>10440.00</gpxdata:distance>
     <gpxdata:speed>1.597</gpxdata:speed>
    </extensions>
   </trkpt>
   <trkpt lat="-21.5940670" lon="-64.7692676">
    <ele>1906</ele>
    <time>2026-03-15T21:42:42Z</time>
    <extensions>
     <gpxdata:hr>127</gpxdata:hr>
     <gpxdata:distance>10441.50</gpxdata:distance>
     <gpxdata:speed>1.539</gpxdata:speed>
    </extensions>
   </trkpt>
   <trkpt lat="-21.5940728" lon="-64.7692812">
    <ele>1906</ele>
    <time>2026-03-15T21:42:43Z</time>
    <extensions>
     <gpxdata:hr>129</gpxdata:hr>
     <gpxdata:distance>10443.00</gpxdata:distance>
     <gpxdata:speed>1.531</gpxdata:speed>
    </extensions>
   </trkpt>
   <trkpt lat="-21.5940787" lon="-64.7692943">
    <ele>1906</ele>
    <time>2026-03-15T21:42:44Z</time>
    <extensions>
     <gpxdata:hr>130</gpxdata:hr>
     <gpxdata:distance>10444.50</gpxdata:distance>
     <gpxdata:speed>1.483</gpxdata:speed>
    </extensions>
   </trkpt>
   <trkpt lat="-21.5940853" lon="-64.7693070">
    <ele>1906</ele>
    <time>2026-03-15T21:42:45Z</time>
    <extensions>
     <gpxdata:hr>131</gpxdata:hr>
     <gpxdata:distance>10446.00</gpxdata:distance>
     <gpxdata:speed>1.483</gpxdata:speed>
    </extensions>
   </trkpt>
   <trkpt lat="-21.5940924" lon="-64.7693193">
    <ele>1906</ele>
    <time>2026-03-15T21:42:46Z</time>
    <extensions>
     <gpxdata:hr>132</gpxdata:hr>
     <gpxdata:distance>10447.50</gpxdata:distance>
     <gpxdata:speed>1.494</gpxdata:speed>
    </extensions>
   </trkpt>
   <trkpt lat="-21.5941000" lon="-64.7693314">
    <ele>1906</ele>
    <time>2026-03-15T21:42:47Z</time>
    <extensions>
     <gpxdata:hr>134</gpxdata:hr>
     <gpxdata:distance>10449.00</gpxdata:distance>
     <gpxdata:speed>1.508</gpxdata:speed>
    </extensions>
   </trkpt>
   <trkpt lat="-21.5941074" lon="-64.7693433">
    <ele>1906</ele>
    <time>2026-03-15T21:42:48Z</time>
    <extensions>
     <gpxdata:hr>135</gpxdata:hr>
     <gpxdata:distance>10450.50</gpxdata:distance>
     <gpxdata:speed>1.481</gpxdata:speed>
    </extensions>
   </trkpt>
   <trkpt lat="-21.5941151" lon="-64.7693555">
    <ele>1906</ele>
    <time>2026-03-15T21:42:49Z</time>
    <extensions>
     <gpxdata:hr>136</gpxdata:hr>
     <gpxdata:distance>10452.00</gpxdata:distance>
     <gpxdata:speed>1.536</gpxdata:speed>
    </extensions>
   </trkpt>
   <trkpt lat="-21.5941221" lon="-64.7693677">
    <ele>1906</ele>
    <time>2026-03-15T21:42:50Z</time>
    <extensions>
     <gpxdata:hr>137</gpxdata:hr>
     <gpxdata:distance>10453.50</gpxdata:distance>
     <gpxdata:speed>1.472</gpxdata:speed>
    </extensions>
   </trkpt>
   <trkpt lat="-21.5941289" lon="-64.7693805">
    <ele>1907</ele>
    <time>2026-03-15T21:42:51Z</time>
    <extensions>
     <gpxdata:hr>138</gpxdata:hr>
     <gpxdata:distance>10455.00</gpxdata:distance>
     <gpxdata:speed>1.544</gpxdata:speed>
    </extensions>
   </trkpt>
   <trkpt lat="-21.5941357" lon="-64.7693932">
    <ele>1907</ele>
    <time>2026-03-15T21:42:52Z</time>
    <extensions>
     <gpxdata:hr>139</gpxdata:hr>
     <gpxdata:distance>10456.50</gpxdata:distance>
     <gpxdata:speed>1.517</gpxdata:speed>
    </extensions>
   </trkpt>
   <trkpt lat="-21.5941423" lon="-64.7694057">
    <ele>1907</ele>
    <time>2026-03-15T21:42:53Z</time>
    <extensions>
     <gpxdata:hr>140</gpxdata:hr>
     <gpxdata:distance>10458.00</gpxdata:distance>
     <gpxdata:speed>1.472</gpxdata:speed>
    </extensions>
   </trkpt>
   <trkpt lat="-21.5941494" lon="-64.7694175">
    <ele>1907</ele>
    <time>2026-03-15T21:42:54Z</time>
    <extensions>
     <gpxdata:hr>139</gpxdata:hr>
     <gpxdata:distance>10459.50</gpxdata:distance>
     <gpxdata:speed>1.428</gpxdata:speed>
    </extensions>
   </trkpt>
   <trkpt lat="-21.5941568" lon="-64.7694288">
    <ele>1907</ele>
    <time>2026-03-15T21:42:55Z</time>
    <extensions>
     <gpxdata:hr>139</gpxdata:hr>
     <gpxdata:distance>10461.00</gpxdata:distance>
     <gpxdata:speed>1.400</gpxdata:speed>
    </extensions>
   </trkpt>
   <trkpt lat="-21.5941642" lon="-64.7694396">
    <ele>1907</ele>
    <time>2026-03-15T21:42:56Z</time>
    <extensions>
     <gpxdata:hr>139</gpxdata:hr>
     <gpxdata:distance>10462.50</gpxdata:distance>
     <gpxdata:speed>1.350</gpxdata:speed>
    </extensions>
   </trkpt>
   <trkpt lat="-21.5941718" lon="-64.7694505">
    <ele>1907</ele>
    <time>2026-03-15T21:42:57Z</time>
    <extensions>
     <gpxdata:hr>139</gpxdata:hr>
     <gpxdata:distance>10464.00</gpxdata:distance>
     <gpxdata:speed>1.397</gpxdata:speed>
    </extensions>
   </trkpt>
   <trkpt lat="-21.5941796" lon="-64.7694612">
    <ele>1908</ele>
    <time>2026-03-15T21:42:58Z</time>
    <extensions>
     <gpxdata:hr>140</gpxdata:hr>
     <gpxdata:distance>10465.00</gpxdata:distance>
     <gpxdata:speed>1.406</gpxdata:speed>
    </extensions>
   </trkpt>
   <trkpt lat="-21.5941875" lon="-64.7694717">
    <ele>1908</ele>
    <time>2026-03-15T21:42:59Z</time>
    <extensions>
     <gpxdata:hr>140</gpxdata:hr>
     <gpxdata:distance>10466.00</gpxdata:distance>
     <gpxdata:speed>1.403</gpxdata:speed>
    </extensions>
   </trkpt>
   <trkpt lat="-21.5941953" lon="-64.7694825">
    <ele>1908</ele>
    <time>2026-03-15T21:43:00Z</time>
    <extensions>
     <gpxdata:hr>140</gpxdata:hr>
     <gpxdata:distance>10468.00</gpxdata:distance>
     <gpxdata:speed>1.400</gpxdata:speed>
    </extensions>
   </trkpt>
   <trkpt lat="-21.5942034" lon="-64.7694939">
    <ele>1908</ele>
    <time>2026-03-15T21:43:01Z</time>
    <extensions>
     <gpxdata:hr>140</gpxdata:hr>
     <gpxdata:distance>10470.00</gpxdata:distance>
     <gpxdata:speed>1.531</gpxdata:speed>
    </extensions>
   </trkpt>
   <trkpt lat="-21.5942113" lon="-64.7695051">
    <ele>1908</ele>
    <time>2026-03-15T21:43:02Z</time>
    <extensions>
     <gpxdata:hr>141</gpxdata:hr>
     <gpxdata:distance>10471.50</gpxdata:distance>
     <gpxdata:speed>1.475</gpxdata:speed>
    </extensions>
   </trkpt>
   <trkpt lat="-21.5942197" lon="-64.7695168">
    <ele>1908</ele>
    <time>2026-03-15T21:43:03Z</time>
    <extensions>
     <gpxdata:hr>140</gpxdata:hr>
     <gpxdata:distance>10473.00</gpxdata:distance>
     <gpxdata:speed>1.564</gpxdata:speed>
    </extensions>
   </trkpt>
   <trkpt lat="-21.5942281" lon="-64.7695282">
    <ele>1908</ele>
    <time>2026-03-15T21:43:04Z</time>
    <extensions>
     <gpxdata:hr>140</gpxdata:hr>
     <gpxdata:distance>10474.50</gpxdata:distance>
     <gpxdata:speed>1.522</gpxdata:speed>
    </extensions>
   </trkpt>
   <trkpt lat="-21.5942369" lon="-64.7695396">
    <ele>1908</ele>
    <time>2026-03-15T21:43:05Z</time>
    <extensions>
     <gpxdata:hr>142</gpxdata:hr>
     <gpxdata:distance>10476.00</gpxdata:distance>
     <gpxdata:speed>1.556</gpxdata:speed>
    </extensions>
   </trkpt>
   <trkpt lat="-21.5942458" lon="-64.7695514">
    <ele>1908</ele>
    <time>2026-03-15T21:43:06Z</time>
    <extensions>
     <gpxdata:hr>142</gpxdata:hr>
     <gpxdata:distance>10477.50</gpxdata:distance>
     <gpxdata:speed>1.597</gpxdata:speed>
    </extensions>
   </trkpt>
   <trkpt lat="-21.5942545" lon="-64.7695633">
    <ele>1909</ele>
    <time>2026-03-15T21:43:07Z</time>
    <extensions>
     <gpxdata:hr>142</gpxdata:hr>
     <gpxdata:distance>10479.00</gpxdata:distance>
     <gpxdata:speed>1.583</gpxdata:speed>
    </extensions>
   </trkpt>
   <trkpt lat="-21.5942623" lon="-64.7695756">
    <ele>1909</ele>
    <time>2026-03-15T21:43:08Z</time>
    <extensions>
     <gpxdata:hr>142</gpxdata:hr>
     <gpxdata:distance>10480.50</gpxdata:distance>
     <gpxdata:speed>1.531</gpxdata:speed>
    </extensions>
   </trkpt>
   <trkpt lat="-21.5942704" lon="-64.7695878">
    <ele>1909</ele>
    <time>2026-03-15T21:43:09Z</time>
    <extensions>
     <gpxdata:hr>142</gpxdata:hr>
     <gpxdata:distance>10482.00</gpxdata:distance>
     <gpxdata:speed>1.553</gpxdata:speed>
    </extensions>
   </trkpt>
   <trkpt lat="-21.5942782" lon="-64.7696002">
    <ele>1909</ele>
    <time>2026-03-15T21:43:10Z</time>
    <extensions>
     <gpxdata:hr>142</gpxdata:hr>
     <gpxdata:distance>10483.50</gpxdata:distance>
     <gpxdata:speed>1.558</gpxdata:speed>
    </extensions>
   </trkpt>
   <trkpt lat="-21.5942853" lon="-64.7696129">
    <ele>1909</ele>
    <time>2026-03-15T21:43:11Z</time>
    <extensions>
     <gpxdata:hr>142</gpxdata:hr>
     <gpxdata:distance>10485.00</gpxdata:distance>
     <gpxdata:speed>1.528</gpxdata:speed>
    </extensions>
   </trkpt>
   <trkpt lat="-21.5942914" lon="-64.7696254">
    <ele>1909</ele>
    <time>2026-03-15T21:43:12Z</time>
    <extensions>
     <gpxdata:hr>141</gpxdata:hr>
     <gpxdata:distance>10486.50</gpxdata:distance>
     <gpxdata:speed>1.425</gpxdata:speed>
    </extensions>
   </trkpt>
   <trkpt lat="-21.5942970" lon="-64.7696377">
    <ele>1909</ele>
    <time>2026-03-15T21:43:13Z</time>
    <extensions>
     <gpxdata:hr>140</gpxdata:hr>
     <gpxdata:distance>10488.00</gpxdata:distance>
     <gpxdata:speed>1.367</gpxdata:speed>
    </extensions>
   </trkpt>
   <trkpt lat="-21.5943019" lon="-64.7696505">
    <ele>1910</ele>
    <time>2026-03-15T21:43:14Z</time>
    <extensions>
     <gpxdata:hr>140</gpxdata:hr>
     <gpxdata:distance>10489.50</gpxdata:distance>
     <gpxdata:speed>1.428</gpxdata:speed>
    </extensions>
   </trkpt>
   <trkpt lat="-21.5943067" lon="-64.7696636">
    <ele>1910</ele>
    <time>2026-03-15T21:43:15Z</time>
    <extensions>
     <gpxdata:hr>140</gpxdata:hr>
     <gpxdata:distance>10491.00</gpxdata:distance>
     <gpxdata:speed>1.464</gpxdata:speed>
    </extensions>
   </trkpt>
   <trkpt lat="-21.5943116" lon="-64.7696772">
    <ele>1910</ele>
    <time>2026-03-15T21:43:16Z</time>
    <extensions>
     <gpxdata:hr>138</gpxdata:hr>
     <gpxdata:distance>10492.50</gpxdata:distance>
     <gpxdata:speed>1.536</gpxdata:speed>
    </extensions>
   </trkpt>
   <trkpt lat="-21.5943164" lon="-64.7696905">
    <ele>1910</ele>
    <time>2026-03-15T21:43:17Z</time>
    <extensions>
     <gpxdata:hr>138</gpxdata:hr>
     <gpxdata:distance>10494.00</gpxdata:distance>
     <gpxdata:speed>1.481</gpxdata:speed>
    </extensions>
   </trkpt>
   <trkpt lat="-21.5943214" lon="-64.7697037">
    <ele>1910</ele>
    <time>2026-03-15T21:43:18Z</time>
    <extensions>
     <gpxdata:hr>138</gpxdata:hr>
     <gpxdata:distance>10495.00</gpxdata:distance>
     <gpxdata:speed>1.469</gpxdata:speed>
    </extensions>
   </trkpt>
   <trkpt lat="-21.5943267" lon="-64.7697162">
    <ele>1910</ele>
    <time>2026-03-15T21:43:19Z</time>
    <extensions>
     <gpxdata:hr>138</gpxdata:hr>
     <gpxdata:distance>10496.00</gpxdata:distance>
     <gpxdata:speed>1.389</gpxdata:speed>
    </extensions>
   </trkpt>
   <trkpt lat="-21.5943325" lon="-64.7697282">
    <ele>1910</ele>
    <time>2026-03-15T21:43:20Z</time>
    <extensions>
     <gpxdata:hr>138</gpxdata:hr>
     <gpxdata:distance>10497.50</gpxdata:distance>
     <gpxdata:speed>1.381</gpxdata:speed>
    </extensions>
   </trkpt>
   <trkpt lat="-21.5943378" lon="-64.7697405">
    <ele>1911</ele>
    <time>2026-03-15T21:43:21Z</time>
    <extensions>
     <gpxdata:hr>136</gpxdata:hr>
     <gpxdata:distance>10499.00</gpxdata:distance>
     <gpxdata:speed>1.383</gpxdata:speed>
    </extensions>
   </trkpt>
   <trkpt lat="-21.5943437" lon="-64.7697527">
    <ele>1911</ele>
    <time>2026-03-15T21:43:22Z</time>
    <extensions>
     <gpxdata:hr>136</gpxdata:hr>
     <gpxdata:distance>10500.50</gpxdata:distance>
     <gpxdata:speed>1.422</gpxdata:speed>
    </extensions>
   </trkpt>
   <trkpt lat="-21.5943495" lon="-64.7697647">
    <ele>1911</ele>
    <time>2026-03-15T21:43:23Z</time>
    <extensions>
     <gpxdata:hr>135</gpxdata:hr>
     <gpxdata:distance>10502.00</gpxdata:distance>
     <gpxdata:speed>1.397</gpxdata:speed>
    </extensions>
   </trkpt>
   <trkpt lat="-21.5943544" lon="-64.7697767">
    <ele>1911</ele>
    <time>2026-03-15T21:43:24Z</time>
    <extensions>
     <gpxdata:hr>136</gpxdata:hr>
     <gpxdata:distance>10503.50</gpxdata:distance>
     <gpxdata:speed>1.314</gpxdata:speed>
    </extensions>
   </trkpt>
   <trkpt lat="-21.5943590" lon="-64.7697893">
    <ele>1911</ele>
    <time>2026-03-15T21:43:25Z</time>
    <extensions>
     <gpxdata:hr>136</gpxdata:hr>
     <gpxdata:distance>10505.00</gpxdata:distance>
     <gpxdata:speed>1.414</gpxdata:speed>
    </extensions>
   </trkpt>
   <trkpt lat="-21.5943630" lon="-64.7698018">
    <ele>1911</ele>
    <time>2026-03-15T21:43:26Z</time>
    <extensions>
     <gpxdata:hr>136</gpxdata:hr>
     <gpxdata:distance>10506.00</gpxdata:distance>
     <gpxdata:speed>1.367</gpxdata:speed>
    </extensions>
   </trkpt>
   <trkpt lat="-21.5943662" lon="-64.7698146">
    <ele>1911</ele>
    <time>2026-03-15T21:43:27Z</time>
    <extensions>
     <gpxdata:hr>137</gpxdata:hr>
     <gpxdata:distance>10507.00</gpxdata:distance>
     <gpxdata:speed>1.361</gpxdata:speed>
    </extensions>
   </trkpt>
   <trkpt lat="-21.5943696" lon="-64.7698275">
    <ele>1912</ele>
    <time>2026-03-15T21:43:28Z</time>
    <extensions>
     <gpxdata:hr>138</gpxdata:hr>
     <gpxdata:distance>10508.50</gpxdata:distance>
     <gpxdata:speed>1.397</gpxdata:speed>
    </extensions>
   </trkpt>
   <trkpt lat="-21.5943735" lon="-64.7698405">
    <ele>1912</ele>
    <time>2026-03-15T21:43:29Z</time>
    <extensions>
     <gpxdata:hr>138</gpxdata:hr>
     <gpxdata:distance>10510.00</gpxdata:distance>
     <gpxdata:speed>1.439</gpxdata:speed>
    </extensions>
   </trkpt>
   <trkpt lat="-21.5943777" lon="-64.7698537">
    <ele>1912</ele>
    <time>2026-03-15T21:43:30Z</time>
    <extensions>
     <gpxdata:hr>140</gpxdata:hr>
     <gpxdata:distance>10511.50</gpxdata:distance>
     <gpxdata:speed>1.464</gpxdata:speed>
    </extensions>
   </trkpt>
   <trkpt lat="-21.5943819" lon="-64.7698669">
    <ele>1912</ele>
    <time>2026-03-15T21:43:31Z</time>
    <extensions>
     <gpxdata:hr>142</gpxdata:hr>
     <gpxdata:distance>10513.00</gpxdata:distance>
     <gpxdata:speed>1.456</gpxdata:speed>
    </extensions>
   </trkpt>
   <trkpt lat="-21.5943855" lon="-64.7698801">
    <ele>1912</ele>
    <time>2026-03-15T21:43:32Z</time>
    <extensions>
     <gpxdata:hr>142</gpxdata:hr>
     <gpxdata:distance>10514.50</gpxdata:distance>
     <gpxdata:speed>1.428</gpxdata:speed>
    </extensions>
   </trkpt>
   <trkpt lat="-21.5943895" lon="-64.7698934">
    <ele>1912</ele>
    <time>2026-03-15T21:43:33Z</time>
    <extensions>
     <gpxdata:hr>142</gpxdata:hr>
     <gpxdata:distance>10516.00</gpxdata:distance>
     <gpxdata:speed>1.458</gpxdata:speed>
    </extensions>
   </trkpt>
   <trkpt lat="-21.5943940" lon="-64.7699063">
    <ele>1912</ele>
    <time>2026-03-15T21:43:34Z</time>
    <extensions>
     <gpxdata:hr>142</gpxdata:hr>
     <gpxdata:distance>10517.50</gpxdata:distance>
     <gpxdata:speed>1.419</gpxdata:speed>
    </extensions>
   </trkpt>
   <trkpt lat="-21.5943987" lon="-64.7699192">
    <ele>1912</ele>
    <time>2026-03-15T21:43:35Z</time>
    <extensions>
     <gpxdata:hr>141</gpxdata:hr>
     <gpxdata:distance>10519.00</gpxdata:distance>
     <gpxdata:speed>1.433</gpxdata:speed>
    </extensions>
   </trkpt>
   <trkpt lat="-21.5944042" lon="-64.7699322">
    <ele>1912</ele>
    <time>2026-03-15T21:43:36Z</time>
    <extensions>
     <gpxdata:hr>141</gpxdata:hr>
     <gpxdata:distance>10520.50</gpxdata:distance>
     <gpxdata:speed>1.508</gpxdata:speed>
    </extensions>
   </trkpt>
   <trkpt lat="-21.5944099" lon="-64.7699454">
    <ele>1912</ele>
    <time>2026-03-15T21:43:37Z</time>
    <extensions>
     <gpxdata:hr>141</gpxdata:hr>
     <gpxdata:distance>10522.00</gpxdata:distance>
     <gpxdata:speed>1.522</gpxdata:speed>
    </extensions>
   </trkpt>
   <trkpt lat="-21.5944158" lon="-64.7699589">
    <ele>1912</ele>
    <time>2026-03-15T21:43:38Z</time>
    <extensions>
     <gpxdata:hr>141</gpxdata:hr>
     <gpxdata:distance>10523.50</gpxdata:distance>
     <gpxdata:speed>1.594</gpxdata:speed>
    </extensions>
   </trkpt>
   <trkpt lat="-21.5944215" lon="-64.7699726">
    <ele>1913</ele>
    <time>2026-03-15T21:43:39Z</time>
    <extensions>
     <gpxdata:hr>141</gpxdata:hr>
     <gpxdata:distance>10525.00</gpxdata:distance>
     <gpxdata:speed>1.572</gpxdata:speed>
    </extensions>
   </trkpt>
   <trkpt lat="-21.5944274" lon="-64.7699861">
    <ele>1913</ele>
    <time>2026-03-15T21:43:40Z</time>
    <extensions>
     <gpxdata:hr>141</gpxdata:hr>
     <gpxdata:distance>10527.00</gpxdata:distance>
     <gpxdata:speed>1.564</gpxdata:speed>
    </extensions>
   </trkpt>
   <trkpt lat="-21.5944335" lon="-64.7700000">
    <ele>1913</ele>
    <time>2026-03-15T21:43:41Z</time>
    <extensions>
     <gpxdata:hr>142</gpxdata:hr>
     <gpxdata:distance>10529.00</gpxdata:distance>
     <gpxdata:speed>1.614</gpxdata:speed>
    </extensions>
   </trkpt>
   <trkpt lat="-21.5944398" lon="-64.7700142">
    <ele>1913</ele>
    <time>2026-03-15T21:43:42Z</time>
    <extensions>
     <gpxdata:hr>143</gpxdata:hr>
     <gpxdata:distance>10530.50</gpxdata:distance>
     <gpxdata:speed>1.667</gpxdata:speed>
    </extensions>
   </trkpt>
   <trkpt lat="-21.5944459" lon="-64.7700287">
    <ele>1913</ele>
    <time>2026-03-15T21:43:43Z</time>
    <extensions>
     <gpxdata:hr>144</gpxdata:hr>
     <gpxdata:distance>10532.00</gpxdata:distance>
     <gpxdata:speed>1.669</gpxdata:speed>
    </extensions>
   </trkpt>
   <trkpt lat="-21.5944516" lon="-64.7700430">
    <ele>1913</ele>
    <time>2026-03-15T21:43:44Z</time>
    <extensions>
     <gpxdata:hr>144</gpxdata:hr>
     <gpxdata:distance>10533.50</gpxdata:distance>
     <gpxdata:speed>1.608</gpxdata:speed>
    </extensions>
   </trkpt>
   <trkpt lat="-21.5944571" lon="-64.7700574">
    <ele>1913</ele>
    <time>2026-03-15T21:43:45Z</time>
    <extensions>
     <gpxdata:hr>144</gpxdata:hr>
     <gpxdata:distance>10535.00</gpxdata:distance>
     <gpxdata:speed>1.608</gpxdata:speed>
    </extensions>
   </trkpt>
   <trkpt lat="-21.5944628" lon="-64.7700719">
    <ele>1913</ele>
    <time>2026-03-15T21:43:46Z</time>
    <extensions>
     <gpxdata:hr>144</gpxdata:hr>
     <gpxdata:distance>10536.50</gpxdata:distance>
     <gpxdata:speed>1.644</gpxdata:speed>
    </extensions>
   </trkpt>
   <trkpt lat="-21.5944684" lon="-64.7700866">
    <ele>1914</ele>
    <time>2026-03-15T21:43:47Z</time>
    <extensions>
     <gpxdata:hr>144</gpxdata:hr>
     <gpxdata:distance>10538.00</gpxdata:distance>
     <gpxdata:speed>1.656</gpxdata:speed>
    </extensions>
   </trkpt>
   <trkpt lat="-21.5944738" lon="-64.7701014">
    <ele>1914</ele>
    <time>2026-03-15T21:43:48Z</time>
    <extensions>
     <gpxdata:hr>145</gpxdata:hr>
     <gpxdata:distance>10540.00</gpxdata:distance>
     <gpxdata:speed>1.656</gpxdata:speed>
    </extensions>
   </trkpt>
   <trkpt lat="-21.5944795" lon="-64.7701166">
    <ele>1914</ele>
    <time>2026-03-15T21:43:49Z</time>
    <extensions>
     <gpxdata:hr>146</gpxdata:hr>
     <gpxdata:distance>10542.00</gpxdata:distance>
     <gpxdata:speed>1.731</gpxdata:speed>
    </extensions>
   </trkpt>
   <trkpt lat="-21.5944855" lon="-64.7701316">
    <ele>1914</ele>
    <time>2026-03-15T21:43:50Z</time>
    <extensions>
     <gpxdata:hr>146</gpxdata:hr>
     <gpxdata:distance>10543.50</gpxdata:distance>
     <gpxdata:speed>1.692</gpxdata:speed>
    </extensions>
   </trkpt>
   <trkpt lat="-21.5944913" lon="-64.7701461">
    <ele>1914</ele>
    <time>2026-03-15T21:43:51Z</time>
    <extensions>
     <gpxdata:hr>146</gpxdata:hr>
     <gpxdata:distance>10545.00</gpxdata:distance>
     <gpxdata:speed>1.608</gpxdata:speed>
    </extensions>
   </trkpt>
   <trkpt lat="-21.5944969" lon="-64.7701605">
    <ele>1914</ele>
    <time>2026-03-15T21:43:52Z</time>
    <extensions>
     <gpxdata:hr>146</gpxdata:hr>
     <gpxdata:distance>10546.50</gpxdata:distance>
     <gpxdata:speed>1.600</gpxdata:speed>
    </extensions>
   </trkpt>
   <trkpt lat="-21.5945019" lon="-64.7701747">
    <ele>1914</ele>
    <time>2026-03-15T21:43:53Z</time>
    <extensions>
     <gpxdata:hr>146</gpxdata:hr>
     <gpxdata:distance>10548.00</gpxdata:distance>
     <gpxdata:speed>1.533</gpxdata:speed>
    </extensions>
   </trkpt>
   <trkpt lat="-21.5945064" lon="-64.7701887">
    <ele>1914</ele>
    <time>2026-03-15T21:43:54Z</time>
    <extensions>
     <gpxdata:hr>146</gpxdata:hr>
     <gpxdata:distance>10549.50</gpxdata:distance>
     <gpxdata:speed>1.483</gpxdata:speed>
    </extensions>
   </trkpt>
   <trkpt lat="-21.5945105" lon="-64.7702028">
    <ele>1914</ele>
    <time>2026-03-15T21:43:55Z</time>
    <extensions>
     <gpxdata:hr>146</gpxdata:hr>
     <gpxdata:distance>10551.00</gpxdata:distance>
     <gpxdata:speed>1.508</gpxdata:speed>
    </extensions>
   </trkpt>
   <trkpt lat="-21.5945151" lon="-64.7702179">
    <ele>1914</ele>
    <time>2026-03-15T21:43:56Z</time>
    <extensions>
     <gpxdata:hr>146</gpxdata:hr>
     <gpxdata:distance>10553.00</gpxdata:distance>
     <gpxdata:speed>1.697</gpxdata:speed>
    </extensions>
   </trkpt>
   <trkpt lat="-21.5945195" lon="-64.7702333">
    <ele>1914</ele>
    <time>2026-03-15T21:43:57Z</time>
    <extensions>
     <gpxdata:hr>146</gpxdata:hr>
     <gpxdata:distance>10555.00</gpxdata:distance>
     <gpxdata:speed>1.708</gpxdata:speed>
    </extensions>
   </trkpt>
   <trkpt lat="-21.5945237" lon="-64.7702490">
    <ele>1914</ele>
    <time>2026-03-15T21:43:58Z</time>
    <extensions>
     <gpxdata:hr>148</gpxdata:hr>
     <gpxdata:distance>10556.50</gpxdata:distance>
     <gpxdata:speed>1.731</gpxdata:speed>
    </extensions>
   </trkpt>
   <trkpt lat="-21.5945283" lon="-64.7702647">
    <ele>1914</ele>
    <time>2026-03-15T21:43:59Z</time>
    <extensions>
     <gpxdata:hr>149</gpxdata:hr>
     <gpxdata:distance>10558.00</gpxdata:distance>
     <gpxdata:speed>1.725</gpxdata:speed>
    </extensions>
   </trkpt>
   <trkpt lat="-21.5945335" lon="-64.7702802">
    <ele>1914</ele>
    <time>2026-03-15T21:44:00Z</time>
    <extensions>
     <gpxdata:hr>149</gpxdata:hr>
     <gpxdata:distance>10560.00</gpxdata:distance>
     <gpxdata:speed>1.719</gpxdata:speed>
    </extensions>
   </trkpt>
   <trkpt lat="-21.5945389" lon="-64.7702955">
    <ele>1914</ele>
    <time>2026-03-15T21:44:01Z</time>
    <extensions>
     <gpxdata:hr>149</gpxdata:hr>
     <gpxdata:distance>10562.00</gpxdata:distance>
     <gpxdata:speed>1.694</gpxdata:speed>
    </extensions>
   </trkpt>
   <trkpt lat="-21.5945442" lon="-64.7703107">
    <ele>1914</ele>
    <time>2026-03-15T21:44:02Z</time>
    <extensions>
     <gpxdata:hr>150</gpxdata:hr>
     <gpxdata:distance>10563.50</gpxdata:distance>
     <gpxdata:speed>1.672</gpxdata:speed>
    </extensions>
   </trkpt>
   <trkpt lat="-21.5945498" lon="-64.7703258">
    <ele>1915</ele>
    <time>2026-03-15T21:44:03Z</time>
    <extensions>
     <gpxdata:hr>150</gpxdata:hr>
     <gpxdata:distance>10565.00</gpxdata:distance>
     <gpxdata:speed>1.681</gpxdata:speed>
    </extensions>
   </trkpt>
   <trkpt lat="-21.5945560" lon="-64.7703409">
    <ele>1915</ele>
    <time>2026-03-15T21:44:04Z</time>
    <extensions>
     <gpxdata:hr>150</gpxdata:hr>
     <gpxdata:distance>10566.50</gpxdata:distance>
     <gpxdata:speed>1.725</gpxdata:speed>
    </extensions>
   </trkpt>
   <trkpt lat="-21.5945622" lon="-64.7703563">
    <ele>1915</ele>
    <time>2026-03-15T21:44:05Z</time>
    <extensions>
     <gpxdata:hr>150</gpxdata:hr>
     <gpxdata:distance>10568.00</gpxdata:distance>
     <gpxdata:speed>1.761</gpxdata:speed>
    </extensions>
   </trkpt>
   <trkpt lat="-21.5945673" lon="-64.7703717">
    <ele>1915</ele>
    <time>2026-03-15T21:44:06Z</time>
    <extensions>
     <gpxdata:hr>148</gpxdata:hr>
     <gpxdata:distance>10570.00</gpxdata:distance>
     <gpxdata:speed>1.683</gpxdata:speed>
    </extensions>
   </trkpt>
   <trkpt lat="-21.5945721" lon="-64.7703877">
    <ele>1915</ele>
    <time>2026-03-15T21:44:07Z</time>
    <extensions>
     <gpxdata:hr>147</gpxdata:hr>
     <gpxdata:distance>10572.00</gpxdata:distance>
     <gpxdata:speed>1.772</gpxdata:speed>
    </extensions>
   </trkpt>
   <trkpt lat="-21.5945772" lon="-64.7704041">
    <ele>1915</ele>
    <time>2026-03-15T21:44:08Z</time>
    <extensions>
     <gpxdata:hr>147</gpxdata:hr>
     <gpxdata:distance>10574.00</gpxdata:distance>
     <gpxdata:speed>1.825</gpxdata:speed>
    </extensions>
   </trkpt>
   <trkpt lat="-21.5945832" lon="-64.7704203">
    <ele>1915</ele>
    <time>2026-03-15T21:44:09Z</time>
    <extensions>
     <gpxdata:hr>146</gpxdata:hr>
     <gpxdata:distance>10576.00</gpxdata:distance>
     <gpxdata:speed>1.822</gpxdata:speed>
    </extensions>
   </trkpt>
   <trkpt lat="-21.5945895" lon="-64.7704365">
    <ele>1915</ele>
    <time>2026-03-15T21:44:10Z</time>
    <extensions>
     <gpxdata:hr>146</gpxdata:hr>
     <gpxdata:distance>10577.50</gpxdata:distance>
     <gpxdata:speed>1.844</gpxdata:speed>
    </extensions>
   </trkpt>
   <trkpt lat="-21.5945961" lon="-64.7704528">
    <ele>1915</ele>
    <time>2026-03-15T21:44:11Z</time>
    <extensions>
     <gpxdata:hr>145</gpxdata:hr>
     <gpxdata:distance>10579.00</gpxdata:distance>
     <gpxdata:speed>1.864</gpxdata:speed>
    </extensions>
   </trkpt>
   <trkpt lat="-21.5946026" lon="-64.7704688">
    <ele>1915</ele>
    <time>2026-03-15T21:44:12Z</time>
    <extensions>
     <gpxdata:hr>144</gpxdata:hr>
     <gpxdata:distance>10581.00</gpxdata:distance>
     <gpxdata:speed>1.817</gpxdata:speed>
    </extensions>
   </trkpt>
   <trkpt lat="-21.5946089" lon="-64.7704849">
    <ele>1915</ele>
    <time>2026-03-15T21:44:13Z</time>
    <extensions>
     <gpxdata:hr>144</gpxdata:hr>
     <gpxdata:distance>10583.00</gpxdata:distance>
     <gpxdata:speed>1.797</gpxdata:speed>
    </extensions>
   </trkpt>
   <trkpt lat="-21.5946151" lon="-64.7705012">
    <ele>1915</ele>
    <time>2026-03-15T21:44:14Z</time>
    <extensions>
     <gpxdata:hr>144</gpxdata:hr>
     <gpxdata:distance>10585.00</gpxdata:distance>
     <gpxdata:speed>1.822</gpxdata:speed>
    </extensions>
   </trkpt>
   <trkpt lat="-21.5946211" lon="-64.7705176">
    <ele>1915</ele>
    <time>2026-03-15T21:44:15Z</time>
    <extensions>
     <gpxdata:hr>144</gpxdata:hr>
     <gpxdata:distance>10587.00</gpxdata:distance>
     <gpxdata:speed>1.825</gpxdata:speed>
    </extensions>
   </trkpt>
   <trkpt lat="-21.5946275" lon="-64.7705341">
    <ele>1916</ele>
    <time>2026-03-15T21:44:16Z</time>
    <extensions>
     <gpxdata:hr>144</gpxdata:hr>
     <gpxdata:distance>10588.50</gpxdata:distance>
     <gpxdata:speed>1.864</gpxdata:speed>
    </extensions>
   </trkpt>
   <trkpt lat="-21.5946344" lon="-64.7705502">
    <ele>1916</ele>
    <time>2026-03-15T21:44:17Z</time>
    <extensions>
     <gpxdata:hr>144</gpxdata:hr>
     <gpxdata:distance>10590.00</gpxdata:distance>
     <gpxdata:speed>1.853</gpxdata:speed>
    </extensions>
   </trkpt>
   <trkpt lat="-21.5946419" lon="-64.7705657">
    <ele>1916</ele>
    <time>2026-03-15T21:44:18Z</time>
    <extensions>
     <gpxdata:hr>144</gpxdata:hr>
     <gpxdata:distance>10592.00</gpxdata:distance>
     <gpxdata:speed>1.783</gpxdata:speed>
    </extensions>
   </trkpt>
   <trkpt lat="-21.5946493" lon="-64.7705808">
    <ele>1916</ele>
    <time>2026-03-15T21:44:19Z</time>
    <extensions>
     <gpxdata:hr>142</gpxdata:hr>
     <gpxdata:distance>10594.00</gpxdata:distance>
     <gpxdata:speed>1.744</gpxdata:speed>
    </extensions>
   </trkpt>
   <trkpt lat="-21.5946561" lon="-64.7705959">
    <ele>1916</ele>
    <time>2026-03-15T21:44:20Z</time>
    <extensions>
     <gpxdata:hr>141</gpxdata:hr>
     <gpxdata:distance>10595.50</gpxdata:distance>
     <gpxdata:speed>1.694</gpxdata:speed>
    </extensions>
   </trkpt>
   <trkpt lat="-21.5946627" lon="-64.7706109">
    <ele>1916</ele>
    <time>2026-03-15T21:44:21Z</time>
    <extensions>
     <gpxdata:hr>140</gpxdata:hr>
     <gpxdata:distance>10597.00</gpxdata:distance>
     <gpxdata:speed>1.692</gpxdata:speed>
    </extensions>
   </trkpt>
   <trkpt lat="-21.5946689" lon="-64.7706255">
    <ele>1916</ele>
    <time>2026-03-15T21:44:22Z</time>
    <extensions>
     <gpxdata:hr>139</gpxdata:hr>
     <gpxdata:distance>10598.50</gpxdata:distance>
     <gpxdata:speed>1.617</gpxdata:speed>
    </extensions>
   </trkpt>
   <trkpt lat="-21.5946758" lon="-64.7706402">
    <ele>1916</ele>
    <time>2026-03-15T21:44:23Z</time>
    <extensions>
     <gpxdata:hr>139</gpxdata:hr>
     <gpxdata:distance>10600.00</gpxdata:distance>
     <gpxdata:speed>1.692</gpxdata:speed>
    </extensions>
   </trkpt>
   <trkpt lat="-21.5946826" lon="-64.7706545">
    <ele>1916</ele>
    <time>2026-03-15T21:44:24Z</time>
    <extensions>
     <gpxdata:hr>140</gpxdata:hr>
     <gpxdata:distance>10602.00</gpxdata:distance>
     <gpxdata:speed>1.636</gpxdata:speed>
    </extensions>
   </trkpt>
   <trkpt lat="-21.5946888" lon="-64.7706689">
    <ele>1916</ele>
    <time>2026-03-15T21:44:25Z</time>
    <extensions>
     <gpxdata:hr>140</gpxdata:hr>
     <gpxdata:distance>10604.00</gpxdata:distance>
     <gpxdata:speed>1.622</gpxdata:speed>
    </extensions>
   </trkpt>
   <trkpt lat="-21.5946947" lon="-64.7706834">
    <ele>1916</ele>
    <time>2026-03-15T21:44:26Z</time>
    <extensions>
     <gpxdata:hr>141</gpxdata:hr>
     <gpxdata:distance>10605.50</gpxdata:distance>
     <gpxdata:speed>1.628</gpxdata:speed>
    </extensions>
   </trkpt>
   <trkpt lat="-21.5947002" lon="-64.7706978">
    <ele>1916</ele>
    <time>2026-03-15T21:44:27Z</time>
    <extensions>
     <gpxdata:hr>141</gpxdata:hr>
     <gpxdata:distance>10607.00</gpxdata:distance>
     <gpxdata:speed>1.583</gpxdata:speed>
    </extensions>
   </trkpt>
   <trkpt lat="-21.5947060" lon="-64.7707119">
    <ele>1916</ele>
    <time>2026-03-15T21:44:28Z</time>
    <extensions>
     <gpxdata:hr>141</gpxdata:hr>
     <gpxdata:distance>10608.50</gpxdata:distance>
     <gpxdata:speed>1.561</gpxdata:speed>
    </extensions>
   </trkpt>
   <trkpt lat="-21.5947116" lon="-64.7707257">
    <ele>1916</ele>
    <time>2026-03-15T21:44:29Z</time>
    <extensions>
     <gpxdata:hr>140</gpxdata:hr>
     <gpxdata:distance>10610.00</gpxdata:distance>
     <gpxdata:speed>1.531</gpxdata:speed>
    </extensions>
   </trkpt>
   <trkpt lat="-21.5947167" lon="-64.7707397">
    <ele>1917</ele>
    <time>2026-03-15T21:44:30Z</time>
    <extensions>
     <gpxdata:hr>139</gpxdata:hr>
     <gpxdata:distance>10611.50</gpxdata:distance>
     <gpxdata:speed>1.539</gpxdata:speed>
    </extensions>
   </trkpt>
   <trkpt lat="-21.5947205" lon="-64.7707536">
    <ele>1917</ele>
    <time>2026-03-15T21:44:31Z</time>
    <extensions>
     <gpxdata:hr>138</gpxdata:hr>
     <gpxdata:distance>10613.00</gpxdata:distance>
     <gpxdata:speed>1.469</gpxdata:speed>
    </extensions>
   </trkpt>
   <trkpt lat="-21.5947231" lon="-64.7707670">
    <ele>1917</ele>
    <time>2026-03-15T21:44:32Z</time>
    <extensions>
     <gpxdata:hr>137</gpxdata:hr>
     <gpxdata:distance>10614.00</gpxdata:distance>
     <gpxdata:speed>1.358</gpxdata:speed>
    </extensions>
   </trkpt>
   <trkpt lat="-21.5947244" lon="-64.7707806">
    <ele>1917</ele>
    <time>2026-03-15T21:44:33Z</time>
    <extensions>
     <gpxdata:hr>136</gpxdata:hr>
     <gpxdata:distance>10615.00</gpxdata:distance>
     <gpxdata:speed>1.400</gpxdata:speed>
    </extensions>
   </trkpt>
   <trkpt lat="-21.5947248" lon="-64.7707942">
    <ele>1917</ele>
    <time>2026-03-15T21:44:34Z</time>
    <extensions>
     <gpxdata:hr>137</gpxdata:hr>
     <gpxdata:distance>10616.50</gpxdata:distance>
     <gpxdata:speed>1.411</gpxdata:speed>
    </extensions>
   </trkpt>
   <trkpt lat="-21.5947248" lon="-64.7708078">
    <ele>1917</ele>
    <time>2026-03-15T21:44:35Z</time>
    <extensions>
     <gpxdata:hr>137</gpxdata:hr>
     <gpxdata:distance>10618.00</gpxdata:distance>
     <gpxdata:speed>1.400</gpxdata:speed>
    </extensions>
   </trkpt>
   <trkpt lat="-21.5947247" lon="-64.7708205">
    <ele>1917</ele>
    <time>2026-03-15T21:44:36Z</time>
    <extensions>
     <gpxdata:hr>137</gpxdata:hr>
     <gpxdata:distance>10619.00</gpxdata:distance>
     <gpxdata:speed>1.269</gpxdata:speed>
    </extensions>
   </trkpt>
   <trkpt lat="-21.5947251" lon="-64.7708328">
    <ele>1917</ele>
    <time>2026-03-15T21:44:37Z</time>
    <extensions>
     <gpxdata:hr>137</gpxdata:hr>
     <gpxdata:distance>10620.00</gpxdata:distance>
     <gpxdata:speed>1.214</gpxdata:speed>
    </extensions>
   </trkpt>
   <trkpt lat="-21.5947259" lon="-64.7708448">
    <ele>1917</ele>
    <time>2026-03-15T21:44:38Z</time>
    <extensions>
     <gpxdata:hr>137</gpxdata:hr>
     <gpxdata:distance>10621.50</gpxdata:distance>
     <gpxdata:speed>1.200</gpxdata:speed>
    </extensions>
   </trkpt>
   <trkpt lat="-21.5947277" lon="-64.7708567">
    <ele>1917</ele>
    <time>2026-03-15T21:44:39Z</time>
    <extensions>
     <gpxdata:hr>137</gpxdata:hr>
     <gpxdata:distance>10623.00</gpxdata:distance>
     <gpxdata:speed>1.231</gpxdata:speed>
    </extensions>
   </trkpt>
   <trkpt lat="-21.5947298" lon="-64.7708685">
    <ele>1917</ele>
    <time>2026-03-15T21:44:40Z</time>
    <extensions>
     <gpxdata:hr>137</gpxdata:hr>
     <gpxdata:distance>10624.00</gpxdata:distance>
     <gpxdata:speed>1.236</gpxdata:speed>
    </extensions>
   </trkpt>
   <trkpt lat="-21.5947323" lon="-64.7708799">
    <ele>1917</ele>
    <time>2026-03-15T21:44:41Z</time>
    <extensions>
     <gpxdata:hr>137</gpxdata:hr>
     <gpxdata:distance>10625.00</gpxdata:distance>
     <gpxdata:speed>1.189</gpxdata:speed>
    </extensions>
   </trkpt>
   <trkpt lat="-21.5947350" lon="-64.7708913">
    <ele>1917</ele>
    <time>2026-03-15T21:44:42Z</time>
    <extensions>
     <gpxdata:hr>137</gpxdata:hr>
     <gpxdata:distance>10626.50</gpxdata:distance>
     <gpxdata:speed>1.200</gpxdata:speed>
    </extensions>
   </trkpt>
   <trkpt lat="-21.5947375" lon="-64.7709031">
    <ele>1917</ele>
    <time>2026-03-15T21:44:43Z</time>
    <extensions>
     <gpxdata:hr>137</gpxdata:hr>
     <gpxdata:distance>10628.00</gpxdata:distance>
     <gpxdata:speed>1.269</gpxdata:speed>
    </extensions>
   </trkpt>
   <trkpt lat="-21.5947405" lon="-64.7709153">
    <ele>1918</ele>
    <time>2026-03-15T21:44:44Z</time>
    <extensions>
     <gpxdata:hr>137</gpxdata:hr>
     <gpxdata:distance>10629.50</gpxdata:distance>
     <gpxdata:speed>1.358</gpxdata:speed>
    </extensions>
   </trkpt>
   <trkpt lat="-21.5947441" lon="-64.7709276">
    <ele>1918</ele>
    <time>2026-03-15T21:44:45Z</time>
    <extensions>
     <gpxdata:hr>137</gpxdata:hr>
     <gpxdata:distance>10631.00</gpxdata:distance>
     <gpxdata:speed>1.367</gpxdata:speed>
    </extensions>
   </trkpt>
   <trkpt lat="-21.5947482" lon="-64.7709397">
    <ele>1918</ele>
    <time>2026-03-15T21:44:46Z</time>
    <extensions>
     <gpxdata:hr>137</gpxdata:hr>
     <gpxdata:distance>10632.00</gpxdata:distance>
     <gpxdata:speed>1.356</gpxdata:speed>
    </extensions>
   </trkpt>
   <trkpt lat="-21.5947526" lon="-64.7709509">
    <ele>1918</ele>
    <time>2026-03-15T21:44:47Z</time>
    <extensions>
     <gpxdata:hr>136</gpxdata:hr>
     <gpxdata:distance>10633.00</gpxdata:distance>
     <gpxdata:speed>1.233</gpxdata:speed>
    </extensions>
   </trkpt>
   <trkpt lat="-21.5947580" lon="-64.7709620">
    <ele>1918</ele>
    <time>2026-03-15T21:44:48Z</time>
    <extensions>
     <gpxdata:hr>136</gpxdata:hr>
     <gpxdata:distance>10634.50</gpxdata:distance>
     <gpxdata:speed>1.300</gpxdata:speed>
    </extensions>
   </trkpt>
   <trkpt lat="-21.5947642" lon="-64.7709732">
    <ele>1918</ele>
    <time>2026-03-15T21:44:49Z</time>
    <extensions>
     <gpxdata:hr>136</gpxdata:hr>
     <gpxdata:distance>10636.00</gpxdata:distance>
     <gpxdata:speed>1.397</gpxdata:speed>
    </extensions>
   </trkpt>
   <trkpt lat="-21.5947712" lon="-64.7709837">
    <ele>1918</ele>
    <time>2026-03-15T21:44:50Z</time>
    <extensions>
     <gpxdata:hr>136</gpxdata:hr>
     <gpxdata:distance>10637.50</gpxdata:distance>
     <gpxdata:speed>1.369</gpxdata:speed>
    </extensions>
   </trkpt>
   <trkpt lat="-21.5947787" lon="-64.7709944">
    <ele>1918</ele>
    <time>2026-03-15T21:44:51Z</time>
    <extensions>
     <gpxdata:hr>134</gpxdata:hr>
     <gpxdata:distance>10639.00</gpxdata:distance>
     <gpxdata:speed>1.419</gpxdata:speed>
    </extensions>
   </trkpt>
   <trkpt lat="-21.5947868" lon="-64.7710049">
    <ele>1918</ele>
    <time>2026-03-15T21:44:52Z</time>
    <extensions>
     <gpxdata:hr>134</gpxdata:hr>
     <gpxdata:distance>10640.00</gpxdata:distance>
     <gpxdata:speed>1.464</gpxdata:speed>
    </extensions>
   </trkpt>
   <trkpt lat="-21.5947951" lon="-64.7710150">
    <ele>1918</ele>
    <time>2026-03-15T21:44:53Z</time>
    <extensions>
     <gpxdata:hr>134</gpxdata:hr>
     <gpxdata:distance>10641.00</gpxdata:distance>
     <gpxdata:speed>1.403</gpxdata:speed>
    </extensions>
   </trkpt>
   <trkpt lat="-21.5948043" lon="-64.7710248">
    <ele>1918</ele>
    <time>2026-03-15T21:44:54Z</time>
    <extensions>
     <gpxdata:hr>134</gpxdata:hr>
     <gpxdata:distance>10642.50</gpxdata:distance>
     <gpxdata:speed>1.478</gpxdata:speed>
    </extensions>
   </trkpt>
   <trkpt lat="-21.5948130" lon="-64.7710336">
    <ele>1918</ele>
    <time>2026-03-15T21:44:55Z</time>
    <extensions>
     <gpxdata:hr>132</gpxdata:hr>
     <gpxdata:distance>10644.00</gpxdata:distance>
     <gpxdata:speed>1.292</gpxdata:speed>
    </extensions>
   </trkpt>
   <trkpt lat="-21.5948212" lon="-64.7710423">
    <ele>1918</ele>
    <time>2026-03-15T21:44:56Z</time>
    <extensions>
     <gpxdata:hr>132</gpxdata:hr>
     <gpxdata:distance>10645.50</gpxdata:distance>
     <gpxdata:speed>1.228</gpxdata:speed>
    </extensions>
   </trkpt>
   <trkpt lat="-21.5948289" lon="-64.7710517">
    <ele>1918</ele>
    <time>2026-03-15T21:44:57Z</time>
    <extensions>
     <gpxdata:hr>131</gpxdata:hr>
     <gpxdata:distance>10647.00</gpxdata:distance>
     <gpxdata:speed>1.275</gpxdata:speed>
    </extensions>
   </trkpt>
   <trkpt lat="-21.5948358" lon="-64.7710611">
    <ele>1918</ele>
    <time>2026-03-15T21:44:58Z</time>
    <extensions>
     <gpxdata:hr>131</gpxdata:hr>
     <gpxdata:distance>10648.00</gpxdata:distance>
     <gpxdata:speed>1.200</gpxdata:speed>
    </extensions>
   </trkpt>
   <trkpt lat="-21.5948418" lon="-64.7710717">
    <ele>1919</ele>
    <time>2026-03-15T21:44:59Z</time>
    <extensions>
     <gpxdata:hr>131</gpxdata:hr>
     <gpxdata:distance>10649.00</gpxdata:distance>
     <gpxdata:speed>1.300</gpxdata:speed>
    </extensions>
   </trkpt>
   <trkpt lat="-21.5948468" lon="-64.7710829">
    <ele>1919</ele>
    <time>2026-03-15T21:45:00Z</time>
    <extensions>
     <gpxdata:hr>132</gpxdata:hr>
     <gpxdata:distance>10650.50</gpxdata:distance>
     <gpxdata:speed>1.317</gpxdata:speed>
    </extensions>
   </trkpt>
   <trkpt lat="-21.5948517" lon="-64.7710940">
    <ele>1919</ele>
    <time>2026-03-15T21:45:01Z</time>
    <extensions>
     <gpxdata:hr>132</gpxdata:hr>
     <gpxdata:distance>10652.00</gpxdata:distance>
     <gpxdata:speed>1.269</gpxdata:speed>
    </extensions>
   </trkpt>
   <trkpt lat="-21.5948573" lon="-64.7711044">
    <ele>1919</ele>
    <time>2026-03-15T21:45:02Z</time>
    <extensions>
     <gpxdata:hr>132</gpxdata:hr>
     <gpxdata:distance>10653.00</gpxdata:distance>
     <gpxdata:speed>1.228</gpxdata:speed>
    </extensions>
   </trkpt>
   <trkpt lat="-21.5948633" lon="-64.7711145">
    <ele>1919</ele>
    <time>2026-03-15T21:45:03Z</time>
    <extensions>
     <gpxdata:hr>131</gpxdata:hr>
     <gpxdata:distance>10654.00</gpxdata:distance>
     <gpxdata:speed>1.239</gpxdata:speed>
    </extensions>
   </trkpt>
   <trkpt lat="-21.5948708" lon="-64.7711245">
    <ele>1919</ele>
    <time>2026-03-15T21:45:04Z</time>
    <extensions>
     <gpxdata:hr>131</gpxdata:hr>
     <gpxdata:distance>10655.50</gpxdata:distance>
     <gpxdata:speed>1.381</gpxdata:speed>
    </extensions>
   </trkpt>
   <trkpt lat="-21.5948788" lon="-64.7711345">
    <ele>1919</ele>
    <time>2026-03-15T21:45:05Z</time>
    <extensions>
     <gpxdata:hr>131</gpxdata:hr>
     <gpxdata:distance>10657.00</gpxdata:distance>
     <gpxdata:speed>1.419</gpxdata:speed>
    </extensions>
   </trkpt>
   <trkpt lat="-21.5948874" lon="-64.7711445">
    <ele>1919</ele>
    <time>2026-03-15T21:45:06Z</time>
    <extensions>
     <gpxdata:hr>131</gpxdata:hr>
     <gpxdata:distance>10658.50</gpxdata:distance>
     <gpxdata:speed>1.464</gpxdata:speed>
    </extensions>
   </trkpt>
   <trkpt lat="-21.5948961" lon="-64.7711545">
    <ele>1920</ele>
    <time>2026-03-15T21:45:07Z</time>
    <extensions>
     <gpxdata:hr>132</gpxdata:hr>
     <gpxdata:distance>10660.00</gpxdata:distance>
     <gpxdata:speed>1.450</gpxdata:speed>
    </extensions>
   </trkpt>
   <trkpt lat="-21.5949051" lon="-64.7711641">
    <ele>1920</ele>
    <time>2026-03-15T21:45:08Z</time>
    <extensions>
     <gpxdata:hr>131</gpxdata:hr>
     <gpxdata:distance>10661.50</gpxdata:distance>
     <gpxdata:speed>1.431</gpxdata:speed>
    </extensions>
   </trkpt>
   <trkpt lat="-21.5949144" lon="-64.7711737">
    <ele>1920</ele>
    <time>2026-03-15T21:45:09Z</time>
    <extensions>
     <gpxdata:hr>132</gpxdata:hr>
     <gpxdata:distance>10663.00</gpxdata:distance>
     <gpxdata:speed>1.456</gpxdata:speed>
    </extensions>
   </trkpt>
   <trkpt lat="-21.5949239" lon="-64.7711831">
    <ele>1920</ele>
    <time>2026-03-15T21:45:10Z</time>
    <extensions>
     <gpxdata:hr>134</gpxdata:hr>
     <gpxdata:distance>10664.50</gpxdata:distance>
     <gpxdata:speed>1.444</gpxdata:speed>
    </extensions>
   </trkpt>
   <trkpt lat="-21.5949336" lon="-64.7711921">
    <ele>1920</ele>
    <time>2026-03-15T21:45:11Z</time>
    <extensions>
     <gpxdata:hr>136</gpxdata:hr>
     <gpxdata:distance>10666.00</gpxdata:distance>
     <gpxdata:speed>1.428</gpxdata:speed>
    </extensions>
   </trkpt>
   <trkpt lat="-21.5949437" lon="-64.7712012">
    <ele>1920</ele>
    <time>2026-03-15T21:45:12Z</time>
    <extensions>
     <gpxdata:hr>137</gpxdata:hr>
     <gpxdata:distance>10667.50</gpxdata:distance>
     <gpxdata:speed>1.503</gpxdata:speed>
    </extensions>
   </trkpt>
   <trkpt lat="-21.5949543" lon="-64.7712103">
    <ele>1920</ele>
    <time>2026-03-15T21:45:13Z</time>
    <extensions>
     <gpxdata:hr>138</gpxdata:hr>
     <gpxdata:distance>10669.00</gpxdata:distance>
     <gpxdata:speed>1.542</gpxdata:speed>
    </extensions>
   </trkpt>
   <trkpt lat="-21.5949653" lon="-64.7712195">
    <ele>1920</ele>
    <time>2026-03-15T21:45:14Z</time>
    <extensions>
     <gpxdata:hr>139</gpxdata:hr>
     <gpxdata:distance>10670.50</gpxdata:distance>
     <gpxdata:speed>1.594</gpxdata:speed>
    </extensions>
   </trkpt>
   <trkpt lat="-21.5949762" lon="-64.7712286">
    <ele>1920</ele>
    <time>2026-03-15T21:45:15Z</time>
    <extensions>
     <gpxdata:hr>139</gpxdata:hr>
     <gpxdata:distance>10672.00</gpxdata:distance>
     <gpxdata:speed>1.542</gpxdata:speed>
    </extensions>
   </trkpt>
   <trkpt lat="-21.5949871" lon="-64.7712378">
    <ele>1921</ele>
    <time>2026-03-15T21:45:16Z</time>
    <extensions>
     <gpxdata:hr>139</gpxdata:hr>
     <gpxdata:distance>10673.50</gpxdata:distance>
     <gpxdata:speed>1.567</gpxdata:speed>
    </extensions>
   </trkpt>
   <trkpt lat="-21.5949979" lon="-64.7712476">
    <ele>1921</ele>
    <time>2026-03-15T21:45:17Z</time>
    <extensions>
     <gpxdata:hr>139</gpxdata:hr>
     <gpxdata:distance>10675.00</gpxdata:distance>
     <gpxdata:speed>1.594</gpxdata:speed>
    </extensions>
   </trkpt>
   <trkpt lat="-21.5950084" lon="-64.7712577">
    <ele>1921</ele>
    <time>2026-03-15T21:45:18Z</time>
    <extensions>
     <gpxdata:hr>139</gpxdata:hr>
     <gpxdata:distance>10676.50</gpxdata:distance>
     <gpxdata:speed>1.578</gpxdata:speed>
    </extensions>
   </trkpt>
   <trkpt lat="-21.5950184" lon="-64.7712681">
    <ele>1921</ele>
    <time>2026-03-15T21:45:19Z</time>
    <extensions>
     <gpxdata:hr>139</gpxdata:hr>
     <gpxdata:distance>10678.00</gpxdata:distance>
     <gpxdata:speed>1.547</gpxdata:speed>
    </extensions>
   </trkpt>
   <trkpt lat="-21.5950275" lon="-64.7712785">
    <ele>1921</ele>
    <time>2026-03-15T21:45:20Z</time>
    <extensions>
     <gpxdata:hr>139</gpxdata:hr>
     <gpxdata:distance>10679.50</gpxdata:distance>
     <gpxdata:speed>1.442</gpxdata:speed>
    </extensions>
   </trkpt>
   <trkpt lat="-21.5950362" lon="-64.7712889">
    <ele>1921</ele>
    <time>2026-03-15T21:45:21Z</time>
    <extensions>
     <gpxdata:hr>138</gpxdata:hr>
     <gpxdata:distance>10681.00</gpxdata:distance>
     <gpxdata:speed>1.397</gpxdata:speed>
    </extensions>
   </trkpt>
   <trkpt lat="-21.5950458" lon="-64.7712995">
    <ele>1921</ele>
    <time>2026-03-15T21:45:22Z</time>
    <extensions>
     <gpxdata:hr>138</gpxdata:hr>
     <gpxdata:distance>10683.00</gpxdata:distance>
     <gpxdata:speed>1.561</gpxdata:speed>
    </extensions>
   </trkpt>
   <trkpt lat="-21.5950562" lon="-64.7713100">
    <ele>1921</ele>
    <time>2026-03-15T21:45:23Z</time>
    <extensions>
     <gpxdata:hr>138</gpxdata:hr>
     <gpxdata:distance>10685.00</gpxdata:distance>
     <gpxdata:speed>1.636</gpxdata:speed>
    </extensions>
   </trkpt>
   <trkpt lat="-21.5950674" lon="-64.7713204">
    <ele>1921</ele>
    <time>2026-03-15T21:45:24Z</time>
    <extensions>
     <gpxdata:hr>138</gpxdata:hr>
     <gpxdata:distance>10686.50</gpxdata:distance>
     <gpxdata:speed>1.714</gpxdata:speed>
    </extensions>
   </trkpt>
   <trkpt lat="-21.5950790" lon="-64.7713311">
    <ele>1921</ele>
    <time>2026-03-15T21:45:25Z</time>
    <extensions>
     <gpxdata:hr>138</gpxdata:hr>
     <gpxdata:distance>10688.00</gpxdata:distance>
     <gpxdata:speed>1.756</gpxdata:speed>
    </extensions>
   </trkpt>
   <trkpt lat="-21.5950903" lon="-64.7713420">
    <ele>1921</ele>
    <time>2026-03-15T21:45:26Z</time>
    <extensions>
     <gpxdata:hr>138</gpxdata:hr>
     <gpxdata:distance>10689.50</gpxdata:distance>
     <gpxdata:speed>1.719</gpxdata:speed>
    </extensions>
   </trkpt>
   <trkpt lat="-21.5951012" lon="-64.7713532">
    <ele>1921</ele>
    <time>2026-03-15T21:45:27Z</time>
    <extensions>
     <gpxdata:hr>138</gpxdata:hr>
     <gpxdata:distance>10691.00</gpxdata:distance>
     <gpxdata:speed>1.683</gpxdata:speed>
    </extensions>
   </trkpt>
   <trkpt lat="-21.5951118" lon="-64.7713642">
    <ele>1921</ele>
    <time>2026-03-15T21:45:28Z</time>
    <extensions>
     <gpxdata:hr>138</gpxdata:hr>
     <gpxdata:distance>10693.00</gpxdata:distance>
     <gpxdata:speed>1.617</gpxdata:speed>
    </extensions>
   </trkpt>
   <trkpt lat="-21.5951229" lon="-64.7713752">
    <ele>1922</ele>
    <time>2026-03-15T21:45:29Z</time>
    <extensions>
     <gpxdata:hr>138</gpxdata:hr>
     <gpxdata:distance>10695.00</gpxdata:distance>
     <gpxdata:speed>1.703</gpxdata:speed>
    </extensions>
   </trkpt>
   <trkpt lat="-21.5951339" lon="-64.7713864">
    <ele>1922</ele>
    <time>2026-03-15T21:45:30Z</time>
    <extensions>
     <gpxdata:hr>139</gpxdata:hr>
     <gpxdata:distance>10696.50</gpxdata:distance>
     <gpxdata:speed>1.700</gpxdata:speed>
    </extensions>
   </trkpt>
   <trkpt lat="-21.5951447" lon="-64.7713982">
    <ele>1922</ele>
    <time>2026-03-15T21:45:31Z</time>
    <extensions>
     <gpxdata:hr>139</gpxdata:hr>
     <gpxdata:distance>10698.00</gpxdata:distance>
     <gpxdata:speed>1.722</gpxdata:speed>
    </extensions>
   </trkpt>
   <trkpt lat="-21.5951552" lon="-64.7714101">
    <ele>1922</ele>
    <time>2026-03-15T21:45:32Z</time>
    <extensions>
     <gpxdata:hr>139</gpxdata:hr>
     <gpxdata:distance>10699.50</gpxdata:distance>
     <gpxdata:speed>1.700</gpxdata:speed>
    </extensions>
   </trkpt>
   <trkpt lat="-21.5951651" lon="-64.7714219">
    <ele>1922</ele>
    <time>2026-03-15T21:45:33Z</time>
    <extensions>
     <gpxdata:hr>139</gpxdata:hr>
     <gpxdata:distance>10701.00</gpxdata:distance>
     <gpxdata:speed>1.631</gpxdata:speed>
    </extensions>
   </trkpt>
   <trkpt lat="-21.5951746" lon="-64.7714341">
    <ele>1922</ele>
    <time>2026-03-15T21:45:34Z</time>
    <extensions>
     <gpxdata:hr>139</gpxdata:hr>
     <gpxdata:distance>10703.00</gpxdata:distance>
     <gpxdata:speed>1.622</gpxdata:speed>
    </extensions>
   </trkpt>
   <trkpt lat="-21.5951844" lon="-64.7714466">
    <ele>1922</ele>
    <time>2026-03-15T21:45:35Z</time>
    <extensions>
     <gpxdata:hr>139</gpxdata:hr>
     <gpxdata:distance>10705.00</gpxdata:distance>
     <gpxdata:speed>1.714</gpxdata:speed>
    </extensions>
   </trkpt>
   <trkpt lat="-21.5951944" lon="-64.7714590">
    <ele>1922</ele>
    <time>2026-03-15T21:45:36Z</time>
    <extensions>
     <gpxdata:hr>139</gpxdata:hr>
     <gpxdata:distance>10706.50</gpxdata:distance>
     <gpxdata:speed>1.708</gpxdata:speed>
    </extensions>
   </trkpt>
   <trkpt lat="-21.5952036" lon="-64.7714716">
    <ele>1922</ele>
    <time>2026-03-15T21:45:37Z</time>
    <extensions>
     <gpxdata:hr>137</gpxdata:hr>
     <gpxdata:distance>10708.00</gpxdata:distance>
     <gpxdata:speed>1.650</gpxdata:speed>
    </extensions>
   </trkpt>
   <trkpt lat="-21.5952125" lon="-64.7714844">
    <ele>1922</ele>
    <time>2026-03-15T21:45:38Z</time>
    <extensions>
     <gpxdata:hr>137</gpxdata:hr>
     <gpxdata:distance>10709.50</gpxdata:distance>
     <gpxdata:speed>1.639</gpxdata:speed>
    </extensions>
   </trkpt>
   <trkpt lat="-21.5952212" lon="-64.7714973">
    <ele>1922</ele>
    <time>2026-03-15T21:45:39Z</time>
    <extensions>
     <gpxdata:hr>137</gpxdata:hr>
     <gpxdata:distance>10711.00</gpxdata:distance>
     <gpxdata:speed>1.644</gpxdata:speed>
    </extensions>
   </trkpt>
   <trkpt lat="-21.5952301" lon="-64.7715101">
    <ele>1922</ele>
    <time>2026-03-15T21:45:40Z</time>
    <extensions>
     <gpxdata:hr>137</gpxdata:hr>
     <gpxdata:distance>10713.00</gpxdata:distance>
     <gpxdata:speed>1.642</gpxdata:speed>
    </extensions>
   </trkpt>
   <trkpt lat="-21.5952393" lon="-64.7715228">
    <ele>1922</ele>
    <time>2026-03-15T21:45:41Z</time>
    <extensions>
     <gpxdata:hr>137</gpxdata:hr>
     <gpxdata:distance>10715.00</gpxdata:distance>
     <gpxdata:speed>1.686</gpxdata:speed>
    </extensions>
   </trkpt>
   <trkpt lat="-21.5952488" lon="-64.7715354">
    <ele>1923</ele>
    <time>2026-03-15T21:45:42Z</time>
    <extensions>
     <gpxdata:hr>137</gpxdata:hr>
     <gpxdata:distance>10716.50</gpxdata:distance>
     <gpxdata:speed>1.681</gpxdata:speed>
    </extensions>
   </trkpt>
   <trkpt lat="-21.5952589" lon="-64.7715477">
    <ele>1923</ele>
    <time>2026-03-15T21:45:43Z</time>
    <extensions>
     <gpxdata:hr>137</gpxdata:hr>
     <gpxdata:distance>10718.00</gpxdata:distance>
     <gpxdata:speed>1.708</gpxdata:speed>
    </extensions>
   </trkpt>
   <trkpt lat="-21.5952690" lon="-64.7715601">
    <ele>1923</ele>
    <time>2026-03-15T21:45:44Z</time>
    <extensions>
     <gpxdata:hr>137</gpxdata:hr>
     <gpxdata:distance>10719.50</gpxdata:distance>
     <gpxdata:speed>1.736</gpxdata:speed>
    </extensions>
   </trkpt>
   <trkpt lat="-21.5952788" lon="-64.7715721">
    <ele>1923</ele>
    <time>2026-03-15T21:45:45Z</time>
    <extensions>
     <gpxdata:hr>137</gpxdata:hr>
     <gpxdata:distance>10721.00</gpxdata:distance>
     <gpxdata:speed>1.622</gpxdata:speed>
    </extensions>
   </trkpt>
   <trkpt lat="-21.5952889" lon="-64.7715842">
    <ele>1923</ele>
    <time>2026-03-15T21:45:46Z</time>
    <extensions>
     <gpxdata:hr>137</gpxdata:hr>
     <gpxdata:distance>10723.00</gpxdata:distance>
     <gpxdata:speed>1.686</gpxdata:speed>
    </extensions>
   </trkpt>
   <trkpt lat="-21.5952991" lon="-64.7715959">
    <ele>1923</ele>
    <time>2026-03-15T21:45:47Z</time>
    <extensions>
     <gpxdata:hr>137</gpxdata:hr>
     <gpxdata:distance>10725.00</gpxdata:distance>
     <gpxdata:speed>1.642</gpxdata:speed>
    </extensions>
   </trkpt>
   <trkpt lat="-21.5953089" lon="-64.7716075">
    <ele>1923</ele>
    <time>2026-03-15T21:45:48Z</time>
    <extensions>
     <gpxdata:hr>137</gpxdata:hr>
     <gpxdata:distance>10726.50</gpxdata:distance>
     <gpxdata:speed>1.589</gpxdata:speed>
    </extensions>
   </trkpt>
   <trkpt lat="-21.5953186" lon="-64.7716187">
    <ele>1923</ele>
    <time>2026-03-15T21:45:49Z</time>
    <extensions>
     <gpxdata:hr>137</gpxdata:hr>
     <gpxdata:distance>10728.00</gpxdata:distance>
     <gpxdata:speed>1.550</gpxdata:speed>
    </extensions>
   </trkpt>
   <trkpt lat="-21.5953283" lon="-64.7716302">
    <ele>1923</ele>
    <time>2026-03-15T21:45:50Z</time>
    <extensions>
     <gpxdata:hr>137</gpxdata:hr>
     <gpxdata:distance>10729.50</gpxdata:distance>
     <gpxdata:speed>1.617</gpxdata:speed>
    </extensions>
   </trkpt>
   <trkpt lat="-21.5953382" lon="-64.7716420">
    <ele>1923</ele>
    <time>2026-03-15T21:45:51Z</time>
    <extensions>
     <gpxdata:hr>138</gpxdata:hr>
     <gpxdata:distance>10731.00</gpxdata:distance>
     <gpxdata:speed>1.642</gpxdata:speed>
    </extensions>
   </trkpt>
   <trkpt lat="-21.5953484" lon="-64.7716541">
    <ele>1923</ele>
    <time>2026-03-15T21:45:52Z</time>
    <extensions>
     <gpxdata:hr>139</gpxdata:hr>
     <gpxdata:distance>10733.00</gpxdata:distance>
     <gpxdata:speed>1.733</gpxdata:speed>
    </extensions>
   </trkpt>
   <trkpt lat="-21.5953587" lon="-64.7716662">
    <ele>1924</ele>
    <time>2026-03-15T21:45:53Z</time>
    <extensions>
     <gpxdata:hr>141</gpxdata:hr>
     <gpxdata:distance>10735.00</gpxdata:distance>
     <gpxdata:speed>1.725</gpxdata:speed>
    </extensions>
   </trkpt>
   <trkpt lat="-21.5953694" lon="-64.7716778">
    <ele>1924</ele>
    <time>2026-03-15T21:45:54Z</time>
    <extensions>
     <gpxdata:hr>142</gpxdata:hr>
     <gpxdata:distance>10736.50</gpxdata:distance>
     <gpxdata:speed>1.697</gpxdata:speed>
    </extensions>
   </trkpt>
   <trkpt lat="-21.5953800" lon="-64.7716897">
    <ele>1924</ele>
    <time>2026-03-15T21:45:55Z</time>
    <extensions>
     <gpxdata:hr>142</gpxdata:hr>
     <gpxdata:distance>10738.00</gpxdata:distance>
     <gpxdata:speed>1.711</gpxdata:speed>
    </extensions>
   </trkpt>
   <trkpt lat="-21.5953900" lon="-64.7717020">
    <ele>1924</ele>
    <time>2026-03-15T21:45:56Z</time>
    <extensions>
     <gpxdata:hr>143</gpxdata:hr>
     <gpxdata:distance>10739.50</gpxdata:distance>
     <gpxdata:speed>1.694</gpxdata:speed>
    </extensions>
   </trkpt>
   <trkpt lat="-21.5953995" lon="-64.7717146">
    <ele>1924</ele>
    <time>2026-03-15T21:45:57Z</time>
    <extensions>
     <gpxdata:hr>143</gpxdata:hr>
     <gpxdata:distance>10741.00</gpxdata:distance>
     <gpxdata:speed>1.678</gpxdata:speed>
    </extensions>
   </trkpt>
   <trkpt lat="-21.5954094" lon="-64.7717275">
    <ele>1924</ele>
    <time>2026-03-15T21:45:58Z</time>
    <extensions>
     <gpxdata:hr>144</gpxdata:hr>
     <gpxdata:distance>10743.00</gpxdata:distance>
     <gpxdata:speed>1.744</gpxdata:speed>
    </extensions>
   </trkpt>
   <trkpt lat="-21.5954193" lon="-64.7717402">
    <ele>1924</ele>
    <time>2026-03-15T21:45:59Z</time>
    <extensions>
     <gpxdata:hr>144</gpxdata:hr>
     <gpxdata:distance>10745.00</gpxdata:distance>
     <gpxdata:speed>1.725</gpxdata:speed>
    </extensions>
   </trkpt>
   <trkpt lat="-21.5954301" lon="-64.7717522">
    <ele>1924</ele>
    <time>2026-03-15T21:46:00Z</time>
    <extensions>
     <gpxdata:hr>143</gpxdata:hr>
     <gpxdata:distance>10747.00</gpxdata:distance>
     <gpxdata:speed>1.739</gpxdata:speed>
    </extensions>
   </trkpt>
   <trkpt lat="-21.5954410" lon="-64.7717647">
    <ele>1924</ele>
    <time>2026-03-15T21:46:01Z</time>
    <extensions>
     <gpxdata:hr>143</gpxdata:hr>
     <gpxdata:distance>10749.00</gpxdata:distance>
     <gpxdata:speed>1.794</gpxdata:speed>
    </extensions>
   </trkpt>
   <trkpt lat="-21.5954516" lon="-64.7717775">
    <ele>1924</ele>
    <time>2026-03-15T21:46:02Z</time>
    <extensions>
     <gpxdata:hr>143</gpxdata:hr>
     <gpxdata:distance>10750.50</gpxdata:distance>
     <gpxdata:speed>1.800</gpxdata:speed>
    </extensions>
   </trkpt>
   <trkpt lat="-21.5954617" lon="-64.7717905">
    <ele>1924</ele>
    <time>2026-03-15T21:46:03Z</time>
    <extensions>
     <gpxdata:hr>143</gpxdata:hr>
     <gpxdata:distance>10752.00</gpxdata:distance>
     <gpxdata:speed>1.750</gpxdata:speed>
    </extensions>
   </trkpt>
   <trkpt lat="-21.5954716" lon="-64.7718029">
    <ele>1924</ele>
    <time>2026-03-15T21:46:04Z</time>
    <extensions>
     <gpxdata:hr>143</gpxdata:hr>
     <gpxdata:distance>10753.50</gpxdata:distance>
     <gpxdata:speed>1.653</gpxdata:speed>
    </extensions>
   </trkpt>
   <trkpt lat="-21.5954818" lon="-64.7718150">
    <ele>1924</ele>
    <time>2026-03-15T21:46:05Z</time>
    <extensions>
     <gpxdata:hr>144</gpxdata:hr>
     <gpxdata:distance>10755.00</gpxdata:distance>
     <gpxdata:speed>1.667</gpxdata:speed>
    </extensions>
   </trkpt>
   <trkpt lat="-21.5954925" lon="-64.7718276">
    <ele>1924</ele>
    <time>2026-03-15T21:46:06Z</time>
    <extensions>
     <gpxdata:hr>144</gpxdata:hr>
     <gpxdata:distance>10757.00</gpxdata:distance>
     <gpxdata:speed>1.794</gpxdata:speed>
    </extensions>
   </trkpt>
   <trkpt lat="-21.5955027" lon="-64.7718409">
    <ele>1924</ele>
    <time>2026-03-15T21:46:07Z</time>
    <extensions>
     <gpxdata:hr>143</gpxdata:hr>
     <gpxdata:distance>10759.00</gpxdata:distance>
     <gpxdata:speed>1.822</gpxdata:speed>
    </extensions>
   </trkpt>
   <trkpt lat="-21.5955125" lon="-64.7718540">
    <ele>1924</ele>
    <time>2026-03-15T21:46:08Z</time>
    <extensions>
     <gpxdata:hr>143</gpxdata:hr>
     <gpxdata:distance>10761.00</gpxdata:distance>
     <gpxdata:speed>1.725</gpxdata:speed>
    </extensions>
   </trkpt>
   <trkpt lat="-21.5955225" lon="-64.7718675">
    <ele>1924</ele>
    <time>2026-03-15T21:46:09Z</time>
    <extensions>
     <gpxdata:hr>143</gpxdata:hr>
     <gpxdata:distance>10763.00</gpxdata:distance>
     <gpxdata:speed>1.806</gpxdata:speed>
    </extensions>
   </trkpt>
   <trkpt lat="-21.5955329" lon="-64.7718807">
    <ele>1925</ele>
    <time>2026-03-15T21:46:10Z</time>
    <extensions>
     <gpxdata:hr>143</gpxdata:hr>
     <gpxdata:distance>10764.50</gpxdata:distance>
     <gpxdata:speed>1.808</gpxdata:speed>
    </extensions>
   </trkpt>
   <trkpt lat="-21.5955438" lon="-64.7718939">
    <ele>1925</ele>
    <time>2026-03-15T21:46:11Z</time>
    <extensions>
     <gpxdata:hr>143</gpxdata:hr>
     <gpxdata:distance>10766.00</gpxdata:distance>
     <gpxdata:speed>1.839</gpxdata:speed>
    </extensions>
   </trkpt>
   <trkpt lat="-21.5955549" lon="-64.7719074">
    <ele>1925</ele>
    <time>2026-03-15T21:46:12Z</time>
    <extensions>
     <gpxdata:hr>143</gpxdata:hr>
     <gpxdata:distance>10768.00</gpxdata:distance>
     <gpxdata:speed>1.914</gpxdata:speed>
    </extensions>
   </trkpt>
   <trkpt lat="-21.5955655" lon="-64.7719217">
    <ele>1925</ele>
    <time>2026-03-15T21:46:13Z</time>
    <extensions>
     <gpxdata:hr>143</gpxdata:hr>
     <gpxdata:distance>10770.00</gpxdata:distance>
     <gpxdata:speed>1.933</gpxdata:speed>
    </extensions>
   </trkpt>
   <trkpt lat="-21.5955765" lon="-64.7719379">
    <ele>1925</ele>
    <time>2026-03-15T21:46:14Z</time>
    <extensions>
     <gpxdata:hr>143</gpxdata:hr>
     <gpxdata:distance>10772.50</gpxdata:distance>
     <gpxdata:speed>2.206</gpxdata:speed>
    </extensions>
   </trkpt>
   <trkpt lat="-21.5955899" lon="-64.7719603">
    <ele>1925</ele>
    <time>2026-03-15T21:46:15Z</time>
    <extensions>
     <gpxdata:hr>143</gpxdata:hr>
     <gpxdata:distance>10775.00</gpxdata:distance>
     <gpxdata:speed>2.064</gpxdata:speed>
    </extensions>
   </trkpt>
   <trkpt lat="-21.5956001" lon="-64.7719795">
    <ele>1925</ele>
    <time>2026-03-15T21:46:16Z</time>
    <extensions>
     <gpxdata:hr>143</gpxdata:hr>
     <gpxdata:distance>10777.00</gpxdata:distance>
     <gpxdata:speed>2.053</gpxdata:speed>
    </extensions>
   </trkpt>
   <trkpt lat="-21.5956101" lon="-64.7719978">
    <ele>1925</ele>
    <time>2026-03-15T21:46:17Z</time>
    <extensions>
     <gpxdata:hr>143</gpxdata:hr>
     <gpxdata:distance>10779.00</gpxdata:distance>
     <gpxdata:speed>2.128</gpxdata:speed>
    </extensions>
   </trkpt>
   <trkpt lat="-21.5956206" lon="-64.7720160">
    <ele>1925</ele>
    <time>2026-03-15T21:46:18Z</time>
    <extensions>
     <gpxdata:hr>142</gpxdata:hr>
     <gpxdata:distance>10781.50</gpxdata:distance>
     <gpxdata:speed>2.206</gpxdata:speed>
    </extensions>
   </trkpt>
   <trkpt lat="-21.5956320" lon="-64.7720337">
    <ele>1925</ele>
    <time>2026-03-15T21:46:19Z</time>
    <extensions>
     <gpxdata:hr>142</gpxdata:hr>
     <gpxdata:distance>10784.00</gpxdata:distance>
     <gpxdata:speed>2.244</gpxdata:speed>
    </extensions>
   </trkpt>
   <trkpt lat="-21.5956437" lon="-64.7720505">
    <ele>1925</ele>
    <time>2026-03-15T21:46:20Z</time>
    <extensions>
     <gpxdata:hr>142</gpxdata:hr>
     <gpxdata:distance>10786.00</gpxdata:distance>
     <gpxdata:speed>2.178</gpxdata:speed>
    </extensions>
   </trkpt>
   <trkpt lat="-21.5956564" lon="-64.7720666">
    <ele>1925</ele>
    <time>2026-03-15T21:46:21Z</time>
    <extensions>
     <gpxdata:hr>142</gpxdata:hr>
     <gpxdata:distance>10788.00</gpxdata:distance>
     <gpxdata:speed>2.192</gpxdata:speed>
    </extensions>
   </trkpt>
   <trkpt lat="-21.5956700" lon="-64.7720832">
    <ele>1925</ele>
    <time>2026-03-15T21:46:22Z</time>
    <extensions>
     <gpxdata:hr>141</gpxdata:hr>
     <gpxdata:distance>10790.50</gpxdata:distance>
     <gpxdata:speed>2.314</gpxdata:speed>
    </extensions>
   </trkpt>
   <trkpt lat="-21.5956837" lon="-64.7721012">
    <ele>1925</ele>
    <time>2026-03-15T21:46:23Z</time>
    <extensions>
     <gpxdata:hr>141</gpxdata:hr>
     <gpxdata:distance>10793.00</gpxdata:distance>
     <gpxdata:speed>2.469</gpxdata:speed>
    </extensions>
   </trkpt>
   <trkpt lat="-21.5956969" lon="-64.7721188">
    <ele>1925</ele>
    <time>2026-03-15T21:46:24Z</time>
    <extensions>
     <gpxdata:hr>141</gpxdata:hr>
     <gpxdata:distance>10795.00</gpxdata:distance>
     <gpxdata:speed>2.353</gpxdata:speed>
    </extensions>
   </trkpt>
   <trkpt lat="-21.5957095" lon="-64.7721365">
    <ele>1925</ele>
    <time>2026-03-15T21:46:25Z</time>
    <extensions>
     <gpxdata:hr>141</gpxdata:hr>
     <gpxdata:distance>10797.00</gpxdata:distance>
     <gpxdata:speed>2.303</gpxdata:speed>
    </extensions>
   </trkpt>
   <trkpt lat="-21.5957222" lon="-64.7721539">
    <ele>1926</ele>
    <time>2026-03-15T21:46:26Z</time>
    <extensions>
     <gpxdata:hr>141</gpxdata:hr>
     <gpxdata:distance>10799.50</gpxdata:distance>
     <gpxdata:speed>2.278</gpxdata:speed>
    </extensions>
   </trkpt>
   <trkpt lat="-21.5957350" lon="-64.7721720">
    <ele>1926</ele>
    <time>2026-03-15T21:46:27Z</time>
    <extensions>
     <gpxdata:hr>141</gpxdata:hr>
     <gpxdata:distance>10802.00</gpxdata:distance>
     <gpxdata:speed>2.367</gpxdata:speed>
    </extensions>
   </trkpt>
   <trkpt lat="-21.5957476" lon="-64.7721907">
    <ele>1926</ele>
    <time>2026-03-15T21:46:28Z</time>
    <extensions>
     <gpxdata:hr>141</gpxdata:hr>
     <gpxdata:distance>10804.50</gpxdata:distance>
     <gpxdata:speed>2.414</gpxdata:speed>
    </extensions>
   </trkpt>
   <trkpt lat="-21.5957603" lon="-64.7722091">
    <ele>1926</ele>
    <time>2026-03-15T21:46:29Z</time>
    <extensions>
     <gpxdata:hr>141</gpxdata:hr>
     <gpxdata:distance>10807.00</gpxdata:distance>
     <gpxdata:speed>2.375</gpxdata:speed>
    </extensions>
   </trkpt>
   <trkpt lat="-21.5957732" lon="-64.7722274">
    <ele>1926</ele>
    <time>2026-03-15T21:46:30Z</time>
    <extensions>
     <gpxdata:hr>141</gpxdata:hr>
     <gpxdata:distance>10809.50</gpxdata:distance>
     <gpxdata:speed>2.378</gpxdata:speed>
    </extensions>
   </trkpt>
   <trkpt lat="-21.5957859" lon="-64.7722456">
    <ele>1926</ele>
    <time>2026-03-15T21:46:31Z</time>
    <extensions>
     <gpxdata:hr>139</gpxdata:hr>
     <gpxdata:distance>10812.00</gpxdata:distance>
     <gpxdata:speed>2.347</gpxdata:speed>
    </extensions>
   </trkpt>
   <trkpt lat="-21.5957982" lon="-64.7722643">
    <ele>1926</ele>
    <time>2026-03-15T21:46:32Z</time>
    <extensions>
     <gpxdata:hr>137</gpxdata:hr>
     <gpxdata:distance>10814.50</gpxdata:distance>
     <gpxdata:speed>2.372</gpxdata:speed>
    </extensions>
   </trkpt>
   <trkpt lat="-21.5958106" lon="-64.7722834">
    <ele>1926</ele>
    <time>2026-03-15T21:46:33Z</time>
    <extensions>
     <gpxdata:hr>136</gpxdata:hr>
     <gpxdata:distance>10817.00</gpxdata:distance>
     <gpxdata:speed>2.439</gpxdata:speed>
    </extensions>
   </trkpt>
   <trkpt lat="-21.5958230" lon="-64.7723034">
    <ele>1926</ele>
    <time>2026-03-15T21:46:34Z</time>
    <extensions>
     <gpxdata:hr>137</gpxdata:hr>
     <gpxdata:distance>10819.50</gpxdata:distance>
     <gpxdata:speed>2.508</gpxdata:speed>
    </extensions>
   </trkpt>
   <trkpt lat="-21.5958351" lon="-64.7723241">
    <ele>1926</ele>
    <time>2026-03-15T21:46:35Z</time>
    <extensions>
     <gpxdata:hr>137</gpxdata:hr>
     <gpxdata:distance>10822.00</gpxdata:distance>
     <gpxdata:speed>2.556</gpxdata:speed>
    </extensions>
   </trkpt>
   <trkpt lat="-21.5958470" lon="-64.7723452">
    <ele>1926</ele>
    <time>2026-03-15T21:46:36Z</time>
    <extensions>
     <gpxdata:hr>137</gpxdata:hr>
     <gpxdata:distance>10824.50</gpxdata:distance>
     <gpxdata:speed>2.578</gpxdata:speed>
    </extensions>
   </trkpt>
   <trkpt lat="-21.5958583" lon="-64.7723656">
    <ele>1926</ele>
    <time>2026-03-15T21:46:37Z</time>
    <extensions>
     <gpxdata:hr>137</gpxdata:hr>
     <gpxdata:distance>10827.00</gpxdata:distance>
     <gpxdata:speed>2.450</gpxdata:speed>
    </extensions>
   </trkpt>
   <trkpt lat="-21.5958692" lon="-64.7723867">
    <ele>1926</ele>
    <time>2026-03-15T21:46:38Z</time>
    <extensions>
     <gpxdata:hr>136</gpxdata:hr>
     <gpxdata:distance>10829.50</gpxdata:distance>
     <gpxdata:speed>2.489</gpxdata:speed>
    </extensions>
   </trkpt>
   <trkpt lat="-21.5958797" lon="-64.7724076">
    <ele>1926</ele>
    <time>2026-03-15T21:46:39Z</time>
    <extensions>
     <gpxdata:hr>135</gpxdata:hr>
     <gpxdata:distance>10832.00</gpxdata:distance>
     <gpxdata:speed>2.450</gpxdata:speed>
    </extensions>
   </trkpt>
   <trkpt lat="-21.5958890" lon="-64.7724273">
    <ele>1926</ele>
    <time>2026-03-15T21:46:40Z</time>
    <extensions>
     <gpxdata:hr>135</gpxdata:hr>
     <gpxdata:distance>10834.00</gpxdata:distance>
     <gpxdata:speed>2.239</gpxdata:speed>
    </extensions>
   </trkpt>
   <trkpt lat="-21.5958983" lon="-64.7724468">
    <ele>1926</ele>
    <time>2026-03-15T21:46:41Z</time>
    <extensions>
     <gpxdata:hr>134</gpxdata:hr>
     <gpxdata:distance>10836.00</gpxdata:distance>
     <gpxdata:speed>2.225</gpxdata:speed>
    </extensions>
   </trkpt>
   <trkpt lat="-21.5959077" lon="-64.7724659">
    <ele>1926</ele>
    <time>2026-03-15T21:46:42Z</time>
    <extensions>
     <gpxdata:hr>133</gpxdata:hr>
     <gpxdata:distance>10838.00</gpxdata:distance>
     <gpxdata:speed>2.211</gpxdata:speed>
    </extensions>
   </trkpt>
   <trkpt lat="-21.5959165" lon="-64.7724852">
    <ele>1927</ele>
    <time>2026-03-15T21:46:43Z</time>
    <extensions>
     <gpxdata:hr>132</gpxdata:hr>
     <gpxdata:distance>10840.00</gpxdata:distance>
     <gpxdata:speed>2.197</gpxdata:speed>
    </extensions>
   </trkpt>
   <trkpt lat="-21.5959249" lon="-64.7725047">
    <ele>1927</ele>
    <time>2026-03-15T21:46:44Z</time>
    <extensions>
     <gpxdata:hr>132</gpxdata:hr>
     <gpxdata:distance>10842.50</gpxdata:distance>
     <gpxdata:speed>2.219</gpxdata:speed>
    </extensions>
   </trkpt>
   <trkpt lat="-21.5959333" lon="-64.7725244">
    <ele>1927</ele>
    <time>2026-03-15T21:46:45Z</time>
    <extensions>
     <gpxdata:hr>132</gpxdata:hr>
     <gpxdata:distance>10845.00</gpxdata:distance>
     <gpxdata:speed>2.242</gpxdata:speed>
    </extensions>
   </trkpt>
   <trkpt lat="-21.5959421" lon="-64.7725443">
    <ele>1927</ele>
    <time>2026-03-15T21:46:46Z</time>
    <extensions>
     <gpxdata:hr>131</gpxdata:hr>
     <gpxdata:distance>10847.00</gpxdata:distance>
     <gpxdata:speed>2.283</gpxdata:speed>
    </extensions>
   </trkpt>
   <trkpt lat="-21.5959504" lon="-64.7725633">
    <ele>1927</ele>
    <time>2026-03-15T21:46:47Z</time>
    <extensions>
     <gpxdata:hr>131</gpxdata:hr>
     <gpxdata:distance>10849.00</gpxdata:distance>
     <gpxdata:speed>2.153</gpxdata:speed>
    </extensions>
   </trkpt>
   <trkpt lat="-21.5959582" lon="-64.7725832">
    <ele>1927</ele>
    <time>2026-03-15T21:46:48Z</time>
    <extensions>
     <gpxdata:hr>132</gpxdata:hr>
     <gpxdata:distance>10851.50</gpxdata:distance>
     <gpxdata:speed>2.244</gpxdata:speed>
    </extensions>
   </trkpt>
   <trkpt lat="-21.5959655" lon="-64.7726035">
    <ele>1927</ele>
    <time>2026-03-15T21:46:49Z</time>
    <extensions>
     <gpxdata:hr>133</gpxdata:hr>
     <gpxdata:distance>10854.00</gpxdata:distance>
     <gpxdata:speed>2.253</gpxdata:speed>
    </extensions>
   </trkpt>
   <trkpt lat="-21.5959729" lon="-64.7726228">
    <ele>1927</ele>
    <time>2026-03-15T21:46:50Z</time>
    <extensions>
     <gpxdata:hr>134</gpxdata:hr>
     <gpxdata:distance>10856.00</gpxdata:distance>
     <gpxdata:speed>2.147</gpxdata:speed>
    </extensions>
   </trkpt>
   <trkpt lat="-21.5959803" lon="-64.7726430">
    <ele>1927</ele>
    <time>2026-03-15T21:46:51Z</time>
    <extensions>
     <gpxdata:hr>134</gpxdata:hr>
     <gpxdata:distance>10858.00</gpxdata:distance>
     <gpxdata:speed>2.250</gpxdata:speed>
    </extensions>
   </trkpt>
   <trkpt lat="-21.5959878" lon="-64.7726629">
    <ele>1927</ele>
    <time>2026-03-15T21:46:52Z</time>
    <extensions>
     <gpxdata:hr>136</gpxdata:hr>
     <gpxdata:distance>10860.00</gpxdata:distance>
     <gpxdata:speed>2.225</gpxdata:speed>
    </extensions>
   </trkpt>
   <trkpt lat="-21.5959947" lon="-64.7726823">
    <ele>1928</ele>
    <time>2026-03-15T21:46:53Z</time>
    <extensions>
     <gpxdata:hr>137</gpxdata:hr>
     <gpxdata:distance>10862.00</gpxdata:distance>
     <gpxdata:speed>2.131</gpxdata:speed>
    </extensions>
   </trkpt>
   <trkpt lat="-21.5960019" lon="-64.7727026">
    <ele>1928</ele>
    <time>2026-03-15T21:46:54Z</time>
    <extensions>
     <gpxdata:hr>138</gpxdata:hr>
     <gpxdata:distance>10864.50</gpxdata:distance>
     <gpxdata:speed>2.267</gpxdata:speed>
    </extensions>
   </trkpt>
   <trkpt lat="-21.5960085" lon="-64.7727231">
    <ele>1928</ele>
    <time>2026-03-15T21:46:55Z</time>
    <extensions>
     <gpxdata:hr>138</gpxdata:hr>
     <gpxdata:distance>10867.00</gpxdata:distance>
     <gpxdata:speed>2.253</gpxdata:speed>
    </extensions>
   </trkpt>
   <trkpt lat="-21.5960137" lon="-64.7727444">
    <ele>1928</ele>
    <time>2026-03-15T21:46:56Z</time>
    <extensions>
     <gpxdata:hr>138</gpxdata:hr>
     <gpxdata:distance>10869.50</gpxdata:distance>
     <gpxdata:speed>2.294</gpxdata:speed>
    </extensions>
   </trkpt>
   <trkpt lat="-21.5960179" lon="-64.7727665">
    <ele>1928</ele>
    <time>2026-03-15T21:46:57Z</time>
    <extensions>
     <gpxdata:hr>138</gpxdata:hr>
     <gpxdata:distance>10872.00</gpxdata:distance>
     <gpxdata:speed>2.361</gpxdata:speed>
    </extensions>
   </trkpt>
   <trkpt lat="-21.5960213" lon="-64.7727891">
    <ele>1928</ele>
    <time>2026-03-15T21:46:58Z</time>
    <extensions>
     <gpxdata:hr>138</gpxdata:hr>
     <gpxdata:distance>10874.00</gpxdata:distance>
     <gpxdata:speed>2.397</gpxdata:speed>
    </extensions>
   </trkpt>
   <trkpt lat="-21.5960244" lon="-64.7728115">
    <ele>1928</ele>
    <time>2026-03-15T21:46:59Z</time>
    <extensions>
     <gpxdata:hr>138</gpxdata:hr>
     <gpxdata:distance>10876.00</gpxdata:distance>
     <gpxdata:speed>2.364</gpxdata:speed>
    </extensions>
   </trkpt>
   <trkpt lat="-21.5960266" lon="-64.7728347">
    <ele>1928</ele>
    <time>2026-03-15T21:47:00Z</time>
    <extensions>
     <gpxdata:hr>138</gpxdata:hr>
     <gpxdata:distance>10878.50</gpxdata:distance>
     <gpxdata:speed>2.428</gpxdata:speed>
    </extensions>
   </trkpt>
   <trkpt lat="-21.5960280" lon="-64.7728571">
    <ele>1928</ele>
    <time>2026-03-15T21:47:01Z</time>
    <extensions>
     <gpxdata:hr>138</gpxdata:hr>
     <gpxdata:distance>10881.00</gpxdata:distance>
     <gpxdata:speed>2.317</gpxdata:speed>
    </extensions>
   </trkpt>
   <trkpt lat="-21.5960288" lon="-64.7728805">
    <ele>1928</ele>
    <time>2026-03-15T21:47:02Z</time>
    <extensions>
     <gpxdata:hr>138</gpxdata:hr>
     <gpxdata:distance>10883.50</gpxdata:distance>
     <gpxdata:speed>2.444</gpxdata:speed>
    </extensions>
   </trkpt>
   <trkpt lat="-21.5960288" lon="-64.7729045">
    <ele>1928</ele>
    <time>2026-03-15T21:47:03Z</time>
    <extensions>
     <gpxdata:hr>138</gpxdata:hr>
     <gpxdata:distance>10886.00</gpxdata:distance>
     <gpxdata:speed>2.525</gpxdata:speed>
    </extensions>
   </trkpt>
   <trkpt lat="-21.5960286" lon="-64.7729286">
    <ele>1928</ele>
    <time>2026-03-15T21:47:04Z</time>
    <extensions>
     <gpxdata:hr>138</gpxdata:hr>
     <gpxdata:distance>10889.00</gpxdata:distance>
     <gpxdata:speed>2.508</gpxdata:speed>
    </extensions>
   </trkpt>
   <trkpt lat="-21.5960275" lon="-64.7729538">
    <ele>1928</ele>
    <time>2026-03-15T21:47:05Z</time>
    <extensions>
     <gpxdata:hr>139</gpxdata:hr>
     <gpxdata:distance>10892.00</gpxdata:distance>
     <gpxdata:speed>2.658</gpxdata:speed>
    </extensions>
   </trkpt>
   <trkpt lat="-21.5960256" lon="-64.7729792">
    <ele>1928</ele>
    <time>2026-03-15T21:47:06Z</time>
    <extensions>
     <gpxdata:hr>140</gpxdata:hr>
     <gpxdata:distance>10894.50</gpxdata:distance>
     <gpxdata:speed>2.678</gpxdata:speed>
    </extensions>
   </trkpt>
   <trkpt lat="-21.5960231" lon="-64.7730046">
    <ele>1928</ele>
    <time>2026-03-15T21:47:07Z</time>
    <extensions>
     <gpxdata:hr>140</gpxdata:hr>
     <gpxdata:distance>10897.00</gpxdata:distance>
     <gpxdata:speed>2.661</gpxdata:speed>
    </extensions>
   </trkpt>
   <trkpt lat="-21.5960202" lon="-64.7730303">
    <ele>1928</ele>
    <time>2026-03-15T21:47:08Z</time>
    <extensions>
     <gpxdata:hr>141</gpxdata:hr>
     <gpxdata:distance>10900.00</gpxdata:distance>
     <gpxdata:speed>2.700</gpxdata:speed>
    </extensions>
   </trkpt>
   <trkpt lat="-21.5960172" lon="-64.7730563">
    <ele>1928</ele>
    <time>2026-03-15T21:47:09Z</time>
    <extensions>
     <gpxdata:hr>141</gpxdata:hr>
     <gpxdata:distance>10903.00</gpxdata:distance>
     <gpxdata:speed>2.739</gpxdata:speed>
    </extensions>
   </trkpt>
   <trkpt lat="-21.5960135" lon="-64.7730826">
    <ele>1928</ele>
    <time>2026-03-15T21:47:10Z</time>
    <extensions>
     <gpxdata:hr>140</gpxdata:hr>
     <gpxdata:distance>10905.50</gpxdata:distance>
     <gpxdata:speed>2.775</gpxdata:speed>
    </extensions>
   </trkpt>
   <trkpt lat="-21.5960094" lon="-64.7731095">
    <ele>1928</ele>
    <time>2026-03-15T21:47:11Z</time>
    <extensions>
     <gpxdata:hr>139</gpxdata:hr>
     <gpxdata:distance>10908.00</gpxdata:distance>
     <gpxdata:speed>2.856</gpxdata:speed>
    </extensions>
   </trkpt>
   <trkpt lat="-21.5960049" lon="-64.7731365">
    <ele>1928</ele>
    <time>2026-03-15T21:47:12Z</time>
    <extensions>
     <gpxdata:hr>138</gpxdata:hr>
     <gpxdata:distance>10911.00</gpxdata:distance>
     <gpxdata:speed>2.864</gpxdata:speed>
    </extensions>
   </trkpt>
   <trkpt lat="-21.5960002" lon="-64.7731635">
    <ele>1928</ele>
    <time>2026-03-15T21:47:13Z</time>
    <extensions>
     <gpxdata:hr>137</gpxdata:hr>
     <gpxdata:distance>10914.00</gpxdata:distance>
     <gpxdata:speed>2.847</gpxdata:speed>
    </extensions>
   </trkpt>
   <trkpt lat="-21.5959958" lon="-64.7731907">
    <ele>1928</ele>
    <time>2026-03-15T21:47:14Z</time>
    <extensions>
     <gpxdata:hr>138</gpxdata:hr>
     <gpxdata:distance>10917.00</gpxdata:distance>
     <gpxdata:speed>2.881</gpxdata:speed>
    </extensions>
   </trkpt>
   <trkpt lat="-21.5959917" lon="-64.7732180">
    <ele>1928</ele>
    <time>2026-03-15T21:47:15Z</time>
    <extensions>
     <gpxdata:hr>137</gpxdata:hr>
     <gpxdata:distance>10920.00</gpxdata:distance>
     <gpxdata:speed>2.856</gpxdata:speed>
    </extensions>
   </trkpt>
   <trkpt lat="-21.5959876" lon="-64.7732450">
    <ele>1929</ele>
    <time>2026-03-15T21:47:16Z</time>
    <extensions>
     <gpxdata:hr>137</gpxdata:hr>
     <gpxdata:distance>10922.50</gpxdata:distance>
     <gpxdata:speed>2.831</gpxdata:speed>
    </extensions>
   </trkpt>
   <trkpt lat="-21.5959845" lon="-64.7732719">
    <ele>1929</ele>
    <time>2026-03-15T21:47:17Z</time>
    <extensions>
     <gpxdata:hr>137</gpxdata:hr>
     <gpxdata:distance>10925.00</gpxdata:distance>
     <gpxdata:speed>2.792</gpxdata:speed>
    </extensions>
   </trkpt>
   <trkpt lat="-21.5959816" lon="-64.7732987">
    <ele>1929</ele>
    <time>2026-03-15T21:47:18Z</time>
    <extensions>
     <gpxdata:hr>136</gpxdata:hr>
     <gpxdata:distance>10928.00</gpxdata:distance>
     <gpxdata:speed>2.781</gpxdata:speed>
    </extensions>
   </trkpt>
   <trkpt lat="-21.5959796" lon="-64.7733254">
    <ele>1929</ele>
    <time>2026-03-15T21:47:19Z</time>
    <extensions>
     <gpxdata:hr>136</gpxdata:hr>
     <gpxdata:distance>10931.00</gpxdata:distance>
     <gpxdata:speed>2.764</gpxdata:speed>
    </extensions>
   </trkpt>
   <trkpt lat="-21.5959783" lon="-64.7733525">
    <ele>1929</ele>
    <time>2026-03-15T21:47:20Z</time>
    <extensions>
     <gpxdata:hr>135</gpxdata:hr>
     <gpxdata:distance>10934.00</gpxdata:distance>
     <gpxdata:speed>2.822</gpxdata:speed>
    </extensions>
   </trkpt>
   <trkpt lat="-21.5959767" lon="-64.7733806">
    <ele>1929</ele>
    <time>2026-03-15T21:47:21Z</time>
    <extensions>
     <gpxdata:hr>135</gpxdata:hr>
     <gpxdata:distance>10937.00</gpxdata:distance>
     <gpxdata:speed>2.942</gpxdata:speed>
    </extensions>
   </trkpt>
   <trkpt lat="-21.5959749" lon="-64.7734085">
    <ele>1929</ele>
    <time>2026-03-15T21:47:22Z</time>
    <extensions>
     <gpxdata:hr>135</gpxdata:hr>
     <gpxdata:distance>10940.00</gpxdata:distance>
     <gpxdata:speed>2.906</gpxdata:speed>
    </extensions>
   </trkpt>
   <trkpt lat="-21.5959731" lon="-64.7734365">
    <ele>1929</ele>
    <time>2026-03-15T21:47:23Z</time>
    <extensions>
     <gpxdata:hr>135</gpxdata:hr>
     <gpxdata:distance>10943.00</gpxdata:distance>
     <gpxdata:speed>2.911</gpxdata:speed>
    </extensions>
   </trkpt>
   <trkpt lat="-21.5959718" lon="-64.7734641">
    <ele>1929</ele>
    <time>2026-03-15T21:47:24Z</time>
    <extensions>
     <gpxdata:hr>135</gpxdata:hr>
     <gpxdata:distance>10945.50</gpxdata:distance>
     <gpxdata:speed>2.856</gpxdata:speed>
    </extensions>
   </trkpt>
   <trkpt lat="-21.5959696" lon="-64.7734918">
    <ele>1929</ele>
    <time>2026-03-15T21:47:25Z</time>
    <extensions>
     <gpxdata:hr>135</gpxdata:hr>
     <gpxdata:distance>10948.00</gpxdata:distance>
     <gpxdata:speed>2.881</gpxdata:speed>
    </extensions>
   </trkpt>
   <trkpt lat="-21.5959678" lon="-64.7735197">
    <ele>1929</ele>
    <time>2026-03-15T21:47:26Z</time>
    <extensions>
     <gpxdata:hr>135</gpxdata:hr>
     <gpxdata:distance>10951.00</gpxdata:distance>
     <gpxdata:speed>2.900</gpxdata:speed>
    </extensions>
   </trkpt>
   <trkpt lat="-21.5959661" lon="-64.7735478">
    <ele>1929</ele>
    <time>2026-03-15T21:47:27Z</time>
    <extensions>
     <gpxdata:hr>134</gpxdata:hr>
     <gpxdata:distance>10954.00</gpxdata:distance>
     <gpxdata:speed>2.917</gpxdata:speed>
    </extensions>
   </trkpt>
   <trkpt lat="-21.5959636" lon="-64.7735769">
    <ele>1929</ele>
    <time>2026-03-15T21:47:28Z</time>
    <extensions>
     <gpxdata:hr>134</gpxdata:hr>
     <gpxdata:distance>10957.50</gpxdata:distance>
     <gpxdata:speed>3.061</gpxdata:speed>
    </extensions>
   </trkpt>
   <trkpt lat="-21.5959595" lon="-64.7736250">
    <ele>1929</ele>
    <time>2026-03-15T21:47:29Z</time>
    <extensions>
     <gpxdata:hr>134</gpxdata:hr>
     <gpxdata:distance>10961.00</gpxdata:distance>
     <gpxdata:speed>3.114</gpxdata:speed>
    </extensions>
   </trkpt>
   <trkpt lat="-21.5959563" lon="-64.7736587">
    <ele>1929</ele>
    <time>2026-03-15T21:47:30Z</time>
    <extensions>
     <gpxdata:hr>134</gpxdata:hr>
     <gpxdata:distance>10964.00</gpxdata:distance>
     <gpxdata:speed>3.131</gpxdata:speed>
    </extensions>
   </trkpt>
   <trkpt lat="-21.5959531" lon="-64.7736909">
    <ele>1929</ele>
    <time>2026-03-15T21:47:31Z</time>
    <extensions>
     <gpxdata:hr>134</gpxdata:hr>
     <gpxdata:distance>10967.00</gpxdata:distance>
     <gpxdata:speed>3.253</gpxdata:speed>
    </extensions>
   </trkpt>
   <trkpt lat="-21.5959499" lon="-64.7737228">
    <ele>1929</ele>
    <time>2026-03-15T21:47:32Z</time>
    <extensions>
     <gpxdata:hr>134</gpxdata:hr>
     <gpxdata:distance>10970.50</gpxdata:distance>
     <gpxdata:speed>3.300</gpxdata:speed>
    </extensions>
   </trkpt>
   <trkpt lat="-21.5959460" lon="-64.7737547">
    <ele>1929</ele>
    <time>2026-03-15T21:47:33Z</time>
    <extensions>
     <gpxdata:hr>134</gpxdata:hr>
     <gpxdata:distance>10974.00</gpxdata:distance>
     <gpxdata:speed>3.319</gpxdata:speed>
    </extensions>
   </trkpt>
   <trkpt lat="-21.5959402" lon="-64.7737859">
    <ele>1929</ele>
    <time>2026-03-15T21:47:34Z</time>
    <extensions>
     <gpxdata:hr>134</gpxdata:hr>
     <gpxdata:distance>10977.00</gpxdata:distance>
     <gpxdata:speed>3.289</gpxdata:speed>
    </extensions>
   </trkpt>
   <trkpt lat="-21.5959337" lon="-64.7738170">
    <ele>1929</ele>
    <time>2026-03-15T21:47:35Z</time>
    <extensions>
     <gpxdata:hr>134</gpxdata:hr>
     <gpxdata:distance>10980.00</gpxdata:distance>
     <gpxdata:speed>3.306</gpxdata:speed>
    </extensions>
   </trkpt>
   <trkpt lat="-21.5959257" lon="-64.7738490">
    <ele>1929</ele>
    <time>2026-03-15T21:47:36Z</time>
    <extensions>
     <gpxdata:hr>134</gpxdata:hr>
     <gpxdata:distance>10983.50</gpxdata:distance>
     <gpxdata:speed>3.422</gpxdata:speed>
    </extensions>
   </trkpt>
   <trkpt lat="-21.5959159" lon="-64.7738805">
    <ele>1929</ele>
    <time>2026-03-15T21:47:37Z</time>
    <extensions>
     <gpxdata:hr>134</gpxdata:hr>
     <gpxdata:distance>10987.00</gpxdata:distance>
     <gpxdata:speed>3.425</gpxdata:speed>
    </extensions>
   </trkpt>
   <trkpt lat="-21.5959056" lon="-64.7739119">
    <ele>1929</ele>
    <time>2026-03-15T21:47:38Z</time>
    <extensions>
     <gpxdata:hr>134</gpxdata:hr>
     <gpxdata:distance>10990.50</gpxdata:distance>
     <gpxdata:speed>3.439</gpxdata:speed>
    </extensions>
   </trkpt>
   <trkpt lat="-21.5958940" lon="-64.7739434">
    <ele>1929</ele>
    <time>2026-03-15T21:47:39Z</time>
    <extensions>
     <gpxdata:hr>134</gpxdata:hr>
     <gpxdata:distance>10994.00</gpxdata:distance>
     <gpxdata:speed>3.494</gpxdata:speed>
    </extensions>
   </trkpt>
   <trkpt lat="-21.5958809" lon="-64.7739749">
    <ele>1929</ele>
    <time>2026-03-15T21:47:40Z</time>
    <extensions>
     <gpxdata:hr>134</gpxdata:hr>
     <gpxdata:distance>10998.00</gpxdata:distance>
     <gpxdata:speed>3.572</gpxdata:speed>
    </extensions>
   </trkpt>
   <trkpt lat="-21.5958672" lon="-64.7740072">
    <ele>1929</ele>
    <time>2026-03-15T21:47:41Z</time>
    <extensions>
     <gpxdata:hr>134</gpxdata:hr>
     <gpxdata:distance>11002.00</gpxdata:distance>
     <gpxdata:speed>3.656</gpxdata:speed>
    </extensions>
   </trkpt>
   <trkpt lat="-21.5958529" lon="-64.7740394">
    <ele>1929</ele>
    <time>2026-03-15T21:47:42Z</time>
    <extensions>
     <gpxdata:hr>134</gpxdata:hr>
     <gpxdata:distance>11005.50</gpxdata:distance>
     <gpxdata:speed>3.686</gpxdata:speed>
    </extensions>
   </trkpt>
   <trkpt lat="-21.5958376" lon="-64.7740714">
    <ele>1928</ele>
    <time>2026-03-15T21:47:43Z</time>
    <extensions>
     <gpxdata:hr>134</gpxdata:hr>
     <gpxdata:distance>11009.00</gpxdata:distance>
     <gpxdata:speed>3.717</gpxdata:speed>
    </extensions>
   </trkpt>
   <trkpt lat="-21.5958209" lon="-64.7741026">
    <ele>1929</ele>
    <time>2026-03-15T21:47:44Z</time>
    <extensions>
     <gpxdata:hr>134</gpxdata:hr>
     <gpxdata:distance>11013.00</gpxdata:distance>
     <gpxdata:speed>3.719</gpxdata:speed>
    </extensions>
   </trkpt>
   <trkpt lat="-21.5958032" lon="-64.7741356">
    <ele>1929</ele>
    <time>2026-03-15T21:47:45Z</time>
    <extensions>
     <gpxdata:hr>134</gpxdata:hr>
     <gpxdata:distance>11017.00</gpxdata:distance>
     <gpxdata:speed>3.931</gpxdata:speed>
    </extensions>
   </trkpt>
   <trkpt lat="-21.5957845" lon="-64.7741699">
    <ele>1929</ele>
    <time>2026-03-15T21:47:46Z</time>
    <extensions>
     <gpxdata:hr>134</gpxdata:hr>
     <gpxdata:distance>11021.50</gpxdata:distance>
     <gpxdata:speed>4.094</gpxdata:speed>
    </extensions>
   </trkpt>
   <trkpt lat="-21.5957656" lon="-64.7742059">
    <ele>1929</ele>
    <time>2026-03-15T21:47:47Z</time>
    <extensions>
     <gpxdata:hr>133</gpxdata:hr>
     <gpxdata:distance>11026.00</gpxdata:distance>
     <gpxdata:speed>4.261</gpxdata:speed>
    </extensions>
   </trkpt>
   <trkpt lat="-21.5957456" lon="-64.7742426">
    <ele>1928</ele>
    <time>2026-03-15T21:47:48Z</time>
    <extensions>
     <gpxdata:hr>133</gpxdata:hr>
     <gpxdata:distance>11030.50</gpxdata:distance>
     <gpxdata:speed>4.386</gpxdata:speed>
    </extensions>
   </trkpt>
   <trkpt lat="-21.5957254" lon="-64.7742808">
    <ele>1928</ele>
    <time>2026-03-15T21:47:49Z</time>
    <extensions>
     <gpxdata:hr>133</gpxdata:hr>
     <gpxdata:distance>11035.00</gpxdata:distance>
     <gpxdata:speed>4.525</gpxdata:speed>
    </extensions>
   </trkpt>
   <trkpt lat="-21.5957058" lon="-64.7743219">
    <ele>1928</ele>
    <time>2026-03-15T21:47:50Z</time>
    <extensions>
     <gpxdata:hr>133</gpxdata:hr>
     <gpxdata:distance>11040.00</gpxdata:distance>
     <gpxdata:speed>4.753</gpxdata:speed>
    </extensions>
   </trkpt>
   <trkpt lat="-21.5956874" lon="-64.7743657">
    <ele>1928</ele>
    <time>2026-03-15T21:47:51Z</time>
    <extensions>
     <gpxdata:hr>133</gpxdata:hr>
     <gpxdata:distance>11045.00</gpxdata:distance>
     <gpxdata:speed>4.953</gpxdata:speed>
    </extensions>
   </trkpt>
   <trkpt lat="-21.5956706" lon="-64.7744126">
    <ele>1928</ele>
    <time>2026-03-15T21:47:52Z</time>
    <extensions>
     <gpxdata:hr>133</gpxdata:hr>
     <gpxdata:distance>11050.50</gpxdata:distance>
     <gpxdata:speed>5.169</gpxdata:speed>
    </extensions>
   </trkpt>
   <trkpt lat="-21.5956555" lon="-64.7744620">
    <ele>1928</ele>
    <time>2026-03-15T21:47:53Z</time>
    <extensions>
     <gpxdata:hr>133</gpxdata:hr>
     <gpxdata:distance>11056.00</gpxdata:distance>
     <gpxdata:speed>5.353</gpxdata:speed>
    </extensions>
   </trkpt>
   <trkpt lat="-21.5956421" lon="-64.7745129">
    <ele>1928</ele>
    <time>2026-03-15T21:47:54Z</time>
    <extensions>
     <gpxdata:hr>134</gpxdata:hr>
     <gpxdata:distance>11061.50</gpxdata:distance>
     <gpxdata:speed>5.453</gpxdata:speed>
    </extensions>
   </trkpt>
   <trkpt lat="-21.5956323" lon="-64.7745645">
    <ele>1928</ele>
    <time>2026-03-15T21:47:55Z</time>
    <extensions>
     <gpxdata:hr>134</gpxdata:hr>
     <gpxdata:distance>11067.00</gpxdata:distance>
     <gpxdata:speed>5.436</gpxdata:speed>
    </extensions>
   </trkpt>
   <trkpt lat="-21.5956270" lon="-64.7746169">
    <ele>1927</ele>
    <time>2026-03-15T21:47:56Z</time>
    <extensions>
     <gpxdata:hr>134</gpxdata:hr>
     <gpxdata:distance>11072.50</gpxdata:distance>
     <gpxdata:speed>5.444</gpxdata:speed>
    </extensions>
   </trkpt>
   <trkpt lat="-21.5956261" lon="-64.7746680">
    <ele>1927</ele>
    <time>2026-03-15T21:47:57Z</time>
    <extensions>
     <gpxdata:hr>134</gpxdata:hr>
     <gpxdata:distance>11078.00</gpxdata:distance>
     <gpxdata:speed>5.286</gpxdata:speed>
    </extensions>
   </trkpt>
   <trkpt lat="-21.5956285" lon="-64.7747183">
    <ele>1926</ele>
    <time>2026-03-15T21:47:58Z</time>
    <extensions>
     <gpxdata:hr>134</gpxdata:hr>
     <gpxdata:distance>11083.00</gpxdata:distance>
     <gpxdata:speed>5.219</gpxdata:speed>
    </extensions>
   </trkpt>
   <trkpt lat="-21.5956333" lon="-64.7747671">
    <ele>1926</ele>
    <time>2026-03-15T21:47:59Z</time>
    <extensions>
     <gpxdata:hr>134</gpxdata:hr>
     <gpxdata:distance>11088.00</gpxdata:distance>
     <gpxdata:speed>5.086</gpxdata:speed>
    </extensions>
   </trkpt>
   <trkpt lat="-21.5956388" lon="-64.7748160">
    <ele>1926</ele>
    <time>2026-03-15T21:48:00Z</time>
    <extensions>
     <gpxdata:hr>134</gpxdata:hr>
     <gpxdata:distance>11093.00</gpxdata:distance>
     <gpxdata:speed>5.097</gpxdata:speed>
    </extensions>
   </trkpt>
   <trkpt lat="-21.5956456" lon="-64.7748647">
    <ele>1926</ele>
    <time>2026-03-15T21:48:01Z</time>
    <extensions>
     <gpxdata:hr>133</gpxdata:hr>
     <gpxdata:distance>11098.00</gpxdata:distance>
     <gpxdata:speed>5.094</gpxdata:speed>
    </extensions>
   </trkpt>
   <trkpt lat="-21.5956526" lon="-64.7749132">
    <ele>1925</ele>
    <time>2026-03-15T21:48:02Z</time>
    <extensions>
     <gpxdata:hr>133</gpxdata:hr>
     <gpxdata:distance>11103.00</gpxdata:distance>
     <gpxdata:speed>5.083</gpxdata:speed>
    </extensions>
   </trkpt>
   <trkpt lat="-21.5956590" lon="-64.7749597">
    <ele>1925</ele>
    <time>2026-03-15T21:48:03Z</time>
    <extensions>
     <gpxdata:hr>134</gpxdata:hr>
     <gpxdata:distance>11108.00</gpxdata:distance>
     <gpxdata:speed>4.878</gpxdata:speed>
    </extensions>
   </trkpt>
   <trkpt lat="-21.5956653" lon="-64.7750045">
    <ele>1924</ele>
    <time>2026-03-15T21:48:04Z</time>
    <extensions>
     <gpxdata:hr>134</gpxdata:hr>
     <gpxdata:distance>11112.50</gpxdata:distance>
     <gpxdata:speed>4.708</gpxdata:speed>
    </extensions>
   </trkpt>
   <trkpt lat="-21.5956717" lon="-64.7750484">
    <ele>1924</ele>
    <time>2026-03-15T21:48:05Z</time>
    <extensions>
     <gpxdata:hr>134</gpxdata:hr>
     <gpxdata:distance>11117.00</gpxdata:distance>
     <gpxdata:speed>4.611</gpxdata:speed>
    </extensions>
   </trkpt>
   <trkpt lat="-21.5956764" lon="-64.7750918">
    <ele>1924</ele>
    <time>2026-03-15T21:48:06Z</time>
    <extensions>
     <gpxdata:hr>134</gpxdata:hr>
     <gpxdata:distance>11121.50</gpxdata:distance>
     <gpxdata:speed>4.536</gpxdata:speed>
    </extensions>
   </trkpt>
   <trkpt lat="-21.5956820" lon="-64.7751357">
    <ele>1923</ele>
    <time>2026-03-15T21:48:07Z</time>
    <extensions>
     <gpxdata:hr>134</gpxdata:hr>
     <gpxdata:distance>11126.00</gpxdata:distance>
     <gpxdata:speed>4.589</gpxdata:speed>
    </extensions>
   </trkpt>
   <trkpt lat="-21.5956876" lon="-64.7751801">
    <ele>1923</ele>
    <time>2026-03-15T21:48:08Z</time>
    <extensions>
     <gpxdata:hr>134</gpxdata:hr>
     <gpxdata:distance>11130.50</gpxdata:distance>
     <gpxdata:speed>4.636</gpxdata:speed>
    </extensions>
   </trkpt>
   <trkpt lat="-21.5956936" lon="-64.7752249">
    <ele>1923</ele>
    <time>2026-03-15T21:48:09Z</time>
    <extensions>
     <gpxdata:hr>134</gpxdata:hr>
     <gpxdata:distance>11135.00</gpxdata:distance>
     <gpxdata:speed>4.675</gpxdata:speed>
    </extensions>
   </trkpt>
   <trkpt lat="-21.5957031" lon="-64.7752680">
    <ele>1922</ele>
    <time>2026-03-15T21:48:10Z</time>
    <extensions>
     <gpxdata:hr>134</gpxdata:hr>
     <gpxdata:distance>11139.50</gpxdata:distance>
     <gpxdata:speed>4.581</gpxdata:speed>
    </extensions>
   </trkpt>
   <trkpt lat="-21.5957186" lon="-64.7753088">
    <ele>1922</ele>
    <time>2026-03-15T21:48:11Z</time>
    <extensions>
     <gpxdata:hr>134</gpxdata:hr>
     <gpxdata:distance>11144.00</gpxdata:distance>
     <gpxdata:speed>4.564</gpxdata:speed>
    </extensions>
   </trkpt>
   <trkpt lat="-21.5957417" lon="-64.7753451">
    <ele>1921</ele>
    <time>2026-03-15T21:48:12Z</time>
    <extensions>
     <gpxdata:hr>134</gpxdata:hr>
     <gpxdata:distance>11149.00</gpxdata:distance>
     <gpxdata:speed>4.533</gpxdata:speed>
    </extensions>
   </trkpt>
   <trkpt lat="-21.5957717" lon="-64.7753754">
    <ele>1921</ele>
    <time>2026-03-15T21:48:13Z</time>
    <extensions>
     <gpxdata:hr>134</gpxdata:hr>
     <gpxdata:distance>11154.00</gpxdata:distance>
     <gpxdata:speed>4.558</gpxdata:speed>
    </extensions>
   </trkpt>
   <trkpt lat="-21.5958085" lon="-64.7753978">
    <ele>1921</ele>
    <time>2026-03-15T21:48:14Z</time>
    <extensions>
     <gpxdata:hr>133</gpxdata:hr>
     <gpxdata:distance>11159.00</gpxdata:distance>
     <gpxdata:speed>4.664</gpxdata:speed>
    </extensions>
   </trkpt>
   <trkpt lat="-21.5958500" lon="-64.7754118">
    <ele>1920</ele>
    <time>2026-03-15T21:48:15Z</time>
    <extensions>
     <gpxdata:hr>134</gpxdata:hr>
     <gpxdata:distance>11164.00</gpxdata:distance>
     <gpxdata:speed>4.792</gpxdata:speed>
    </extensions>
   </trkpt>
   <trkpt lat="-21.5958921" lon="-64.7754203">
    <ele>1920</ele>
    <time>2026-03-15T21:48:16Z</time>
    <extensions>
     <gpxdata:hr>134</gpxdata:hr>
     <gpxdata:distance>11168.50</gpxdata:distance>
     <gpxdata:speed>4.742</gpxdata:speed>
    </extensions>
   </trkpt>
   <trkpt lat="-21.5959355" lon="-64.7754268">
    <ele>1920</ele>
    <time>2026-03-15T21:48:17Z</time>
    <extensions>
     <gpxdata:hr>131</gpxdata:hr>
     <gpxdata:distance>11173.00</gpxdata:distance>
     <gpxdata:speed>4.853</gpxdata:speed>
    </extensions>
   </trkpt>
   <trkpt lat="-21.5959786" lon="-64.7754353">
    <ele>1919</ele>
    <time>2026-03-15T21:48:18Z</time>
    <extensions>
     <gpxdata:hr>129</gpxdata:hr>
     <gpxdata:distance>11178.00</gpxdata:distance>
     <gpxdata:speed>4.864</gpxdata:speed>
    </extensions>
   </trkpt>
   <trkpt lat="-21.5960217" lon="-64.7754479">
    <ele>1919</ele>
    <time>2026-03-15T21:48:19Z</time>
    <extensions>
     <gpxdata:hr>128</gpxdata:hr>
     <gpxdata:distance>11183.00</gpxdata:distance>
     <gpxdata:speed>4.961</gpxdata:speed>
    </extensions>
   </trkpt>
   <trkpt lat="-21.5960649" lon="-64.7754656">
    <ele>1918</ele>
    <time>2026-03-15T21:48:20Z</time>
    <extensions>
     <gpxdata:hr>128</gpxdata:hr>
     <gpxdata:distance>11188.50</gpxdata:distance>
     <gpxdata:speed>5.125</gpxdata:speed>
    </extensions>
   </trkpt>
   <trkpt lat="-21.5961088" lon="-64.7754884">
    <ele>1918</ele>
    <time>2026-03-15T21:48:21Z</time>
    <extensions>
     <gpxdata:hr>126</gpxdata:hr>
     <gpxdata:distance>11194.00</gpxdata:distance>
     <gpxdata:speed>5.400</gpxdata:speed>
    </extensions>
   </trkpt>
   <trkpt lat="-21.5961571" lon="-64.7755178">
    <ele>1918</ele>
    <time>2026-03-15T21:48:22Z</time>
    <extensions>
     <gpxdata:hr>125</gpxdata:hr>
     <gpxdata:distance>11200.00</gpxdata:distance>
     <gpxdata:speed>6.106</gpxdata:speed>
    </extensions>
   </trkpt>
   <trkpt lat="-21.5962162" lon="-64.7755577">
    <ele>1918</ele>
    <time>2026-03-15T21:48:23Z</time>
    <extensions>
     <gpxdata:hr>123</gpxdata:hr>
     <gpxdata:distance>11206.00</gpxdata:distance>
     <gpxdata:speed>5.808</gpxdata:speed>
    </extensions>
   </trkpt>
   <trkpt lat="-21.5962474" lon="-64.7755822">
    <ele>1917</ele>
    <time>2026-03-15T21:48:24Z</time>
    <extensions>
     <gpxdata:hr>124</gpxdata:hr>
     <gpxdata:distance>11212.50</gpxdata:distance>
     <gpxdata:speed>5.706</gpxdata:speed>
    </extensions>
   </trkpt>
   <trkpt lat="-21.5962867" lon="-64.7756169">
    <ele>1917</ele>
    <time>2026-03-15T21:48:25Z</time>
    <extensions>
     <gpxdata:hr>125</gpxdata:hr>
     <gpxdata:distance>11219.00</gpxdata:distance>
     <gpxdata:speed>6.036</gpxdata:speed>
    </extensions>
   </trkpt>
   <trkpt lat="-21.5963362" lon="-64.7756645">
    <ele>1917</ele>
    <time>2026-03-15T21:48:26Z</time>
    <extensions>
     <gpxdata:hr>125</gpxdata:hr>
     <gpxdata:distance>11224.00</gpxdata:distance>
     <gpxdata:speed>5.639</gpxdata:speed>
    </extensions>
   </trkpt>
   <trkpt lat="-21.5963611" lon="-64.7756942">
    <ele>1917</ele>
    <time>2026-03-15T21:48:27Z</time>
    <extensions>
     <gpxdata:hr>125</gpxdata:hr>
     <gpxdata:distance>11229.00</gpxdata:distance>
     <gpxdata:speed>5.503</gpxdata:speed>
    </extensions>
   </trkpt>
   <trkpt lat="-21.5963935" lon="-64.7757376">
    <ele>1916</ele>
    <time>2026-03-15T21:48:28Z</time>
    <extensions>
     <gpxdata:hr>125</gpxdata:hr>
     <gpxdata:distance>11235.50</gpxdata:distance>
     <gpxdata:speed>6.125</gpxdata:speed>
    </extensions>
   </trkpt>
   <trkpt lat="-21.5964356" lon="-64.7758037">
    <ele>1916</ele>
    <time>2026-03-15T21:48:29Z</time>
    <extensions>
     <gpxdata:hr>125</gpxdata:hr>
     <gpxdata:distance>11242.00</gpxdata:distance>
     <gpxdata:speed>6.264</gpxdata:speed>
    </extensions>
   </trkpt>
   <trkpt lat="-21.5964639" lon="-64.7758578">
    <ele>1916</ele>
    <time>2026-03-15T21:48:30Z</time>
    <extensions>
     <gpxdata:hr>125</gpxdata:hr>
     <gpxdata:distance>11248.50</gpxdata:distance>
     <gpxdata:speed>6.181</gpxdata:speed>
    </extensions>
   </trkpt>
   <trkpt lat="-21.5964900" lon="-64.7759112">
    <ele>1916</ele>
    <time>2026-03-15T21:48:31Z</time>
    <extensions>
     <gpxdata:hr>125</gpxdata:hr>
     <gpxdata:distance>11255.00</gpxdata:distance>
     <gpxdata:speed>6.194</gpxdata:speed>
    </extensions>
   </trkpt>
   <trkpt lat="-21.5965136" lon="-64.7759601">
    <ele>1916</ele>
    <time>2026-03-15T21:48:32Z</time>
    <extensions>
     <gpxdata:hr>125</gpxdata:hr>
     <gpxdata:distance>11261.00</gpxdata:distance>
     <gpxdata:speed>5.811</gpxdata:speed>
    </extensions>
   </trkpt>
   <trkpt lat="-21.5965335" lon="-64.7759997">
    <ele>1916</ele>
    <time>2026-03-15T21:48:33Z</time>
    <extensions>
     <gpxdata:hr>125</gpxdata:hr>
     <gpxdata:distance>11267.00</gpxdata:distance>
     <gpxdata:speed>6.322</gpxdata:speed>
    </extensions>
   </trkpt>
   <trkpt lat="-21.5965697" lon="-64.7760690">
    <ele>1915</ele>
    <time>2026-03-15T21:48:34Z</time>
    <extensions>
     <gpxdata:hr>126</gpxdata:hr>
     <gpxdata:distance>11273.50</gpxdata:distance>
     <gpxdata:speed>6.547</gpxdata:speed>
    </extensions>
   </trkpt>
   <trkpt lat="-21.5965991" lon="-64.7761266">
    <ele>1915</ele>
    <time>2026-03-15T21:48:35Z</time>
    <extensions>
     <gpxdata:hr>125</gpxdata:hr>
     <gpxdata:distance>11280.00</gpxdata:distance>
     <gpxdata:speed>6.558</gpxdata:speed>
    </extensions>
   </trkpt>
   <trkpt lat="-21.5966244" lon="-64.7761769">
    <ele>1915</ele>
    <time>2026-03-15T21:48:36Z</time>
    <extensions>
     <gpxdata:hr>125</gpxdata:hr>
     <gpxdata:distance>11286.00</gpxdata:distance>
     <gpxdata:speed>6.042</gpxdata:speed>
    </extensions>
   </trkpt>
   <trkpt lat="-21.5966496" lon="-64.7762281">
    <ele>1915</ele>
    <time>2026-03-15T21:48:37Z</time>
    <extensions>
     <gpxdata:hr>125</gpxdata:hr>
     <gpxdata:distance>11292.00</gpxdata:distance>
     <gpxdata:speed>6.047</gpxdata:speed>
    </extensions>
   </trkpt>
   <trkpt lat="-21.5966785" lon="-64.7762843">
    <ele>1915</ele>
    <time>2026-03-15T21:48:38Z</time>
    <extensions>
     <gpxdata:hr>125</gpxdata:hr>
     <gpxdata:distance>11298.50</gpxdata:distance>
     <gpxdata:speed>6.517</gpxdata:speed>
    </extensions>
   </trkpt>
   <trkpt lat="-21.5967048" lon="-64.7763410">
    <ele>1915</ele>
    <time>2026-03-15T21:48:39Z</time>
    <extensions>
     <gpxdata:hr>125</gpxdata:hr>
     <gpxdata:distance>11305.00</gpxdata:distance>
     <gpxdata:speed>6.508</gpxdata:speed>
    </extensions>
   </trkpt>
   <trkpt lat="-21.5967300" lon="-64.7763963">
    <ele>1915</ele>
    <time>2026-03-15T21:48:40Z</time>
    <extensions>
     <gpxdata:hr>125</gpxdata:hr>
     <gpxdata:distance>11310.50</gpxdata:distance>
     <gpxdata:speed>6.392</gpxdata:speed>
    </extensions>
   </trkpt>
   <trkpt lat="-21.5967517" lon="-64.7764457">
    <ele>1915</ele>
    <time>2026-03-15T21:48:41Z</time>
    <extensions>
     <gpxdata:hr>125</gpxdata:hr>
     <gpxdata:distance>11316.00</gpxdata:distance>
     <gpxdata:speed>5.842</gpxdata:speed>
    </extensions>
   </trkpt>
   <trkpt lat="-21.5967708" lon="-64.7764848">
    <ele>1915</ele>
    <time>2026-03-15T21:48:42Z</time>
    <extensions>
     <gpxdata:hr>125</gpxdata:hr>
     <gpxdata:distance>11322.50</gpxdata:distance>
     <gpxdata:speed>6.247</gpxdata:speed>
    </extensions>
   </trkpt>
   <trkpt lat="-21.5968039" lon="-64.7765489">
    <ele>1914</ele>
    <time>2026-03-15T21:48:43Z</time>
    <extensions>
     <gpxdata:hr>125</gpxdata:hr>
     <gpxdata:distance>11329.00</gpxdata:distance>
     <gpxdata:speed>6.111</gpxdata:speed>
    </extensions>
   </trkpt>
   <trkpt lat="-21.5968314" lon="-64.7765963">
    <ele>1914</ele>
    <time>2026-03-15T21:48:44Z</time>
    <extensions>
     <gpxdata:hr>123</gpxdata:hr>
     <gpxdata:distance>11333.50</gpxdata:distance>
     <gpxdata:speed>5.708</gpxdata:speed>
    </extensions>
   </trkpt>
   <trkpt lat="-21.5968486" lon="-64.7766233">
    <ele>1914</ele>
    <time>2026-03-15T21:48:45Z</time>
    <extensions>
     <gpxdata:hr>122</gpxdata:hr>
     <gpxdata:distance>11338.00</gpxdata:distance>
     <gpxdata:speed>4.944</gpxdata:speed>
    </extensions>
   </trkpt>
   <trkpt lat="-21.5968692" lon="-64.7766559">
    <ele>1914</ele>
    <time>2026-03-15T21:48:46Z</time>
    <extensions>
     <gpxdata:hr>122</gpxdata:hr>
     <gpxdata:distance>11342.00</gpxdata:distance>
     <gpxdata:speed>4.594</gpxdata:speed>
    </extensions>
   </trkpt>
   <trkpt lat="-21.5968880" lon="-64.7766874">
    <ele>1914</ele>
    <time>2026-03-15T21:48:47Z</time>
    <extensions>
     <gpxdata:hr>122</gpxdata:hr>
     <gpxdata:distance>11346.00</gpxdata:distance>
     <gpxdata:speed>4.078</gpxdata:speed>
    </extensions>
   </trkpt>
   <trkpt lat="-21.5969054" lon="-64.7767152">
    <ele>1913</ele>
    <time>2026-03-15T21:48:48Z</time>
    <extensions>
     <gpxdata:hr>122</gpxdata:hr>
     <gpxdata:distance>11349.00</gpxdata:distance>
     <gpxdata:speed>3.581</gpxdata:speed>
    </extensions>
   </trkpt>
   <trkpt lat="-21.5969234" lon="-64.7767390">
    <ele>1913</ele>
    <time>2026-03-15T21:48:49Z</time>
    <extensions>
     <gpxdata:hr>122</gpxdata:hr>
     <gpxdata:distance>11352.00</gpxdata:distance>
     <gpxdata:speed>3.250</gpxdata:speed>
    </extensions>
   </trkpt>
   <trkpt lat="-21.5969397" lon="-64.7767591">
    <ele>1913</ele>
    <time>2026-03-15T21:48:50Z</time>
    <extensions>
     <gpxdata:hr>122</gpxdata:hr>
     <gpxdata:distance>11354.50</gpxdata:distance>
     <gpxdata:speed>2.828</gpxdata:speed>
    </extensions>
   </trkpt>
   <trkpt lat="-21.5969492" lon="-64.7767694">
    <ele>1913</ele>
    <time>2026-03-15T21:48:51Z</time>
    <extensions>
     <gpxdata:hr>122</gpxdata:hr>
     <gpxdata:distance>11357.00</gpxdata:distance>
     <gpxdata:speed>2.658</gpxdata:speed>
    </extensions>
   </trkpt>
   <trkpt lat="-21.5969629" lon="-64.7767833">
    <ele>1912</ele>
    <time>2026-03-15T21:48:52Z</time>
    <extensions>
     <gpxdata:hr>122</gpxdata:hr>
     <gpxdata:distance>11359.50</gpxdata:distance>
     <gpxdata:speed>2.667</gpxdata:speed>
    </extensions>
   </trkpt>
   <trkpt lat="-21.5969790" lon="-64.7767972">
    <ele>1912</ele>
    <time>2026-03-15T21:48:53Z</time>
    <extensions>
     <gpxdata:hr>122</gpxdata:hr>
     <gpxdata:distance>11362.00</gpxdata:distance>
     <gpxdata:speed>2.514</gpxdata:speed>
    </extensions>
   </trkpt>
   <trkpt lat="-21.5969959" lon="-64.7768086">
    <ele>1912</ele>
    <time>2026-03-15T21:48:54Z</time>
    <extensions>
     <gpxdata:hr>122</gpxdata:hr>
     <gpxdata:distance>11364.00</gpxdata:distance>
     <gpxdata:speed>2.244</gpxdata:speed>
    </extensions>
   </trkpt>
   <trkpt lat="-21.5970128" lon="-64.7768171">
    <ele>1912</ele>
    <time>2026-03-15T21:48:55Z</time>
    <extensions>
     <gpxdata:hr>122</gpxdata:hr>
     <gpxdata:distance>11366.00</gpxdata:distance>
     <gpxdata:speed>2.042</gpxdata:speed>
    </extensions>
   </trkpt>
   <trkpt lat="-21.5970297" lon="-64.7768230">
    <ele>1912</ele>
    <time>2026-03-15T21:48:56Z</time>
    <extensions>
     <gpxdata:hr>122</gpxdata:hr>
     <gpxdata:distance>11367.50</gpxdata:distance>
     <gpxdata:speed>1.931</gpxdata:speed>
    </extensions>
   </trkpt>
   <trkpt lat="-21.5970419" lon="-64.7768263">
    <ele>1912</ele>
    <time>2026-03-15T21:48:57Z</time>
    <extensions>
     <gpxdata:hr>121</gpxdata:hr>
     <gpxdata:distance>11369.00</gpxdata:distance>
     <gpxdata:speed>1.894</gpxdata:speed>
    </extensions>
   </trkpt>
   <trkpt lat="-21.5970558" lon="-64.7768293">
    <ele>1911</ele>
    <time>2026-03-15T21:48:58Z</time>
    <extensions>
     <gpxdata:hr>121</gpxdata:hr>
     <gpxdata:distance>11371.00</gpxdata:distance>
     <gpxdata:speed>1.808</gpxdata:speed>
    </extensions>
   </trkpt>
   <trkpt lat="-21.5970712" lon="-64.7768319">
    <ele>1911</ele>
    <time>2026-03-15T21:48:59Z</time>
    <extensions>
     <gpxdata:hr>121</gpxdata:hr>
     <gpxdata:distance>11373.00</gpxdata:distance>
     <gpxdata:speed>1.869</gpxdata:speed>
    </extensions>
   </trkpt>
   <trkpt lat="-21.5970873" lon="-64.7768339">
    <ele>1911</ele>
    <time>2026-03-15T21:49:00Z</time>
    <extensions>
     <gpxdata:hr>122</gpxdata:hr>
     <gpxdata:distance>11375.00</gpxdata:distance>
     <gpxdata:speed>1.881</gpxdata:speed>
    </extensions>
   </trkpt>
   <trkpt lat="-21.5971030" lon="-64.7768353">
    <ele>1911</ele>
    <time>2026-03-15T21:49:01Z</time>
    <extensions>
     <gpxdata:hr>122</gpxdata:hr>
     <gpxdata:distance>11377.00</gpxdata:distance>
     <gpxdata:speed>1.742</gpxdata:speed>
    </extensions>
   </trkpt>
   <trkpt lat="-21.5971162" lon="-64.7768362">
    <ele>1911</ele>
    <time>2026-03-15T21:49:02Z</time>
    <extensions>
     <gpxdata:hr>122</gpxdata:hr>
     <gpxdata:distance>11377.50</gpxdata:distance>
     <gpxdata:speed>1.289</gpxdata:speed>
    </extensions>
   </trkpt>
   <trkpt lat="-21.5971269" lon="-64.7768361">
    <ele>1910</ele>
    <time>2026-03-15T21:49:03Z</time>
    <extensions>
     <gpxdata:hr>122</gpxdata:hr>
     <gpxdata:distance>11378.00</gpxdata:distance>
     <gpxdata:speed>0.925</gpxdata:speed>
    </extensions>
   </trkpt>
   <trkpt lat="-21.5971360" lon="-64.7768342">
    <ele>1910</ele>
    <time>2026-03-15T21:49:04Z</time>
    <extensions>
     <gpxdata:hr>120</gpxdata:hr>
     <gpxdata:distance>11378.50</gpxdata:distance>
     <gpxdata:speed>0.842</gpxdata:speed>
    </extensions>
   </trkpt>
   <trkpt lat="-21.5971441" lon="-64.7768312">
    <ele>1910</ele>
    <time>2026-03-15T21:49:05Z</time>
    <extensions>
     <gpxdata:hr>121</gpxdata:hr>
     <gpxdata:distance>11379.00</gpxdata:distance>
     <gpxdata:speed>0.856</gpxdata:speed>
    </extensions>
   </trkpt>
   <trkpt lat="-21.5971559" lon="-64.7767359">
    <ele>1910</ele>
    <time>2026-03-15T21:54:06Z</time>
    <extensions>
     <gpxdata:hr>88</gpxdata:hr>
     <gpxdata:distance>11390.00</gpxdata:distance>
     <gpxdata:speed>0.983</gpxdata:speed>
    </extensions>
   </trkpt>
   <trkpt lat="-21.5971571" lon="-64.7767259">
    <ele>1910</ele>
    <time>2026-03-15T21:54:07Z</time>
    <extensions>
     <gpxdata:hr>88</gpxdata:hr>
     <gpxdata:distance>11391.00</gpxdata:distance>
     <gpxdata:speed>1.075</gpxdata:speed>
    </extensions>
   </trkpt>
   <trkpt lat="-21.5971581" lon="-64.7767161">
    <ele>1910</ele>
    <time>2026-03-15T21:54:08Z</time>
    <extensions>
     <gpxdata:hr>88</gpxdata:hr>
     <gpxdata:distance>11392.00</gpxdata:distance>
     <gpxdata:speed>1.025</gpxdata:speed>
    </extensions>
   </trkpt>
   <trkpt lat="-21.5971587" lon="-64.7767063">
    <ele>1909</ele>
    <time>2026-03-15T21:54:09Z</time>
    <extensions>
     <gpxdata:hr>88</gpxdata:hr>
     <gpxdata:distance>11393.00</gpxdata:distance>
     <gpxdata:speed>1.014</gpxdata:speed>
    </extensions>
   </trkpt>
   <trkpt lat="-21.5971587" lon="-64.7766965">
    <ele>1909</ele>
    <time>2026-03-15T21:54:10Z</time>
    <extensions>
     <gpxdata:hr>88</gpxdata:hr>
     <gpxdata:distance>11394.00</gpxdata:distance>
     <gpxdata:speed>1.019</gpxdata:speed>
    </extensions>
   </trkpt>
   <trkpt lat="-21.5971582" lon="-64.7766874">
    <ele>1909</ele>
    <time>2026-03-15T21:54:11Z</time>
    <extensions>
     <gpxdata:hr>88</gpxdata:hr>
     <gpxdata:distance>11395.00</gpxdata:distance>
     <gpxdata:speed>0.908</gpxdata:speed>
    </extensions>
   </trkpt>
   <trkpt lat="-21.5971569" lon="-64.7766787">
    <ele>1909</ele>
    <time>2026-03-15T21:54:12Z</time>
    <extensions>
     <gpxdata:hr>88</gpxdata:hr>
     <gpxdata:distance>11395.50</gpxdata:distance>
     <gpxdata:speed>0.889</gpxdata:speed>
    </extensions>
   </trkpt>
   <trkpt lat="-21.5971554" lon="-64.7766705">
    <ele>1909</ele>
    <time>2026-03-15T21:54:13Z</time>
    <extensions>
     <gpxdata:hr>88</gpxdata:hr>
     <gpxdata:distance>11396.00</gpxdata:distance>
     <gpxdata:speed>0.822</gpxdata:speed>
    </extensions>
   </trkpt>
   <trkpt lat="-21.5971533" lon="-64.7766624">
    <ele>1909</ele>
    <time>2026-03-15T21:54:14Z</time>
    <extensions>
     <gpxdata:hr>87</gpxdata:hr>
     <gpxdata:distance>11397.00</gpxdata:distance>
     <gpxdata:speed>0.847</gpxdata:speed>
    </extensions>
   </trkpt>
   <trkpt lat="-21.5971509" lon="-64.7766550">
    <ele>1909</ele>
    <time>2026-03-15T21:54:15Z</time>
    <extensions>
     <gpxdata:hr>87</gpxdata:hr>
     <gpxdata:distance>11398.00</gpxdata:distance>
     <gpxdata:speed>0.775</gpxdata:speed>
    </extensions>
   </trkpt>
   <trkpt lat="-21.5971486" lon="-64.7766480">
    <ele>1909</ele>
    <time>2026-03-15T21:54:16Z</time>
    <extensions>
     <gpxdata:hr>87</gpxdata:hr>
     <gpxdata:distance>11398.50</gpxdata:distance>
     <gpxdata:speed>0.731</gpxdata:speed>
    </extensions>
   </trkpt>
   <trkpt lat="-21.5971460" lon="-64.7766412">
    <ele>1909</ele>
    <time>2026-03-15T21:54:17Z</time>
    <extensions>
     <gpxdata:hr>87</gpxdata:hr>
     <gpxdata:distance>11399.00</gpxdata:distance>
     <gpxdata:speed>0.736</gpxdata:speed>
    </extensions>
   </trkpt>
   <trkpt lat="-21.5971433" lon="-64.7766340">
    <ele>1909</ele>
    <time>2026-03-15T21:54:18Z</time>
    <extensions>
     <gpxdata:hr>87</gpxdata:hr>
     <gpxdata:distance>11400.00</gpxdata:distance>
     <gpxdata:speed>0.808</gpxdata:speed>
    </extensions>
   </trkpt>
   <trkpt lat="-21.5971403" lon="-64.7766269">
    <ele>1909</ele>
    <time>2026-03-15T21:54:19Z</time>
    <extensions>
     <gpxdata:hr>87</gpxdata:hr>
     <gpxdata:distance>11401.00</gpxdata:distance>
     <gpxdata:speed>0.819</gpxdata:speed>
    </extensions>
   </trkpt>
   <trkpt lat="-21.5971376" lon="-64.7766198">
    <ele>1909</ele>
    <time>2026-03-15T21:54:20Z</time>
    <extensions>
     <gpxdata:hr>87</gpxdata:hr>
     <gpxdata:distance>11402.00</gpxdata:distance>
     <gpxdata:speed>0.781</gpxdata:speed>
    </extensions>
   </trkpt>
   <trkpt lat="-21.5971352" lon="-64.7766129">
    <ele>1909</ele>
    <time>2026-03-15T21:54:21Z</time>
    <extensions>
     <gpxdata:hr>88</gpxdata:hr>
     <gpxdata:distance>11403.00</gpxdata:distance>
     <gpxdata:speed>0.744</gpxdata:speed>
    </extensions>
   </trkpt>
   <trkpt lat="-21.5971327" lon="-64.7766057">
    <ele>1909</ele>
    <time>2026-03-15T21:54:22Z</time>
    <extensions>
     <gpxdata:hr>88</gpxdata:hr>
     <gpxdata:distance>11404.00</gpxdata:distance>
     <gpxdata:speed>0.806</gpxdata:speed>
    </extensions>
   </trkpt>
   <trkpt lat="-21.5971293" lon="-64.7765981">
    <ele>1909</ele>
    <time>2026-03-15T21:54:23Z</time>
    <extensions>
     <gpxdata:hr>87</gpxdata:hr>
     <gpxdata:distance>11405.00</gpxdata:distance>
     <gpxdata:speed>0.922</gpxdata:speed>
    </extensions>
   </trkpt>
   <trkpt lat="-21.5971251" lon="-64.7765907">
    <ele>1909</ele>
    <time>2026-03-15T21:54:24Z</time>
    <extensions>
     <gpxdata:hr>87</gpxdata:hr>
     <gpxdata:distance>11405.50</gpxdata:distance>
     <gpxdata:speed>0.942</gpxdata:speed>
    </extensions>
   </trkpt>
   <trkpt lat="-21.5971211" lon="-64.7765835">
    <ele>1909</ele>
    <time>2026-03-15T21:54:25Z</time>
    <extensions>
     <gpxdata:hr>87</gpxdata:hr>
     <gpxdata:distance>11406.00</gpxdata:distance>
     <gpxdata:speed>0.886</gpxdata:speed>
    </extensions>
   </trkpt>
   <trkpt lat="-21.5971172" lon="-64.7765768">
    <ele>1909</ele>
    <time>2026-03-15T21:54:26Z</time>
    <extensions>
     <gpxdata:hr>87</gpxdata:hr>
     <gpxdata:distance>11407.00</gpxdata:distance>
     <gpxdata:speed>0.786</gpxdata:speed>
    </extensions>
   </trkpt>
   <trkpt lat="-21.5971134" lon="-64.7765703">
    <ele>1909</ele>
    <time>2026-03-15T21:54:27Z</time>
    <extensions>
     <gpxdata:hr>87</gpxdata:hr>
     <gpxdata:distance>11408.00</gpxdata:distance>
     <gpxdata:speed>0.758</gpxdata:speed>
    </extensions>
   </trkpt>
   <trkpt lat="-21.5971095" lon="-64.7765638">
    <ele>1909</ele>
    <time>2026-03-15T21:54:28Z</time>
    <extensions>
     <gpxdata:hr>88</gpxdata:hr>
     <gpxdata:distance>11408.50</gpxdata:distance>
     <gpxdata:speed>0.797</gpxdata:speed>
    </extensions>
   </trkpt>
   <trkpt lat="-21.5971057" lon="-64.7765572">
    <ele>1909</ele>
    <time>2026-03-15T21:54:29Z</time>
    <extensions>
     <gpxdata:hr>88</gpxdata:hr>
     <gpxdata:distance>11409.00</gpxdata:distance>
     <gpxdata:speed>0.797</gpxdata:speed>
    </extensions>
   </trkpt>
   <trkpt lat="-21.5971023" lon="-64.7765506">
    <ele>1909</ele>
    <time>2026-03-15T21:54:30Z</time>
    <extensions>
     <gpxdata:hr>88</gpxdata:hr>
     <gpxdata:distance>11410.00</gpxdata:distance>
     <gpxdata:speed>0.761</gpxdata:speed>
    </extensions>
   </trkpt>
   <trkpt lat="-21.5970995" lon="-64.7765444">
    <ele>1909</ele>
    <time>2026-03-15T21:54:31Z</time>
    <extensions>
     <gpxdata:hr>88</gpxdata:hr>
     <gpxdata:distance>11411.00</gpxdata:distance>
     <gpxdata:speed>0.681</gpxdata:speed>
    </extensions>
   </trkpt>
   <trkpt lat="-21.5970974" lon="-64.7765385">
    <ele>1909</ele>
    <time>2026-03-15T21:54:32Z</time>
    <extensions>
     <gpxdata:hr>88</gpxdata:hr>
     <gpxdata:distance>11411.50</gpxdata:distance>
     <gpxdata:speed>0.594</gpxdata:speed>
    </extensions>
   </trkpt>
   <trkpt lat="-21.5970960" lon="-64.7765322">
    <ele>1909</ele>
    <time>2026-03-15T21:54:33Z</time>
    <extensions>
     <gpxdata:hr>88</gpxdata:hr>
     <gpxdata:distance>11412.00</gpxdata:distance>
     <gpxdata:speed>0.664</gpxdata:speed>
    </extensions>
   </trkpt>
   <trkpt lat="-21.5970947" lon="-64.7765260">
    <ele>1909</ele>
    <time>2026-03-15T21:54:34Z</time>
    <extensions>
     <gpxdata:hr>90</gpxdata:hr>
     <gpxdata:distance>11412.50</gpxdata:distance>
     <gpxdata:speed>0.636</gpxdata:speed>
    </extensions>
   </trkpt>
   <trkpt lat="-21.5970937" lon="-64.7765198">
    <ele>1909</ele>
    <time>2026-03-15T21:54:35Z</time>
    <extensions>
     <gpxdata:hr>93</gpxdata:hr>
     <gpxdata:distance>11413.00</gpxdata:distance>
     <gpxdata:speed>0.647</gpxdata:speed>
    </extensions>
   </trkpt>
  </trkseg>
 </trk>
</gpx>
